{
  "6": {
    "fit_time": [
      0.05453824996948242,
      0.05480313301086426,
      0.05460858345031738,
      0.05475616455078125,
      0.055119991302490234
    ],
    "score_time": [
      0.03533291816711426,
      0.034572601318359375,
      0.03384089469909668,
      0.03285026550292969,
      0.031517982482910156
    ],
    "test_r": [
      0.07489541006246672,
      0.060471547901908215,
      0.08544279412152375,
      -0.07644439003174477,
      -0.022999144550386392
    ],
    "test_r2": [
      -2.2570040496618514e+25,
      -2.726063419412617e+25,
      -3.6504288813680516e+24,
      -5.096770153602438e+24,
      -4.559868689048452e+23
    ],
    "test_rmse": [
      -784171802203844.5,
      -624943737230326.9,
      -117716928551078.22,
      -311051091544692.0,
      -46991073503143.37
    ],
    "test_mae": [
      -108745063139266.44,
      -109770811186998.53,
      -16483667060531.994,
      -43555864860585.06,
      -6580066435401.091
    ],
    "best_params": {
      "check_inverse": true,
      "func": null,
      "inverse_func": null,
      "regressor__copy_X": true,
      "regressor__fit_intercept": false,
      "regressor__n_jobs": null,
      "regressor__positive": false,
      "transformer__memory": null,
      "transformer__verbose": false,
      "transformer__y scaler__copy": true,
      "transformer__y scaler__with_mean": true,
      "transformer__y scaler__with_std": true
    }
  },
  "13": {
    "fit_time": [
      0.05431199073791504,
      0.054833173751831055,
      0.054206132888793945,
      0.05493283271789551,
      0.061348915100097656
    ],
    "score_time": [
      0.033528804779052734,
      0.03212714195251465,
      0.031729698181152344,
      0.030676841735839844,
      0.03379321098327637
    ],
    "test_r": [
      -0.033423274557731766,
      -0.08990865827873966,
      0.28224726611357304,
      0.07474302088853105,
      -0.04568278768099604
    ],
    "test_r2": [
      -9.760665667312485e+25,
      -1.949193729982093e+25,
      0.07526502956181103,
      -4.9008843464591e+21,
      -1.599302974438239e+26
    ],
    "test_rmse": [
      -494050667297769.5,
      -648423535921118.5,
      -151.2709333093497,
      -8587177699383.23,
      -971924132632461.1
    ],
    "test_mae": [
      -68512500524079.82,
      -89920165653231.77,
      -62.64197393863606,
      -1202445391099.8464,
      -268286487541737.5
    ],
    "best_params": {
      "check_inverse": true,
      "func": null,
      "inverse_func": null,
      "regressor__copy_X": true,
      "regressor__fit_intercept": false,
      "regressor__n_jobs": null,
      "regressor__positive": false,
      "transformer__memory": null,
      "transformer__verbose": false,
      "transformer__y scaler__copy": true,
      "transformer__y scaler__with_mean": true,
      "transformer__y scaler__with_std": true
    }
  },
  "42": {
    "fit_time": [
      0.05508565902709961,
      0.05502581596374512,
      0.06193351745605469,
      0.05463743209838867,
      0.06270194053649902
    ],
    "score_time": [
      0.035866737365722656,
      0.03512907028198242,
      0.03285098075866699,
      0.03330183029174805,
      0.032475948333740234
    ],
    "test_r": [
      0.13879224749620472,
      0.5074940540518738,
      -0.006565437507335187,
      0.2620861032381944,
      -0.07670201733965139
    ],
    "test_r2": [
      -9.48098513084734,
      0.02416076124242894,
      -1.4113198985874341e+25,
      -2.1874027480034113,
      -1.0405290766036584e+26
    ],
    "test_rmse": [
      -389.17410663693073,
      -73.40685764771003,
      -646440780268400.9,
      -234.39673143398275,
      -647432843136940.9
    ],
    "test_mae": [
      -293.42902927523556,
      -57.710049331017174,
      -153098915908145.56,
      -153.80159364842427,
      -124030177549868.02
    ],
    "best_params": {
      "check_inverse": true,
      "func": null,
      "inverse_func": null,
      "regressor__copy_X": true,
      "regressor__fit_intercept": false,
      "regressor__n_jobs": null,
      "regressor__positive": false,
      "transformer__memory": null,
      "transformer__verbose": false,
      "transformer__y scaler__copy": true,
      "transformer__y scaler__with_mean": true,
      "transformer__y scaler__with_std": true
    }
  },
  "69": {
    "fit_time": [
      0.05531907081604004,
      0.05486249923706055,
      0.061927080154418945,
      0.06042337417602539,
      0.06786513328552246
    ],
    "score_time": [
      0.03480935096740723,
      0.034241437911987305,
      0.03222846984863281,
      0.031709909439086914,
      0.030310869216918945
    ],
    "test_r": [
      0.16919352090212184,
      0.06730549370068636,
      0.22128992346710577,
      0.006057105006356056,
      -0.014045831646508166
    ],
    "test_r2": [
      -8.741877532879544,
      -7.542160714376975e+23,
      -1.930274210270332,
      -3.1216417890609574e+26,
      -1.0253772770749254e+25
    ],
    "test_rmse": [
      -429.3558422886305,
      -136106337504764.61,
      -106.6946156641812,
      -1196020507328137.5,
      -429945106720066.9
    ],
    "test_mae": [
      -319.7680247803619,
      -20925150756834.766,
      -85.75879662355594,
      -275409629501093.56,
      -60204357016633.88
    ],
    "best_params": {
      "check_inverse": true,
      "func": null,
      "inverse_func": null,
      "regressor__copy_X": true,
      "regressor__fit_intercept": false,
      "regressor__n_jobs": null,
      "regressor__positive": false,
      "transformer__memory": null,
      "transformer__verbose": false,
      "transformer__y scaler__copy": true,
      "transformer__y scaler__with_mean": true,
      "transformer__y scaler__with_std": true
    }
  },
  "420": {
    "fit_time": [
      0.052930355072021484,
      0.052841901779174805,
      0.06275248527526855,
      0.06220388412475586,
      0.06290698051452637
    ],
    "score_time": [
      0.029076099395751953,
      0.030449867248535156,
      0.0386049747467041,
      0.037487030029296875,
      0.03603363037109375
    ],
    "test_r": [
      -0.08898986554151973,
      -0.009354665696841293,
      -0.057160320709189964,
      0.17774532769258908,
      0.017930792401192504
    ],
    "test_r2": [
      -1.8424802342775147e+25,
      -1.1330808289007021e+25,
      -4.6424807046924234e+23,
      -42.686495905188984,
      -0.49439570118505705
    ],
    "test_rmse": [
      -293417867569673.94,
      -537669960460111.75,
      -93892107791467.77,
      -496.7963061974235,
      -154.5284235717302
    ],
    "test_mae": [
      -40689737179272.5,
      -86230410468218.31,
      -22232649615429.273,
      -325.67189470122685,
      -92.3427908641487
    ],
    "best_params": {
      "check_inverse": true,
      "func": null,
      "inverse_func": null,
      "regressor__copy_X": true,
      "regressor__fit_intercept": false,
      "regressor__n_jobs": null,
      "regressor__positive": false,
      "transformer__memory": null,
      "transformer__verbose": false,
      "transformer__y scaler__copy": true,
      "transformer__y scaler__with_mean": true,
      "transformer__y scaler__with_std": true
    }
  },
  "1234567890": {
    "fit_time": [
      0.05326223373413086,
      0.05270504951477051,
      0.06350851058959961,
      0.06380534172058105,
      0.061849355697631836
    ],
    "score_time": [
      0.033875226974487305,
      0.03306388854980469,
      0.04355955123901367,
      0.033341407775878906,
      0.03260159492492676
    ],
    "test_r": [
      0.06195611320147229,
      0.3668331068252907,
      0.001737200339047069,
      0.36080925945150816,
      0.07028633596337895
    ],
    "test_r2": [
      -6.746323707011306e+23,
      -0.1305901076148721,
      -9.37749182866083e+24,
      0.05520667401497392,
      -1.1373730386650295e+24
    ],