{
  "6": {
    "fit_time": [
      6.070500135421753,
      5.962994337081909,
      6.125413179397583,
      5.9688520431518555,
      6.073563814163208
    ],
    "score_time": [
      0.24287939071655273,
      0.24885106086730957,
      0.2422947883605957,
      0.22851157188415527,
      0.23735523223876953
    ],
    "test_r": [
      0.9859016336028513,
      0.9754884673873999,
      0.8947055731003415,
      0.9852171664773349,
      0.881880024643977
    ],
    "test_r2": [
      0.9651064039585306,
      0.9507135278318849,
      0.7717723429810839,
      0.969695196472048,
      0.7729640671646381
    ],
    "test_rmse": [
      -30.833151505001155,
      -26.57276882491273,
      -29.434123790172745,
      -23.985012086084886,
      -33.15786029443055
    ],
    "test_mae": [
      -17.779135325529815,
      -15.14889833518506,
      -15.821724004090575,
      -13.698027242645203,
      -18.480321829158832
    ],
    "best_params": {
      "check_inverse": true,
      "func": null,
      "inverse_func": null,
      "regressor__natural_gradient": true,
      "regressor__n_estimators": 178,
      "regressor__learning_rate": 0.041782107717137924,
      "regressor__minibatch_frac": 1,
      "regressor__col_sample": 1.0,
      "regressor__verbose": false,
      "transformer__memory": null,
      "transformer__verbose": false,
      "transformer__y scaler__copy": true,
      "transformer__y scaler__with_mean": true,
      "transformer__y scaler__with_std": true
    }
  },
  "13": {
    "fit_time": [
      21.13208532333374,
      21.35231852531433,
      22.33384656906128,
      22.464470624923706,
      21.861279249191284
    ],
    "score_time": [
      0.5991075038909912,
      0.6310276985168457,
      0.6259660720825195,
      0.5727963447570801,
      0.6197836399078369
    ],
    "test_r": [
      0.9469906965617144,
      0.9746896636452275,
      0.985948823613472,
      0.9612106149795102,
      0.9075683200074978
    ],
    "test_r2": [
      0.8945537412481183,
      0.9431805157273779,
      0.9683318104585912,
      0.9217067573253578,
      0.8229056878463153
    ],
    "test_rmse": [
      -16.238554207983764,
      -35.0090165482529,
      -27.99358135715292,
      -34.322219423188514,
      -32.342180730747444
    ],
    "test_mae": [
      -10.359275569313626,
      -19.40063600059622,
      -16.75211992867937,
      -15.937686239970944,
      -19.084224722635973
    ],
    "best_params": {
      "check_inverse": true,
      "func": null,
      "inverse_func": null,
      "regressor__natural_gradient": true,
      "regressor__n_estimators": 586,
      "regressor__learning_rate": 0.06991692945397764,
      "regressor__minibatch_frac": 1,
      "regressor__col_sample": 1.0,
      "regressor__verbose": false,
      "transformer__memory": null,
      "transformer__verbose": false,
      "transformer__y scaler__copy": true,
      "transformer__y scaler__with_mean": true,
      "transformer__y scaler__with_std": true
    }
  },
  "42": {
    "fit_time": [
      10.169992208480835,
      10.63793659210205,
      10.069231271743774,
      10.276731014251709,
      11.099861860275269
    ],
    "score_time": [
      0.3466320037841797,
      0.33315134048461914,
      0.39986467361450195,
      0.3571176528930664,
      0.33795952796936035
    ],
    "test_r": [
      0.968560266840041,
      0.9155181481716459,
      0.8670324132275224,
      0.9785649129973106,
      0.9427694171383919
    ],
    "test_r2": [
      0.9363988665709241,
      0.8321334663627233,
      0.7402179234912878,
      0.9562069366815955,
      0.8636071948181423
    ],
    "test_rmse": [
      -30.31623831175309,
      -30.445951845077733,
      -87.70424319285785,
      -27.47487609334276,
      -23.440309790492414
    ],
    "test_mae": [
      -15.654706326535308,
      -18.389878282650287,
      -34.614953072172334,
      -14.580773274015979,
      -14.606231158635994
    ],
    "best_params": {
      "check_inverse": true,
      "func": null,
      "inverse_func": null,
      "regressor__natural_gradient": true,
      "regressor__n_estimators": 300,
      "regressor__learning_rate": 0.06448176288200866,
      "regressor__minibatch_frac": 1,
      "regressor__col_sample": 1.0,
      "regressor__verbose": false,
      "transformer__memory": null,
      "transformer__verbose": false,
      "transformer__y scaler__copy": true,
      "transformer__y scaler__with_mean": true,
      "transformer__y scaler__with_std": true
    }
  },
  "69": {
    "fit_time": [
      11.211744785308838,
      10.343575477600098,
      11.623369216918945,
      10.852142810821533,
      10.406552076339722
    ],
    "score_time": [
      0.35298943519592285,
      0.400235652923584,
      0.3521697521209717,
      0.3436276912689209,
      0.35312652587890625
    ],
    "test_r": [
      0.9883687809131337,
      0.9158844498505037,
      0.8218586035004055,
      0.9297276982633667,
      0.9872706202460703
    ],
    "test_r2": [
      0.9673922634513088,
      0.7952630815935119,
      0.5822545851118481,
      0.8570019940213149,
      0.9746782367281142
    ],
    "test_rmse": [
      -24.84027335222162,
      -70.91343740701318,
      -40.28507883342276,
      -25.598356559284788,
      -21.365749792264786
    ],
    "test_mae": [
      -14.3376992410874,
      -31.524362449898828,
      -24.14224446426,
      -14.683176266975298,
      -13.861380309690528
    ],
    "best_params": {
      "check_inverse": true,
      "func": null,
      "inverse_func": null,
      "regressor__natural_gradient": true,
      "regressor__n_estimators": 320,
      "regressor__learning_rate": 0.04793930807228446,
      "regressor__minibatch_frac": 1,
      "regressor__col_sample": 1.0,
      "regressor__verbose": false,
      "transformer__memory": null,
      "transformer__verbose": false,
      "transformer__y scaler__copy": true,
      "transformer__y scaler__with_mean": true,
      "transformer__y scaler__with_std": true
    }
  },
  "420": {
    "fit_time": [
      17.01530957221985,
      17.45871114730835,
      16.134482860565186,
      18.29214072227478,
      18.109813451766968
    ],
    "score_time": [
      0.4800431728363037,
      0.5216186046600342,
      0.5279643535614014,
      0.5021159648895264,
      0.4665536880493164
    ],
    "test_r": [
      0.9387728671753445,
      0.9890492065800667,
      0.9747885376646526,
      0.8672630017933014,
      0.9908214100623091
    ],
    "test_r2": [
      0.8741797707139656,
      0.9765055300451116,
      0.9459615403155002,
      0.7516654159389367,
      0.9764514878086903
    ],
    "test_rmse": [
      -24.24713184008652,
      -24.483198472901083,
      -32.03358284250415,
      -37.45616893353033,
      -19.39801567931421
    ],
    "test_mae": [
      -15.953809309953638,
      -14.936412280698033,
      -15.352815576853137,
      -21.62450149066064,
      -12.562016604765475
    ],
    "best_params": {
      "check_inverse": true,
      "func": null,
      "inverse_func": null,
      "regressor__natural_gradient": true,
      "regressor__n_estimators": 473,
      "regressor__learning_rate": 0.09211474895777064,
      "regressor__minibatch_frac": 1,
      "regressor__col_sample": 1.0,
      "regressor__verbose": false,
      "transformer__memory": null,
      "transformer__verbose": false,
      "transformer__y scaler__copy": true,
      "transformer__y scaler__with_mean": true,
      "transformer__y scaler__with_std": true
    }
  },
  "1234567890": {
    "fit_time": [
      69.06954050064087,
      71.59517335891724,
      68.91362404823303,
      72.11398196220398,
      76.38292598724365
    ],
    "score_time": [
      2.055572032928467,
      1.964876413345337,
      2.0713930130004883,
      1.988722801208496,
      1.9491496086120605
    ],
    "test_r": [
      0.8935379683079653,
      0.9834489088233016,
      0.9746494760209737,
      0.9935731329609042,
      0.8904999257782882
    ],