{
  "6": {
    "fit_time": [
      0.17303037643432617,
      0.17242765426635742,
      0.1776747703552246,
      0.17121291160583496,
      0.20031332969665527
    ],
    "score_time": [
      0.04469466209411621,
      0.048677921295166016,
      0.04088425636291504,
      0.04314017295837402,
      0.04066109657287598
    ],
    "test_r": [
      0.16440566589667477,
      0.3265434729247482,
      0.5338002905385933,
      0.41695591616242406,
      0.4901898445318838
    ],
    "test_r2": [
      -0.005135947707308297,
      0.09463933956280335,
      -0.09032953875629324,
      0.0815211091374628,
      0.1458204148752521
    ],
    "test_rmse": [
      -165.4845506837277,
      -113.88951736048058,
      -64.33478665725758,
      -132.04403743037815,
      -64.31522482076394
    ],
    "test_mae": [
      -74.92418008822376,
      -56.28864137359605,
      -54.26370928979728,
      -69.38460989427168,
      -53.942463416468215
    ],
    "best_params": {
      "check_inverse": true,
      "func": null,
      "inverse_func": null,
      "regressor__bootstrap": true,
      "regressor__ccp_alpha": 0.0,
      "regressor__criterion": "squared_error",
      "regressor__max_depth": null,
      "regressor__max_features": "sqrt",
      "regressor__max_leaf_nodes": null,
      "regressor__max_samples": null,
      "regressor__min_impurity_decrease": 0.0,
      "regressor__min_samples_leaf": 0.05004815785402106,
      "regressor__min_samples_split": 0.06809058127558361,
      "regressor__min_weight_fraction_leaf": 0.0,
      "regressor__monotonic_cst": null,
      "regressor__n_estimators": 127,
      "regressor__n_jobs": null,
      "regressor__oob_score": false,
      "regressor__random_state": null,
      "regressor__verbose": 0,
      "regressor__warm_start": false,
      "transformer__memory": null,
      "transformer__verbose": false,
      "transformer__y scaler__copy": true,
      "transformer__y scaler__with_mean": true,
      "transformer__y scaler__with_std": true
    }
  },
  "13": {
    "fit_time": [
      1.4461669921875,
      1.4450175762176514,
      1.4476885795593262,
      1.4422228336334229,
      1.420168399810791
    ],
    "score_time": [
      0.09023332595825195,
      0.08217883110046387,
      0.07870244979858398,
      0.07767176628112793,
      0.08327698707580566
    ],
    "test_r": [
      0.47129190905559104,
      0.45395787546792776,
      0.08013410385347002,
      0.27176241738886764,
      0.5742384892146916
    ],
    "test_r2": [
      -0.3166860185265692,
      0.06574123710496227,
      -0.008035404707910088,
      0.07257617645122305,
      0.25504474756883255
    ],
    "test_rmse": [
      -57.38163037691971,
      -141.95962951673195,
      -157.9373106474213,
      -118.12786289969327,
      -66.33337377761254
    ],
    "test_mae": [
      -51.27563983233783,
      -77.98614730755827,
      -66.955066348722,
      -60.95176866310683,
      -53.52089254360255
    ],
    "best_params": {
      "check_inverse": true,
      "func": null,
      "inverse_func": null,
      "regressor__bootstrap": true,
      "regressor__ccp_alpha": 0.0,
      "regressor__criterion": "squared_error",
      "regressor__max_depth": null,
      "regressor__max_features": "sqrt",
      "regressor__max_leaf_nodes": null,
      "regressor__max_samples": null,
      "regressor__min_impurity_decrease": 0.0,
      "regressor__min_samples_leaf": 0.05016385749388343,
      "regressor__min_samples_split": 0.05551744119137876,
      "regressor__min_weight_fraction_leaf": 0.0,
      "regressor__monotonic_cst": null,
      "regressor__n_estimators": 1453,
      "regressor__n_jobs": null,
      "regressor__oob_score": false,
      "regressor__random_state": null,
      "regressor__verbose": 0,
      "regressor__warm_start": false,
      "transformer__memory": null,
      "transformer__verbose": false,
      "transformer__y scaler__copy": true,
      "transformer__y scaler__with_mean": true,
      "transformer__y scaler__with_std": true
    }
  },
  "42": {
    "fit_time": [
      0.5269961357116699,
      0.5111715793609619,
      0.505903959274292,
      0.5426030158996582,
      0.5143945217132568
    ],
    "score_time": [
      0.05499720573425293,
      0.07250404357910156,
      0.0736534595489502,
      0.05067181587219238,
      0.06335043907165527
    ],
    "test_r": [
      0.3330018388821493,
      0.5081105562562369,
      0.10279593336584124,
      0.40434773568864246,
      0.5459203417810511
    ],
    "test_r2": [
      0.08017420804112785,
      0.1775921303867568,
      0.005285213712363901,
      0.10364445573149905,
      0.18334826835136264
    ],
    "test_rmse": [
      -115.29107170289411,
      -67.38932767896918,
      -171.61897359369044,
      -124.30060272493236,
      -57.35695140096953
    ],
    "test_mae": [
      -58.14091086022567,
      -55.52664122343013,
      -75.31160408187043,
      -71.3505340652993,
      -47.35317795158327
    ],
    "best_params": {
      "check_inverse": true,
      "func": null,
      "inverse_func": null,
      "regressor__bootstrap": true,
      "regressor__ccp_alpha": 0.0,
      "regressor__criterion": "squared_error",
      "regressor__max_depth": null,
      "regressor__max_features": "sqrt",
      "regressor__max_leaf_nodes": null,
      "regressor__max_samples": null,
      "regressor__min_impurity_decrease": 0.0,
      "regressor__min_samples_leaf": 0.05,
      "regressor__min_samples_split": 0.05,
      "regressor__min_weight_fraction_leaf": 0.0,
      "regressor__monotonic_cst": null,
      "regressor__n_estimators": 514,
      "regressor__n_jobs": null,
      "regressor__oob_score": false,
      "regressor__random_state": null,
      "regressor__verbose": 0,
      "regressor__warm_start": false,
      "transformer__memory": null,
      "transformer__verbose": false,
      "transformer__y scaler__copy": true,
      "transformer__y scaler__with_mean": true,
      "transformer__y scaler__with_std": true
    }
  },
  "69": {
    "fit_time": [
      0.3306267261505127,
      0.3347799777984619,
      0.321704626083374,
      0.3197958469390869,
      0.3330538272857666
    ],
    "score_time": [
      0.042867422103881836,
      0.041188955307006836,
      0.037436723709106445,
      0.03827309608459473,
      0.04029655456542969
    ],
    "test_r": [
      0.32368107971483,
      0.12702347762286856,
      0.5507477172560873,
      0.5755396920250344,
      0.3404584061779425
    ],
    "test_r2": [
      0.08106680787706688,
      0.0062301968545079855,
      0.029333635546017534,
      0.2761485663329478,
      0.08758273842057596
    ],
    "test_rmse": [
      -131.86757303290307,
      -156.23320946858914,
      -61.4077750693105,
      -57.593279995375674,
      -128.25311218173326
    ],
    "test_mae": [
      -68.17094032992416,
      -75.69875448165591,
      -53.194472811239336,
      -46.48109264046279,
      -65.83353228631256
    ],
    "best_params": {
      "check_inverse": true,
      "func": null,
      "inverse_func": null,
      "regressor__bootstrap": true,
      "regressor__ccp_alpha": 0.0,
      "regressor__criterion": "squared_error",
      "regressor__max_depth": null,
      "regressor__max_features": "sqrt",
      "regressor__max_leaf_nodes": null,
      "regressor__max_samples": null,
      "regressor__min_impurity_decrease": 0.0,
      "regressor__min_samples_leaf": 0.05,
      "regressor__min_samples_split": 0.05,
      "regressor__min_weight_fraction_leaf": 0.0,
      "regressor__monotonic_cst": null,
      "regressor__n_estimators": 292,
      "regressor__n_jobs": null,
      "regressor__oob_score": false,
      "regressor__random_state": null,
      "regressor__verbose": 0,
      "regressor__warm_start": false,
      "transformer__memory": null,
      "transformer__verbose": false,
      "transformer__y scaler__copy": true,
      "transformer__y scaler__with_mean": true,
      "transformer__y scaler__with_std": true
    }
  },