{
  "6": {
    "fit_time": [
      48.50330853462219,
      45.28189301490784,
      45.595189571380615,
      45.783525466918945,
      46.12579798698425
    ],
    "score_time": [
      1.0978014469146729,
      1.1535959243774414,
      1.114365577697754,
      1.1045019626617432,
      1.1044816970825195
    ],
    "test_r": [
      0.9910925233463839,
      0.9898817762512965,
      0.9119477974608822,
      0.9773685912466653,
      0.9282056867968845
    ],
    "test_r2": [
      0.9760574388865035,
      0.9798276019378322,
      0.8186407741831084,
      0.9528400732213722,
      0.861398737141244
    ],
    "test_rmse": [
      -25.540556436474226,
      -17.000109056988624,
      -26.238367025756386,
      -29.920632251058244,
      -25.907338048477378
    ],
    "test_mae": [
      -16.262763904907118,
      -12.542369080916483,
      -13.05245323441735,
      -16.92506102924312,
      -15.192085784208242
    ],
    "best_params": {
      "check_inverse": true,
      "func": null,
      "inverse_func": null,
      "regressor__natural_gradient": true,
      "regressor__n_estimators": 2000,
      "regressor__learning_rate": 0.04611595724016834,
      "regressor__minibatch_frac": 1,
      "regressor__col_sample": 1.0,
      "regressor__verbose": false,
      "transformer__memory": null,
      "transformer__verbose": false,
      "transformer__y scaler__copy": true,
      "transformer__y scaler__with_mean": true,
      "transformer__y scaler__with_std": true
    }
  },
  "13": {
    "fit_time": [
      7.821583271026611,
      7.995211839675903,
      7.872329235076904,
      7.4783265590667725,
      7.725707054138184
    ],
    "score_time": [
      0.240889310836792,
      0.24253368377685547,
      0.2517874240875244,
      0.2649562358856201,
      0.2537970542907715
    ],
    "test_r": [
      0.8826618877837555,
      0.9842522588137974,
      0.9794676781181839,
      0.9831064953606093,
      0.9541313135801057
    ],
    "test_r2": [
      0.7746653329929469,
      0.9581359669846276,
      0.9577753217212022,
      0.966481122535771,
      0.9060319466597383
    ],
    "test_rmse": [
      -23.738090295757324,
      -30.05050670467973,
      -32.32436635351873,
      -22.45732148071515,
      -23.559013889379404
    ],
    "test_mae": [
      -15.702430828842834,
      -18.612111914434788,
      -15.712253766490747,
      -12.080525792311521,
      -15.5596424511514
    ],
    "best_params": {
      "check_inverse": true,
      "func": null,
      "inverse_func": null,
      "regressor__natural_gradient": true,
      "regressor__n_estimators": 388,
      "regressor__learning_rate": 0.054836995817155225,
      "regressor__minibatch_frac": 1,
      "regressor__col_sample": 1.0,
      "regressor__verbose": false,
      "transformer__memory": null,
      "transformer__verbose": false,
      "transformer__y scaler__copy": true,
      "transformer__y scaler__with_mean": true,
      "transformer__y scaler__with_std": true
    }
  },
  "42": {
    "fit_time": [
      44.84040856361389,
      41.755799531936646,
      40.621769189834595,
      43.75086975097656,
      44.285560846328735
    ],
    "score_time": [
      1.1335704326629639,
      1.1446881294250488,
      1.1215615272521973,
      1.0937004089355469,
      1.0947113037109375
    ],
    "test_r": [
      0.9901322315044374,
      0.932998706664176,
      0.90230576152408,
      0.9900977900610124,
      0.9221886199829401
    ],
    "test_r2": [
      0.9800490947594588,
      0.8639950413570354,
      0.8078277094041237,
      0.9792231822502584,
      0.8484987112681167
    ],
    "test_rmse": [
      -16.97947225529304,
      -27.404688264762907,
      -75.43300289011532,
      -18.924420743927904,
      -24.704483579404762
    ],
    "test_mae": [
      -11.19344919359963,
      -16.683107173676223,
      -31.801099957375726,
      -12.326192970204778,
      -14.766652110146602
    ],
    "best_params": {
      "check_inverse": true,
      "func": null,
      "inverse_func": null,
      "regressor__natural_gradient": true,
      "regressor__n_estimators": 2000,
      "regressor__learning_rate": 0.024055582155109105,
      "regressor__minibatch_frac": 1,
      "regressor__col_sample": 1.0,
      "regressor__verbose": false,
      "transformer__memory": null,
      "transformer__verbose": false,
      "transformer__y scaler__copy": true,
      "transformer__y scaler__with_mean": true,
      "transformer__y scaler__with_std": true
    }
  },
  "69": {
    "fit_time": [
      24.769885778427124,
      20.626537799835205,
      23.84149670600891,
      24.194579362869263,
      25.98485565185547
    ],
    "score_time": [
      0.6390578746795654,
      0.6493837833404541,
      0.6624596118927002,
      0.6685216426849365,
      0.660454273223877
    ],
    "test_r": [
      0.9905074451930078,
      0.8878775192748338,
      0.837882308608885,
      0.9754152605432388,
      0.9881236895268746
    ],
    "test_r2": [
      0.9747160237952974,
      0.7149420912102119,
      0.589104737003797,
      0.949750347849153,
      0.973107851641736
    ],
    "test_rmse": [
      -21.873522660345863,
      -83.67524715911901,
      -39.95341802037795,
      -15.174473207038181,
      -22.018306620073183
    ],
    "test_mae": [
      -12.627400025000737,
      -30.377680499236625,
      -23.378277881717214,
      -10.110054850367247,
      -15.48639622786051
    ],
    "best_params": {
      "check_inverse": true,
      "func": null,
      "inverse_func": null,
      "regressor__natural_gradient": true,
      "regressor__n_estimators": 1139,
      "regressor__learning_rate": 0.0524014270881903,
      "regressor__minibatch_frac": 1,
      "regressor__col_sample": 1.0,
      "regressor__verbose": false,
      "transformer__memory": null,
      "transformer__verbose": false,
      "transformer__y scaler__copy": true,
      "transformer__y scaler__with_mean": true,
      "transformer__y scaler__with_std": true
    }
  },
  "420": {
    "fit_time": [
      45.38932275772095,
      42.75305509567261,
      43.54415202140808,
      46.033719539642334,
      46.245288610458374
    ],
    "score_time": [
      1.0845410823822021,
      1.1272101402282715,
      1.1023659706115723,
      1.1108241081237793,
      1.093444585800171
    ],
    "test_r": [
      0.9406659175574326,
      0.9866445721146077,
      0.9862702745011995,
      0.9422428369776145,
      0.9694198601825778
    ],
    "test_r2": [
      0.8803187763403649,
      0.9691048089929649,
      0.9692880259481714,
      0.8837207953734736,
      0.936704213287098
    ],
    "test_rmse": [
      -23.64820318570526,
      -28.07571141094992,
      -24.1494865260739,
      -25.6304232883386,
      -31.802625157024803
    ],
    "test_mae": [
      -15.020352431438832,
      -18.20195287123243,
      -14.172841350030062,
      -13.38859909655916,
      -16.665490174777172
    ],
    "best_params": {
      "check_inverse": true,
      "func": null,
      "inverse_func": null,
      "regressor__natural_gradient": true,
      "regressor__n_estimators": 2000,
      "regressor__learning_rate": 0.07361367248738303,
      "regressor__minibatch_frac": 1,
      "regressor__col_sample": 1.0,
      "regressor__verbose": false,
      "transformer__memory": null,
      "transformer__verbose": false,
      "transformer__y scaler__copy": true,
      "transformer__y scaler__with_mean": true,
      "transformer__y scaler__with_std": true
    }
  },
  "1234567890": {
    "fit_time": [
      30.658756017684937,
      29.584038496017456,
      30.711151599884033,
      29.41698431968689,
      30.7840416431427
    ],
    "score_time": [
      0.7588071823120117,
      0.7689919471740723,
      0.7725739479064941,
      0.7740926742553711,
      0.7602510452270508
    ],
    "test_r": [
      0.9232520148267547,
      0.9889087107063781,
      0.9846947623204766,
      0.9961191843021178,
      0.9354301096048743
    ],