{
  "6": {
    "fit_time": [
      3.0779592990875244,
      3.1007752418518066,
      3.0889978408813477,
      3.099918842315674,
      3.1123440265655518
    ],
    "score_time": [
      0.1663985252380371,
      0.16821765899658203,
      0.16956233978271484,
      0.1768953800201416,
      0.17492985725402832
    ],
    "test_r": [
      0.18420754896064756,
      0.33715720834339435,
      0.48782414146927083,
      0.4269474354056379,
      0.485588189246884
    ],
    "test_r2": [
      -0.004397510508656444,
      0.09501072618722728,
      -0.1337334959776133,
      0.0872575176884296,
      0.14314007510977544
    ],
    "test_rmse": [
      -165.42375174377844,
      -113.86615574129405,
      -65.6028134723002,
      -131.63104756878312,
      -64.4160535199421
    ],
    "test_mae": [
      -75.85100718250484,
      -56.23603892161483,
      -54.70500792881337,
      -70.23972751519686,
      -54.558881993125304
    ],
    "best_params": {
      "check_inverse": true,
      "func": null,
      "inverse_func": null,
      "regressor__bootstrap": true,
      "regressor__ccp_alpha": 0.0,
      "regressor__criterion": "squared_error",
      "regressor__max_depth": null,
      "regressor__max_features": "sqrt",
      "regressor__max_leaf_nodes": null,
      "regressor__max_samples": null,
      "regressor__min_impurity_decrease": 0.0,
      "regressor__min_samples_leaf": 0.05,
      "regressor__min_samples_split": 0.05,
      "regressor__min_weight_fraction_leaf": 0.0,
      "regressor__monotonic_cst": null,
      "regressor__n_estimators": 2000,
      "regressor__n_jobs": null,
      "regressor__oob_score": false,
      "regressor__random_state": null,
      "regressor__verbose": 0,
      "regressor__warm_start": false,
      "transformer__memory": null,
      "transformer__verbose": false,
      "transformer__y scaler__copy": true,
      "transformer__y scaler__with_mean": true,
      "transformer__y scaler__with_std": true
    }
  },
  "13": {
    "fit_time": [
      1.3266384601593018,
      1.332770824432373,
      1.3248677253723145,
      1.3241264820098877,
      1.335831880569458
    ],
    "score_time": [
      0.11268401145935059,
      0.11131405830383301,
      0.11500716209411621,
      0.11584258079528809,
      0.11397075653076172
    ],
    "test_r": [
      0.46650056721590055,
      0.44212465940116585,
      0.09965593021021255,
      0.24757019999464397,
      0.5903775589423742
    ],
    "test_r2": [
      -0.32772877658541755,
      0.05598226392085337,
      0.0023977495582853114,
      0.060800536733352506,
      0.2533114653295073
    ],
    "test_rmse": [
      -57.62175156772482,
      -142.69913618975073,
      -157.11786017787787,
      -118.87544097449612,
      -66.41049764403769
    ],
    "test_mae": [
      -51.42419256764141,
      -78.95284125610571,
      -65.74032666041228,
      -62.85306193895372,
      -53.511117317453646
    ],
    "best_params": {
      "check_inverse": true,
      "func": null,
      "inverse_func": null,
      "regressor__bootstrap": true,
      "regressor__ccp_alpha": 0.0,
      "regressor__criterion": "squared_error",
      "regressor__max_depth": null,
      "regressor__max_features": "sqrt",
      "regressor__max_leaf_nodes": null,
      "regressor__max_samples": null,
      "regressor__min_impurity_decrease": 0.0,
      "regressor__min_samples_leaf": 0.05,
      "regressor__min_samples_split": 0.05,
      "regressor__min_weight_fraction_leaf": 0.0,
      "regressor__monotonic_cst": null,
      "regressor__n_estimators": 818,
      "regressor__n_jobs": null,
      "regressor__oob_score": false,
      "regressor__random_state": null,
      "regressor__verbose": 0,
      "regressor__warm_start": false,
      "transformer__memory": null,
      "transformer__verbose": false,
      "transformer__y scaler__copy": true,
      "transformer__y scaler__with_mean": true,
      "transformer__y scaler__with_std": true
    }
  },
  "42": {
    "fit_time": [
      0.1937851905822754,
      0.19767522811889648,
      0.19458532333374023,
      0.19612646102905273,
      0.19408845901489258
    ],
    "score_time": [
      0.07808685302734375,
      0.07335805892944336,
      0.0745687484741211,
      0.0735929012298584,
      0.07233095169067383
    ],
    "test_r": [
      0.31194546580721083,
      0.48079382535720533,
      0.10997972527419189,
      0.3459540212896492,
      0.5131178217118976
    ],
    "test_r2": [
      0.06933138580899612,
      0.15247279686312687,
      0.00795644720063915,
      0.07103061637902253,
      0.14899180191084438
    ],
    "test_rmse": [
      -115.96860118828178,
      -68.41074472318935,
      -171.3883836081494,
      -126.5417337623945,
      -58.55102310318026
    ],
    "test_mae": [
      -59.038820821848795,
      -57.2294843893562,
      -74.06136495352733,
      -73.05499273165903,
      -48.92769704658286
    ],
    "best_params": {
      "check_inverse": true,
      "func": null,
      "inverse_func": null,
      "regressor__bootstrap": true,
      "regressor__ccp_alpha": 0.0,
      "regressor__criterion": "squared_error",
      "regressor__max_depth": null,
      "regressor__max_features": "sqrt",
      "regressor__max_leaf_nodes": null,
      "regressor__max_samples": null,
      "regressor__min_impurity_decrease": 0.0,
      "regressor__min_samples_leaf": 0.05,
      "regressor__min_samples_split": 0.05,
      "regressor__min_weight_fraction_leaf": 0.0,
      "regressor__monotonic_cst": null,
      "regressor__n_estimators": 50,
      "regressor__n_jobs": null,
      "regressor__oob_score": false,
      "regressor__random_state": null,
      "regressor__verbose": 0,
      "regressor__warm_start": false,
      "transformer__memory": null,
      "transformer__verbose": false,
      "transformer__y scaler__copy": true,
      "transformer__y scaler__with_mean": true,
      "transformer__y scaler__with_std": true
    }
  },
  "69": {
    "fit_time": [
      2.882131814956665,
      2.8639326095581055,
      2.8890459537506104,
      2.9349403381347656,
      2.919072389602661
    ],
    "score_time": [
      0.1626121997833252,
      0.1606733798980713,
      0.1688389778137207,
      0.15929913520812988,
      0.16883063316345215
    ],
    "test_r": [
      0.33470636795589137,
      0.14800097578174204,
      0.5267424558967512,
      0.6095246439449236,
      0.3032889336147446
    ],
    "test_r2": [
      0.08219371435655132,
      0.013381098109697454,
      0.008942800828334874,
      0.28575053702634756,
      0.07157988382276015
    ],
    "test_rmse": [
      -131.78669228430303,
      -155.67008846381464,
      -62.04942084533618,
      -57.21001406683363,
      -129.37293681894766
    ],
    "test_mae": [
      -68.41868012860964,
      -75.0827973764468,
      -53.45463051396591,
      -46.648459496710664,
      -67.81112700660915
    ],
    "best_params": {
      "check_inverse": true,
      "func": null,
      "inverse_func": null,
      "regressor__bootstrap": true,
      "regressor__ccp_alpha": 0.0,
      "regressor__criterion": "squared_error",
      "regressor__max_depth": null,
      "regressor__max_features": "sqrt",
      "regressor__max_leaf_nodes": null,
      "regressor__max_samples": null,
      "regressor__min_impurity_decrease": 0.0,
      "regressor__min_samples_leaf": 0.05320252432511457,
      "regressor__min_samples_split": 0.05747425474783108,
      "regressor__min_weight_fraction_leaf": 0.0,
      "regressor__monotonic_cst": null,
      "regressor__n_estimators": 1884,
      "regressor__n_jobs": null,
      "regressor__oob_score": false,
      "regressor__random_state": null,
      "regressor__verbose": 0,
      "regressor__warm_start": false,
      "transformer__memory": null,
      "transformer__verbose": false,
      "transformer__y scaler__copy": true,
      "transformer__y scaler__with_mean": true,
      "transformer__y scaler__with_std": true
    }
  },