{
  "6": {
    "fit_time": [
      12.293127298355103,
      11.772784948348999,
      12.235933542251587,
      11.74928593635559,
      12.080901145935059
    ],
    "score_time": [
      0.33652544021606445,
      0.35516834259033203,
      0.32353806495666504,
      0.37561488151550293,
      0.3397500514984131
    ],
    "test_r": [
      0.9923766432848847,
      0.9868469766979461,
      0.928371016538793,
      0.9887574124895078,
      0.9365077890407382
    ],
    "test_r2": [
      0.9759973188175396,
      0.9734285896300764,
      0.8519359782135161,
      0.9760483100286903,
      0.8767205374754343
    ],
    "test_rmse": [
      -25.57260265952565,
      -19.511032216234465,
      -23.707826865475745,
      -21.32319536905588,
      -24.43343710600632
    ],
    "test_mae": [
      -16.435902873087606,
      -12.538744098546585,
      -11.933517969856958,
      -13.224722362101733,
      -14.35372585549003
    ],
    "best_params": {
      "check_inverse": true,
      "func": null,
      "inverse_func": null,
      "regressor__natural_gradient": true,
      "regressor__n_estimators": 565,
      "regressor__learning_rate": 0.0994228627101671,
      "regressor__minibatch_frac": 1,
      "regressor__col_sample": 1.0,
      "regressor__verbose": false,
      "transformer__memory": null,
      "transformer__verbose": false,
      "transformer__y scaler__copy": true,
      "transformer__y scaler__with_mean": true,
      "transformer__y scaler__with_std": true
    }
  },
  "13": {
    "fit_time": [
      44.9722945690155,
      43.954339265823364,
      43.84677577018738,
      44.44624304771423,
      46.3211669921875
    ],
    "score_time": [
      1.0743203163146973,
      1.083038568496704,
      1.0397617816925049,
      1.0824458599090576,
      1.0535190105438232
    ],
    "test_r": [
      0.9103223851485115,
      0.9868233361516261,
      0.9839178585832546,
      0.9786055281858443,
      0.9493275175723311
    ],
    "test_r2": [
      0.8278846072047092,
      0.9686667437646189,
      0.9670015737203396,
      0.9576474887502956,
      0.8975143317713471
    ],
    "test_rmse": [
      -20.746346534924143,
      -25.997646392348994,
      -28.575475109310535,
      -25.24368814590574,
      -24.603594563419936
    ],
    "test_mae": [
      -12.443077397193726,
      -15.931707078559883,
      -14.629140875155914,
      -13.450778450625588,
      -16.140320039851012
    ],
    "best_params": {
      "check_inverse": true,
      "func": null,
      "inverse_func": null,
      "regressor__natural_gradient": true,
      "regressor__n_estimators": 1934,
      "regressor__learning_rate": 0.09896091003071157,
      "regressor__minibatch_frac": 1,
      "regressor__col_sample": 1.0,
      "regressor__verbose": false,
      "transformer__memory": null,
      "transformer__verbose": false,
      "transformer__y scaler__copy": true,
      "transformer__y scaler__with_mean": true,
      "transformer__y scaler__with_std": true
    }
  },
  "42": {
    "fit_time": [
      3.5999300479888916,
      3.740145444869995,
      3.4317564964294434,
      3.638929605484009,
      3.598414421081543
    ],
    "score_time": [
      0.1745142936706543,
      0.14344263076782227,
      0.15006089210510254,
      0.14717698097229004,
      0.14883971214294434
    ],
    "test_r": [
      0.9893860177865368,
      0.9140677256372359,
      0.8931270186661177,
      0.9882279736584915,
      0.9177168542030886
    ],
    "test_r2": [
      0.9788074339462906,
      0.8300897192540977,
      0.7919202967632399,
      0.9750140746149202,
      0.8404923678050351
    ],
    "test_rmse": [
      -17.499863349733015,
      -30.630728339032252,
      -78.49299008964634,
      -20.752995854680094,
      -25.348855188823787
    ],
    "test_mae": [
      -11.65888130613054,
      -18.534988515183343,
      -34.271974245742555,
      -12.923162067911814,
      -15.22527814358876
    ],
    "best_params": {
      "check_inverse": true,
      "func": null,
      "inverse_func": null,
      "regressor__natural_gradient": true,
      "regressor__n_estimators": 198,
      "regressor__learning_rate": 0.06866552726404913,
      "regressor__minibatch_frac": 1,
      "regressor__col_sample": 1.0,
      "regressor__verbose": false,
      "transformer__memory": null,
      "transformer__verbose": false,
      "transformer__y scaler__copy": true,
      "transformer__y scaler__with_mean": true,
      "transformer__y scaler__with_std": true
    }
  },
  "69": {
    "fit_time": [
      5.339901685714722,
      5.671582221984863,
      5.111465692520142,
      5.269677400588989,
      5.541295289993286
    ],
    "score_time": [
      0.1941394805908203,
      0.19112801551818848,
      0.1872577667236328,
      0.18333745002746582,
      0.18231749534606934
    ],
    "test_r": [
      0.9934434891056758,
      0.9237068748216563,
      0.819799174964358,
      0.9684623612130971,
      0.9878016382489663
    ],
    "test_r2": [
      0.9788649561019861,
      0.8289335917138484,
      0.5595189308741391,
      0.9343160939157472,
      0.9731400413572451
    ],
    "test_rmse": [
      -19.99850914877935,
      -64.82056690705534,
      -41.36680661129402,
      -17.34908516831166,
      -22.005124793917254
    ],
    "test_mae": [
      -12.006933751631625,
      -27.401105741236208,
      -23.594592113684044,
      -10.343855265373149,
      -15.699294949161986
    ],
    "best_params": {
      "check_inverse": true,
      "func": null,
      "inverse_func": null,
      "regressor__natural_gradient": true,
      "regressor__n_estimators": 274,
      "regressor__learning_rate": 0.056763100022060135,
      "regressor__minibatch_frac": 1,
      "regressor__col_sample": 1.0,
      "regressor__verbose": false,
      "transformer__memory": null,
      "transformer__verbose": false,
      "transformer__y scaler__copy": true,
      "transformer__y scaler__with_mean": true,
      "transformer__y scaler__with_std": true
    }
  },
  "420": {
    "fit_time": [
      44.46149921417236,
      40.60229539871216,
      43.27529740333557,
      42.57643413543701,
      46.35445475578308
    ],
    "score_time": [
      1.1002249717712402,
      1.081106424331665,
      1.0946900844573975,
      1.076970100402832,
      1.1037092208862305
    ],
    "test_r": [
      0.9516038409057166,
      0.9886519772590303,
      0.9778319528188664,
      0.9589552124691941,
      0.9702601880459347
    ],
    "test_r2": [
      0.9043139076017586,
      0.9714386737780152,
      0.9535435426444903,
      0.9164410673853871,
      0.9400090406962436
    ],
    "test_rmse": [
      -21.14509045944276,
      -26.994451796123204,
      -29.701410850859503,
      -21.72707153500035,
      -30.961249041551905
    ],
    "test_mae": [
      -12.539092318524249,
      -18.013142623770612,
      -17.264738344357156,
      -11.7464314333742,
      -17.205097228882277
    ],
    "best_params": {
      "check_inverse": true,
      "func": null,
      "inverse_func": null,
      "regressor__natural_gradient": true,
      "regressor__n_estimators": 2000,
      "regressor__learning_rate": 0.1,
      "regressor__minibatch_frac": 1,
      "regressor__col_sample": 1.0,
      "regressor__verbose": false,
      "transformer__memory": null,
      "transformer__verbose": false,
      "transformer__y scaler__copy": true,
      "transformer__y scaler__with_mean": true,
      "transformer__y scaler__with_std": true
    }
  },
  "1234567890": {
    "fit_time": [
      6.060815334320068,
      6.861332416534424,
      5.753216028213501,
      6.458247661590576,
      6.536271810531616
    ],
    "score_time": [
      0.20026850700378418,
      0.2011280059814453,
      0.21081113815307617,
      0.21215343475341797,
      0.21086740493774414
    ],
    "test_r": [
      0.9401113754925954,
      0.9874280350174011,
      0.9775700128333406,
      0.9955765796974334,
      0.9320017825648695
    ],