{
  "6": {
    "fit_time": [
      2.939012050628662,
      2.9566500186920166,
      2.9934074878692627,
      3.202077865600586,
      3.122904062271118
    ],
    "score_time": [
      0.172316312789917,
      0.17020010948181152,
      0.16642999649047852,
      0.17139482498168945,
      0.17655515670776367
    ],
    "test_r": [
      0.1876081423372579,
      0.3471324228896535,
      0.4861119064219493,
      0.4244447041947031,
      0.49510816427012444
    ],
    "test_r2": [
      -0.0023770994231784304,
      0.1002141060914219,
      -0.12918139601051704,
      0.0907276610329173,
      0.1587372685917945
    ],
    "test_rmse": [
      -165.25728765664053,
      -113.53833805705403,
      -65.47097872878261,
      -131.3805861325706,
      -63.82708685894194
    ],
    "test_mae": [
      -75.35827371529072,
      -56.14922033333345,
      -54.13906605372078,
      -69.96754516634378,
      -53.56299484128536
    ],
    "best_params": {
      "check_inverse": true,
      "func": null,
      "inverse_func": null,
      "regressor__bootstrap": true,
      "regressor__ccp_alpha": 0.0,
      "regressor__criterion": "squared_error",
      "regressor__max_depth": null,
      "regressor__max_features": "sqrt",
      "regressor__max_leaf_nodes": null,
      "regressor__max_samples": null,
      "regressor__min_impurity_decrease": 0.0,
      "regressor__min_samples_leaf": 0.05,
      "regressor__min_samples_split": 0.09271304419971352,
      "regressor__min_weight_fraction_leaf": 0.0,
      "regressor__monotonic_cst": null,
      "regressor__n_estimators": 2000,
      "regressor__n_jobs": null,
      "regressor__oob_score": false,
      "regressor__random_state": null,
      "regressor__verbose": 0,
      "regressor__warm_start": false,
      "transformer__memory": null,
      "transformer__verbose": false,
      "transformer__y scaler__copy": true,
      "transformer__y scaler__with_mean": true,
      "transformer__y scaler__with_std": true
    }
  },
  "13": {
    "fit_time": [
      2.9616503715515137,
      3.027930736541748,
      3.032940149307251,
      2.882848024368286,
      3.040964126586914
    ],
    "score_time": [
      0.16972684860229492,
      0.17476725578308105,
      0.1723647117614746,
      0.16915035247802734,
      0.16975641250610352
    ],
    "test_r": [
      0.458137750713311,
      0.4475816723800317,
      0.09574149133003441,
      0.24578547613916793,
      0.5934363075325616
    ],
    "test_r2": [
      -0.3255555605686993,
      0.061835119203215605,
      -0.0002499797392867542,
      0.060080523498131644,
      0.2590117292854016
    ],
    "test_rmse": [
      -57.57457484035735,
      -142.2560852100931,
      -157.32622473283973,
      -118.92099865221424,
      -66.156521185557
    ],
    "test_mae": [
      -50.88689640249867,
      -77.998129540215,
      -65.44787469051683,
      -63.14247593736584,
      -53.3080373542505
    ],
    "best_params": {
      "check_inverse": true,
      "func": null,
      "inverse_func": null,
      "regressor__bootstrap": true,
      "regressor__ccp_alpha": 0.0,
      "regressor__criterion": "squared_error",
      "regressor__max_depth": null,
      "regressor__max_features": "sqrt",
      "regressor__max_leaf_nodes": null,
      "regressor__max_samples": null,
      "regressor__min_impurity_decrease": 0.0,
      "regressor__min_samples_leaf": 0.05,
      "regressor__min_samples_split": 0.05,
      "regressor__min_weight_fraction_leaf": 0.0,
      "regressor__monotonic_cst": null,
      "regressor__n_estimators": 2000,
      "regressor__n_jobs": null,
      "regressor__oob_score": false,
      "regressor__random_state": null,
      "regressor__verbose": 0,
      "regressor__warm_start": false,
      "transformer__memory": null,
      "transformer__verbose": false,
      "transformer__y scaler__copy": true,
      "transformer__y scaler__with_mean": true,
      "transformer__y scaler__with_std": true
    }
  },
  "42": {
    "fit_time": [
      0.272449254989624,
      0.29341864585876465,
      0.2761242389678955,
      0.28067994117736816,
      0.2992584705352783
    ],
    "score_time": [
      0.08602309226989746,
      0.08252167701721191,
      0.08485102653503418,
      0.08503508567810059,
      0.08927297592163086
    ],
    "test_r": [
      0.3219154869679139,
      0.472413150678205,
      0.10107823221728064,
      0.39402805707411515,
      0.5502640035241646
    ],
    "test_r2": [
      0.0767614065539588,
      0.13667877762199854,
      0.006062221450996219,
      0.0943021938650429,
      0.16584936728423139
    ],
    "test_rmse": [
      -115.50475414912863,
      -69.0452336092798,
      -171.55193160156426,
      -124.94668489439151,
      -57.968205737660654
    ],
    "test_mae": [
      -57.22744782269781,
      -57.85367138292807,
      -74.45307430426755,
      -72.28988508566881,
      -49.25640419721776
    ],
    "best_params": {
      "check_inverse": true,
      "func": null,
      "inverse_func": null,
      "regressor__bootstrap": true,
      "regressor__ccp_alpha": 0.0,
      "regressor__criterion": "squared_error",
      "regressor__max_depth": null,
      "regressor__max_features": "sqrt",
      "regressor__max_leaf_nodes": null,
      "regressor__max_samples": null,
      "regressor__min_impurity_decrease": 0.0,
      "regressor__min_samples_leaf": 0.05233565358044721,
      "regressor__min_samples_split": 0.09515565965314667,
      "regressor__min_weight_fraction_leaf": 0.0,
      "regressor__monotonic_cst": null,
      "regressor__n_estimators": 85,
      "regressor__n_jobs": null,
      "regressor__oob_score": false,
      "regressor__random_state": null,
      "regressor__verbose": 0,
      "regressor__warm_start": false,
      "transformer__memory": null,
      "transformer__verbose": false,
      "transformer__y scaler__copy": true,
      "transformer__y scaler__with_mean": true,
      "transformer__y scaler__with_std": true
    }
  },
  "69": {
    "fit_time": [
      3.0303404331207275,
      3.0337536334991455,
      3.09090518951416,
      3.013118028640747,
      3.182659864425659
    ],
    "score_time": [
      0.17700886726379395,
      0.17250299453735352,
      0.16698002815246582,
      0.17623567581176758,
      0.17491412162780762
    ],
    "test_r": [
      0.33873858372403204,
      0.14753962773397758,
      0.5277494877066053,
      0.6121718902007449,
      0.311862751787073
    ],
    "test_r2": [
      0.08522027626776618,
      0.012796913901638396,
      0.014493771355130858,
      0.2943087417940252,
      0.07695907793661982
    ],
    "test_rmse": [
      -131.56922267558124,
      -155.7161683380183,
      -61.87540558082678,
      -56.86623325415313,
      -128.99760398812748
    ],
    "test_mae": [
      -68.36726972003675,
      -74.72560546586448,
      -53.065902408814146,
      -46.22496541240903,
      -67.06417426234277
    ],
    "best_params": {
      "check_inverse": true,
      "func": null,
      "inverse_func": null,
      "regressor__bootstrap": true,
      "regressor__ccp_alpha": 0.0,
      "regressor__criterion": "squared_error",
      "regressor__max_depth": null,
      "regressor__max_features": "sqrt",
      "regressor__max_leaf_nodes": null,
      "regressor__max_samples": null,
      "regressor__min_impurity_decrease": 0.0,
      "regressor__min_samples_leaf": 0.05,
      "regressor__min_samples_split": 0.1097671668322292,
      "regressor__min_weight_fraction_leaf": 0.0,
      "regressor__monotonic_cst": null,
      "regressor__n_estimators": 2000,
      "regressor__n_jobs": null,
      "regressor__oob_score": false,
      "regressor__random_state": null,
      "regressor__verbose": 0,
      "regressor__warm_start": false,
      "transformer__memory": null,
      "transformer__verbose": false,
      "transformer__y scaler__copy": true,
      "transformer__y scaler__with_mean": true,
      "transformer__y scaler__with_std": true
    }
  },