{
  "6": {
    "fit_time": [
      2.230990171432495,
      2.192270278930664,
      2.5051519870758057,
      2.7060468196868896,
      2.4307169914245605
    ],
    "score_time": [
      0.10864639282226562,
      0.1068572998046875,
      0.10832881927490234,
      0.10085940361022949,
      0.10875892639160156
    ],
    "test_r": [
      0.9737800006974883,
      0.9525912649880773,
      0.8671621814137844,
      0.9678522434293882,
      0.8444294997076088
    ],
    "test_r2": [
      0.9474434441942845,
      0.900219554619458,
      0.7284276761062828,
      0.9350729639474507,
      0.7097291949313149
    ],
    "test_rmse": [
      -37.84064242250148,
      -37.80904098281774,
      -32.10773947774606,
      -35.10726472598371,
      -37.49219585195574
    ],
    "test_mae": [
      -21.455909153980812,
      -20.626832545579646,
      -14.873617304659486,
      -19.872863769097165,
      -22.877610972997463
    ],
    "best_params": {
      "check_inverse": true,
      "func": null,
      "inverse_func": null,
      "regressor__natural_gradient": true,
      "regressor__n_estimators": 136,
      "regressor__learning_rate": 0.1,
      "regressor__minibatch_frac": 1,
      "regressor__col_sample": 1.0,
      "regressor__verbose": false,
      "transformer__memory": null,
      "transformer__verbose": false,
      "transformer__y scaler__copy": true,
      "transformer__y scaler__with_mean": true,
      "transformer__y scaler__with_std": true
    }
  },
  "13": {
    "fit_time": [
      1.682485580444336,
      1.694237232208252,
      1.731121301651001,
      1.7305045127868652,
      1.7281904220581055
    ],
    "score_time": [
      0.11026620864868164,
      0.09726762771606445,
      0.09069061279296875,
      0.09085559844970703,
      0.0933072566986084
    ],
    "test_r": [
      0.6838033140123961,
      0.9578096245171698,
      0.976509040612603,
      0.9609430417830791,
      0.920452964140545
    ],
    "test_r2": [
      0.18317911337199633,
      0.9073886860671068,
      0.951507808874113,
      0.9184519394556645,
      0.8001191298918207
    ],
    "test_rmse": [
      -45.19549932241349,
      -44.69544753080662,
      -34.64038815418775,
      -35.02837911543606,
      -34.35995677858719
    ],
    "test_mae": [
      -22.97044195485959,
      -25.024598351149702,
      -20.28063321824194,
      -19.73369070136457,
      -21.142800415788408
    ],
    "best_params": {
      "check_inverse": true,
      "func": null,
      "inverse_func": null,
      "regressor__natural_gradient": true,
      "regressor__n_estimators": 102,
      "regressor__learning_rate": 0.07014073364213148,
      "regressor__minibatch_frac": 1,
      "regressor__col_sample": 1.0,
      "regressor__verbose": false,
      "transformer__memory": null,
      "transformer__verbose": false,
      "transformer__y scaler__copy": true,
      "transformer__y scaler__with_mean": true,
      "transformer__y scaler__with_std": true
    }
  },
  "42": {
    "fit_time": [
      35.26658034324646,
      32.994449853897095,
      33.899569272994995,
      35.139132261276245,
      34.90042495727539
    ],
    "score_time": [
      0.8817806243896484,
      0.9520950317382812,
      0.9429879188537598,
      0.9550282955169678,
      0.9337007999420166
    ],
    "test_r": [
      0.9585030045401358,
      0.8473659831527568,
      0.8471156346766867,
      0.967604832442028,
      0.9055504039122286
    ],
    "test_r2": [
      0.9146266504581038,
      0.6910614074913739,
      0.6779296827717207,
      0.9347604824473259,
      0.7924672346643676
    ],
    "test_rmse": [
      -35.12400620162459,
      -41.30318824369794,
      -97.65429834303241,
      -33.53423862181722,
      -28.91418482551124
    ],
    "test_mae": [
      -21.227422139287885,
      -22.558125835179833,
      -39.79772155324815,
      -18.02990988190766,
      -15.557692523582835
    ],
    "best_params": {
      "check_inverse": true,
      "func": null,
      "inverse_func": null,
      "regressor__natural_gradient": true,
      "regressor__n_estimators": 1695,
      "regressor__learning_rate": 0.09530001395356497,
      "regressor__minibatch_frac": 1,
      "regressor__col_sample": 1.0,
      "regressor__verbose": false,
      "transformer__memory": null,
      "transformer__verbose": false,
      "transformer__y scaler__copy": true,
      "transformer__y scaler__with_mean": true,
      "transformer__y scaler__with_std": true
    }
  },
  "69": {
    "fit_time": [
      9.595161199569702,
      8.550739049911499,
      8.356037378311157,
      9.81952714920044,
      10.49543309211731
    ],
    "score_time": [
      0.31203222274780273,
      0.3172626495361328,
      0.323746919631958,
      0.3083212375640869,
      0.2908966541290283
    ],
    "test_r": [
      0.979702113168029,
      0.8962877658851456,
      0.7253575991374993,
      0.8620098468046501,
      0.9760894709202611
    ],
    "test_r2": [
      0.9430824107645126,
      0.7378455695176231,
      0.3146896712157873,
      0.7402335451541903,
      0.9494925048976989
    ],
    "test_rmse": [
      -32.81854270663178,
      -80.24335111502546,
      -51.597898116180744,
      -34.50155163383921,
      -30.17512523595561
    ],
    "test_mae": [
      -17.7845033725644,
      -34.147189205998764,
      -26.07019234580534,
      -18.806853977354695,
      -18.694348450923194
    ],
    "best_params": {
      "check_inverse": true,
      "func": null,
      "inverse_func": null,
      "regressor__natural_gradient": true,
      "regressor__n_estimators": 526,
      "regressor__learning_rate": 0.03087866777043706,
      "regressor__minibatch_frac": 1,
      "regressor__col_sample": 1.0,
      "regressor__verbose": false,
      "transformer__memory": null,
      "transformer__verbose": false,
      "transformer__y scaler__copy": true,
      "transformer__y scaler__with_mean": true,
      "transformer__y scaler__with_std": true
    }
  },
  "420": {
    "fit_time": [
      42.72440195083618,
      41.230934619903564,
      42.866093158721924,
      41.69722270965576,
      42.7889940738678
    ],
    "score_time": [
      1.097191572189331,
      1.1684355735778809,
      1.0951716899871826,
      1.0831692218780518,
      1.0693495273590088
    ],
    "test_r": [
      0.9104462745686406,
      0.9743270697577795,
      0.9441968653715513,
      0.8566245733932238,
      0.9761082136598367
    ],
    "test_r2": [
      0.7922535271817349,
      0.9421653186487919,
      0.8883488733280338,
      0.7337781591901715,
      0.9512431786602674
    ],
    "test_rmse": [
      -31.15673691816999,
      -38.413112745247794,
      -46.045330010482765,
      -38.78167776084064,
      -27.91214814975147
    ],
    "test_mae": [
      -17.112646658651613,
      -21.18254323681835,
      -24.731864109775557,
      -23.558165225668766,
      -15.608973531529736
    ],
    "best_params": {
      "check_inverse": true,
      "func": null,
      "inverse_func": null,
      "regressor__natural_gradient": true,
      "regressor__n_estimators": 2000,
      "regressor__learning_rate": 0.1,
      "regressor__minibatch_frac": 1,
      "regressor__col_sample": 1.0,
      "regressor__verbose": false,
      "transformer__memory": null,
      "transformer__verbose": false,
      "transformer__y scaler__copy": true,
      "transformer__y scaler__with_mean": true,
      "transformer__y scaler__with_std": true
    }
  },
  "1234567890": {
    "fit_time": [
      1.3194518089294434,
      1.3492844104766846,
      1.4009289741516113,
      1.3450193405151367,
      1.3337512016296387
    ],
    "score_time": [
      0.1238260269165039,
      0.09276223182678223,
      0.07489204406738281,
      0.09420275688171387,
      0.1041269302368164
    ],
    "test_r": [
      0.8832182223989775,
      0.9586725281529981,
      0.9510388878384375,
      0.9614267054378124,
      0.8988387457260086
    ],