{
  "6": {
    "fit_time": [
      0.10846924781799316,
      0.10543107986450195,
      0.10221529006958008,
      0.17736577987670898,
      0.17658662796020508
    ],
    "score_time": [
      0.06603646278381348,
      0.04998373985290527,
      0.05054593086242676,
      0.044709205627441406,
      0.04395866394042969
    ],
    "test_r": [
      0.07489541006259164,
      -0.05233749679299719,
      -0.08544279412118226,
      -0.07644439003179995,
      0.022999144551064592
    ],
    "test_r2": [
      -7.838031922524318e+23,
      -2.4592750216950905e+24,
      -1.5957777116405925e+26,
      -6.518314545717679e+24,
      -1.0914602189533287e+26
    ],
    "test_rmse": [
      -146133089594352.94,
      -187705281254358.8,
      -778311009247737.6,
      -351764381547155.1,
      -727014635967545.0
    ],
    "test_mae": [
      -20265013368327.895,
      -36500673070332.8,
      -108985340543043.83,
      -49256865775210.72,
      -101802411554283.94
    ],
    "best_params": {
      "check_inverse": true,
      "func": null,
      "inverse_func": null,
      "regressor__copy_X": true,
      "regressor__fit_intercept": false,
      "regressor__n_jobs": null,
      "regressor__positive": false,
      "transformer__memory": null,
      "transformer__verbose": false,
      "transformer__y scaler__copy": true,
      "transformer__y scaler__with_mean": true,
      "transformer__y scaler__with_std": true
    }
  },
  "13": {
    "fit_time": [
      0.09935760498046875,
      0.10048460960388184,
      0.11096453666687012,
      0.16184258460998535,
      0.1611180305480957
    ],
    "score_time": [
      0.05136585235595703,
      0.04217267036437988,
      0.04311656951904297,
      0.042830467224121094,
      0.04173612594604492
    ],
    "test_r": [
      0.0334232745577634,
      -0.08990865827879153,
      0.19307881113713976,
      0.07474302088649933,
      0.0072945858032048595
    ],
    "test_r2": [
      -8.542996697669624e+25,
      -2.2822528059728818e+25,
      0.010917367320480209,
      -3.7805599840883424e+23,
      -1.6707454168773917e+26
    ],
    "test_rmse": [
      -462207396376475.06,
      -701638064894831.9,
      -156.44552093171828,
      -75420826916121.62,
      -993395372102501.8
    ],
    "test_mae": [
      -64096633366780.37,
      -97299693069171.64,
      -66.05006611048857,
      -10561028185232.588,
      -242853991740002.2
    ],
    "best_params": {
      "check_inverse": true,
      "func": null,
      "inverse_func": null,
      "regressor__copy_X": true,
      "regressor__fit_intercept": false,
      "regressor__n_jobs": null,
      "regressor__positive": false,
      "transformer__memory": null,
      "transformer__verbose": false,
      "transformer__y scaler__copy": true,
      "transformer__y scaler__with_mean": true,
      "transformer__y scaler__with_std": true
    }
  },
  "42": {
    "fit_time": [
      0.1013646125793457,
      0.10700082778930664,
      0.17851662635803223,
      0.09986758232116699,
      0.16902804374694824
    ],
    "score_time": [
      0.05669045448303223,
      0.04456305503845215,
      0.04441332817077637,
      0.043409109115600586,
      0.04408383369445801
    ],
    "test_r": [
      0.2043288140373919,
      0.12967973033512234,
      0.016472740464994078,
      0.432247010842153,
      -0.08426216102999029
    ],
    "test_r2": [
      -0.38996997779934395,
      -7.292935502870417,
      -1.4586761846726395e+25,
      0.052622146993843155,
      -3.3274515756557236e+25
    ],
    "test_rmse": [
      -141.72471577438307,
      -213.9940207116285,
      -657196829490772.9,
      -127.78935966021521,
      -366120029133617.7
    ],
    "test_mae": [
      -87.59627362651715,
      -157.68029073381123,
      -151354142895080.88,
      -76.71962760908737,
      -67457554294747.734
    ],
    "best_params": {
      "check_inverse": true,
      "func": null,
      "inverse_func": null,
      "regressor__copy_X": true,
      "regressor__fit_intercept": false,
      "regressor__n_jobs": null,
      "regressor__positive": false,
      "transformer__memory": null,
      "transformer__verbose": false,
      "transformer__y scaler__copy": true,
      "transformer__y scaler__with_mean": true,
      "transformer__y scaler__with_std": true
    }
  },
  "69": {
    "fit_time": [
      0.10419106483459473,
      0.10054397583007812,
      0.10281252861022949,
      0.17144513130187988,
      0.16462111473083496
    ],
    "score_time": [
      0.04657435417175293,
      0.05207085609436035,
      0.04583549499511719,
      0.042243242263793945,
      0.042111873626708984
    ],
    "test_r": [
      0.35178590813232763,
      -0.10558907644225686,
      0.08594927089857719,
      -0.13698465000150667,
      0.014045831646613625
    ],
    "test_r2": [
      0.1041905828808316,
      -1.4934764226548227e+23,
      -10.98121337062711,
      -2.635453866051552e+26,
      -1.3135947967018983e+25
    ],
    "test_rmse": [
      -130.1978629197101,
      -60566104545488.414,
      -215.74402318143584,
      -1098942077407554.2,
      -486633357900609.7
    ],
    "test_mae": [
      -80.90794644768188,
      -12743970758378.332,
      -153.292873658414,
      -277943115449183.25,
      -68142299929266.35
    ],
    "best_params": {
      "check_inverse": true,
      "func": null,
      "inverse_func": null,
      "regressor__copy_X": true,
      "regressor__fit_intercept": false,
      "regressor__n_jobs": null,
      "regressor__positive": false,
      "transformer__memory": null,
      "transformer__verbose": false,
      "transformer__y scaler__copy": true,
      "transformer__y scaler__with_mean": true,
      "transformer__y scaler__with_std": true
    }
  },
  "420": {
    "fit_time": [
      0.10496354103088379,
      0.10872077941894531,
      0.10537505149841309,
      0.17600226402282715,
      0.17388248443603516
    ],
    "score_time": [
      0.05369114875793457,
      0.04455232620239258,
      0.04407048225402832,
      0.04391336441040039,
      0.04396200180053711
    ],
    "test_r": [
      -0.08898986554076563,
      0.04183292602027732,
      0.06381160437012633,
      -0.019807565334492322,
      0.34983017932713284
    ],
    "test_r2": [
      -3.719539800006039e+23,
      -5.9520925713874573e+23,
      -2.8395252294405566e+24,
      -1.4439038493852738,
      0.02819630094487746
    ],
    "test_rmse": [
      -41689793388854.51,
      -123231054820121.39,
      -232207851875207.7,
      -117.50241973275703,
      -124.61342801257881
    ],
    "test_mae": [
      -5781334143433.002,
      -23861646911077.984,
      -41151602611677.55,
      -74.11872837222703,
      -72.84761115025938
    ],
    "best_params": {
      "check_inverse": true,
      "func": null,
      "inverse_func": null,
      "regressor__copy_X": true,
      "regressor__fit_intercept": false,
      "regressor__n_jobs": null,
      "regressor__positive": false,
      "transformer__memory": null,
      "transformer__verbose": false,
      "transformer__y scaler__copy": true,
      "transformer__y scaler__with_mean": true,
      "transformer__y scaler__with_std": true
    }
  },
  "1234567890": {
    "fit_time": [
      0.10585665702819824,
      0.17918658256530762,
      0.10472226142883301,
      0.10232400894165039,
      0.17410993576049805
    ],
    "score_time": [
      0.049802303314208984,
      0.04375290870666504,
      0.06335687637329102,
      0.046201229095458984,
      0.04408097267150879
    ],
    "test_r": [
      0.06195611320141213,
      0.28907174181229456,
      -0.05515849546814583,
      0.26806527441041655,
      0.0702863359632265
    ],
    "test_r2": [
      -4.444833327801832e+25,
      -0.5121092469393007,
      -2.310179978162001e+26,
      -0.3966840964642082,
      -2.2452502081598937e+24
    ],
    "test_rmse": [
      -447565131014755.94,
      -154.2131190888994,
      -1888075974447067.0,
      -161.94357810034847,
      -196532770508785.06
    ],