{
  "6": {
    "fit_time": [
      35.97421598434448,
      36.32508969306946,
      35.506213665008545,
      35.56919527053833,
      35.94111227989197
    ],
    "score_time": [
      0.6597158908843994,
      0.6439056396484375,
      0.6993067264556885,
      0.6853704452514648,
      0.6553957462310791
    ],
    "test_r": [
      0.9730177326289172,
      0.9476905025427149,
      0.8558140859133909,
      0.9670114686636737,
      0.8579727472040554
    ],
    "test_r2": [
      0.9462559021550156,
      0.8890432306112133,
      0.7012498477459603,
      0.9345849058389649,
      0.7336635604613315
    ],
    "test_rmse": [
      -38.26576860726566,
      -39.87033129282978,
      -33.67604209981531,
      -35.23896876498346,
      -35.91323217074248
    ],
    "test_mae": [
      -21.18513831161113,
      -22.175385832246214,
      -14.984666629740486,
      -18.880922960569116,
      -21.48745555878267
    ],
    "best_params": {
      "check_inverse": true,
      "func": null,
      "inverse_func": null,
      "regressor__natural_gradient": true,
      "regressor__n_estimators": 2000,
      "regressor__learning_rate": 0.09309503484979435,
      "regressor__minibatch_frac": 1,
      "regressor__col_sample": 1.0,
      "regressor__verbose": false,
      "transformer__memory": null,
      "transformer__verbose": false,
      "transformer__y scaler__copy": true,
      "transformer__y scaler__with_mean": true,
      "transformer__y scaler__with_std": true
    }
  },
  "13": {
    "fit_time": [
      33.81132531166077,
      32.18749761581421,
      33.22065091133118,
      32.56679391860962,
      32.51774525642395
    ],
    "score_time": [
      0.6097507476806641,
      0.6267848014831543,
      0.5826764106750488,
      0.6057994365692139,
      0.6082408428192139
    ],
    "test_r": [
      0.6865345524011176,
      0.9567021679596837,
      0.9848994130408032,
      0.9622621993568116,
      0.9104473265930392
    ],
    "test_r2": [
      0.15850513934335286,
      0.9083983417192925,
      0.9667072816472422,
      0.918580623148348,
      0.8032198153427724
    ],
    "test_rmse": [
      -45.87303829910084,
      -44.451143250416216,
      -28.702615553113294,
      -35.000730629376484,
      -34.09240783351889
    ],
    "test_mae": [
      -21.499742729280577,
      -24.301831465622282,
      -16.380422840440882,
      -19.29529649010061,
      -21.58685033445933
    ],
    "best_params": {
      "check_inverse": true,
      "func": null,
      "inverse_func": null,
      "regressor__natural_gradient": true,
      "regressor__n_estimators": 2000,
      "regressor__learning_rate": 0.1,
      "regressor__minibatch_frac": 1,
      "regressor__col_sample": 1.0,
      "regressor__verbose": false,
      "transformer__memory": null,
      "transformer__verbose": false,
      "transformer__y scaler__copy": true,
      "transformer__y scaler__with_mean": true,
      "transformer__y scaler__with_std": true
    }
  },
  "42": {
    "fit_time": [
      22.046289682388306,
      21.16964817047119,
      21.12943148612976,
      19.449334144592285,
      22.88526678085327
    ],
    "score_time": [
      0.38082027435302734,
      0.4413471221923828,
      0.37761425971984863,
      0.4039626121520996,
      0.3848421573638916
    ],
    "test_r": [
      0.9571390405231018,
      0.8477327045692865,
      0.8988451341313825,
      0.9673697586732345,
      0.9072334706780987
    ],
    "test_r2": [
      0.9129782153273887,
      0.6918071985394243,
      0.7977748400212293,
      0.9343532776793966,
      0.7906420189166322
    ],
    "test_rmse": [
      -35.46148167101169,
      -41.25330428368018,
      -77.38086982071226,
      -33.638730964584724,
      -29.041054182440522
    ],
    "test_mae": [
      -20.9783753361275,
      -21.70633991017632,
      -35.4841089917007,
      -18.309279936756088,
      -15.972944355405302
    ],
    "best_params": {
      "check_inverse": true,
      "func": null,
      "inverse_func": null,
      "regressor__natural_gradient": true,
      "regressor__n_estimators": 1246,
      "regressor__learning_rate": 0.07352481813242628,
      "regressor__minibatch_frac": 1,
      "regressor__col_sample": 1.0,
      "regressor__verbose": false,
      "transformer__memory": null,
      "transformer__verbose": false,
      "transformer__y scaler__copy": true,
      "transformer__y scaler__with_mean": true,
      "transformer__y scaler__with_std": true
    }
  },
  "69": {
    "fit_time": [
      14.50948452949524,
      14.287310123443604,
      11.55036187171936,
      13.439110279083252,
      12.940404415130615
    ],
    "score_time": [
      0.2971174716949463,
      0.3067648410797119,
      0.3101363182067871,
      0.29485487937927246,
      0.292572021484375
    ],
    "test_r": [
      0.9772721902973378,
      0.8965953885419652,
      0.7320845758757538,
      0.8558268983377976,
      0.9772352852332856
    ],
    "test_r2": [
      0.9389327487938035,
      0.7439251575412873,
      0.3359334311312141,
      0.7242780130034006,
      0.9525018918586889
    ],
    "test_rmse": [
      -33.993840299160716,
      -79.3074367555297,
      -50.79186742268229,
      -35.545349851406144,
      -29.26235818646743
    ],
    "test_mae": [
      -18.182557693626997,
      -34.724133382560055,
      -25.056921943283058,
      -20.326796510489032,
      -18.03042390124837
    ],
    "best_params": {
      "check_inverse": true,
      "func": null,
      "inverse_func": null,
      "regressor__natural_gradient": true,
      "regressor__n_estimators": 943,
      "regressor__learning_rate": 0.022595160858285435,
      "regressor__minibatch_frac": 1,
      "regressor__col_sample": 1.0,
      "regressor__verbose": false,
      "transformer__memory": null,
      "transformer__verbose": false,
      "transformer__y scaler__copy": true,
      "transformer__y scaler__with_mean": true,
      "transformer__y scaler__with_std": true
    }
  },
  "420": {
    "fit_time": [
      36.21659803390503,
      36.69544529914856,
      33.54979491233826,
      32.59998631477356,
      35.96586799621582
    ],
    "score_time": [
      0.6057772636413574,
      0.5834848880767822,
      0.700669527053833,
      0.6780428886413574,
      0.5919797420501709
    ],
    "test_r": [
      0.8997947189687682,
      0.9752221193071213,
      0.9429474077274016,
      0.8636351924413821,
      0.9714759654298197
    ],
    "test_r2": [
      0.7664349978842876,
      0.9449345209894251,
      0.8847665562604983,
      0.7453417284540471,
      0.9424436146173021
    ],
    "test_rmse": [
      -33.03611898192343,
      -37.48219693239892,
      -46.778178358414486,
      -37.93007015316309,
      -30.3265023932279
    ],
    "test_mae": [
      -17.455643225815898,
      -20.846430286981818,
      -25.184633693039533,
      -22.823343061860072,
      -17.2398910075782
    ],
    "best_params": {
      "check_inverse": true,
      "func": null,
      "inverse_func": null,
      "regressor__natural_gradient": true,
      "regressor__n_estimators": 2000,
      "regressor__learning_rate": 0.1,
      "regressor__minibatch_frac": 1,
      "regressor__col_sample": 1.0,
      "regressor__verbose": false,
      "transformer__memory": null,
      "transformer__verbose": false,
      "transformer__y scaler__copy": true,
      "transformer__y scaler__with_mean": true,
      "transformer__y scaler__with_std": true
    }
  },
  "1234567890": {
    "fit_time": [
      1.2622480392456055,
      1.1390955448150635,
      1.1393368244171143,
      1.1905827522277832,
      1.2779862880706787
    ],
    "score_time": [
      0.06365132331848145,
      0.057183265686035156,
      0.06652641296386719,
      0.08576178550720215,
      0.06068277359008789
    ],
    "test_r": [
      0.8777340609177976,
      0.9584486875175677,
      0.9526094311098867,
      0.9614935398096993,
      0.9337390586593166
    ],