{
  "6": {
    "fit_time": [
      0.058511972427368164,
      0.05741286277770996,
      0.0565495491027832,
      0.05844736099243164,
      0.058232784271240234
    ],
    "score_time": [
      0.037725210189819336,
      0.037468671798706055,
      0.038037776947021484,
      0.034770965576171875,
      0.03339385986328125
    ],
    "test_r": [
      0.3292272382955403,
      0.25068737374734207,
      0.5743309052638663,
      0.507629036845537,
      0.5614349854230976
    ],
    "test_r2": [
      0.06749099017326554,
      0.000909619846729881,
      -0.019797948928452325,
      0.25624332774413394,
      0.1519982687728667
    ],
    "test_rmse": [
      -159.3938536791911,
      -119.63970440229093,
      -62.219145625214274,
      -118.8227618574493,
      -64.0822228259317
    ],
    "test_mae": [
      -64.55799621707314,
      -62.12462062902424,
      -50.744797419031215,
      -57.6386176261331,
      -48.98030404742722
    ],
    "best_params": {
      "check_inverse": true,
      "func": null,
      "inverse_func": null,
      "regressor__copy_X": true,
      "regressor__fit_intercept": false,
      "regressor__n_jobs": null,
      "regressor__positive": false,
      "transformer__memory": null,
      "transformer__verbose": false,
      "transformer__y scaler__copy": true,
      "transformer__y scaler__with_mean": true,
      "transformer__y scaler__with_std": true
    }
  },
  "13": {
    "fit_time": [
      0.058579206466674805,
      0.05829763412475586,
      0.05793452262878418,
      0.05817008018493652,
      0.058547019958496094
    ],
    "score_time": [
      0.04716920852661133,
      0.03574109077453613,
      0.03469085693359375,
      0.033190250396728516,
      0.032030344009399414
    ],
    "test_r": [
      0.37588470980719224,
      0.4554352547781639,
      0.19550678336039168,
      0.382585698455541,
      0.38143622468622246
    ],
    "test_r2": [
      -0.5386150789786921,
      0.1944186411033998,
      0.01609694839568121,
      0.13976201815143796,
      -0.22247132216517485
    ],
    "test_rmse": [
      -62.029283383473775,
      -131.8214156597378,
      -156.03534998953316,
      -113.76863045610435,
      -84.97405297466278
    ],
    "test_mae": [
      -48.78641227849982,
      -65.98306922265282,
      -64.6071586056698,
      -55.089000196951964,
      -65.39975522520353
    ],
    "best_params": {
      "check_inverse": true,
      "func": null,
      "inverse_func": null,
      "regressor__copy_X": true,
      "regressor__fit_intercept": false,
      "regressor__n_jobs": null,
      "regressor__positive": false,
      "transformer__memory": null,
      "transformer__verbose": false,
      "transformer__y scaler__copy": true,
      "transformer__y scaler__with_mean": true,
      "transformer__y scaler__with_std": true
    }
  },
  "42": {
    "fit_time": [
      0.05611419677734375,
      0.056322336196899414,
      0.055117130279541016,
      0.05634140968322754,
      0.0739741325378418
    ],
    "score_time": [
      0.035599708557128906,
      0.03413987159729004,
      0.03403210639953613,
      0.031610727310180664,
      0.04237866401672363
    ],
    "test_r": [
      0.38459016039326394,
      0.6052711967532509,
      0.14743326334081813,
      0.5345070389664415,
      0.3381415230615821
    ],
    "test_r2": [
      0.11929326319557387,
      0.15054728084165248,
      -0.04469145698807275,
      0.28367090222784364,
      -0.15236304819438207
    ],
    "test_rmse": [
      -112.81284297240484,
      -68.48841258540338,
      -175.87739927503364,
      -111.1192691706649,
      -68.1337477242942
    ],
    "test_mae": [
      -55.53410764497073,
      -53.73423110170426,
      -73.05653707033852,
      -55.111576120328664,
      -54.41558394081959
    ],
    "best_params": {
      "check_inverse": true,
      "func": null,
      "inverse_func": null,
      "regressor__copy_X": true,
      "regressor__fit_intercept": false,
      "regressor__n_jobs": null,
      "regressor__positive": false,
      "transformer__memory": null,
      "transformer__verbose": false,
      "transformer__y scaler__copy": true,
      "transformer__y scaler__with_mean": true,
      "transformer__y scaler__with_std": true
    }
  },
  "69": {
    "fit_time": [
      0.05747866630554199,
      0.05776858329772949,
      0.05774664878845215,
      0.058318376541137695,
      0.05865764617919922
    ],
    "score_time": [
      0.03557157516479492,
      0.03422284126281738,
      0.032813310623168945,
      0.0324552059173584,
      0.033046722412109375
    ],
    "test_r": [
      0.42432662705676555,
      -0.0729635332135081,
      0.2767110566833726,
      0.5824572325505644,
      -0.014045831644737794
    ],
    "test_r2": [
      0.1746246738160625,
      -1.1742391450231397e+24,
      -1.9691117025107592,
      0.22080011242303765,
      -1.1969530173532993e+22
    ],
    "test_rmse": [
      -124.97460848476902,
      -169827780393412.44,
      -107.39934687054402,
      -59.75462618872639,
      -14689591473504.87
    ],
    "test_mae": [
      -59.92064499749522,
      -34753288072430.027,
      -85.91993007728767,
      -45.0880461116908,
      -2056954238354.9375
    ],
    "best_params": {
      "check_inverse": true,
      "func": null,
      "inverse_func": null,
      "regressor__copy_X": true,
      "regressor__fit_intercept": false,
      "regressor__n_jobs": null,
      "regressor__positive": false,
      "transformer__memory": null,
      "transformer__verbose": false,
      "transformer__y scaler__copy": true,
      "transformer__y scaler__with_mean": true,
      "transformer__y scaler__with_std": true
    }
  },
  "420": {
    "fit_time": [
      0.056273460388183594,
      0.057788848876953125,
      0.0555117130279541,
      0.05514883995056152,
      0.05580902099609375
    ],
    "score_time": [
      0.035001277923583984,
      0.03230786323547363,
      0.03313016891479492,
      0.03222250938415527,
      0.030931949615478516
    ],
    "test_r": [
      0.663957207350763,
      -0.0002312537356023071,
      0.4204570464422603,
      0.5183255428933372,
      0.31690171006696477
    ],
    "test_r2": [
      0.24570375358507135,
      -1.46089966103759e+25,
      0.15421532353409317,
      0.1950039358715221,
      0.09865583714767479
    ],
    "test_rmse": [
      -59.368504757600824,
      -610513851175903.8,
      -126.73131500116746,
      -67.43752622480322,
      -120.01095581089326
    ],
    "test_mae": [
      -46.83127044064436,
      -88469834481321.84,
      -58.98721886976583,
      -51.627349164528326,
      -54.748855783132825
    ],
    "best_params": {
      "check_inverse": true,
      "func": null,
      "inverse_func": null,
      "regressor__copy_X": true,
      "regressor__fit_intercept": false,
      "regressor__n_jobs": null,
      "regressor__positive": false,
      "transformer__memory": null,
      "transformer__verbose": false,
      "transformer__y scaler__copy": true,
      "transformer__y scaler__with_mean": true,
      "transformer__y scaler__with_std": true
    }
  },
  "1234567890": {
    "fit_time": [
      0.05594205856323242,
      0.05643510818481445,
      0.05686688423156738,
      0.05630159378051758,
      0.05537867546081543
    ],
    "score_time": [
      0.0305025577545166,
      0.03041243553161621,
      0.03205752372741699,
      0.031346797943115234,
      0.03134489059448242
    ],
    "test_r": [
      0.49327790219800166,
      0.44549058109731576,
      0.1151823703247657,
      0.39718471798329874,
      -0.07028633596311942
    ],
    "test_r2": [
      0.041833310707299454,
      0.19224298999755884,
      -3.925958963973892e+26,
      0.05866000361406454,
      -2.7587723644063983e+25
    ],
    "test_rmse": [
      -65.71265858480307,
      -112.711986588134,
      -2461327681465634.0,
      -132.9498625024956,
      -688906904077469.6
    ],