{
  "6": {
    "fit_time": [
      0.19144392013549805,
      0.18760013580322266,
      0.18570518493652344,
      0.1856684684753418,
      0.1196298599243164
    ],
    "score_time": [
      0.06826043128967285,
      0.042825937271118164,
      0.04415583610534668,
      0.039861202239990234,
      0.045415639877319336
    ],
    "test_r": [
      0.2821068291960809,
      0.39411469051592624,
      0.5324996129321441,
      0.5315391507749221,
      0.5897519897686891
    ],
    "test_r2": [
      0.03645187285609852,
      0.12546573283076556,
      -0.039183076163484376,
      0.152501828525485,
      0.24616404798180203
    ],
    "test_rmse": [
      -162.0248985601086,
      -111.93382849923698,
      -62.807717186814266,
      -126.83922804428894,
      -60.41956877574409
    ],
    "test_mae": [
      -71.88534546665687,
      -54.50732641882011,
      -51.27030953089261,
      -65.23251874593758,
      -50.612869206772544
    ],
    "best_params": {
      "check_inverse": true,
      "func": null,
      "inverse_func": null,
      "regressor__bootstrap": true,
      "regressor__ccp_alpha": 0.0,
      "regressor__criterion": "squared_error",
      "regressor__max_depth": null,
      "regressor__max_features": "sqrt",
      "regressor__max_leaf_nodes": null,
      "regressor__max_samples": null,
      "regressor__min_impurity_decrease": 0.0,
      "regressor__min_samples_leaf": 0.05,
      "regressor__min_samples_split": 0.09259423902079286,
      "regressor__min_weight_fraction_leaf": 0.0,
      "regressor__monotonic_cst": null,
      "regressor__n_estimators": 50,
      "regressor__n_jobs": null,
      "regressor__oob_score": false,
      "regressor__random_state": null,
      "regressor__verbose": 0,
      "regressor__warm_start": false,
      "transformer__memory": null,
      "transformer__verbose": false,
      "transformer__y scaler__copy": true,
      "transformer__y scaler__with_mean": true,
      "transformer__y scaler__with_std": true
    }
  },
  "13": {
    "fit_time": [
      0.1674656867980957,
      0.17954158782958984,
      0.17422151565551758,
      0.17869973182678223,
      0.17957639694213867
    ],
    "score_time": [
      0.048150062561035156,
      0.04504990577697754,
      0.04009389877319336,
      0.04729437828063965,
      0.045316219329833984
    ],
    "test_r": [
      0.5749418531014762,
      0.5188048325593214,
      0.180207682346906,
      0.34087919814672607,
      0.6595342102983308
    ],
    "test_r2": [
      -0.08874370203430271,
      0.10818117606871969,
      0.029613575667384207,
      0.10925534346114973,
      0.32838812477072576
    ],
    "test_rmse": [
      -52.17886157716139,
      -138.69780392504035,
      -154.95985513696968,
      -115.76834800000387,
      -62.98341091632802
    ],
    "test_mae": [
      -44.714769351097715,
      -76.06118463132799,
      -63.18745885138022,
      -60.108835275993414,
      -50.01297535589412
    ],
    "best_params": {
      "check_inverse": true,
      "func": null,
      "inverse_func": null,
      "regressor__bootstrap": true,
      "regressor__ccp_alpha": 0.0,
      "regressor__criterion": "squared_error",
      "regressor__max_depth": null,
      "regressor__max_features": "sqrt",
      "regressor__max_leaf_nodes": null,
      "regressor__max_samples": null,
      "regressor__min_impurity_decrease": 0.0,
      "regressor__min_samples_leaf": 0.05,
      "regressor__min_samples_split": 0.05,
      "regressor__min_weight_fraction_leaf": 0.0,
      "regressor__monotonic_cst": null,
      "regressor__n_estimators": 50,
      "regressor__n_jobs": null,
      "regressor__oob_score": false,
      "regressor__random_state": null,
      "regressor__verbose": 0,
      "regressor__warm_start": false,
      "transformer__memory": null,
      "transformer__verbose": false,
      "transformer__y scaler__copy": true,
      "transformer__y scaler__with_mean": true,
      "transformer__y scaler__with_std": true
    }
  },
  "42": {
    "fit_time": [
      2.5817294120788574,
      2.5898633003234863,
      2.600715398788452,
      2.64616060256958,
      2.6104371547698975
    ],
    "score_time": [
      0.14003968238830566,
      0.13437986373901367,
      0.1439363956451416,
      0.14251303672790527,
      0.13504719734191895
    ],
    "test_r": [
      0.43730873771391504,
      0.5515653293664533,
      0.21465731988653952,
      0.5026424045568711,
      0.6105510710337018
    ],
    "test_r2": [
      0.1409198978916517,
      0.21808514892282294,
      0.041770121359154144,
      0.1531587959051749,
      0.24891676672158236
    ],
    "test_rmse": [
      -111.41911762137747,
      -65.70935826766463,
      -168.4421854932256,
      -120.81867552395936,
      -55.006200798817446
    ],
    "test_mae": [
      -53.31622329047211,
      -53.30919639365057,
      -72.07783545520186,
      -68.15973702956543,
      -45.32489587532304
    ],
    "best_params": {
      "check_inverse": true,
      "func": null,
      "inverse_func": null,
      "regressor__bootstrap": true,
      "regressor__ccp_alpha": 0.0,
      "regressor__criterion": "squared_error",
      "regressor__max_depth": null,
      "regressor__max_features": "sqrt",
      "regressor__max_leaf_nodes": null,
      "regressor__max_samples": null,
      "regressor__min_impurity_decrease": 0.0,
      "regressor__min_samples_leaf": 0.05,
      "regressor__min_samples_split": 0.05,
      "regressor__min_weight_fraction_leaf": 0.0,
      "regressor__monotonic_cst": null,
      "regressor__n_estimators": 2000,
      "regressor__n_jobs": null,
      "regressor__oob_score": false,
      "regressor__random_state": null,
      "regressor__verbose": 0,
      "regressor__warm_start": false,
      "transformer__memory": null,
      "transformer__verbose": false,
      "transformer__y scaler__copy": true,
      "transformer__y scaler__with_mean": true,
      "transformer__y scaler__with_std": true
    }
  },
  "69": {
    "fit_time": [
      0.20712566375732422,
      0.21076369285583496,
      0.23084330558776855,
      0.21396350860595703,
      0.16017723083496094
    ],
    "score_time": [
      0.06256675720214844,
      0.04187893867492676,
      0.04663968086242676,
      0.04719877243041992,
      0.04824185371398926
    ],
    "test_r": [
      0.4128865124693372,
      0.22723294968550362,
      0.5964110573423609,
      0.6533571845951088,
      0.42941423415703234
    ],
    "test_r2": [
      0.12356347037839666,
      0.04285490091007105,
      0.15529004269146462,
      0.3542636045991251,
      0.1287040578853217
    ],
    "test_rmse": [
      -128.78233026069617,
      -153.32724998795584,
      -57.285166370521665,
      -54.39697205004125,
      -125.32970335427456
    ],
    "test_mae": [
      -64.42708599552167,
      -72.89558146674668,
      -47.28428800599948,
      -42.524464523326344,
      -64.86099765028234
    ],
    "best_params": {
      "check_inverse": true,
      "func": null,
      "inverse_func": null,
      "regressor__bootstrap": true,
      "regressor__ccp_alpha": 0.0,
      "regressor__criterion": "squared_error",
      "regressor__max_depth": null,
      "regressor__max_features": "sqrt",
      "regressor__max_leaf_nodes": null,
      "regressor__max_samples": null,
      "regressor__min_impurity_decrease": 0.0,
      "regressor__min_samples_leaf": 0.05083277168428705,
      "regressor__min_samples_split": 0.06962633302947505,
      "regressor__min_weight_fraction_leaf": 0.0,
      "regressor__monotonic_cst": null,
      "regressor__n_estimators": 79,
      "regressor__n_jobs": null,
      "regressor__oob_score": false,
      "regressor__random_state": null,
      "regressor__verbose": 0,
      "regressor__warm_start": false,
      "transformer__memory": null,
      "transformer__verbose": false,
      "transformer__y scaler__copy": true,
      "transformer__y scaler__with_mean": true,
      "transformer__y scaler__with_std": true
    }
  },