{
  "6": {
    "fit_time": [
      26.584721088409424,
      30.564671277999878,
      29.57441759109497,
      24.703567028045654,
      30.935041666030884
    ],
    "score_time": [
      0.7751190662384033,
      0.8560495376586914,
      1.1509289741516113,
      0.8576350212097168,
      0.7926933765411377
    ],
    "test_r": [
      0.974398708765287,
      0.9743000195376922,
      0.966105413126654,
      0.9553846120550339,
      0.8739618909081039
    ],
    "test_r2": [
      0.9370748212447368,
      0.9233492194816356,
      0.902528884824843,
      0.8972607141410358,
      0.7420752301707181
    ],
    "test_rmse": [
      -30.344505351182576,
      -35.654280920118445,
      -41.803568224348005,
      -42.469963873644105,
      -34.430346253333106
    ],
    "test_mae": [
      -22.557363346263624,
      -21.848453092405,
      -23.318804417025273,
      -30.270316977557464,
      -23.896441909007184
    ],
    "best_params": {
      "check_inverse": true,
      "func": null,
      "inverse_func": null,
      "regressor__natural_gradient": true,
      "regressor__n_estimators": 2000,
      "regressor__learning_rate": 0.001,
      "regressor__minibatch_frac": 1,
      "regressor__col_sample": 1.0,
      "regressor__verbose": false,
      "transformer__memory": null,
      "transformer__verbose": false,
      "transformer__y scaler__copy": true,
      "transformer__y scaler__with_mean": true,
      "transformer__y scaler__with_std": true
    }
  },
  "13": {
    "fit_time": [
      27.851683139801025,
      24.705957651138306,
      24.24517321586609,
      27.227535009384155,
      26.499696731567383
    ],
    "score_time": [
      0.7883837223052979,
      0.8054976463317871,
      0.8751885890960693,
      0.7820160388946533,
      0.8172471523284912
    ],
    "test_r": [
      0.7559708728481772,
      0.9742306635722652,
      0.9674676546811923,
      0.9441630784519173,
      0.9170034028497774
    ],
    "test_r2": [
      0.5178581052922456,
      0.9224138529816382,
      0.9313367682568594,
      0.8671474005788151,
      0.8054877430434471
    ],
    "test_rmse": [
      -37.14478106595763,
      -48.46220081735276,
      -29.26396255117403,
      -48.73158528280015,
      -33.39761741832406
    ],
    "test_mae": [
      -22.7470843226763,
      -31.93277751054403,
      -16.52942241317018,
      -29.54487095884439,
      -23.45821260404052
    ],
    "best_params": {
      "check_inverse": true,
      "func": null,
      "inverse_func": null,
      "regressor__natural_gradient": true,
      "regressor__n_estimators": 1977,
      "regressor__learning_rate": 0.0009995295625309598,
      "regressor__minibatch_frac": 1,
      "regressor__col_sample": 1.0,
      "regressor__verbose": false,
      "transformer__memory": null,
      "transformer__verbose": false,
      "transformer__y scaler__copy": true,
      "transformer__y scaler__with_mean": true,
      "transformer__y scaler__with_std": true
    }
  },
  "42": {
    "fit_time": [
      24.51882529258728,
      30.7802472114563,
      29.31683921813965,
      25.237109184265137,
      30.000675439834595
    ],
    "score_time": [
      0.753711462020874,
      0.7345423698425293,
      0.8659756183624268,
      0.796055793762207,
      0.7464561462402344
    ],
    "test_r": [
      0.8643105418449706,
      0.9816064131854741,
      0.9774027949478399,
      0.9544058106607323,
      0.8826060034087414
    ],
    "test_r2": [
      0.7177015226892074,
      0.936684060827205,
      0.9124063849975443,
      0.8815201818904295,
      0.739481171772093
    ],
    "test_rmse": [
      -37.19283900214769,
      -42.13395078827375,
      -48.17753423402829,
      -29.787031480450906,
      -32.70464588034298
    ],
    "test_mae": [
      -25.058546879846205,
      -24.815909989197266,
      -27.970617885970466,
      -22.27141213927647,
      -21.098773272299518
    ],
    "best_params": {
      "check_inverse": true,
      "func": null,
      "inverse_func": null,
      "regressor__natural_gradient": true,
      "regressor__n_estimators": 2000,
      "regressor__learning_rate": 0.001,
      "regressor__minibatch_frac": 1,
      "regressor__col_sample": 1.0,
      "regressor__verbose": false,
      "transformer__memory": null,
      "transformer__verbose": false,
      "transformer__y scaler__copy": true,
      "transformer__y scaler__with_mean": true,
      "transformer__y scaler__with_std": true
    }
  },
  "69": {
    "fit_time": [
      23.48616600036621,
      24.5023033618927,
      26.181422472000122,
      26.726173162460327,
      26.106868028640747
    ],
    "score_time": [
      0.7531728744506836,
      0.8093931674957275,
      0.8053233623504639,
      0.7577698230743408,
      0.7646694183349609
    ],
    "test_r": [
      0.9780643046664683,
      0.664145920711809,
      0.8084065824339609,
      0.836636920197741,
      0.9858274468464557
    ],
    "test_r2": [
      0.9069064205789652,
      0.1408581054568414,
      0.6067760693229272,
      0.6875636098194646,
      0.9431716067909457
    ],
    "test_rmse": [
      -42.46896955503165,
      -112.1804876731552,
      -39.94749591539898,
      -36.61122875077711,
      -39.949704635659536
    ],
    "test_mae": [
      -24.753760625219392,
      -42.28772569605335,
      -23.15097687585191,
      -22.964313746389635,
      -26.04469921259798
    ],
    "best_params": {
      "check_inverse": true,
      "func": null,
      "inverse_func": null,
      "regressor__natural_gradient": true,
      "regressor__n_estimators": 2000,
      "regressor__learning_rate": 0.001,
      "regressor__minibatch_frac": 1,
      "regressor__col_sample": 1.0,
      "regressor__verbose": false,
      "transformer__memory": null,
      "transformer__verbose": false,
      "transformer__y scaler__copy": true,
      "transformer__y scaler__with_mean": true,
      "transformer__y scaler__with_std": true
    }
  },
  "420": {
    "fit_time": [
      26.3344144821167,
      23.759741067886353,
      29.318333625793457,
      27.955947637557983,
      28.89842939376831
    ],
    "score_time": [
      0.746443510055542,
      1.0775492191314697,
      0.8288071155548096,
      0.7595393657684326,
      0.767012357711792
    ],
    "test_r": [
      0.9162839865925457,
      0.9465347480519897,
      0.9478897867537038,
      0.960307469502262,
      0.9660135614769546
    ],
    "test_r2": [
      0.8197174137965522,
      0.8573655852365609,
      0.8923249183100032,
      0.8907790587266964,
      0.9289706630065921
    ],
    "test_rmse": [
      -29.848703738252407,
      -49.40145460023109,
      -42.11285372955014,
      -45.59799439927393,
      -31.567107275476214
    ],
    "test_mae": [
      -20.80320405380554,
      -29.971857562675375,
      -28.31132876079062,
      -29.79168084055667,
      -19.68280130427084
    ],
    "best_params": {
      "check_inverse": true,
      "func": null,
      "inverse_func": null,
      "regressor__natural_gradient": true,
      "regressor__n_estimators": 2000,
      "regressor__learning_rate": 0.001,
      "regressor__minibatch_frac": 1,
      "regressor__col_sample": 1.0,
      "regressor__verbose": false,
      "transformer__memory": null,
      "transformer__verbose": false,
      "transformer__y scaler__copy": true,
      "transformer__y scaler__with_mean": true,
      "transformer__y scaler__with_std": true
    }
  },
  "1234567890": {
    "fit_time": [
      24.911597967147827,
      25.786487340927124,
      30.072466135025024,
      30.325474500656128,
      29.30884337425232
    ],
    "score_time": [
      0.7583885192871094,
      0.76654052734375,
      0.762218713760376,
      0.7369289398193359,
      0.806990385055542
    ],
    "test_r": [
      0.9155686480319274,
      0.9674458609896678,
      0.9435725965063748,
      0.9789396768503855,
      0.9555596065716534
    ],