{
  "6": {
    "fit_time": [
      0.27616453170776367,
      0.35025596618652344,
      0.36751723289489746,
      0.5021367073059082,
      0.3337090015411377
    ],
    "score_time": [
      0.0447385311126709,
      0.05069613456726074,
      0.047550201416015625,
      0.0434262752532959,
      0.04565596580505371
    ],
    "test_r": [
      0.30636818160611545,
      0.4397094145651553,
      0.5062692128439135,
      0.5499660146520118,
      0.5547118236639801
    ],
    "test_r2": [
      0.04448628191449677,
      0.1470210879988626,
      -0.060773806888956505,
      0.15682258762180923,
      0.2146371844299798
    ],
    "test_rmse": [
      -161.3479737060223,
      -110.54576000834642,
      -63.45682953264708,
      -126.51548572435435,
      -61.67005926538154
    ],
    "test_mae": [
      -71.47331158572383,
      -56.38599182958441,
      -52.13195812863898,
      -64.62060246164047,
      -51.05267798950096
    ],
    "best_params": {
      "check_inverse": true,
      "func": null,
      "inverse_func": null,
      "regressor__bootstrap": true,
      "regressor__ccp_alpha": 0.0,
      "regressor__criterion": "squared_error",
      "regressor__max_depth": null,
      "regressor__max_features": "sqrt",
      "regressor__max_leaf_nodes": null,
      "regressor__max_samples": null,
      "regressor__min_impurity_decrease": 0.0,
      "regressor__min_samples_leaf": 0.05090724100894371,
      "regressor__min_samples_split": 0.05388845645205688,
      "regressor__min_weight_fraction_leaf": 0.0,
      "regressor__monotonic_cst": null,
      "regressor__n_estimators": 183,
      "regressor__n_jobs": null,
      "regressor__oob_score": false,
      "regressor__random_state": null,
      "regressor__verbose": 0,
      "regressor__warm_start": false,
      "transformer__memory": null,
      "transformer__verbose": false,
      "transformer__y scaler__copy": true,
      "transformer__y scaler__with_mean": true,
      "transformer__y scaler__with_std": true
    }
  },
  "13": {
    "fit_time": [
      0.19112610816955566,
      0.18420720100402832,
      0.18901562690734863,
      0.1164703369140625,
      0.18309807777404785
    ],
    "score_time": [
      0.038484811782836914,
      0.0396881103515625,
      0.03751039505004883,
      0.03859138488769531,
      0.03381037712097168
    ],
    "test_r": [
      0.5891262663434178,
      0.5964855623809012,
      0.22059716191543433,
      0.4511545826218883,
      0.46823616843472565
    ],
    "test_r2": [
      -0.1265431982154026,
      0.14741779229640928,
      0.04446348900990238,
      0.14725371489741546,
      0.203873630516214
    ],
    "test_rmse": [
      -53.07691795725882,
      -135.61239934944848,
      -153.76960143163734,
      -113.27214930407865,
      -68.5737654568494
    ],
    "test_mae": [
      -46.10542963717715,
      -75.61043388013728,
      -64.10477469140056,
      -54.81986887586886,
      -56.4556466860748
    ],
    "best_params": {
      "check_inverse": true,
      "func": null,
      "inverse_func": null,
      "regressor__bootstrap": true,
      "regressor__ccp_alpha": 0.0,
      "regressor__criterion": "squared_error",
      "regressor__max_depth": null,
      "regressor__max_features": "sqrt",
      "regressor__max_leaf_nodes": null,
      "regressor__max_samples": null,
      "regressor__min_impurity_decrease": 0.0,
      "regressor__min_samples_leaf": 0.05,
      "regressor__min_samples_split": 0.05,
      "regressor__min_weight_fraction_leaf": 0.0,
      "regressor__monotonic_cst": null,
      "regressor__n_estimators": 50,
      "regressor__n_jobs": null,
      "regressor__oob_score": false,
      "regressor__random_state": null,
      "regressor__verbose": 0,
      "regressor__warm_start": false,
      "transformer__memory": null,
      "transformer__verbose": false,
      "transformer__y scaler__copy": true,
      "transformer__y scaler__with_mean": true,
      "transformer__y scaler__with_std": true
    }
  },
  "42": {
    "fit_time": [
      0.2105245590209961,
      0.11052656173706055,
      0.1921846866607666,
      0.11216425895690918,
      0.2090296745300293
    ],
    "score_time": [
      0.03883552551269531,
      0.060729026794433594,
      0.041245222091674805,
      0.04195356369018555,
      0.041080474853515625
    ],
    "test_r": [
      0.48223779139389045,
      0.489973857238764,
      0.2771725965416184,
      0.5507940347248294,
      0.5607812757783824
    ],
    "test_r2": [
      0.16542786499977613,
      0.18921501125066797,
      0.06281948865478026,
      0.17456911776781991,
      0.21786198191201311
    ],
    "test_rmse": [
      -109.81832739554193,
      -66.91143508883569,
      -166.58183347858454,
      -119.28159469035998,
      -56.13184464668954
    ],
    "test_mae": [
      -54.36372774946031,
      -53.51741460899336,
      -76.67191854768934,
      -68.42879145606159,
      -47.27378342422009
    ],
    "best_params": {
      "check_inverse": true,
      "func": null,
      "inverse_func": null,
      "regressor__bootstrap": true,
      "regressor__ccp_alpha": 0.0,
      "regressor__criterion": "squared_error",
      "regressor__max_depth": null,
      "regressor__max_features": "sqrt",
      "regressor__max_leaf_nodes": null,
      "regressor__max_samples": null,
      "regressor__min_impurity_decrease": 0.0,
      "regressor__min_samples_leaf": 0.05,
      "regressor__min_samples_split": 0.05,
      "regressor__min_weight_fraction_leaf": 0.0,
      "regressor__monotonic_cst": null,
      "regressor__n_estimators": 50,
      "regressor__n_jobs": null,
      "regressor__oob_score": false,
      "regressor__random_state": null,
      "regressor__verbose": 0,
      "regressor__warm_start": false,
      "transformer__memory": null,
      "transformer__verbose": false,
      "transformer__y scaler__copy": true,
      "transformer__y scaler__with_mean": true,
      "transformer__y scaler__with_std": true
    }
  },
  "69": {
    "fit_time": [
      0.18775415420532227,
      0.193711519241333,
      0.12916827201843262,
      0.20143699645996094,
      0.1998434066772461
    ],
    "score_time": [
      0.043337106704711914,
      0.04313826560974121,
      0.03997087478637695,
      0.040906429290771484,
      0.037766218185424805
    ],
    "test_r": [
      0.4969194209631789,
      0.22953989367029964,
      0.5534280947430469,
      0.5620342412449842,
      0.4433935365556356
    ],
    "test_r2": [
      0.1539765773993531,
      0.040817953110092176,
      0.09638984387428995,
      0.25963159590922447,
      0.12935163274467798
    ],
    "test_rmse": [
      -126.52817307770684,
      -153.49031492749174,
      -59.248713361174204,
      -58.246660619603155,
      -125.28312018606097
    ],
    "test_mae": [
      -63.392736377330955,
      -72.75769848036992,
      -50.01688321624034,
      -46.350543557434534,
      -67.09636087166565
    ],
    "best_params": {
      "check_inverse": true,
      "func": null,
      "inverse_func": null,
      "regressor__bootstrap": true,
      "regressor__ccp_alpha": 0.0,
      "regressor__criterion": "squared_error",
      "regressor__max_depth": null,
      "regressor__max_features": "sqrt",
      "regressor__max_leaf_nodes": null,
      "regressor__max_samples": null,
      "regressor__min_impurity_decrease": 0.0,
      "regressor__min_samples_leaf": 0.05057016385652546,
      "regressor__min_samples_split": 0.06786025362588255,
      "regressor__min_weight_fraction_leaf": 0.0,
      "regressor__monotonic_cst": null,
      "regressor__n_estimators": 63,
      "regressor__n_jobs": null,
      "regressor__oob_score": false,
      "regressor__random_state": null,
      "regressor__verbose": 0,
      "regressor__warm_start": false,
      "transformer__memory": null,
      "transformer__verbose": false,
      "transformer__y scaler__copy": true,
      "transformer__y scaler__with_mean": true,
      "transformer__y scaler__with_std": true
    }
  },