{
  "6": {
    "fit_time": [
      11.168371200561523,
      10.486693382263184,
      11.312149047851562,
      10.642014265060425,
      12.342437982559204
    ],
    "score_time": [
      0.3045363426208496,
      0.34543752670288086,
      0.29979825019836426,
      0.3066880702972412,
      0.3220691680908203
    ],
    "test_r": [
      0.9760191190441851,
      0.9504146251130062,
      0.8360882659586029,
      0.9614972797777526,
      0.8456755554697031
    ],
    "test_r2": [
      0.9519851219204394,
      0.8945974794035622,
      0.6546346998469192,
      0.9240888213000021,
      0.7108733744043021
    ],
    "test_rmse": [
      -36.16870568841071,
      -38.85961030191007,
      -36.20814922159261,
      -37.96095002747898,
      -37.41823016727162
    ],
    "test_mae": [
      -20.56651744391035,
      -21.5510211553472,
      -16.330459178079195,
      -19.500072974349305,
      -22.455622655319566
    ],
    "best_params": {
      "check_inverse": true,
      "func": null,
      "inverse_func": null,
      "regressor__natural_gradient": true,
      "regressor__n_estimators": 780,
      "regressor__learning_rate": 0.1,
      "regressor__minibatch_frac": 1,
      "regressor__col_sample": 1.0,
      "regressor__verbose": false,
      "transformer__memory": null,
      "transformer__verbose": false,
      "transformer__y scaler__copy": true,
      "transformer__y scaler__with_mean": true,
      "transformer__y scaler__with_std": true
    }
  },
  "13": {
    "fit_time": [
      1.3946959972381592,
      1.7141931056976318,
      1.414945363998413,
      1.6880576610565186,
      1.6231045722961426
    ],
    "score_time": [
      0.10798192024230957,
      0.0817563533782959,
      0.0845787525177002,
      0.08298659324645996,
      0.08366942405700684
    ],
    "test_r": [
      0.68026862595699,
      0.9533330849112899,
      0.9835843426080694,
      0.9591877738492935,
      0.9312452534581105
    ],
    "test_r2": [
      0.13442033678507181,
      0.9015969778999101,
      0.9644638305425776,
      0.9127947766250138,
      0.8274927694890915
    ],
    "test_rmse": [
      -46.52488343747468,
      -46.07183238246339,
      -29.653922741169193,
      -36.22300472850138,
      -31.92057049925684
    ],
    "test_mae": [
      -22.39861278440149,
      -25.460009789536965,
      -17.6532051636797,
      -20.70815293120271,
      -19.729354573582604
    ],
    "best_params": {
      "check_inverse": true,
      "func": null,
      "inverse_func": null,
      "regressor__natural_gradient": true,
      "regressor__n_estimators": 148,
      "regressor__learning_rate": 0.1,
      "regressor__minibatch_frac": 1,
      "regressor__col_sample": 1.0,
      "regressor__verbose": false,
      "transformer__memory": null,
      "transformer__verbose": false,
      "transformer__y scaler__copy": true,
      "transformer__y scaler__with_mean": true,
      "transformer__y scaler__with_std": true
    }
  },
  "42": {
    "fit_time": [
      24.17252230644226,
      24.119290828704834,
      29.301044940948486,
      27.791587591171265,
      27.258129835128784
    ],
    "score_time": [
      0.8687946796417236,
      0.7356727123260498,
      0.7816798686981201,
      0.730154275894165,
      0.7446486949920654
    ],
    "test_r": [
      0.9547772115587349,
      0.8500385930165035,
      0.962897720463655,
      0.9697466733604108,
      0.8633026881485306
    ],
    "test_r2": [
      0.9067440568682693,
      0.6978876082553598,
      0.9168052255112591,
      0.9392102116004555,
      0.7351990701189508
    ],
    "test_rmse": [
      -36.70972609077139,
      -40.844328872912435,
      -49.63225847070736,
      -32.37042458205912,
      -32.66084143697895
    ],
    "test_mae": [
      -21.85366157799079,
      -21.627091241622345,
      -27.71070089208786,
      -17.501025668232163,
      -17.00815042705069
    ],
    "best_params": {
      "check_inverse": true,
      "func": null,
      "inverse_func": null,
      "regressor__natural_gradient": true,
      "regressor__n_estimators": 2000,
      "regressor__learning_rate": 0.02878028809252772,
      "regressor__minibatch_frac": 1,
      "regressor__col_sample": 1.0,
      "regressor__verbose": false,
      "transformer__memory": null,
      "transformer__verbose": false,
      "transformer__y scaler__copy": true,
      "transformer__y scaler__with_mean": true,
      "transformer__y scaler__with_std": true
    }
  },
  "69": {
    "fit_time": [
      11.285883903503418,
      12.48818588256836,
      9.871859788894653,
      12.732181072235107,
      10.61261248588562
    ],
    "score_time": [
      0.41487550735473633,
      0.42272520065307617,
      0.4249262809753418,
      0.4089996814727783,
      0.3895609378814697
    ],
    "test_r": [
      0.9817094612337918,
      0.842751331000115,
      0.7248423086772199,
      0.8650576180727956,
      0.9780057988908443
    ],
    "test_r2": [
      0.9484496572751027,
      0.5783186553761561,
      0.30807327613875957,
      0.7443412532888201,
      0.9540032665281951
    ],
    "test_rmse": [
      -31.232864884775804,
      -101.77067393760528,
      -51.84637827027535,
      -34.22767669294611,
      -28.796165530372367
    ],
    "test_mae": [
      -16.463042717359727,
      -39.61102213952227,
      -25.85992065037842,
      -18.539977403218035,
      -17.691975561804306
    ],
    "best_params": {
      "check_inverse": true,
      "func": null,
      "inverse_func": null,
      "regressor__natural_gradient": true,
      "regressor__n_estimators": 1038,
      "regressor__learning_rate": 0.0213834044858114,
      "regressor__minibatch_frac": 1,
      "regressor__col_sample": 1.0,
      "regressor__verbose": false,
      "transformer__memory": null,
      "transformer__verbose": false,
      "transformer__y scaler__copy": true,
      "transformer__y scaler__with_mean": true,
      "transformer__y scaler__with_std": true
    }
  },
  "420": {
    "fit_time": [
      32.133310317993164,
      29.397998571395874,
      27.949915647506714,
      29.420387983322144,
      30.270594835281372
    ],
    "score_time": [
      0.7407853603363037,
      0.782707691192627,
      0.7772104740142822,
      0.7806198596954346,
      0.7638015747070312
    ],
    "test_r": [
      0.929516037873169,
      0.969912776575302,
      0.9384584742377302,
      0.8621988052247492,
      0.9767154280059067
    ],
    "test_r2": [
      0.841592594890197,
      0.9328248808675415,
      0.8779146721533131,
      0.7430863343962675,
      0.9526703079491967
    ],
    "test_rmse": [
      -27.20651267914935,
      -41.39897133200521,
      -48.14883371436725,
      -38.097664700678024,
      -27.50061516511594
    ],
    "test_mae": [
      -13.88580441450021,
      -22.044993029912398,
      -25.278693634666,
      -22.793009745920525,
      -15.693907044709679
    ],
    "best_params": {
      "check_inverse": true,
      "func": null,
      "inverse_func": null,
      "regressor__natural_gradient": true,
      "regressor__n_estimators": 2000,
      "regressor__learning_rate": 0.1,
      "regressor__minibatch_frac": 1,
      "regressor__col_sample": 1.0,
      "regressor__verbose": false,
      "transformer__memory": null,
      "transformer__verbose": false,
      "transformer__y scaler__copy": true,
      "transformer__y scaler__with_mean": true,
      "transformer__y scaler__with_std": true
    }
  },
  "1234567890": {
    "fit_time": [
      4.997328042984009,
      5.279802560806274,
      5.3213934898376465,
      5.9203736782073975,
      5.451721668243408
    ],
    "score_time": [
      0.22044014930725098,
      0.22054743766784668,
      0.21691560745239258,
      0.22072076797485352,
      0.22756552696228027
    ],
    "test_r": [
      0.8889910181587006,
      0.95825238464373,
      0.951645569568368,
      0.962053731798074,
      0.9202762642260762
    ],