{
  "6": {
    "fit_time": [
      5.2377400398254395,
      5.228282690048218,
      5.355348110198975,
      5.051724195480347,
      5.315641641616821
    ],
    "score_time": [
      0.12435603141784668,
      0.145050048828125,
      0.12273454666137695,
      0.1285250186920166,
      0.1373000144958496
    ],
    "test_r": [
      0.9889697115314081,
      0.9899644436219643,
      0.973371951223802,
      0.9802852484905829,
      0.94425250597325
    ],
    "test_r2": [
      0.9771330418284354,
      0.9798129995819167,
      0.9419615039273842,
      0.9599643496394291,
      0.8910763474970392
    ],
    "test_rmse": [
      -18.292456549098222,
      -18.29739599335302,
      -32.25770463892057,
      -26.511668710086326,
      -22.37463515856851
    ],
    "test_mae": [
      -11.75083993220283,
      -12.23110399377357,
      -15.773332674348481,
      -16.97890456286336,
      -12.940995399008688
    ],
    "best_params": {
      "check_inverse": true,
      "func": null,
      "inverse_func": null,
      "regressor__natural_gradient": true,
      "regressor__n_estimators": 230,
      "regressor__learning_rate": 0.059380923879935446,
      "regressor__minibatch_frac": 1,
      "regressor__col_sample": 1.0,
      "regressor__verbose": false,
      "transformer__memory": null,
      "transformer__verbose": false,
      "transformer__y scaler__copy": true,
      "transformer__y scaler__with_mean": true,
      "transformer__y scaler__with_std": true
    }
  },
  "13": {
    "fit_time": [
      14.388891220092773,
      14.222722291946411,
      15.247885942459106,
      15.069459676742554,
      12.406815528869629
    ],
    "score_time": [
      0.23064732551574707,
      0.23421931266784668,
      0.22836852073669434,
      0.23805665969848633,
      0.23366403579711914
    ],
    "test_r": [
      0.9138006007376226,
      0.9905835951876002,
      0.9644149275493006,
      0.9734207221009492,
      0.9631049766260732
    ],
    "test_r2": [
      0.8249574206711188,
      0.9801540323191787,
      0.9195506286628246,
      0.9454023434661593,
      0.9208675851778464
    ],
    "test_rmse": [
      -22.381140827427007,
      -24.51021835375557,
      -31.67614625772022,
      -31.240106985428856,
      -21.301942513807944
    ],
    "test_mae": [
      -13.424972611016546,
      -14.872353641763837,
      -15.814363816929784,
      -19.503863536142045,
      -14.285751997494703
    ],
    "best_params": {
      "check_inverse": true,
      "func": null,
      "inverse_func": null,
      "regressor__natural_gradient": true,
      "regressor__n_estimators": 586,
      "regressor__learning_rate": 0.05507703829396271,
      "regressor__minibatch_frac": 1,
      "regressor__col_sample": 1.0,
      "regressor__verbose": false,
      "transformer__memory": null,
      "transformer__verbose": false,
      "transformer__y scaler__copy": true,
      "transformer__y scaler__with_mean": true,
      "transformer__y scaler__with_std": true
    }
  },
  "42": {
    "fit_time": [
      57.575226068496704,
      55.96912097930908,
      55.96273231506348,
      56.381720304489136,
      56.1565637588501
    ],
    "score_time": [
      0.757504940032959,
      0.7593727111816406,
      0.7624301910400391,
      0.7363569736480713,
      0.743830680847168
    ],
    "test_r": [
      0.9395178954846815,
      0.9892028456659746,
      0.9284095804733793,
      0.9851542313177857,
      0.9113315077148133
    ],
    "test_r2": [
      0.8689360489070229,
      0.9775396692699387,
      0.8480652701220349,
      0.9671966540940313,
      0.8283830722357336
    ],
    "test_rmse": [
      -25.34233867081814,
      -25.09479952430095,
      -63.45076647305948,
      -15.673432099243097,
      -26.544219166949528
    ],
    "test_mae": [
      -16.765560588336637,
      -14.47984102106807,
      -26.42652773624613,
      -10.207535727117715,
      -14.316788163298883
    ],
    "best_params": {
      "check_inverse": true,
      "func": null,
      "inverse_func": null,
      "regressor__natural_gradient": true,
      "regressor__n_estimators": 2000,
      "regressor__learning_rate": 0.1,
      "regressor__minibatch_frac": 1,
      "regressor__col_sample": 1.0,
      "regressor__verbose": false,
      "transformer__memory": null,
      "transformer__verbose": false,
      "transformer__y scaler__copy": true,
      "transformer__y scaler__with_mean": true,
      "transformer__y scaler__with_std": true
    }
  },
  "69": {
    "fit_time": [
      4.911743640899658,
      5.289810657501221,
      4.898245096206665,
      5.191223621368408,
      5.842733860015869
    ],
    "score_time": [
      0.1114044189453125,
      0.10741233825683594,
      0.10801887512207031,
      0.1083076000213623,
      0.09929919242858887
    ],
    "test_r": [
      0.9942062810517848,
      0.8093862998475458,
      0.8892021231322632,
      0.9490434461541081,
      0.9754734129087316
    ],
    "test_r2": [
      0.981344124876684,
      0.5186942390152711,
      0.7391792825124506,
      0.8965765302465915,
      0.9510838760130511
    ],
    "test_rmse": [
      -19.01164394373243,
      -83.96444179081412,
      -32.53423756797416,
      -21.064106950108368,
      -37.06439392173615
    ],
    "test_mae": [
      -12.352679716048092,
      -28.833582514672855,
      -19.562576599747658,
      -13.119286228525432,
      -21.856191466620906
    ],
    "best_params": {
      "check_inverse": true,
      "func": null,
      "inverse_func": null,
      "regressor__natural_gradient": true,
      "regressor__n_estimators": 249,
      "regressor__learning_rate": 0.06488667700819388,
      "regressor__minibatch_frac": 1,
      "regressor__col_sample": 1.0,
      "regressor__verbose": false,
      "transformer__memory": null,
      "transformer__verbose": false,
      "transformer__y scaler__copy": true,
      "transformer__y scaler__with_mean": true,
      "transformer__y scaler__with_std": true
    }
  },
  "420": {
    "fit_time": [
      28.51411008834839,
      25.72412419319153,
      26.01444959640503,
      26.975977182388306,
      27.342279195785522
    ],
    "score_time": [
      0.354489803314209,
      0.40441441535949707,
      0.35893750190734863,
      0.3872866630554199,
      0.36782312393188477
    ],
    "test_r": [
      0.9580179272766336,
      0.9823928292597686,
      0.963292584915155,
      0.9830753202579045,
      0.9716140377170124
    ],
    "test_r2": [
      0.9135204035748343,
      0.9650553624992307,
      0.9278037271127157,
      0.9636053665044103,
      0.9428507258077461
    ],
    "test_rmse": [
      -20.6730908314839,
      -24.45219464754348,
      -34.483747454944535,
      -26.321549908758577,
      -28.315306385889176
    ],
    "test_mae": [
      -12.766822021710558,
      -14.322688101055537,
      -20.726225199896348,
      -16.172663255296694,
      -14.059934775720212
    ],
    "best_params": {
      "check_inverse": true,
      "func": null,
      "inverse_func": null,
      "regressor__natural_gradient": true,
      "regressor__n_estimators": 1096,
      "regressor__learning_rate": 0.06986261337920269,
      "regressor__minibatch_frac": 1,
      "regressor__col_sample": 1.0,
      "regressor__verbose": false,
      "transformer__memory": null,
      "transformer__verbose": false,
      "transformer__y scaler__copy": true,
      "transformer__y scaler__with_mean": true,
      "transformer__y scaler__with_std": true
    }
  },
  "1234567890": {
    "fit_time": [
      35.39776396751404,
      35.68624758720398,
      33.90437889099121,
      34.86499047279358,
      36.33730506896973
    ],
    "score_time": [
      0.4868652820587158,
      0.48068714141845703,
      0.4933328628540039,
      0.4869410991668701,
      0.49717044830322266
    ],
    "test_r": [
      0.9518941309812197,
      0.9778726320238187,
      0.9700342247442271,
      0.9907286743087067,
      0.9506474455039526
    ],