{
  "6": {
    "fit_time": [
      0.5254452228546143,
      0.5584967136383057,
      0.49759817123413086,
      0.5123147964477539,
      0.5074150562286377
    ],
    "score_time": [
      0.04267311096191406,
      0.04987668991088867,
      0.03963327407836914,
      0.040709733963012695,
      0.041289329528808594
    ],
    "test_r": [
      0.6756601564723091,
      0.5078047794981426,
      0.7177935464401166,
      0.6735885884664581,
      0.7821106875335658
    ],
    "test_r2": [
      0.4060736343350947,
      0.24875671843288816,
      0.358461244038511,
      0.3973400582247808,
      0.5405980540362483
    ],
    "test_rmse": [
      -5.75292807224945,
      -6.971200963828671,
      -7.400970810301196,
      -4.5603600795496755,
      -4.669578380889456
    ],
    "test_mae": [
      -3.494932262123089,
      -4.004644295087992,
      -4.354527500182076,
      -3.361372627042926,
      -3.214703379081179
    ],
    "best_params": {
      "check_inverse": true,
      "func": null,
      "inverse_func": null,
      "regressor__bootstrap": true,
      "regressor__ccp_alpha": 0.0,
      "regressor__criterion": "squared_error",
      "regressor__max_depth": null,
      "regressor__max_features": "sqrt",
      "regressor__max_leaf_nodes": null,
      "regressor__max_samples": null,
      "regressor__min_impurity_decrease": 0.0,
      "regressor__min_samples_leaf": 0.05,
      "regressor__min_samples_split": 0.062157609574763364,
      "regressor__min_weight_fraction_leaf": 0.0,
      "regressor__monotonic_cst": null,
      "regressor__n_estimators": 516,
      "regressor__n_jobs": null,
      "regressor__oob_score": false,
      "regressor__random_state": null,
      "regressor__verbose": 0,
      "regressor__warm_start": false,
      "transformer__memory": null,
      "transformer__verbose": false,
      "transformer__y scaler__copy": true,
      "transformer__y scaler__with_mean": true,
      "transformer__y scaler__with_std": true
    }
  },
  "13": {
    "fit_time": [
      0.7955207824707031,
      0.7905404567718506,
      0.7312166690826416,
      0.7474141120910645,
      0.7565717697143555
    ],
    "score_time": [
      0.051076412200927734,
      0.05205893516540527,
      0.050141096115112305,
      0.048894643783569336,
      0.05011343955993652
    ],
    "test_r": [
      0.6416027820921112,
      0.640872788205317,
      0.6651675122691786,
      0.7153091682558125,
      0.6005374286543042
    ],
    "test_r2": [
      0.3673072003279859,
      0.36745300134923997,
      0.3810859617419162,
      0.4717432901398715,
      0.30035761147205153
    ],
    "test_rmse": [
      -6.031854119876654,
      -5.447729948332153,
      -6.506301409918221,
      -4.594920417961104,
      -7.308493916626392
    ],
    "test_mae": [
      -4.07440774465725,
      -3.1787197381172745,
      -3.708049285025351,
      -3.379138233029568,
      -4.257040875827749
    ],
    "best_params": {
      "check_inverse": true,
      "func": null,
      "inverse_func": null,
      "regressor__bootstrap": true,
      "regressor__ccp_alpha": 0.0,
      "regressor__criterion": "squared_error",
      "regressor__max_depth": null,
      "regressor__max_features": "sqrt",
      "regressor__max_leaf_nodes": null,
      "regressor__max_samples": null,
      "regressor__min_impurity_decrease": 0.0,
      "regressor__min_samples_leaf": 0.05,
      "regressor__min_samples_split": 0.05,
      "regressor__min_weight_fraction_leaf": 0.0,
      "regressor__monotonic_cst": null,
      "regressor__n_estimators": 783,
      "regressor__n_jobs": null,
      "regressor__oob_score": false,
      "regressor__random_state": null,
      "regressor__verbose": 0,
      "regressor__warm_start": false,
      "transformer__memory": null,
      "transformer__verbose": false,
      "transformer__y scaler__copy": true,
      "transformer__y scaler__with_mean": true,
      "transformer__y scaler__with_std": true
    }
  },
  "42": {
    "fit_time": [
      0.0890815258026123,
      0.08532834053039551,
      0.07909417152404785,
      0.0849311351776123,
      0.09305071830749512
    ],
    "score_time": [
      0.02835869789123535,
      0.028136730194091797,
      0.02606987953186035,
      0.026432514190673828,
      0.02798938751220703
    ],
    "test_r": [
      0.6503044704701547,
      0.8052422106832614,
      0.4928201663078505,
      0.7219928294672511,
      0.6319883222235283
    ],
    "test_r2": [
      0.277433363522784,
      0.5442985122869473,
      0.23837876363231125,
      0.4626683409099195,
      0.3885847021804636
    ],
    "test_rmse": [
      -8.767001406212028,
      -4.713688795509856,
      -5.992081810946002,
      -4.817690436613682,
      -5.142022050720411
    ],
    "test_mae": [
      -4.7558039120056765,
      -3.19215155827025,
      -3.3720614030841807,
      -3.320235819597234,
      -3.818525005736296
    ],
    "best_params": {
      "check_inverse": true,
      "func": null,
      "inverse_func": null,
      "regressor__bootstrap": true,
      "regressor__ccp_alpha": 0.0,
      "regressor__criterion": "squared_error",
      "regressor__max_depth": null,
      "regressor__max_features": "sqrt",
      "regressor__max_leaf_nodes": null,
      "regressor__max_samples": null,
      "regressor__min_impurity_decrease": 0.0,
      "regressor__min_samples_leaf": 0.05,
      "regressor__min_samples_split": 0.05,
      "regressor__min_weight_fraction_leaf": 0.0,
      "regressor__monotonic_cst": null,
      "regressor__n_estimators": 50,
      "regressor__n_jobs": null,
      "regressor__oob_score": false,
      "regressor__random_state": null,
      "regressor__verbose": 0,
      "regressor__warm_start": false,
      "transformer__memory": null,
      "transformer__verbose": false,
      "transformer__y scaler__copy": true,
      "transformer__y scaler__with_mean": true,
      "transformer__y scaler__with_std": true
    }
  },
  "69": {
    "fit_time": [
      1.8237435817718506,
      1.9826202392578125,
      1.7957344055175781,
      1.91558837890625,
      1.8262317180633545
    ],
    "score_time": [
      0.08243131637573242,
      0.08972477912902832,
      0.08417463302612305,
      0.08517050743103027,
      0.08573198318481445
    ],
    "test_r": [
      0.6081925180685603,
      0.7173784434706982,
      0.677097600969364,
      0.6834366490251674,
      0.5152108653734819
    ],
    "test_r2": [
      0.3510497956188058,
      0.4552967063323744,
      0.40100958598081793,
      0.3185159211394266,
      0.2493053938021338
    ],
    "test_rmse": [
      -4.724175924645381,
      -5.156250946541734,
      -6.51997177741082,
      -7.512450159095221,
      -6.091306859255054
    ],
    "test_mae": [
      -3.6074365665895223,
      -3.0660718275612604,
      -4.130777274461277,
      -4.384882243843254,
      -3.3653777517138064
    ],
    "best_params": {
      "check_inverse": true,
      "func": null,
      "inverse_func": null,
      "regressor__bootstrap": true,
      "regressor__ccp_alpha": 0.0,
      "regressor__criterion": "squared_error",
      "regressor__max_depth": null,
      "regressor__max_features": "sqrt",
      "regressor__max_leaf_nodes": null,
      "regressor__max_samples": null,
      "regressor__min_impurity_decrease": 0.0,
      "regressor__min_samples_leaf": 0.05,
      "regressor__min_samples_split": 0.05,
      "regressor__min_weight_fraction_leaf": 0.0,
      "regressor__monotonic_cst": null,
      "regressor__n_estimators": 2000,
      "regressor__n_jobs": null,
      "regressor__oob_score": false,
      "regressor__random_state": null,
      "regressor__verbose": 0,
      "regressor__warm_start": false,
      "transformer__memory": null,
      "transformer__verbose": false,
      "transformer__y scaler__copy": true,
      "transformer__y scaler__with_mean": true,
      "transformer__y scaler__with_std": true
    }
  },