{
  "6": {
    "fit_time": [
      1.821756362915039,
      1.9881153106689453,
      1.8179645538330078,
      1.9304745197296143,
      1.9156107902526855
    ],
    "score_time": [
      0.08326435089111328,
      0.07906723022460938,
      0.0852818489074707,
      0.08163118362426758,
      0.08001112937927246
    ],
    "test_pearson_r": [
      0.5758970890118612,
      0.5071053425134975,
      0.361453498596526,
      0.5448918708573202,
      0.4569884352972894
    ],
    "test_pearson_p": [
      -7.932722080432915e-06,
      -0.00012476641341794428,
      -0.008468775004813172,
      -2.9601596430047776e-05,
      -0.000748748557256861
    ],
    "test_spearman_r": [
      0.6161839772329711,
      0.48647727446070477,
      0.27849213504455905,
      0.5336834941242317,
      0.4091182597790599
    ],
    "test_spearman_p": [
      -1.1565841717854216e-06,
      -0.0002555059467287983,
      -0.04559101616250735,
      -4.6179539101431735e-05,
      -0.002873864884366898
    ],
    "test_kendall_r": [
      0.46350678869787576,
      0.3533289167494775,
      0.20857840951718282,
      0.4193988541645588,
      0.3202313225261825
    ],
    "test_kendall_p": [
      -8.711177656867563e-06,
      -0.0005686775596962804,
      -0.05036459955060925,
      -4.992022972562128e-05,
      -0.0022455335490485892
    ],
    "test_rmse": [
      -0.5569031021403925,
      -0.5619048508624248,
      -0.6306808632088554,
      -0.5310077942530553,
      -0.4919285001318895
    ],
    "test_mae": [
      -0.4546070622859422,
      -0.4535692246863928,
      -0.49495150961966244,
      -0.43311931752158755,
      -0.37494726664707384
    ],
    "test_r2": [
      0.28945115758330653,
      0.2109639228312581,
      -0.009657108994810981,
      0.2819940181719677,
      0.20715492925667534
    ],
    "best_params": {
      "check_inverse": true,
      "func": null,
      "inverse_func": null,
      "regressor__natural_gradient": true,
      "regressor__n_estimators": 103,
      "regressor__learning_rate": 0.01,
      "regressor__minibatch_frac": 1.0,
      "regressor__col_sample": 1.0,
      "regressor__verbose": false,
      "transformer__memory": null,
      "transformer__verbose": false,
      "transformer__y scaler__copy": true,
      "transformer__y scaler__with_mean": true,
      "transformer__y scaler__with_std": true
    }
  },
  "13": {
    "fit_time": [
      2.5230729579925537,
      2.7281055450439453,
      2.5844130516052246,
      2.582808256149292,
      2.54095458984375
    ],
    "score_time": [
      0.0937345027923584,
      0.10585188865661621,
      0.09689116477966309,
      0.09272980690002441,
      0.0970149040222168
    ],
    "test_pearson_r": [
      0.38124485668093155,
      0.6927951619738425,
      0.3829575014121072,
      0.36101272957247704,
      0.5043716897892706
    ],
    "test_pearson_p": [
      -0.005294730180067295,
      -1.2643111413757334e-08,
      -0.005077002125732972,
      -0.008555085484968939,
      -0.00016076861268395754
    ],
    "test_spearman_r": [
      0.28047072921337984,
      0.6873748466433586,
      0.40292900909222157,
      0.3598671067391282,
      0.47185192843361234
    ],
    "test_spearman_p": [
      -0.04401369145736709,
      -1.820077186949134e-08,
      -0.003060528126750996,
      -0.008782993851901824,
      -0.0004732145485377743
    ],
    "test_kendall_r": [
      0.18920074084695798,
      0.5432917622516679,
      0.2952875950917079,
      0.2774013974930796,
      0.35288528236078115
    ],
    "test_kendall_p": [
      -0.07314443040356322,
      -1.0289672683546363e-07,
      -0.004755939658163403,
      -0.008854238008277542,
      -0.000633306170150717
    ],
    "test_rmse": [
      -0.5988849430107848,
      -0.47708215681119825,
      -0.5815820420099285,
      -0.6063896914628949,
      -0.5103066761071157
    ],
    "test_mae": [
      -0.5076318462919532,
      -0.3651475384528205,
      -0.4360604040830335,
      -0.45750521778101844,
      -0.4168378931827626
    ],
    "test_r2": [
      0.08825822462962585,
      0.46158579630374064,
      0.13209898053784463,
      0.1130224760416646,
      0.18663162669042865
    ],
    "best_params": {
      "check_inverse": true,
      "func": null,
      "inverse_func": null,
      "regressor__natural_gradient": true,
      "regressor__n_estimators": 138,
      "regressor__learning_rate": 0.01,
      "regressor__minibatch_frac": 1.0,
      "regressor__col_sample": 1.0,
      "regressor__verbose": false,
      "transformer__memory": null,
      "transformer__verbose": false,
      "transformer__y scaler__copy": true,
      "transformer__y scaler__with_mean": true,
      "transformer__y scaler__with_std": true
    }
  },
  "42": {
    "fit_time": [
      2.145951986312866,
      2.257063150405884,
      2.0977742671966553,
      2.123913288116455,
      2.130862236022949
    ],
    "score_time": [
      0.07867193222045898,
      0.07593107223510742,
      0.07622814178466797,
      0.0765078067779541,
      0.07529044151306152
    ],
    "test_pearson_r": [
      0.48801138464822574,
      0.3323125282771073,
      0.5946455543390134,
      0.6479025442243727,
      0.4433244362565669
    ],
    "test_pearson_p": [
      -0.00024261831723294323,
      -0.016087352928826557,
      -3.3446396442526597e-06,
      -2.0784867487339122e-07,
      -0.0011214353766368713
    ],
    "test_spearman_r": [
      0.46530957844698145,
      0.33423099165504117,
      0.5228448105381852,
      0.5816542865303493,
      0.38373997779142727
    ],
    "test_spearman_p": [
      -0.0005093459046968838,
      -0.015449023207960398,
      -6.995561217702717e-05,
      -6.119559802162304e-06,
      -0.005439084935583205
    ],
    "test_kendall_r": [
      0.3516456241944519,
      0.2612021192954337,
      0.4101035221193798,
      0.4493679911777861,
      0.266799324109235
    ],
    "test_kendall_p": [
      -0.000828127833012033,
      -0.010546483333749844,
      -6.612113015609777e-05,
      -1.1226493984295915e-05,
      -0.013439095489480914
    ],
    "test_rmse": [
      -0.5869270149580583,
      -0.6403496357145837,
      -0.40218560041506624,
      -0.4959607177405877,
      -0.5988988580285045
    ],
    "test_mae": [
      -0.4971157091257788,
      -0.4396764414580687,
      -0.332442356729658,
      -0.39298903947625163,
      -0.5106518654465501
    ],
    "test_r2": [
      0.22396033522045045,
      0.04835014518180225,
      0.34831902848638496,
      0.4030062572058454,
      0.13954758663436706
    ],
    "best_params": {
      "check_inverse": true,
      "func": null,
      "inverse_func": null,
      "regressor__natural_gradient": true,
      "regressor__n_estimators": 132,
      "regressor__learning_rate": 0.01,
      "regressor__minibatch_frac": 1.0,
      "regressor__col_sample": 1.0,
      "regressor__verbose": false,
      "transformer__memory": null,
      "transformer__verbose": false,
      "transformer__y scaler__copy": true,
      "transformer__y scaler__with_mean": true,
      "transformer__y scaler__with_std": true
    }
  },
  "69": {
    "fit_time": [
      2.9698145389556885,
      3.2100307941436768,
      3.0991859436035156,
      2.9891879558563232,
      2.9963200092315674
    ],
    "score_time": [
      0.10724496841430664,
      0.10700488090515137,
      0.10523271560668945,
      0.10428643226623535,
      0.1059567928314209
    ],
    "test_pearson_r": [
      0.5912230387649456,
      0.3542393037887262,
      0.5405836959902494,
      0.4776825987926492,
      0.4471612062494576
    ],
    "test_pearson_p": [
      -3.931685122329159e-06,
      -0.00998055812632663,
      -3.518554537225804e-05,
      -0.00034216794420344285,
      -0.0010028654615855143
    ],
    "test_spearman_r": [
      0.6055180780361984,
      0.3416606651358761,
      0.504231842579699,
      0.4639557437835463,
      0.4332456086271925
    ],