{
  "6": {
    "fit_time": [
      0.08822178840637207,
      0.08382916450500488,
      0.08829641342163086,
      0.07090950012207031,
      0.08723235130310059
    ],
    "score_time": [
      0.03792428970336914,
      0.03820347785949707,
      0.035095930099487305,
      0.02236485481262207,
      0.03852438926696777
    ],
    "test_pearson_r": [
      0.5915043232345985,
      0.5038822953756302,
      0.31528427675365056,
      0.5378483153238451,
      0.4519651344949648
    ],
    "test_spearman_r": [
      0.6398099765899993,
      0.4888471231590249,
      0.24803347025056938,
      0.5049006148892259,
      0.40621384208232975
    ],
    "test_rmse": [
      -0.5435933976733974,
      -0.5567172298475396,
      -0.6587543394330022,
      -0.5372658019379999,
      -0.4970873139032204
    ],
    "test_mae": [
      -0.43488566664987904,
      -0.43997880765731734,
      -0.5018085989123459,
      -0.4374188754143416,
      -0.3716860870120435
    ],
    "test_r2": [
      0.32300882303436995,
      0.22546575674349756,
      -0.10154331425007923,
      0.2649706748750139,
      0.19043873350935914
    ],
    "best_params": {
      "check_inverse": true,
      "func": null,
      "inverse_func": null,
      "regressor__bootstrap": true,
      "regressor__ccp_alpha": 0.0,
      "regressor__criterion": "squared_error",
      "regressor__max_depth": null,
      "regressor__max_features": "sqrt",
      "regressor__max_leaf_nodes": null,
      "regressor__max_samples": null,
      "regressor__min_impurity_decrease": 0.0,
      "regressor__min_samples_leaf": 0.001,
      "regressor__min_samples_split": 0.15439616390786642,
      "regressor__min_weight_fraction_leaf": 0.0,
      "regressor__monotonic_cst": null,
      "regressor__n_estimators": 10,
      "regressor__n_jobs": null,
      "regressor__oob_score": false,
      "regressor__random_state": null,
      "regressor__verbose": 0,
      "regressor__warm_start": false,
      "transformer__memory": null,
      "transformer__verbose": false,
      "transformer__y scaler__copy": true,
      "transformer__y scaler__with_mean": true,
      "transformer__y scaler__with_std": true
    }
  },
  "13": {
    "fit_time": [
      1.147803783416748,
      1.1483237743377686,
      1.047691822052002,
      1.1768391132354736,
      1.162647008895874
    ],
    "score_time": [
      0.023449420928955078,
      0.02666497230529785,
      0.023924589157104492,
      0.028118371963500977,
      0.032140254974365234
    ],
    "test_pearson_r": [
      0.3676947272071109,
      0.6957889032505225,
      0.36371913549649426,
      0.35509488223061975,
      0.5007771819934902
    ],
    "test_spearman_r": [
      0.2609958123300376,
      0.6873748466433586,
      0.39714187790238714,
      0.381946208015711,
      0.47898979576636114
    ],
    "test_rmse": [
      -0.6040689870571853,
      -0.4752843867793774,
      -0.5896907677625319,
      -0.6093780095202586,
      -0.5138344835708579
    ],
    "test_mae": [
      -0.5083884914106634,
      -0.3724422477121421,
      -0.43549495162457447,
      -0.45987830600413265,
      -0.4180166888479633
    ],
    "test_r2": [
      0.07240554277538935,
      0.46563592130559495,
      0.10772879159015547,
      0.10425879796345539,
      0.17534694075660007
    ],
    "best_params": {
      "check_inverse": true,
      "func": null,
      "inverse_func": null,
      "regressor__bootstrap": true,
      "regressor__ccp_alpha": 0.0,
      "regressor__criterion": "squared_error",
      "regressor__max_depth": null,
      "regressor__max_features": null,
      "regressor__max_leaf_nodes": null,
      "regressor__max_samples": null,
      "regressor__min_impurity_decrease": 0.0,
      "regressor__min_samples_leaf": 0.001,
      "regressor__min_samples_split": 0.001,
      "regressor__min_weight_fraction_leaf": 0.0,
      "regressor__monotonic_cst": null,
      "regressor__n_estimators": 125,
      "regressor__n_jobs": null,
      "regressor__oob_score": false,
      "regressor__random_state": null,
      "regressor__verbose": 0,
      "regressor__warm_start": false,
      "transformer__memory": null,
      "transformer__verbose": false,
      "transformer__y scaler__copy": true,
      "transformer__y scaler__with_mean": true,
      "transformer__y scaler__with_std": true
    }
  },
  "42": {
    "fit_time": [
      10.811079025268555,
      10.618507862091064,
      11.062621116638184,
      12.713034391403198,
      11.595355749130249
    ],
    "score_time": [
      0.12277913093566895,
      0.11389470100402832,
      0.11814498901367188,
      0.11983895301818848,
      0.11881828308105469
    ],
    "test_pearson_r": [
      0.45551661643417357,
      0.3221749768829005,
      0.5956524371777058,
      0.6477073517846763,
      0.4357170206585394
    ],
    "test_spearman_r": [
      0.4619072763532764,
      0.33341130209408104,
      0.5230269238349118,
      0.5815662837636453,
      0.38059287927200613
    ],
    "test_rmse": [
      -0.5948285168023671,
      -0.6492855546131079,
      -0.4006625114633101,
      -0.4938742749023703,
      -0.6000230479971992
    ],
    "test_mae": [
      -0.5062152262950189,
      -0.4512957056331985,
      -0.33138474800653783,
      -0.3940185140630437,
      -0.5066381149857897
    ],
    "test_r2": [
      0.20292482695969294,
      0.02160475452288768,
      0.3532455531763561,
      0.4080186432652597,
      0.13631425323647917
    ],
    "best_params": {
      "check_inverse": true,
      "func": null,
      "inverse_func": null,
      "regressor__bootstrap": true,
      "regressor__ccp_alpha": 0.0,
      "regressor__criterion": "squared_error",
      "regressor__max_depth": null,
      "regressor__max_features": null,
      "regressor__max_leaf_nodes": null,
      "regressor__max_samples": null,
      "regressor__min_impurity_decrease": 0.0,
      "regressor__min_samples_leaf": 0.001,
      "regressor__min_samples_split": 0.1256639045276815,
      "regressor__min_weight_fraction_leaf": 0.0,
      "regressor__monotonic_cst": null,
      "regressor__n_estimators": 2000,
      "regressor__n_jobs": null,
      "regressor__oob_score": false,
      "regressor__random_state": null,
      "regressor__verbose": 0,
      "regressor__warm_start": false,
      "transformer__memory": null,
      "transformer__verbose": false,
      "transformer__y scaler__copy": true,
      "transformer__y scaler__with_mean": true,
      "transformer__y scaler__with_std": true
    }
  },
  "69": {
    "fit_time": [
      0.08626484870910645,
      0.08240103721618652,
      0.0795125961303711,
      0.043374061584472656,
      0.07898283004760742
    ],
    "score_time": [
      0.03958868980407715,
      0.03400373458862305,
      0.0325469970703125,
      0.01912212371826172,
      0.033339738845825195
    ],
    "test_pearson_r": [
      0.5647277621054985,
      0.304826717280616,
      0.5263642363581681,
      0.4622340789827289,
      0.4337910105366584
    ],
    "test_spearman_r": [
      0.5545682016299431,
      0.2579245203967275,
      0.4995034613860387,
      0.4594916136002726,
      0.42581552406398915
    ],
    "test_rmse": [
      -0.5217681751978744,
      -0.5889876821875862,
      -0.5396152265401521,
      -0.5347408614487299,
      -0.6283699444744417
    ],
    "test_mae": [
      -0.420552384272951,
      -0.43883848667520964,
      -0.4288535883022145,
      -0.44070210257446224,
      -0.4925518908776944
    ],
    "test_r2": [
      0.2942877220758007,
      0.013222793062509952,
      0.25809040017052953,
      0.19283043138638145,
      0.16061523368083885
    ],
    "best_params": {
      "check_inverse": true,
      "func": null,
      "inverse_func": null,
      "regressor__bootstrap": true,
      "regressor__ccp_alpha": 0.0,
      "regressor__criterion": "squared_error",
      "regressor__max_depth": null,
      "regressor__max_features": "log2",
      "regressor__max_leaf_nodes": null,