{
  "6": {
    "fit_time": [
      2.6991121768951416,
      2.6677911281585693,
      2.622746229171753,
      2.677788496017456,
      2.6606035232543945
    ],
    "score_time": [
      0.10767364501953125,
      0.11087512969970703,
      0.10992932319641113,
      0.10930180549621582,
      0.1108708381652832
    ],
    "test_r": [
      0.6675513265095139,
      0.4501253781961406,
      0.7263187301675632,
      0.7386567700281781,
      0.41249725142552807
    ],
    "test_r2": [
      0.15656461968968116,
      0.18531612681236165,
      0.4954124358178601,
      0.31264394237856563,
      0.03139767318579101
    ],
    "test_rmse": [
      -4.8349515164134695,
      -6.940470091260511,
      -5.889767272193376,
      -4.912643555571814,
      -26.865804758837797
    ],
    "test_mae": [
      -3.7283017085840875,
      -4.242984536164288,
      -3.696297090968422,
      -3.78133744789101,
      -9.789921332025042
    ],
    "best_params": {
      "check_inverse": true,
      "func": null,
      "inverse_func": null,
      "regressor__bootstrap": true,
      "regressor__ccp_alpha": 0.0,
      "regressor__criterion": "squared_error",
      "regressor__max_depth": null,
      "regressor__max_features": "sqrt",
      "regressor__max_leaf_nodes": null,
      "regressor__max_samples": null,
      "regressor__min_impurity_decrease": 0.0,
      "regressor__min_samples_leaf": 0.05,
      "regressor__min_samples_split": 0.09568917543663075,
      "regressor__min_weight_fraction_leaf": 0.0,
      "regressor__monotonic_cst": null,
      "regressor__n_estimators": 2000,
      "regressor__n_jobs": null,
      "regressor__oob_score": false,
      "regressor__random_state": null,
      "regressor__verbose": 0,
      "regressor__warm_start": false,
      "transformer__memory": null,
      "transformer__verbose": false,
      "transformer__y scaler__copy": true,
      "transformer__y scaler__with_mean": true,
      "transformer__y scaler__with_std": true
    }
  },
  "13": {
    "fit_time": [
      2.861494541168213,
      2.8337087631225586,
      2.817344903945923,
      2.788865089416504,
      2.768773317337036
    ],
    "score_time": [
      0.11166763305664062,
      0.11169791221618652,
      0.11139917373657227,
      0.11101245880126953,
      0.1123347282409668
    ],
    "test_r": [
      0.7230632457863111,
      0.6927631569947006,
      0.5931804193793944,
      0.3853201277852629,
      0.5782390230804835
    ],
    "test_r2": [
      0.22508754898109562,
      0.4570360881201794,
      0.34926681379329105,
      0.04810163405962797,
      0.3263736132725399
    ],
    "test_rmse": [
      -5.064657790548123,
      -5.773335869377968,
      -6.493472774400264,
      -26.206694222451578,
      -6.773750701369141
    ],
    "test_mae": [
      -4.053754827429139,
      -3.6066684498474197,
      -4.356108156127005,
      -8.604015912300966,
      -4.217126721891724
    ],
    "best_params": {
      "check_inverse": true,
      "func": null,
      "inverse_func": null,
      "regressor__bootstrap": true,
      "regressor__ccp_alpha": 0.0,
      "regressor__criterion": "squared_error",
      "regressor__max_depth": null,
      "regressor__max_features": "sqrt",
      "regressor__max_leaf_nodes": null,
      "regressor__max_samples": null,
      "regressor__min_impurity_decrease": 0.0,
      "regressor__min_samples_leaf": 0.05,
      "regressor__min_samples_split": 0.07914618525779696,
      "regressor__min_weight_fraction_leaf": 0.0,
      "regressor__monotonic_cst": null,
      "regressor__n_estimators": 2000,
      "regressor__n_jobs": null,
      "regressor__oob_score": false,
      "regressor__random_state": null,
      "regressor__verbose": 0,
      "regressor__warm_start": false,
      "transformer__memory": null,
      "transformer__verbose": false,
      "transformer__y scaler__copy": true,
      "transformer__y scaler__with_mean": true,
      "transformer__y scaler__with_std": true
    }
  },
  "42": {
    "fit_time": [
      0.16421198844909668,
      0.1609961986541748,
      0.16137385368347168,
      0.16920971870422363,
      0.15780901908874512
    ],
    "score_time": [
      0.03620457649230957,
      0.03670525550842285,
      0.03600192070007324,
      0.035735130310058594,
      0.03684568405151367
    ],
    "test_r": [
      0.5432001895525519,
      0.6278863280968411,
      0.5551344364658518,
      0.663790237972224,
      0.573331068048399
    ],
    "test_r2": [
      0.2023831133361067,
      0.3468260405502458,
      0.13553214018829096,
      0.4040354026221401,
      0.31046802038603327
    ],
    "test_rmse": [
      -16.916616382167252,
      -6.368348800406363,
      -19.26165858782341,
      -5.858625539333335,
      -6.215730893856972
    ],
    "test_mae": [
      -5.530758080566163,
      -4.952548968938048,
      -6.541484147547474,
      -4.418134045552542,
      -4.108621273517944
    ],
    "best_params": {
      "check_inverse": true,
      "func": null,
      "inverse_func": null,
      "regressor__bootstrap": true,
      "regressor__ccp_alpha": 0.0,
      "regressor__criterion": "squared_error",
      "regressor__max_depth": null,
      "regressor__max_features": "sqrt",
      "regressor__max_leaf_nodes": null,
      "regressor__max_samples": null,
      "regressor__min_impurity_decrease": 0.0,
      "regressor__min_samples_leaf": 0.051205555303130965,
      "regressor__min_samples_split": 0.054716484092241384,
      "regressor__min_weight_fraction_leaf": 0.0,
      "regressor__monotonic_cst": null,
      "regressor__n_estimators": 91,
      "regressor__n_jobs": null,
      "regressor__oob_score": false,
      "regressor__random_state": null,
      "regressor__verbose": 0,
      "regressor__warm_start": false,
      "transformer__memory": null,
      "transformer__verbose": false,
      "transformer__y scaler__copy": true,
      "transformer__y scaler__with_mean": true,
      "transformer__y scaler__with_std": true
    }
  },
  "69": {
    "fit_time": [
      0.10314536094665527,
      0.11223506927490234,
      0.1061241626739502,
      0.10244369506835938,
      0.10473513603210449
    ],
    "score_time": [
      0.03444933891296387,
      0.03447604179382324,
      0.03401541709899902,
      0.0346524715423584,
      0.03474855422973633
    ],
    "test_r": [
      0.6581104283833619,
      0.5836657958646341,
      0.5642064058910304,
      0.6266706912660326,
      0.5218402553812058
    ],
    "test_r2": [
      0.4007140302414568,
      0.14959772875750355,
      0.21682301757176303,
      0.2815645622043038,
      0.17149590712896157
    ],
    "test_rmse": [
      -7.080102654092613,
      -18.524274708994273,
      -17.280904579046794,
      -4.328503945873688,
      -7.089429970022938
    ],
    "test_mae": [
      -4.562110316547493,
      -6.748580134183782,
      -6.122948542164513,
      -3.2792971026760993,
      -4.671839684083854
    ],
    "best_params": {
      "check_inverse": true,
      "func": null,
      "inverse_func": null,
      "regressor__bootstrap": true,
      "regressor__ccp_alpha": 0.0,
      "regressor__criterion": "squared_error",
      "regressor__max_depth": null,
      "regressor__max_features": "sqrt",
      "regressor__max_leaf_nodes": null,
      "regressor__max_samples": null,
      "regressor__min_impurity_decrease": 0.0,
      "regressor__min_samples_leaf": 0.05,
      "regressor__min_samples_split": 0.13919983716545808,
      "regressor__min_weight_fraction_leaf": 0.0,
      "regressor__monotonic_cst": null,
      "regressor__n_estimators": 50,
      "regressor__n_jobs": null,
      "regressor__oob_score": false,
      "regressor__random_state": null,
      "regressor__verbose": 0,
      "regressor__warm_start": false,
      "transformer__memory": null,
      "transformer__verbose": false,
      "transformer__y scaler__copy": true,
      "transformer__y scaler__with_mean": true,
      "transformer__y scaler__with_std": true
    }
  },