{
  "6": {
    "fit_time": [
      0.018535137176513672,
      0.01969432830810547,
      0.018840551376342773,
      0.019047975540161133,
      0.0196683406829834
    ],
    "score_time": [
      0.014598608016967773,
      0.013698816299438477,
      0.01447439193725586,
      0.013107061386108398,
      0.013938426971435547
    ],
    "test_r": [
      0.30509404138472324,
      0.1847765957092205,
      0.21992490750737845,
      0.17026763270748327,
      NaN
    ],
    "test_r2": [
      -0.38035016420209167,
      -0.23222875225764605,
      -0.019641117875407232,
      -0.20410460755048154,
      -0.06917920987020842
    ],
    "test_rmse": [
      -6.185301182348257,
      -8.535716778057026,
      -8.372468711258163,
      -6.502142471255338,
      -28.22619600346313
    ],
    "test_mae": [
      -4.960061060606061,
      -6.606844727377606,
      -5.894760938803419,
      -4.832638405850212,
      -11.72946458580247
    ],
    "best_params": {
      "check_inverse": true,
      "func": null,
      "inverse_func": null,
      "regressor__ccp_alpha": 0.05,
      "regressor__criterion": "squared_error",
      "regressor__max_depth": null,
      "regressor__max_features": null,
      "regressor__max_leaf_nodes": null,
      "regressor__min_impurity_decrease": 0.0,
      "regressor__min_samples_leaf": 0.05,
      "regressor__min_samples_split": 0.19199602255383613,
      "regressor__min_weight_fraction_leaf": 0.0,
      "regressor__monotonic_cst": null,
      "regressor__random_state": null,
      "regressor__splitter": "best",
      "transformer__memory": null,
      "transformer__verbose": false,
      "transformer__y scaler__copy": true,
      "transformer__y scaler__with_mean": true,
      "transformer__y scaler__with_std": true
    }
  },
  "13": {
    "fit_time": [
      0.018485307693481445,
      0.019338130950927734,
      0.018114328384399414,
      0.018996477127075195,
      0.021191835403442383
    ],
    "score_time": [
      0.014517068862915039,
      0.01318669319152832,
      0.014293432235717773,
      0.014151334762573242,
      0.011356353759765625
    ],
    "test_r": [
      0.20884240691731698,
      0.0830662912436391,
      0.16835785600842174,
      0.34778956701636604,
      0.6116630859325339
    ],
    "test_r2": [
      -0.33012170891540227,
      -0.2509915304882193,
      -0.2036794474854624,
      0.01466562833697993,
      0.3088646542016412
    ],
    "test_rmse": [
      -6.635436196207198,
      -8.763317079442345,
      -8.831428735426222,
      -26.662984922941934,
      -6.861217959103415
    ],
    "test_mae": [
      -5.196839411858974,
      -6.247225523569023,
      -6.557956948148146,
      -10.26597937983256,
      -4.861490034188033
    ],
    "best_params": {
      "check_inverse": true,
      "func": null,
      "inverse_func": null,
      "regressor__ccp_alpha": 0.05,
      "regressor__criterion": "squared_error",
      "regressor__max_depth": null,
      "regressor__max_features": "log2",
      "regressor__max_leaf_nodes": null,
      "regressor__min_impurity_decrease": 0.0,
      "regressor__min_samples_leaf": 0.05,
      "regressor__min_samples_split": 0.14209494860968186,
      "regressor__min_weight_fraction_leaf": 0.0,
      "regressor__monotonic_cst": null,
      "regressor__random_state": null,
      "regressor__splitter": "best",
      "transformer__memory": null,
      "transformer__verbose": false,
      "transformer__y scaler__copy": true,
      "transformer__y scaler__with_mean": true,
      "transformer__y scaler__with_std": true
    }
  },
  "42": {
    "fit_time": [
      0.021567583084106445,
      0.01856207847595215,
      0.02105569839477539,
      0.0182797908782959,
      0.022503376007080078
    ],
    "score_time": [
      0.012148141860961914,
      0.017431020736694336,
      0.012074708938598633,
      0.014456033706665039,
      0.010264396667480469
    ],
    "test_r": [
      0.2528508809933357,
      NaN,
      NaN,
      NaN,
      NaN
    ],
    "test_r2": [
      0.054850898028410366,
      -0.0023941155286479887,
      -0.04406101226549053,
      -0.031445836662272963,
      -0.03134598661524879
    ],
    "test_rmse": [
      -18.41477826983945,
      -7.88917637131951,
      -21.16811539627404,
      -7.707414633378517,
      -7.601813116051089
    ],
    "test_mae": [
      -7.543237666980306,
      -5.751378903703702,
      -9.148898298148147,
      -6.2826616327160485,
      -5.505162227160494
    ],
    "best_params": {
      "check_inverse": true,
      "func": null,
      "inverse_func": null,
      "regressor__ccp_alpha": 0.053412488819458634,
      "regressor__criterion": "squared_error",
      "regressor__max_depth": null,
      "regressor__max_features": "log2",
      "regressor__max_leaf_nodes": null,
      "regressor__min_impurity_decrease": 0.0,
      "regressor__min_samples_leaf": 0.28928100239220217,
      "regressor__min_samples_split": 0.5939444760546818,
      "regressor__min_weight_fraction_leaf": 0.0,
      "regressor__monotonic_cst": null,
      "regressor__random_state": null,
      "regressor__splitter": "best",
      "transformer__memory": null,
      "transformer__verbose": false,
      "transformer__y scaler__copy": true,
      "transformer__y scaler__with_mean": true,
      "transformer__y scaler__with_std": true
    }
  },
  "69": {
    "fit_time": [
      0.033710479736328125,
      0.01738882064819336,
      0.017374277114868164,
      0.028342247009277344,
      0.018078088760375977
    ],
    "score_time": [
      0.009476900100708008,
      0.016579627990722656,
      0.017368316650390625,
      0.013194084167480469,
      0.013654470443725586
    ],
    "test_r": [
      0.24551510286307793,
      0.3097523357072068,
      0.3237133870367186,
      0.20354949402998454,
      0.40434905245043024
    ],
    "test_r2": [
      0.04025487738150235,
      0.01932965605364434,
      0.0790077146978585,
      -1.0118101625833154,
      0.07795446030462361
    ],
    "test_rmse": [
      -8.959844166150038,
      -19.89255319972104,
      -18.739780979178885,
      -7.243316184674808,
      -7.478942141118851
    ],
    "test_mae": [
      -5.811450123130342,
      -8.182710566893425,
      -7.918968678362573,
      -5.5805771125531765,
      -5.7807839932659935
    ],
    "best_params": {
      "check_inverse": true,
      "func": null,
      "inverse_func": null,
      "regressor__ccp_alpha": 0.05484396667984094,
      "regressor__criterion": "squared_error",
      "regressor__max_depth": null,
      "regressor__max_features": "sqrt",
      "regressor__max_leaf_nodes": null,
      "regressor__min_impurity_decrease": 0.0,
      "regressor__min_samples_leaf": 0.06526659764302553,
      "regressor__min_samples_split": 0.0764234084285082,
      "regressor__min_weight_fraction_leaf": 0.0,
      "regressor__monotonic_cst": null,
      "regressor__random_state": null,
      "regressor__splitter": "best",
      "transformer__memory": null,
      "transformer__verbose": false,
      "transformer__y scaler__copy": true,
      "transformer__y scaler__with_mean": true,
      "transformer__y scaler__with_std": true
    }
  },
  "420": {
    "fit_time": [
      0.018656492233276367,
      0.018863201141357422,
      0.017153263092041016,
      0.01737070083618164,
      0.01918482780456543
    ],
    "score_time": [
      0.010458946228027344,
      0.014405012130737305,
      0.00950765609741211,
      0.013447284698486328,
      0.009657144546508789
    ],
    "test_r": [
      NaN,
      NaN,
      NaN,
      NaN,
      NaN
    ],
    "test_r2": [
      -0.201288156189793,
      -0.0737391441924864,
      -0.010480006706033107,
      -0.9432153663510008,
      -0.018323010681728702
    ],
    "test_rmse": [
      -6.960397113400362,
      -21.346744840958678,
      -20.357318974791443,
      -5.534379377072021,
      -7.174071545525515
    ],