{
  "6": {
    "fit_time": [
      0.017960309982299805,
      0.018297910690307617,
      0.018490314483642578,
      0.0172574520111084,
      0.01883840560913086
    ],
    "score_time": [
      0.0137176513671875,
      0.02381134033203125,
      0.012847900390625,
      0.022829294204711914,
      0.021489858627319336
    ],
    "test_r": [
      0.30509404138472324,
      NaN,
      0.02919536809625461,
      NaN,
      NaN
    ],
    "test_r2": [
      -0.38035016420209167,
      -0.03888822036924733,
      -0.27518305453986325,
      -0.23609138540777574,
      -0.06917920987020842
    ],
    "test_rmse": [
      -6.185301182348257,
      -7.837521375376539,
      -9.363023845740344,
      -6.587940407639072,
      -28.22619600346313
    ],
    "test_mae": [
      -4.960061060606061,
      -5.965597916666666,
      -6.452240590421421,
      -5.5903489851851855,
      -11.72946458580247
    ],
    "best_params": {
      "check_inverse": true,
      "func": null,
      "inverse_func": null,
      "regressor__ccp_alpha": 0.05,
      "regressor__criterion": "squared_error",
      "regressor__max_depth": null,
      "regressor__max_features": "log2",
      "regressor__max_leaf_nodes": null,
      "regressor__min_impurity_decrease": 0.0,
      "regressor__min_samples_leaf": 0.14856228772243157,
      "regressor__min_samples_split": 0.05,
      "regressor__min_weight_fraction_leaf": 0.0,
      "regressor__monotonic_cst": null,
      "regressor__random_state": null,
      "regressor__splitter": "best",
      "transformer__memory": null,
      "transformer__verbose": false,
      "transformer__y scaler__copy": true,
      "transformer__y scaler__with_mean": true,
      "transformer__y scaler__with_std": true
    }
  },
  "13": {
    "fit_time": [
      0.018687963485717773,
      0.018892765045166016,
      0.018482685089111328,
      0.01804828643798828,
      0.018433094024658203
    ],
    "score_time": [
      0.013283252716064453,
      0.012677431106567383,
      0.01283121109008789,
      0.012050628662109375,
      0.01251673698425293
    ],
    "test_r": [
      0.20884240691731698,
      -0.03781725727461934,
      0.12248159446782617,
      0.1799203710542552,
      0.5534180508767819
    ],
    "test_r2": [
      -0.33012170891540227,
      -1.214358407341575,
      -0.15326772254522902,
      0.0006935887710464161,
      0.21843218694360544
    ],
    "test_rmse": [
      -6.635436196207198,
      -11.659107291879055,
      -8.644514653821755,
      -26.851360022400275,
      -7.296305276580623
    ],
    "test_mae": [
      -5.196839411858974,
      -7.907010685150421,
      -5.7425020558317454,
      -10.727024440174509,
      -5.276341886039886
    ],
    "best_params": {
      "check_inverse": true,
      "func": null,
      "inverse_func": null,
      "regressor__ccp_alpha": 0.05,
      "regressor__criterion": "squared_error",
      "regressor__max_depth": null,
      "regressor__max_features": "sqrt",
      "regressor__max_leaf_nodes": null,
      "regressor__min_impurity_decrease": 0.0,
      "regressor__min_samples_leaf": 0.05,
      "regressor__min_samples_split": 0.05,
      "regressor__min_weight_fraction_leaf": 0.0,
      "regressor__monotonic_cst": null,
      "regressor__random_state": null,
      "regressor__splitter": "best",
      "transformer__memory": null,
      "transformer__verbose": false,
      "transformer__y scaler__copy": true,
      "transformer__y scaler__with_mean": true,
      "transformer__y scaler__with_std": true
    }
  },
  "42": {
    "fit_time": [
      0.017225265502929688,
      0.018805742263793945,
      0.018503189086914062,
      0.017536163330078125,
      0.01896071434020996
    ],
    "score_time": [
      0.013897180557250977,
      0.009231328964233398,
      0.009104251861572266,
      0.011192083358764648,
      0.009016752243041992
    ],
    "test_r": [
      NaN,
      NaN,
      NaN,
      NaN,
      NaN
    ],
    "test_r2": [
      -0.0046524432675809635,
      -0.0023941155286479887,
      -0.04406101226549053,
      -0.031445836662272963,
      -0.03134598661524879
    ],
    "test_rmse": [
      -18.985596793205055,
      -7.88917637131951,
      -21.16811539627404,
      -7.707414633378517,
      -7.601813116051089
    ],
    "test_mae": [
      -7.491094120987656,
      -5.751378903703702,
      -9.148898298148147,
      -6.2826616327160485,
      -5.505162227160494
    ],
    "best_params": {
      "check_inverse": true,
      "func": null,
      "inverse_func": null,
      "regressor__ccp_alpha": 0.05,
      "regressor__criterion": "squared_error",
      "regressor__max_depth": null,
      "regressor__max_features": "sqrt",
      "regressor__max_leaf_nodes": null,
      "regressor__min_impurity_decrease": 0.0,
      "regressor__min_samples_leaf": 0.2901696222939929,
      "regressor__min_samples_split": 0.23565288919997057,
      "regressor__min_weight_fraction_leaf": 0.0,
      "regressor__monotonic_cst": null,
      "regressor__random_state": null,
      "regressor__splitter": "best",
      "transformer__memory": null,
      "transformer__verbose": false,
      "transformer__y scaler__copy": true,
      "transformer__y scaler__with_mean": true,
      "transformer__y scaler__with_std": true
    }
  },
  "69": {
    "fit_time": [
      0.019956588745117188,
      0.018830537796020508,
      0.012596607208251953,
      0.01867389678955078,
      0.019090652465820312
    ],
    "score_time": [
      0.009507417678833008,
      0.010475873947143555,
      0.017197132110595703,
      0.010750770568847656,
      0.009203195571899414
    ],
    "test_r": [
      0.24551510286307793,
      NaN,
      NaN,
      0.1657880216340239,
      0.40434905245043024
    ],
    "test_r2": [
      0.04025487738150235,
      -0.057295428966398054,
      -0.0024226424869429053,
      -1.2548287800474425,
      0.07795446030462361
    ],
    "test_rmse": [
      -8.959844166150038,
      -20.655094411282345,
      -19.55068365347632,
      -7.668328855606506,
      -7.478942141118851
    ],
    "test_mae": [
      -5.811450123130342,
      -8.475561691975308,
      -8.000227716049382,
      -5.8011491698867665,
      -5.7807839932659935
    ],
    "best_params": {
      "check_inverse": true,
      "func": null,
      "inverse_func": null,
      "regressor__ccp_alpha": 0.05484396667984094,
      "regressor__criterion": "squared_error",
      "regressor__max_depth": null,
      "regressor__max_features": "sqrt",
      "regressor__max_leaf_nodes": null,
      "regressor__min_impurity_decrease": 0.0,
      "regressor__min_samples_leaf": 0.06526659764302553,
      "regressor__min_samples_split": 0.0764234084285082,
      "regressor__min_weight_fraction_leaf": 0.0,
      "regressor__monotonic_cst": null,
      "regressor__random_state": null,
      "regressor__splitter": "best",
      "transformer__memory": null,
      "transformer__verbose": false,
      "transformer__y scaler__copy": true,
      "transformer__y scaler__with_mean": true,
      "transformer__y scaler__with_std": true
    }
  },
  "420": {
    "fit_time": [
      0.018052339553833008,
      0.021945714950561523,
      0.017186403274536133,
      0.018559932708740234,
      0.017351150512695312
    ],
    "score_time": [
      0.011477231979370117,
      0.014137983322143555,
      0.01578998565673828,
      0.008988618850708008,
      0.011685371398925781
    ],
    "test_r": [
      NaN,
      NaN,
      NaN,
      NaN,
      NaN
    ],
    "test_r2": [
      -0.201288156189793,
      -0.0737391441924864,
      -0.010480006706033107,
      -0.9432153663510008,
      -0.018323010681728702
    ],
    "test_rmse": [
      -6.960397113400362,
      -21.346744840958678,
      -20.357318974791443,
      -5.534379377072021,
      -7.174071545525515
    ],
    "test_mae": [
      -5.599174244444444,
      -9.499981644444444,
      -8.659220822222224,
      -5.027747912345678,
      -5.717926129629631
    ],