{
  "6": {
    "fit_time": [
      3.462480068206787,
      3.5369131565093994,
      3.577787160873413,
      3.5875346660614014,
      4.669135570526123
    ],
    "score_time": [
      0.13913917541503906,
      0.13868355751037598,
      0.13471722602844238,
      0.13041925430297852,
      0.14409923553466797
    ],
    "test_r": [
      0.14204829043391592,
      0.2711497625821398,
      0.4760199648903135,
      0.3451224893459096,
      0.5006232025055924
    ],
    "test_r2": [
      -0.017244265275515147,
      0.06803582616051784,
      -0.15338552601972655,
      0.0653187878179109,
      0.16048883377122347
    ],
    "test_rmse": [
      -166.47831729153498,
      -115.55069222190623,
      -66.16894719202453,
      -133.20359983772394,
      -63.76060610822523
    ],
    "test_mae": [
      -75.64796892980922,
      -56.43936549578426,
      -54.92189055623018,
      -71.69202718999485,
      -53.18004152314512
    ],
    "best_params": {
      "check_inverse": true,
      "func": null,
      "inverse_func": null,
      "regressor__bootstrap": true,
      "regressor__ccp_alpha": 0.0,
      "regressor__criterion": "squared_error",
      "regressor__max_depth": null,
      "regressor__max_features": "sqrt",
      "regressor__max_leaf_nodes": null,
      "regressor__max_samples": null,
      "regressor__min_impurity_decrease": 0.0,
      "regressor__min_samples_leaf": 0.05,
      "regressor__min_samples_split": 0.05,
      "regressor__min_weight_fraction_leaf": 0.0,
      "regressor__monotonic_cst": null,
      "regressor__n_estimators": 2000,
      "regressor__n_jobs": null,
      "regressor__oob_score": false,
      "regressor__random_state": null,
      "regressor__verbose": 0,
      "regressor__warm_start": false,
      "transformer__memory": null,
      "transformer__verbose": false,
      "transformer__y scaler__copy": true,
      "transformer__y scaler__with_mean": true,
      "transformer__y scaler__with_std": true
    }
  },
  "13": {
    "fit_time": [
      3.52778697013855,
      3.581895112991333,
      3.4744203090667725,
      3.5668864250183105,
      3.6620213985443115
    ],
    "score_time": [
      0.13448739051818848,
      0.13442707061767578,
      0.13926959037780762,
      0.13630270957946777,
      0.143143892288208
    ],
    "test_r": [
      0.4289706547851123,
      0.3799699803014171,
      0.027142318534470414,
      0.19943408256537715,
      0.67463674428008
    ],
    "test_r2": [
      -0.37358899438056126,
      0.0404070093937432,
      -0.0263476501280262,
      0.03890182530126174,
      0.29995397811605184
    ],
    "test_rmse": [
      -58.60844150032959,
      -143.87150966642494,
      -159.3654200605572,
      -120.25332663772092,
      -64.3028599590271
    ],
    "test_mae": [
      -51.47413098746028,
      -79.1268761700897,
      -67.3730923334927,
      -63.256147965163926,
      -51.51396301676745
    ],
    "best_params": {
      "check_inverse": true,
      "func": null,
      "inverse_func": null,
      "regressor__bootstrap": true,
      "regressor__ccp_alpha": 0.0,
      "regressor__criterion": "squared_error",
      "regressor__max_depth": null,
      "regressor__max_features": "sqrt",
      "regressor__max_leaf_nodes": null,
      "regressor__max_samples": null,
      "regressor__min_impurity_decrease": 0.0,
      "regressor__min_samples_leaf": 0.05,
      "regressor__min_samples_split": 0.05,
      "regressor__min_weight_fraction_leaf": 0.0,
      "regressor__monotonic_cst": null,
      "regressor__n_estimators": 2000,
      "regressor__n_jobs": null,
      "regressor__oob_score": false,
      "regressor__random_state": null,
      "regressor__verbose": 0,
      "regressor__warm_start": false,
      "transformer__memory": null,
      "transformer__verbose": false,
      "transformer__y scaler__copy": true,
      "transformer__y scaler__with_mean": true,
      "transformer__y scaler__with_std": true
    }
  },
  "42": {
    "fit_time": [
      3.329699993133545,
      3.5287365913391113,
      3.4966914653778076,
      3.9904234409332275,
      3.6516120433807373
    ],
    "score_time": [
      0.14080595970153809,
      0.13193941116333008,
      0.13525748252868652,
      0.13269567489624023,
      0.13192272186279297
    ],
    "test_r": [
      0.2603609106811699,
      0.4952401428611663,
      0.07292927280049662,
      0.32555478699580137,
      0.5118686145725578
    ],
    "test_r2": [
      0.051810847431319695,
      0.17353065158068492,
      -0.00394095479597234,
      0.06889179446639249,
      0.1199963900786688
    ],
    "test_rmse": [
      -117.05510962432874,
      -67.55552455605543,
      -172.41303585657494,
      -126.68732232177803,
      -59.54013885536632
    ],
    "test_mae": [
      -58.149894940110876,
      -54.524294625372775,
      -74.09865937837966,
      -73.00036526399128,
      -50.32168647924127
    ],
    "best_params": {
      "check_inverse": true,
      "func": null,
      "inverse_func": null,
      "regressor__bootstrap": true,
      "regressor__ccp_alpha": 0.0,
      "regressor__criterion": "squared_error",
      "regressor__max_depth": null,
      "regressor__max_features": "sqrt",
      "regressor__max_leaf_nodes": null,
      "regressor__max_samples": null,
      "regressor__min_impurity_decrease": 0.0,
      "regressor__min_samples_leaf": 0.05,
      "regressor__min_samples_split": 0.11660301422061198,
      "regressor__min_weight_fraction_leaf": 0.0,
      "regressor__monotonic_cst": null,
      "regressor__n_estimators": 2000,
      "regressor__n_jobs": null,
      "regressor__oob_score": false,
      "regressor__random_state": null,
      "regressor__verbose": 0,
      "regressor__warm_start": false,
      "transformer__memory": null,
      "transformer__verbose": false,
      "transformer__y scaler__copy": true,
      "transformer__y scaler__with_mean": true,
      "transformer__y scaler__with_std": true
    }
  },
  "69": {
    "fit_time": [
      0.11881017684936523,
      0.1184072494506836,
      0.1272873878479004,
      0.12766480445861816,
      0.13608145713806152
    ],
    "score_time": [
      0.038541316986083984,
      0.0377497673034668,
      0.03713679313659668,
      0.03719925880432129,
      0.0396726131439209
    ],
    "test_r": [
      0.26088989411793456,
      0.10816041921543684,
      0.5190453326713773,
      0.6224601407837096,
      0.20937734826516952
    ],
    "test_r2": [
      0.05762381577174536,
      -0.0035650601519081615,
      0.059582239596028486,
      0.29647632498513143,
      0.03479466295421718
    ],
    "test_rmse": [
      -133.5390231382458,
      -157.0012907095922,
      -60.44338570926554,
      -56.77883165474374,
      -131.9110032415442
    ],
    "test_mae": [
      -69.747100962335,
      -75.49461615142876,
      -50.06612302443095,
      -45.19870197295607,
      -69.87408418606998
    ],
    "best_params": {
      "check_inverse": true,
      "func": null,
      "inverse_func": null,
      "regressor__bootstrap": true,
      "regressor__ccp_alpha": 0.0,
      "regressor__criterion": "squared_error",
      "regressor__max_depth": null,
      "regressor__max_features": "sqrt",
      "regressor__max_leaf_nodes": null,
      "regressor__max_samples": null,
      "regressor__min_impurity_decrease": 0.0,
      "regressor__min_samples_leaf": 0.05,
      "regressor__min_samples_split": 0.13495197900883016,
      "regressor__min_weight_fraction_leaf": 0.0,
      "regressor__monotonic_cst": null,
      "regressor__n_estimators": 50,
      "regressor__n_jobs": null,
      "regressor__oob_score": false,
      "regressor__random_state": null,
      "regressor__verbose": 0,
      "regressor__warm_start": false,
      "transformer__memory": null,
      "transformer__verbose": false,
      "transformer__y scaler__copy": true,
      "transformer__y scaler__with_mean": true,
      "transformer__y scaler__with_std": true
    }
  },