{
  "6": {
    "fit_time": [
      6.640980243682861,
      6.306642055511475,
      6.294714689254761,
      6.4748148918151855,
      6.1565399169921875
    ],
    "score_time": [
      0.04708385467529297,
      0.049933433532714844,
      0.05055427551269531,
      0.049575090408325195,
      0.05099344253540039
    ],
    "test_r": [
      0.35018997648981487,
      0.2945921170965093,
      0.2513451173257149,
      0.4408982295386525,
      0.5913578639038083
    ],
    "test_r2": [
      0.09794604778289795,
      0.05924040079116821,
      0.058329999446868896,
      0.13858211040496826,
      0.28084003925323486
    ],
    "test_rmse": [
      -114.89049403869512,
      -124.90871536209977,
      -129.9345799940317,
      -122.97606485032745,
      -57.49202871335857
    ],
    "test_mae": [
      -58.08453857720468,
      -56.87271839113722,
      -59.53165728370218,
      -67.9250442386283,
      -44.737804997008084
    ],
    "best_params": {
      "check_inverse": true,
      "func": null,
      "inverse_func": null,
      "regressor__kernel": "rbf",
      "regressor__lr": 0.01,
      "regressor__n_epoch": 200,
      "transformer__memory": null,
      "transformer__verbose": false,
      "transformer__y scaler__copy": true,
      "transformer__y scaler__unit_variance": false,
      "transformer__y scaler__with_centering": true,
      "transformer__y scaler__with_scaling": true
    }
  },
  "13": {
    "fit_time": [
      6.691606760025024,
      6.4732561111450195,
      6.41851019859314,
      6.700105905532837,
      6.233753204345703
    ],
    "score_time": [
      0.04793047904968262,
      0.050351858139038086,
      0.05048704147338867,
      0.047429800033569336,
      0.05115914344787598
    ],
    "test_r": [
      0.3583056995114556,
      0.3785656799829687,
      0.16031521787836422,
      0.2461284036088366,
      0.6891269016118055
    ],
    "test_r2": [
      -0.1969517469406128,
      -0.0014619827270507812,
      0.006336092948913574,
      0.05858391523361206,
      0.393723726272583
    ],
    "test_rmse": [
      -58.52598129052823,
      -174.11180806051993,
      -111.32451018746806,
      -129.72279280251,
      -58.96269233492093
    ],
    "test_mae": [
      -48.024179506393125,
      -87.50185262853286,
      -50.356955687794404,
      -61.57866504159965,
      -47.25196733548033
    ],
    "best_params": {
      "check_inverse": true,
      "func": null,
      "inverse_func": null,
      "regressor__kernel": "rbf",
      "regressor__lr": 0.01,
      "regressor__n_epoch": 200,
      "transformer__memory": null,
      "transformer__verbose": false,
      "transformer__y scaler__copy": true,
      "transformer__y scaler__unit_variance": false,
      "transformer__y scaler__with_centering": true,
      "transformer__y scaler__with_scaling": true
    }
  },
  "42": {
    "fit_time": [
      6.2559003829956055,
      6.163368225097656,
      6.386062145233154,
      6.431610584259033,
      6.165566682815552
    ],
    "score_time": [
      0.049929141998291016,
      0.04885745048522949,
      0.047582387924194336,
      0.044940948486328125,
      0.05013084411621094
    ],
    "test_r": [
      0.5638035884106678,
      0.27761197298525897,
      0.20882187699487736,
      0.6748273663367826,
      0.3608479504225279
    ],
    "test_r2": [
      0.22294491529464722,
      0.04050320386886597,
      0.02412039041519165,
      0.36980700492858887,
      0.05353134870529175
    ],
    "test_rmse": [
      -61.70650843755454,
      -164.02022340886097,
      -160.80755447755206,
      -68.69764294372432,
      -62.336584991915444
    ],
    "test_mae": [
      -51.39458917818557,
      -65.16917785800709,
      -66.08154985755472,
      -52.64055302765491,
      -52.545099557273716
    ],
    "best_params": {
      "check_inverse": true,
      "func": null,
      "inverse_func": null,
      "regressor__kernel": "rbf",
      "regressor__lr": 0.01,
      "regressor__n_epoch": 200,
      "transformer__memory": null,
      "transformer__verbose": false,
      "transformer__y scaler__copy": true,
      "transformer__y scaler__unit_variance": false,
      "transformer__y scaler__with_centering": true,
      "transformer__y scaler__with_scaling": true
    }
  },
  "69": {
    "fit_time": [
      7.142736434936523,
      6.752565383911133,
      6.316591501235962,
      6.3377697467803955,
      6.3145294189453125
    ],
    "score_time": [
      0.04581022262573242,
      0.047933340072631836,
      0.04981708526611328,
      0.04889249801635742,
      0.049434661865234375
    ],
    "test_r": [
      0.35318071258106504,
      0.3496080967769679,
      0.6021673043939555,
      0.5765786825316154,
      0.25177842468975825
    ],
    "test_r2": [
      0.10082089900970459,
      0.11657780408859253,
      0.250674307346344,
      0.31454652547836304,
      0.02222466468811035
    ],
    "test_rmse": [
      -131.988160053458,
      -113.75460895215787,
      -55.14484445405609,
      -54.22785651848488,
      -165.71063832466666
    ],
    "test_mae": [
      -65.06174851123286,
      -55.234237976056264,
      -43.96656531929764,
      -42.60235212067847,
      -77.77409764744179
    ],
    "best_params": {
      "check_inverse": true,
      "func": null,
      "inverse_func": null,
      "regressor__kernel": "rbf",
      "regressor__lr": 0.01,
      "regressor__n_epoch": 200,
      "transformer__memory": null,
      "transformer__verbose": false,
      "transformer__y scaler__copy": true,
      "transformer__y scaler__unit_variance": false,
      "transformer__y scaler__with_centering": true,
      "transformer__y scaler__with_scaling": true
    }
  },
  "420": {
    "fit_time": [
      6.255256414413452,
      6.313217639923096,
      6.600802898406982,
      6.512610673904419,
      6.241443634033203
    ],
    "score_time": [
      0.05057501792907715,
      0.04728341102600098,
      0.04593467712402344,
      0.04755377769470215,
      0.050083160400390625
    ],
    "test_r": [
      0.7127235525926404,
      0.2809234726446278,
      0.40135892017385777,
      0.27592759784867926,
      0.223941476850986
    ],
    "test_r2": [
      0.43947869539260864,
      0.07264012098312378,
      0.1241040825843811,
      0.06299847364425659,
      0.048928022384643555
    ],
    "test_rmse": [
      -52.63137059995392,
      -125.96553456837059,
      -120.11115608099084,
      -133.55586082222501,
      -115.51080956011864
    ],
    "test_mae": [
      -42.30871630867751,
      -62.051110524513405,
      -63.399539923610305,
      -66.16020012311151,
      -54.17188684232823
    ],
    "best_params": {
      "check_inverse": true,
      "func": null,
      "inverse_func": null,
      "regressor__kernel": "rbf",
      "regressor__lr": 0.01,
      "regressor__n_epoch": 200,
      "transformer__memory": null,
      "transformer__verbose": false,
      "transformer__y scaler__copy": true,
      "transformer__y scaler__unit_variance": false,
      "transformer__y scaler__with_centering": true,
      "transformer__y scaler__with_scaling": true
    }
  },
  "1234567890": {
    "fit_time": [
      6.1805267333984375,
      6.483741760253906,
      6.445232391357422,
      6.349973917007446,
      6.725251197814941
    ],
    "score_time": [
      0.050106048583984375,
      0.04863929748535156,
      0.047461748123168945,
      0.04987668991088867,
      0.045204877853393555
    ],
    "test_r": [
      0.6555931035248906,
      0.2528322898523474,
      0.443295367900316,
      0.3471455458807033,
      0.21169268817926912
    ],
    "test_r2": [
      0.3674612045288086,
      0.0407751202583313,
      0.0803496241569519,
      0.11531537771224976,
      0.020591795444488525
    ],
    "test_rmse": [
      -65.61601162574283,
      -129.50373516589946,
      -60.17596191056753,
      -116.30483324526183,
      -164.1114435219182
    ],