{
  "6": {
    "fit_time": [
      3.0828380584716797,
      3.048212766647339,
      3.0865039825439453,
      3.164673089981079,
      2.97586727142334
    ],
    "score_time": [
      0.1267397403717041,
      0.12295222282409668,
      0.12052512168884277,
      0.12430119514465332,
      0.11763620376586914
    ],
    "test_r": [
      0.14967606516871895,
      0.27277874708145344,
      0.48976919734054725,
      0.36630370860027434,
      0.5115965156951423
    ],
    "test_r2": [
      -0.015212227781143728,
      0.07091758461757547,
      -0.1468174556343962,
      0.07816638384997521,
      0.17855311895395587
    ],
    "test_rmse": [
      -166.31195641610242,
      -115.37190477252977,
      -65.98027532892162,
      -132.28496170571444,
      -63.07088729647604
    ],
    "test_mae": [
      -74.73093586923105,
      -55.78985808213636,
      -54.4210771968711,
      -70.77665909181842,
      -52.224673647388066
    ],
    "best_params": {
      "check_inverse": true,
      "func": null,
      "inverse_func": null,
      "regressor__bootstrap": true,
      "regressor__ccp_alpha": 0.0,
      "regressor__criterion": "squared_error",
      "regressor__max_depth": null,
      "regressor__max_features": "sqrt",
      "regressor__max_leaf_nodes": null,
      "regressor__max_samples": null,
      "regressor__min_impurity_decrease": 0.0,
      "regressor__min_samples_leaf": 0.05,
      "regressor__min_samples_split": 0.05,
      "regressor__min_weight_fraction_leaf": 0.0,
      "regressor__monotonic_cst": null,
      "regressor__n_estimators": 2000,
      "regressor__n_jobs": null,
      "regressor__oob_score": false,
      "regressor__random_state": null,
      "regressor__verbose": 0,
      "regressor__warm_start": false,
      "transformer__memory": null,
      "transformer__verbose": false,
      "transformer__y scaler__copy": true,
      "transformer__y scaler__with_mean": true,
      "transformer__y scaler__with_std": true
    }
  },
  "13": {
    "fit_time": [
      0.13394618034362793,
      0.172926664352417,
      0.17403626441955566,
      0.17394733428955078,
      0.17835283279418945
    ],
    "score_time": [
      0.027978897094726562,
      0.02763819694519043,
      0.02746295928955078,
      0.02732563018798828,
      0.027348041534423828
    ],
    "test_r": [
      0.3907970015145437,
      0.3631381313169794,
      0.03426013575006498,
      0.19106304465022145,
      0.6700243550940683
    ],
    "test_r2": [
      -0.45404819752921943,
      0.03791451328400108,
      -0.027309954700815986,
      0.033256108867950385,
      0.33341942213794207
    ],
    "test_rmse": [
      -60.30053604626728,
      -144.0582381141142,
      -159.44011314438785,
      -120.60600760705654,
      -62.74705119948714
    ],
    "test_mae": [
      -52.00720473387302,
      -80.07792805430357,
      -66.9712111131413,
      -64.29073639440591,
      -49.985955913677095
    ],
    "best_params": {
      "check_inverse": true,
      "func": null,
      "inverse_func": null,
      "regressor__bootstrap": true,
      "regressor__ccp_alpha": 0.0,
      "regressor__criterion": "squared_error",
      "regressor__max_depth": null,
      "regressor__max_features": "sqrt",
      "regressor__max_leaf_nodes": null,
      "regressor__max_samples": null,
      "regressor__min_impurity_decrease": 0.0,
      "regressor__min_samples_leaf": 0.05,
      "regressor__min_samples_split": 0.05,
      "regressor__min_weight_fraction_leaf": 0.0,
      "regressor__monotonic_cst": null,
      "regressor__n_estimators": 50,
      "regressor__n_jobs": null,
      "regressor__oob_score": false,
      "regressor__random_state": null,
      "regressor__verbose": 0,
      "regressor__warm_start": false,
      "transformer__memory": null,
      "transformer__verbose": false,
      "transformer__y scaler__copy": true,
      "transformer__y scaler__with_mean": true,
      "transformer__y scaler__with_std": true
    }
  },
  "42": {
    "fit_time": [
      0.18694806098937988,
      0.18619203567504883,
      0.18778514862060547,
      0.18395376205444336,
      0.18224215507507324
    ],
    "score_time": [
      0.03400897979736328,
      0.03288674354553223,
      0.029430627822875977,
      0.031229019165039062,
      0.03163266181945801
    ],
    "test_r": [
      0.2590742319407058,
      0.5101760111266724,
      0.1130033094486513,
      0.32735329940139074,
      0.5110530437728742
    ],
    "test_r2": [
      0.05148159191927959,
      0.1647018171196447,
      0.0042879923577300305,
      0.07306622196921442,
      0.14071439827739662
    ],
    "test_rmse": [
      -117.07543135798328,
      -67.9154000456896,
      -171.70497776083104,
      -126.40301534464778,
      -58.83508479070421
    ],
    "test_mae": [
      -58.47361989948552,
      -56.270167125095405,
      -70.52754848500597,
      -72.11015882633345,
      -49.142530504445894
    ],
    "best_params": {
      "check_inverse": true,
      "func": null,
      "inverse_func": null,
      "regressor__bootstrap": true,
      "regressor__ccp_alpha": 0.0,
      "regressor__criterion": "squared_error",
      "regressor__max_depth": null,
      "regressor__max_features": "sqrt",
      "regressor__max_leaf_nodes": null,
      "regressor__max_samples": null,
      "regressor__min_impurity_decrease": 0.0,
      "regressor__min_samples_leaf": 0.05,
      "regressor__min_samples_split": 0.05,
      "regressor__min_weight_fraction_leaf": 0.0,
      "regressor__monotonic_cst": null,
      "regressor__n_estimators": 50,
      "regressor__n_jobs": null,
      "regressor__oob_score": false,
      "regressor__random_state": null,
      "regressor__verbose": 0,
      "regressor__warm_start": false,
      "transformer__memory": null,
      "transformer__verbose": false,
      "transformer__y scaler__copy": true,
      "transformer__y scaler__with_mean": true,
      "transformer__y scaler__with_std": true
    }
  },
  "69": {
    "fit_time": [
      0.4625835418701172,
      0.44560790061950684,
      0.47150373458862305,
      0.4761178493499756,
      0.4650998115539551
    ],
    "score_time": [
      0.0388484001159668,
      0.03594326972961426,
      0.0381016731262207,
      0.03802084922790527,
      0.03675365447998047
    ],
    "test_r": [
      0.26435520880864954,
      0.1039785299759986,
      0.5411946310837931,
      0.6312859707493979,
      0.25320236211361913
    ],
    "test_r2": [
      0.06118951130788719,
      -0.005891322230594298,
      0.04961882034152065,
      0.32134768995069984,
      0.05554826218276443
    ],
    "test_rmse": [
      -133.28614600946207,
      -157.1831497439118,
      -60.762731070426895,
      -55.766162400646124,
      -130.48513855617725
    ],
    "test_mae": [
      -68.60875483373881,
      -74.64787528981934,
      -50.789752362528226,
      -44.48382577486444,
      -68.57851046520358
    ],
    "best_params": {
      "check_inverse": true,
      "func": null,
      "inverse_func": null,
      "regressor__bootstrap": true,
      "regressor__ccp_alpha": 0.0,
      "regressor__criterion": "squared_error",
      "regressor__max_depth": null,
      "regressor__max_features": "sqrt",
      "regressor__max_leaf_nodes": null,
      "regressor__max_samples": null,
      "regressor__min_impurity_decrease": 0.0,
      "regressor__min_samples_leaf": 0.050246831607709166,
      "regressor__min_samples_split": 0.05954719949796721,
      "regressor__min_weight_fraction_leaf": 0.0,
      "regressor__monotonic_cst": null,
      "regressor__n_estimators": 216,
      "regressor__n_jobs": null,
      "regressor__oob_score": false,
      "regressor__random_state": null,
      "regressor__verbose": 0,
      "regressor__warm_start": false,
      "transformer__memory": null,
      "transformer__verbose": false,
      "transformer__y scaler__copy": true,
      "transformer__y scaler__with_mean": true,
      "transformer__y scaler__with_std": true
    }
  },