{
  "6": {
    "fit_time": [
      3.2914156913757324,
      3.285600185394287,
      3.2673912048339844,
      3.3582377433776855,
      3.5899596214294434
    ],
    "score_time": [
      0.031462907791137695,
      0.03238248825073242,
      0.03228449821472168,
      0.029314279556274414,
      0.03735089302062988
    ],
    "test_r": [
      0.35018137531713883,
      0.29459396792767123,
      0.2513728907779698,
      0.44089679189683956,
      0.5914113084802015
    ],
    "test_r2": [
      0.09794121980667114,
      0.05924195051193237,
      0.05834847688674927,
      0.13857930898666382,
      0.280842125415802
    ],
    "test_rmse": [
      -114.89079204567348,
      -124.90860244061217,
      -129.933308923832,
      -122.97626872965068,
      -57.4919443796013
    ],
    "test_mae": [
      -58.084862639477294,
      -56.872405959951365,
      -59.52965903681737,
      -67.92510979906268,
      -44.74016870685055
    ],
    "best_params": {
      "check_inverse": true,
      "func": null,
      "inverse_func": null,
      "regressor__kernel": "rbf",
      "regressor__lr": 0.01,
      "regressor__n_epoch": 200,
      "transformer__memory": null,
      "transformer__verbose": false,
      "transformer__y scaler__copy": true,
      "transformer__y scaler__unit_variance": false,
      "transformer__y scaler__with_centering": true,
      "transformer__y scaler__with_scaling": true
    }
  },
  "13": {
    "fit_time": [
      3.3412418365478516,
      3.4412717819213867,
      3.3411097526550293,
      3.3926198482513428,
      3.2746307849884033
    ],
    "score_time": [
      0.032182931900024414,
      0.028910398483276367,
      0.03170371055603027,
      0.03226780891418457,
      0.03230452537536621
    ],
    "test_r": [
      0.3583209289268912,
      0.37855631665668865,
      0.16031461865428934,
      0.24618578367986058,
      0.6891687564505936
    ],
    "test_r2": [
      -0.1968386173248291,
      -0.0014969110488891602,
      0.006360232830047607,
      0.05861616134643555,
      0.3937923312187195
    ],
    "test_rmse": [
      -58.52321585891571,
      -174.11483900560833,
      -111.3231646364033,
      -129.72057424356592,
      -58.95935374202883
    ],
    "test_mae": [
      -48.02217419109868,
      -87.5051622897997,
      -50.35466980525596,
      -61.574922449592144,
      -47.250336365404316
    ],
    "best_params": {
      "check_inverse": true,
      "func": null,
      "inverse_func": null,
      "regressor__kernel": "rbf",
      "regressor__lr": 0.01,
      "regressor__n_epoch": 200,
      "transformer__memory": null,
      "transformer__verbose": false,
      "transformer__y scaler__copy": true,
      "transformer__y scaler__unit_variance": false,
      "transformer__y scaler__with_centering": true,
      "transformer__y scaler__with_scaling": true
    }
  },
  "42": {
    "fit_time": [
      3.244081735610962,
      3.3562350273132324,
      3.368983745574951,
      3.3818116188049316,
      3.52012300491333
    ],
    "score_time": [
      0.0311434268951416,
      0.03159737586975098,
      0.031112194061279297,
      0.030518531799316406,
      0.02841806411743164
    ],
    "test_r": [
      0.5637995917880593,
      0.27759002406939537,
      0.20887231783483023,
      0.6748564006209572,
      0.36080483832014487
    ],
    "test_r2": [
      0.22294938564300537,
      0.040506958961486816,
      0.024120628833770752,
      0.3698428273200989,
      0.053524672985076904
    ],
    "test_rmse": [
      -61.70632918250054,
      -164.01989984174145,
      -160.80754101227967,
      -68.69569121052704,
      -62.33680710708894
    ],
    "test_mae": [
      -51.39434991812913,
      -65.16864888665292,
      -66.0807598786298,
      -52.63940132567163,
      -52.54559898342357
    ],
    "best_params": {
      "check_inverse": true,
      "func": null,
      "inverse_func": null,
      "regressor__kernel": "rbf",
      "regressor__lr": 0.01,
      "regressor__n_epoch": 200,
      "transformer__memory": null,
      "transformer__verbose": false,
      "transformer__y scaler__copy": true,
      "transformer__y scaler__unit_variance": false,
      "transformer__y scaler__with_centering": true,
      "transformer__y scaler__with_scaling": true
    }
  },
  "69": {
    "fit_time": [
      3.411900758743286,
      3.353377342224121,
      3.3917651176452637,
      3.3202736377716064,
      3.3176729679107666
    ],
    "score_time": [
      0.029610157012939453,
      0.030920743942260742,
      0.030255556106567383,
      0.03178095817565918,
      0.0314481258392334
    ],
    "test_r": [
      0.3531874807903967,
      0.3496390912850911,
      0.6021203948962072,
      0.5766715775684862,
      0.25178913197876585
    ],
    "test_r2": [
      0.1008334755897522,
      0.11658245325088501,
      0.25069206953048706,
      0.31460505723953247,
      0.02223026752471924
    ],
    "test_rmse": [
      -131.98724022276133,
      -113.7543059706884,
      -55.1441879834326,
      -54.22555009762943,
      -165.71017092641182
    ],
    "test_mae": [
      -65.06006918425915,
      -55.23423064585368,
      -43.96742650590485,
      -42.60201958753399,
      -77.77383779923983
    ],
    "best_params": {
      "check_inverse": true,
      "func": null,
      "inverse_func": null,
      "regressor__kernel": "rbf",
      "regressor__lr": 0.01,
      "regressor__n_epoch": 200,
      "transformer__memory": null,
      "transformer__verbose": false,
      "transformer__y scaler__copy": true,
      "transformer__y scaler__unit_variance": false,
      "transformer__y scaler__with_centering": true,
      "transformer__y scaler__with_scaling": true
    }
  },
  "420": {
    "fit_time": [
      3.3200266361236572,
      3.37954044342041,
      3.4291954040527344,
      3.3118181228637695,
      3.3561275005340576
    ],
    "score_time": [
      0.03132271766662598,
      0.030118227005004883,
      0.027824878692626953,
      0.03187441825866699,
      0.030944108963012695
    ],
    "test_r": [
      0.7127044919457699,
      0.28092116568047193,
      0.40137897230652464,
      0.2759337278188317,
      0.22394186870023366
    ],
    "test_r2": [
      0.43946218490600586,
      0.07263064384460449,
      0.12412309646606445,
      0.06301224231719971,
      0.04892861843109131
    ],
    "test_rmse": [
      -52.63214379951755,
      -125.96617974099996,
      -120.10984420906325,
      -133.55486930902896,
      -115.51077075135568
    ],
    "test_mae": [
      -42.30694772900748,
      -62.05206429232729,
      -63.39853389070398,
      -66.15937569971422,
      -54.17324292980717
    ],
    "best_params": {
      "check_inverse": true,
      "func": null,
      "inverse_func": null,
      "regressor__kernel": "rbf",
      "regressor__lr": 0.01,
      "regressor__n_epoch": 200,
      "transformer__memory": null,
      "transformer__verbose": false,
      "transformer__y scaler__copy": true,
      "transformer__y scaler__unit_variance": false,
      "transformer__y scaler__with_centering": true,
      "transformer__y scaler__with_scaling": true
    }
  },
  "1234567890": {
    "fit_time": [
      3.3599982261657715,
      3.3336572647094727,
      3.3308191299438477,
      3.3539037704467773,
      3.393705368041992
    ],
    "score_time": [
      0.03066229820251465,
      0.030974388122558594,
      0.031601905822753906,
      0.030530214309692383,
      0.028102397918701172
    ],
    "test_r": [
      0.6556137024082007,
      0.2528382818983145,
      0.44341645592464685,
      0.3472636287915055,
      0.2117223449994763
    ],
    "test_r2": [
      0.3674209713935852,
      0.040777742862701416,
      0.08038383722305298,
      0.11537379026412964,
      0.020580410957336426
    ],
    "test_rmse": [
      -65.61810078916473,
      -129.50355517806062,
      -60.1748399256588,
      -116.30099597548406,
      -164.11238982827336
    ],