{
  "6": {
    "fit_time": [
      5.114126205444336,
      4.968529462814331,
      5.183654069900513,
      5.391601800918579,
      5.212469577789307
    ],
    "score_time": [
      0.16809296607971191,
      0.16604185104370117,
      0.15983223915100098,
      0.17026710510253906,
      0.15935826301574707
    ],
    "test_r": [
      0.2880003267792635,
      0.20964601033154825,
      0.14848635424571713,
      0.3576873398969372,
      0.5531189682351039
    ],
    "test_r2": [
      0.06800749126414873,
      0.039253260342307916,
      0.006108994529168688,
      0.07911494131199814,
      0.15713414059421416
    ],
    "test_rmse": [
      -116.78149864515902,
      -126.22862481625258,
      -133.48878067985726,
      -127.14999094050445,
      -62.240646620545355
    ],
    "test_mae": [
      -59.970887534731354,
      -63.02018722666194,
      -66.56736263250251,
      -71.9107745609408,
      -51.47483216604888
    ],
    "best_params": {
      "check_inverse": true,
      "func": null,
      "inverse_func": null,
      "regressor__bootstrap": true,
      "regressor__ccp_alpha": 0.0,
      "regressor__criterion": "squared_error",
      "regressor__max_depth": null,
      "regressor__max_features": "sqrt",
      "regressor__max_leaf_nodes": null,
      "regressor__max_samples": null,
      "regressor__min_impurity_decrease": 0.0,
      "regressor__min_samples_leaf": 0.05,
      "regressor__min_samples_split": 0.0562238215270506,
      "regressor__min_weight_fraction_leaf": 0.0,
      "regressor__monotonic_cst": null,
      "regressor__n_estimators": 2000,
      "regressor__n_jobs": null,
      "regressor__oob_score": false,
      "regressor__random_state": null,
      "regressor__verbose": 0,
      "regressor__warm_start": false,
      "transformer__memory": null,
      "transformer__verbose": false,
      "transformer__y scaler__copy": true,
      "transformer__y scaler__unit_variance": false,
      "transformer__y scaler__with_centering": true,
      "transformer__y scaler__with_scaling": true
    }
  },
  "13": {
    "fit_time": [
      5.171983242034912,
      5.13592529296875,
      5.130227088928223,
      5.662473440170288,
      5.0572943687438965
    ],
    "score_time": [
      0.1574547290802002,
      0.16025018692016602,
      0.16945290565490723,
      0.16080641746520996,
      0.16725516319274902
    ],
    "test_r": [
      0.40210971514585264,
      0.26976563893020983,
      0.10304110813171861,
      0.17975833554473056,
      0.7074569839529187
    ],
    "test_r2": [
      -0.2432981550391764,
      -0.027157611310076435,
      -0.0399974551654243,
      0.030629951100196284,
      0.3022158797062343
    ],
    "test_rmse": [
      -59.64829200505851,
      -176.33137119403506,
      -113.89040845630429,
      -131.63467633829615,
      -63.25611856117909
    ],
    "test_mae": [
      -51.83916409296357,
      -91.96272184354034,
      -56.63064822240763,
      -64.25027172907218,
      -50.85874748133861
    ],
    "best_params": {
      "check_inverse": true,
      "func": null,
      "inverse_func": null,
      "regressor__bootstrap": true,
      "regressor__ccp_alpha": 0.0,
      "regressor__criterion": "squared_error",
      "regressor__max_depth": null,
      "regressor__max_features": "sqrt",
      "regressor__max_leaf_nodes": null,
      "regressor__max_samples": null,
      "regressor__min_impurity_decrease": 0.0,
      "regressor__min_samples_leaf": 0.05,
      "regressor__min_samples_split": 0.058715081273006474,
      "regressor__min_weight_fraction_leaf": 0.0,
      "regressor__monotonic_cst": null,
      "regressor__n_estimators": 2000,
      "regressor__n_jobs": null,
      "regressor__oob_score": false,
      "regressor__random_state": null,
      "regressor__verbose": 0,
      "regressor__warm_start": false,
      "transformer__memory": null,
      "transformer__verbose": false,
      "transformer__y scaler__copy": true,
      "transformer__y scaler__unit_variance": false,
      "transformer__y scaler__with_centering": true,
      "transformer__y scaler__with_scaling": true
    }
  },
  "42": {
    "fit_time": [
      2.0814085006713867,
      2.3725404739379883,
      2.3276045322418213,
      2.3210818767547607,
      2.2977287769317627
    ],
    "score_time": [
      0.0963904857635498,
      0.09880399703979492,
      0.09643101692199707,
      0.09494566917419434,
      0.09383797645568848
    ],
    "test_r": [
      0.6180051561032484,
      0.14838057860800008,
      0.0833425459334966,
      0.5222803164949839,
      0.4995199123320918
    ],
    "test_r2": [
      0.2122549568665527,
      -0.004313946890331932,
      -0.008862201284720594,
      0.20443589534576911,
      0.08379091829100105
    ],
    "test_rmse": [
      -62.129506201017016,
      -167.80712776899907,
      -163.50245161253778,
      -77.18672686967409,
      -61.33200877348688
    ],
    "test_mae": [
      -54.37755054958069,
      -72.83426088761783,
      -72.4770582653154,
      -59.92757927940327,
      -52.46724668741542
    ],
    "best_params": {
      "check_inverse": true,
      "func": null,
      "inverse_func": null,
      "regressor__bootstrap": true,
      "regressor__ccp_alpha": 0.0,
      "regressor__criterion": "squared_error",
      "regressor__max_depth": null,
      "regressor__max_features": "sqrt",
      "regressor__max_leaf_nodes": null,
      "regressor__max_samples": null,
      "regressor__min_impurity_decrease": 0.0,
      "regressor__min_samples_leaf": 0.05012318928826372,
      "regressor__min_samples_split": 0.08568962735003044,
      "regressor__min_weight_fraction_leaf": 0.0,
      "regressor__monotonic_cst": null,
      "regressor__n_estimators": 657,
      "regressor__n_jobs": null,
      "regressor__oob_score": false,
      "regressor__random_state": null,
      "regressor__verbose": 0,
      "regressor__warm_start": false,
      "transformer__memory": null,
      "transformer__verbose": false,
      "transformer__y scaler__copy": true,
      "transformer__y scaler__unit_variance": false,
      "transformer__y scaler__with_centering": true,
      "transformer__y scaler__with_scaling": true
    }
  },
  "69": {
    "fit_time": [
      1.1434245109558105,
      1.1433532238006592,
      1.2459144592285156,
      1.3976492881774902,
      1.2903470993041992
    ],
    "score_time": [
      0.0709218978881836,
      0.07168459892272949,
      0.07066035270690918,
      0.07525062561035156,
      0.07120919227600098
    ],
    "test_r": [
      0.32611745529618547,
      0.25877975798514374,
      0.530486356767018,
      0.5200673477320313,
      0.12800194838999446
    ],
    "test_r2": [
      0.07077817027462718,
      0.06377930233990747,
      0.10667496596638149,
      0.16713653472972345,
      -0.02027063595418288
    ],
    "test_rmse": [
      -134.17498673212137,
      -117.1046105589041,
      -60.21079247081022,
      -59.77511289771488,
      -169.27334569265338
    ],
    "test_mae": [
      -68.75804302276393,
      -61.456357557178244,
      -50.182964697016246,
      -49.694966717169315,
      -81.9290122771202
    ],
    "best_params": {
      "check_inverse": true,
      "func": null,
      "inverse_func": null,
      "regressor__bootstrap": true,
      "regressor__ccp_alpha": 0.0,
      "regressor__criterion": "squared_error",
      "regressor__max_depth": null,
      "regressor__max_features": "sqrt",
      "regressor__max_leaf_nodes": null,
      "regressor__max_samples": null,
      "regressor__min_impurity_decrease": 0.0,
      "regressor__min_samples_leaf": 0.050246831607709166,
      "regressor__min_samples_split": 0.05954719949796721,
      "regressor__min_weight_fraction_leaf": 0.0,
      "regressor__monotonic_cst": null,
      "regressor__n_estimators": 216,
      "regressor__n_jobs": null,
      "regressor__oob_score": false,
      "regressor__random_state": null,
      "regressor__verbose": 0,
      "regressor__warm_start": false,