{
  "6": {
    "fit_time": [
      17.03416633605957,
      17.043864250183105,
      16.956488132476807,
      16.839609622955322,
      16.855401039123535
    ],
    "score_time": [
      0.41867709159851074,
      0.4323716163635254,
      0.42119407653808594,
      0.4443070888519287,
      0.4276902675628662
    ],
    "test_r": [
      0.23997909652292376,
      0.3061187065700304,
      0.6430647298156945,
      0.4531961423963307,
      0.6077615861876826
    ],
    "test_r2": [
      0.013095824535122702,
      0.07893643099653713,
      0.07734703447575342,
      0.1980454197141327,
      0.30388118949617815
    ],
    "test_rmse": [
      -163.97685237348773,
      -114.87294232718968,
      -59.181527066798814,
      -123.384069825834,
      -58.06051490435263
    ],
    "test_mae": [
      -72.10199369930413,
      -53.76586271109559,
      -47.82031074006283,
      -59.94003113910948,
      -46.93271946844595
    ],
    "best_params": {
      "check_inverse": true,
      "func": null,
      "inverse_func": null,
      "regressor__natural_gradient": true,
      "regressor__n_estimators": 1149,
      "regressor__learning_rate": 0.001,
      "regressor__minibatch_frac": 1,
      "regressor__col_sample": 1.0,
      "regressor__verbose": false,
      "transformer__memory": null,
      "transformer__verbose": false,
      "transformer__y scaler__copy": true,
      "transformer__y scaler__with_mean": true,
      "transformer__y scaler__with_std": true
    }
  },
  "13": {
    "fit_time": [
      25.900615453720093,
      26.196803331375122,
      25.87137198448181,
      25.590728998184204,
      26.329458951950073
    ],
    "score_time": [
      0.6338844299316406,
      0.636805534362793,
      0.6180465221405029,
      0.6346278190612793,
      0.6258847713470459
    ],
    "test_r": [
      0.3272037877380339,
      0.4744020337029191,
      0.08885834398043244,
      0.2912375010630614,
      0.6832379481965684
    ],
    "test_r2": [
      -0.35115230916563744,
      0.20877940367535086,
      -0.007032694734566913,
      0.08068144145137335,
      0.4423466217483797
    ],
    "test_rmse": [
      -58.127805261822424,
      -130.6411693952315,
      -157.85873963812068,
      -117.61053806039239,
      -57.39170961642862
    ],
    "test_mae": [
      -47.07397298650953,
      -60.008971030542234,
      -62.73426209834389,
      -59.55923426075868,
      -44.87159705504499
    ],
    "best_params": {
      "check_inverse": true,
      "func": null,
      "inverse_func": null,
      "regressor__natural_gradient": true,
      "regressor__n_estimators": 1700,
      "regressor__learning_rate": 0.001,
      "regressor__minibatch_frac": 1,
      "regressor__col_sample": 1.0,
      "regressor__verbose": false,
      "transformer__memory": null,
      "transformer__verbose": false,
      "transformer__y scaler__copy": true,
      "transformer__y scaler__with_mean": true,
      "transformer__y scaler__with_std": true
    }
  },
  "42": {
    "fit_time": [
      23.405072927474976,
      23.13292098045349,
      22.544090509414673,
      23.659026861190796,
      23.210125207901
    ],
    "score_time": [
      0.581568717956543,
      0.5535726547241211,
      0.5644471645355225,
      0.6325356960296631,
      0.5760688781738281
    ],
    "test_r": [
      0.2896390939068512,
      0.6992722339978472,
      0.21462097472489822,
      0.4844901606399343,
      0.3961707320578868
    ],
    "test_r2": [
      0.058409496691355756,
      0.4069769507305273,
      0.038489894859474405,
      0.23054741910024612,
      0.0730166896529254
    ],
    "test_rmse": [
      -116.64709285866176,
      -57.22466799367138,
      -168.73024605391018,
      -115.16592769581732,
      -61.108774434245646
    ],
    "test_mae": [
      -56.90461162055605,
      -44.78715030007293,
      -63.973482587595264,
      -58.864556430905374,
      -50.963982367199634
    ],
    "best_params": {
      "check_inverse": true,
      "func": null,
      "inverse_func": null,
      "regressor__natural_gradient": true,
      "regressor__n_estimators": 1577,
      "regressor__learning_rate": 0.001,
      "regressor__minibatch_frac": 1,
      "regressor__col_sample": 1.0,
      "regressor__verbose": false,
      "transformer__memory": null,
      "transformer__verbose": false,
      "transformer__y scaler__copy": true,
      "transformer__y scaler__with_mean": true,
      "transformer__y scaler__with_std": true
    }
  },
  "69": {
    "fit_time": [
      29.492706060409546,
      29.46759581565857,
      29.55348300933838,
      28.610381603240967,
      29.234325647354126
    ],
    "score_time": [
      0.7404618263244629,
      0.7391974925994873,
      0.7146992683410645,
      0.7172529697418213,
      0.7180728912353516
    ],
    "test_r": [
      0.3259041723746007,
      0.2248102948079232,
      0.6656447444782819,
      0.6804459281621256,
      0.3667363000879463
    ],
    "test_r2": [
      0.10352968342733215,
      0.032507203678790786,
      0.18809242587241115,
      0.46227224739873063,
      0.1318381641094163
    ],
    "test_rmse": [
      -130.2458819680984,
      -154.15383252248424,
      -56.16188402657701,
      -49.63960522553205,
      -125.1040908788913
    ],
    "test_mae": [
      -64.17233325359952,
      -67.4223402072157,
      -44.9593746246816,
      -36.857235823248395,
      -62.02464562719756
    ],
    "best_params": {
      "check_inverse": true,
      "func": null,
      "inverse_func": null,
      "regressor__natural_gradient": true,
      "regressor__n_estimators": 2000,
      "regressor__learning_rate": 0.001,
      "regressor__minibatch_frac": 1,
      "regressor__col_sample": 1.0,
      "regressor__verbose": false,
      "transformer__memory": null,
      "transformer__verbose": false,
      "transformer__y scaler__copy": true,
      "transformer__y scaler__with_mean": true,
      "transformer__y scaler__with_std": true
    }
  },
  "420": {
    "fit_time": [
      29.940025091171265,
      28.960830450057983,
      29.115995168685913,
      29.649757862091064,
      29.253005981445312
    ],
    "score_time": [
      0.8242807388305664,
      0.7159788608551025,
      0.7780275344848633,
      0.6486029624938965,
      0.6888515949249268
    ],
    "test_r": [
      0.7714979024780794,
      0.2815187604214426,
      0.37716953540971615,
      0.6332030513812342,
      0.20747076001467496
    ],
    "test_r2": [
      0.4770810912720732,
      0.0516915909935709,
      0.14158689007236958,
      0.38101450858799357,
      0.04139126064555165
    ],
    "test_rmse": [
      -49.43133171661162,
      -155.54645875726197,
      -127.67392382313518,
      -59.135052568484106,
      -123.76454836257668
    ],
    "test_mae": [
      -39.37118757189807,
      -72.55484771992889,
      -54.056724488886395,
      -45.22315569900391,
      -58.37423727171653
    ],
    "best_params": {
      "check_inverse": true,
      "func": null,
      "inverse_func": null,
      "regressor__natural_gradient": true,
      "regressor__n_estimators": 2000,
      "regressor__learning_rate": 0.001,
      "regressor__minibatch_frac": 1,
      "regressor__col_sample": 1.0,
      "regressor__verbose": false,
      "transformer__memory": null,
      "transformer__verbose": false,
      "transformer__y scaler__copy": true,
      "transformer__y scaler__with_mean": true,
      "transformer__y scaler__with_std": true
    }
  },
  "1234567890": {
    "fit_time": [
      30.27179741859436,
      29.90787935256958,
      29.123228549957275,
      30.702889680862427,
      30.725625038146973
    ],
    "score_time": [
      0.7491004467010498,
      0.7244229316711426,
      0.7293887138366699,
      0.71462082862854,
      0.7243516445159912
    ],
    "test_r": [
      0.6485731294390303,
      0.3977787735163457,
      0.3288443201426982,
      0.35012573174474365,
      0.3184716015643505
    ],