{
  "6": {
    "fit_time": [
      2.020343542098999,
      1.5609910488128662,
      1.1228938102722168,
      2.112400770187378,
      2.517932176589966
    ],
    "score_time": [
      0.023389577865600586,
      0.02321648597717285,
      0.020936012268066406,
      0.022923707962036133,
      0.021373271942138672
    ],
    "test_r": [
      0.33931621465527473,
      0.27620294780656607,
      0.2451921301627917,
      0.4712494276182614,
      0.6514042699611021
    ],
    "test_r2": [
      0.10129046440124512,
      0.060063838958740234,
      0.045374512672424316,
      0.17384707927703857,
      0.23440450429916382
    ],
    "test_rmse": [
      -114.67730518519653,
      -124.85403498383882,
      -130.82534784124786,
      -120.43255627376062,
      -59.319103035112974
    ],
    "test_mae": [
      -60.02064039715935,
      -60.28084234396542,
      -64.52745623614143,
      -68.45528214708514,
      -50.78830177530924
    ],
    "best_params": {
      "check_inverse": true,
      "func": null,
      "inverse_func": null,
      "regressor__kernel": "rbf",
      "regressor__lengthscale": 1.632478145304319,
      "regressor__lr": 0.01,
      "regressor__n_epoch": 100,
      "regressor__nu": 2.5,
      "transformer__memory": null,
      "transformer__verbose": false,
      "transformer__y scaler__copy": true,
      "transformer__y scaler__with_mean": true,
      "transformer__y scaler__with_std": true
    }
  },
  "13": {
    "fit_time": [
      2.896043539047241,
      1.5765066146850586,
      2.833104133605957,
      1.8810679912567139,
      1.0621745586395264
    ],
    "score_time": [
      0.02391982078552246,
      0.023638486862182617,
      0.023669719696044922,
      0.02481842041015625,
      0.026660442352294922
    ],
    "test_r": [
      0.36319758887006337,
      0.3836907028082309,
      0.12999606956208243,
      0.23212841859636374,
      0.7301783824507386
    ],
    "test_r2": [
      -0.3393416404724121,
      0.04894024133682251,
      -0.017575383186340332,
      0.05262953042984009,
      0.3923681378364563
    ],
    "test_rmse": [
      -61.90932828018992,
      -169.6738541763154,
      -112.6560077984057,
      -130.1323940438419,
      -59.02857150390085
    ],
    "test_mae": [
      -54.28886388432521,
      -85.59619958377614,
      -55.8909530103257,
      -65.59454051761404,
      -50.14116605906766
    ],
    "best_params": {
      "check_inverse": true,
      "func": null,
      "inverse_func": null,
      "regressor__kernel": "rbf",
      "regressor__lengthscale": 0.47481646870406946,
      "regressor__lr": 0.01,
      "regressor__n_epoch": 100,
      "regressor__nu": 0.5,
      "transformer__memory": null,
      "transformer__verbose": false,
      "transformer__y scaler__copy": true,
      "transformer__y scaler__with_mean": true,
      "transformer__y scaler__with_std": true
    }
  },
  "42": {
    "fit_time": [
      2.3860762119293213,
      2.560182809829712,
      1.3314650058746338,
      1.2582762241363525,
      1.2577104568481445
    ],
    "score_time": [
      0.0259096622467041,
      0.023832321166992188,
      0.023328542709350586,
      0.025264263153076172,
      0.024199962615966797
    ],
    "test_r": [
      0.5995636601150252,
      0.23856310310838447,
      0.1796218373677075,
      0.751840558220351,
      0.3968745473898483
    ],
    "test_r2": [
      0.17940717935562134,
      0.04046475887298584,
      0.023863911628723145,
      0.4414801001548767,
      0.011001169681549072
    ],
    "test_rmse": [
      -63.41163129529329,
      -164.02351760046784,
      -160.8286824045367,
      -64.67320487651233,
      -63.721764474318974
    ],
    "test_mae": [
      -54.982144719429776,
      -70.11358648546405,
      -69.66028929682712,
      -54.3226362472953,
      -55.79562194266526
    ],
    "best_params": {
      "check_inverse": true,
      "func": null,
      "inverse_func": null,
      "regressor__kernel": "rbf",
      "regressor__lengthscale": 1.259806678617276,
      "regressor__lr": 0.01,
      "regressor__n_epoch": 100,
      "regressor__nu": 0.5,
      "transformer__memory": null,
      "transformer__verbose": false,
      "transformer__y scaler__copy": true,
      "transformer__y scaler__with_mean": true,
      "transformer__y scaler__with_std": true
    }
  },
  "69": {
    "fit_time": [
      2.151625394821167,
      3.1124234199523926,
      2.3895134925842285,
      1.8858654499053955,
      1.0493981838226318
    ],
    "score_time": [
      0.025759458541870117,
      0.024743318557739258,
      0.024753332138061523,
      0.023040771484375,
      0.022151947021484375
    ],
    "test_r": [
      0.34259553681212346,
      0.332873573388874,
      0.6643238752779174,
      0.623156644110441,
      0.24816267482380566
    ],
    "test_r2": [
      0.0967225432395935,
      0.10447275638580322,
      0.17760878801345825,
      0.28519487380981445,
      0.03414046764373779
    ],
    "test_rmse": [
      -132.28861151195062,
      -114.53131172967718,
      -57.77086140357238,
      -55.376733126067755,
      -164.6978257941113
    ],
    "test_mae": [
      -69.10227458429075,
      -60.066788709285966,
      -50.24589348977482,
      -47.35682888109395,
      -77.54024439331056
    ],
    "best_params": {
      "check_inverse": true,
      "func": null,
      "inverse_func": null,
      "regressor__kernel": "rbf",
      "regressor__lengthscale": 2.3642729195320245,
      "regressor__lr": 0.01,
      "regressor__n_epoch": 100,
      "regressor__nu": 2.5,
      "transformer__memory": null,
      "transformer__verbose": false,
      "transformer__y scaler__copy": true,
      "transformer__y scaler__with_mean": true,
      "transformer__y scaler__with_std": true
    }
  },
  "420": {
    "fit_time": [
      2.8810219764709473,
      1.1505539417266846,
      2.6751112937927246,
      2.1849749088287354,
      2.4646713733673096
    ],
    "score_time": [
      0.02380537986755371,
      0.024481534957885742,
      0.025823593139648438,
      0.02594733238220215,
      0.025173187255859375
    ],
    "test_r": [
      0.7727913797718594,
      0.2684032493471337,
      0.4445126532830469,
      0.26498925198470924,
      0.20103241850960735
    ],
    "test_r2": [
      0.42487770318984985,
      0.0609624981880188,
      0.16699105501174927,
      0.06395238637924194,
      0.03944331407546997
    ],
    "test_rmse": [
      -53.31245496290668,
      -126.75615055559668,
      -117.13371317657256,
      -133.48785984345787,
      -116.08535172913889
    ],
    "test_mae": [
      -46.68053616012273,
      -67.46972577220244,
      -64.91534522113875,
      -68.27850326498593,
      -58.438060703962734
    ],
    "best_params": {
      "check_inverse": true,
      "func": null,
      "inverse_func": null,
      "regressor__kernel": "rbf",
      "regressor__lengthscale": 1.6817495623055898,
      "regressor__lr": 0.01,
      "regressor__n_epoch": 100,
      "regressor__nu": 1.5,
      "transformer__memory": null,
      "transformer__verbose": false,
      "transformer__y scaler__copy": true,
      "transformer__y scaler__with_mean": true,
      "transformer__y scaler__with_std": true
    }
  },
  "1234567890": {
    "fit_time": [
      1.663370132446289,
      2.227586269378662,
      1.6692028045654297,
      1.7677316665649414,
      1.6978802680969238
    ],
    "score_time": [
      0.025168180465698242,
      0.02223801612854004,
      0.024578094482421875,
      0.022974014282226562,
      0.023963212966918945
    ],
    "test_r": [
      0.792706716841636,
      0.23625702557516265,
      0.5127940719800269,
      0.36556733066692426,
      0.18564232593409347
    ],
    "test_r2": [
      0.47098833322525024,
      0.042480409145355225,
      -0.040428996086120605,
      0.12708908319473267,
      0.01916712522506714
    ],