{
  "6": {
    "fit_time": [
      2.3634018898010254,
      2.303502321243286,
      2.338649034500122,
      2.3683102130889893,
      2.401055335998535
    ],
    "score_time": [
      0.08987140655517578,
      0.11480927467346191,
      0.08627557754516602,
      0.08729910850524902,
      0.10583877563476562
    ],
    "test_r": [
      0.47221200398582436,
      0.6341129181643064,
      0.5964862383730316,
      0.10595537450074684,
      0.38392254353579086
    ],
    "test_r2": [
      0.13440710811097356,
      0.34856258275706387,
      0.304893124247827,
      -0.016373196823425973,
      0.1128154859712357
    ],
    "test_rmse": [
      -59.734169098378175,
      -57.70226919658427,
      -70.01009483431005,
      -195.21232781853342,
      -127.0537958194202
    ],
    "test_mae": [
      -47.57053191902668,
      -44.4992876438569,
      -55.29766977007627,
      -91.67530886480876,
      -66.0129257758255
    ],
    "best_params": {
      "check_inverse": true,
      "func": null,
      "inverse_func": null,
      "regressor__bootstrap": true,
      "regressor__ccp_alpha": 0.0,
      "regressor__criterion": "squared_error",
      "regressor__max_depth": null,
      "regressor__max_features": "sqrt",
      "regressor__max_leaf_nodes": null,
      "regressor__max_samples": null,
      "regressor__min_impurity_decrease": 0.0,
      "regressor__min_samples_leaf": 0.05,
      "regressor__min_samples_split": 0.05,
      "regressor__min_weight_fraction_leaf": 0.0,
      "regressor__monotonic_cst": null,
      "regressor__n_estimators": 2000,
      "regressor__n_jobs": null,
      "regressor__oob_score": false,
      "regressor__random_state": null,
      "regressor__verbose": 0,
      "regressor__warm_start": false,
      "transformer__memory": null,
      "transformer__verbose": false,
      "transformer__y scaler__copy": true,
      "transformer__y scaler__with_mean": true,
      "transformer__y scaler__with_std": true
    }
  },
  "13": {
    "fit_time": [
      0.09136819839477539,
      0.0884852409362793,
      0.08398032188415527,
      0.08762168884277344,
      0.09140396118164062
    ],
    "score_time": [
      0.021999359130859375,
      0.021956682205200195,
      0.025298595428466797,
      0.018987417221069336,
      0.016829490661621094
    ],
    "test_r": [
      0.4541447955336371,
      0.2600956480228089,
      0.5576156945416222,
      0.6523426046978162,
      0.28352055167650153
    ],
    "test_r2": [
      -0.21837954164382567,
      0.046242850242687594,
      0.28322078371679094,
      0.2297121696093991,
      0.013993622978763054
    ],
    "test_rmse": [
      -60.70565028338276,
      -168.42223088203502,
      -66.50368281786209,
      -56.24784451201968,
      -163.88756289567817
    ],
    "test_mae": [
      -50.504863136807344,
      -85.14094118623973,
      -52.804032082828826,
      -47.176428030483684,
      -75.7523502477907
    ],
    "best_params": {
      "check_inverse": true,
      "func": null,
      "inverse_func": null,
      "regressor__bootstrap": true,
      "regressor__ccp_alpha": 0.0,
      "regressor__criterion": "squared_error",
      "regressor__max_depth": null,
      "regressor__max_features": "sqrt",
      "regressor__max_leaf_nodes": null,
      "regressor__max_samples": null,
      "regressor__min_impurity_decrease": 0.0,
      "regressor__min_samples_leaf": 0.05,
      "regressor__min_samples_split": 0.05000000000000011,
      "regressor__min_weight_fraction_leaf": 0.0,
      "regressor__monotonic_cst": null,
      "regressor__n_estimators": 50,
      "regressor__n_jobs": null,
      "regressor__oob_score": false,
      "regressor__random_state": null,
      "regressor__verbose": 0,
      "regressor__warm_start": false,
      "transformer__memory": null,
      "transformer__verbose": false,
      "transformer__y scaler__copy": true,
      "transformer__y scaler__with_mean": true,
      "transformer__y scaler__with_std": true
    }
  },
  "42": {
    "fit_time": [
      2.2699525356292725,
      2.3296010494232178,
      2.318943977355957,
      2.3611221313476562,
      2.335439443588257
    ],
    "score_time": [
      0.0930016040802002,
      0.09145402908325195,
      0.08904719352722168,
      0.09964585304260254,
      0.0887753963470459
    ],
    "test_r": [
      0.41593292260828785,
      0.1742468490141248,
      0.3198217504216219,
      0.6030574313486077,
      0.19966824216389925
    ],
    "test_r2": [
      0.1318176496062332,
      0.02439875611951614,
      0.09665315468484592,
      0.3128220966590014,
      0.03590064507904911
    ],
    "test_rmse": [
      -117.14104003964412,
      -128.22164770028533,
      -123.14899831017188,
      -79.29150234653531,
      -116.53397647073072
    ],
    "test_mae": [
      -63.11453946952279,
      -61.84756983426056,
      -61.55874499638655,
      -61.91778134021975,
      -59.75569773083924
    ],
    "best_params": {
      "check_inverse": true,
      "func": null,
      "inverse_func": null,
      "regressor__bootstrap": true,
      "regressor__ccp_alpha": 0.0,
      "regressor__criterion": "squared_error",
      "regressor__max_depth": null,
      "regressor__max_features": "sqrt",
      "regressor__max_leaf_nodes": null,
      "regressor__max_samples": null,
      "regressor__min_impurity_decrease": 0.0,
      "regressor__min_samples_leaf": 0.05,
      "regressor__min_samples_split": 0.13605398780723615,
      "regressor__min_weight_fraction_leaf": 0.0,
      "regressor__monotonic_cst": null,
      "regressor__n_estimators": 2000,
      "regressor__n_jobs": null,
      "regressor__oob_score": false,
      "regressor__random_state": null,
      "regressor__verbose": 0,
      "regressor__warm_start": false,
      "transformer__memory": null,
      "transformer__verbose": false,
      "transformer__y scaler__copy": true,
      "transformer__y scaler__with_mean": true,
      "transformer__y scaler__with_std": true
    }
  },
  "69": {
    "fit_time": [
      0.08424043655395508,
      0.08197236061096191,
      0.08370208740234375,
      0.08505368232727051,
      0.08001112937927246
    ],
    "score_time": [
      0.038160085678100586,
      0.03282785415649414,
      0.030152082443237305,
      0.025112152099609375,
      0.02521657943725586
    ],
    "test_r": [
      0.28190136512251035,
      0.14657434214383147,
      0.6620901222619464,
      0.5429280699761819,
      0.3467897153129229
    ],
    "test_r2": [
      0.07374114801931742,
      0.008625023402799803,
      0.32047363914767313,
      0.17473883327410533,
      0.10803961394956363
    ],
    "test_rmse": [
      -127.83350959154055,
      -158.71025090435418,
      -71.23213480079998,
      -58.78489249416965,
      -124.7193855457135
    ],
    "test_mae": [
      -65.37089004393675,
      -72.4878372810439,
      -55.91159166126925,
      -48.37890162576977,
      -69.37071796879616
    ],
    "best_params": {
      "check_inverse": true,
      "func": null,
      "inverse_func": null,
      "regressor__bootstrap": true,
      "regressor__ccp_alpha": 0.0,
      "regressor__criterion": "squared_error",
      "regressor__max_depth": null,
      "regressor__max_features": "log2",
      "regressor__max_leaf_nodes": null,
      "regressor__max_samples": null,
      "regressor__min_impurity_decrease": 0.0,
      "regressor__min_samples_leaf": 0.05,
      "regressor__min_samples_split": 0.05,
      "regressor__min_weight_fraction_leaf": 0.0,
      "regressor__monotonic_cst": null,
      "regressor__n_estimators": 50,
      "regressor__n_jobs": null,
      "regressor__oob_score": false,
      "regressor__random_state": null,
      "regressor__verbose": 0,
      "regressor__warm_start": false,
      "transformer__memory": null,
      "transformer__verbose": false,
      "transformer__y scaler__copy": true,
      "transformer__y scaler__with_mean": true,
      "transformer__y scaler__with_std": true
    }
  },