{
  "6": {
    "fit_time": [
      27.222879886627197,
      27.178061723709106,
      27.350006818771362,
      27.528903007507324,
      28.04398798942566
    ],
    "score_time": [
      0.9671816825866699,
      0.9682915210723877,
      0.9464960098266602,
      0.9234445095062256,
      1.0032799243927002
    ],
    "test_r": [
      0.2304702508152704,
      0.0013591409768986772,
      0.33285492297629765,
      0.12089654044621798,
      0.6691672027811638
    ],
    "test_r2": [
      0.0059380531842930795,
      -0.014183077088850471,
      -0.01617682087684602,
      -0.01381397473207091,
      0.30958597773990604
    ],
    "test_rmse": [
      -634.6068845842466,
      -354922.34264258354,
      -68359.17621976478,
      -103027.99412591278,
      -1196.569236799034
    ],
    "test_mae": [
      -225.51885671861675,
      -42023.29294771712,
      -9064.964435663305,
      -12506.626230966544,
      -495.9625358831966
    ],
    "best_params": {
      "check_inverse": true,
      "func": null,
      "inverse_func": null,
      "regressor__natural_gradient": true,
      "regressor__n_estimators": 1860,
      "regressor__learning_rate": 0.001,
      "regressor__minibatch_frac": 1,
      "regressor__col_sample": 1.0,
      "regressor__verbose": false,
      "transformer__memory": null,
      "transformer__verbose": false,
      "transformer__log transform__accept_sparse": false,
      "transformer__log transform__check_inverse": true,
      "transformer__log transform__feature_names_out": null,
      "transformer__log transform__inv_kw_args": null,
      "transformer__log transform__kw_args": null,
      "transformer__log transform__validate": false,
      "transformer__y scaler__copy": true,
      "transformer__y scaler__unit_variance": false,
      "transformer__y scaler__with_centering": true,
      "transformer__y scaler__with_scaling": true
    }
  },
  "13": {
    "fit_time": [
      35.78263068199158,
      33.92277526855469,
      33.30794167518616,
      36.9849169254303,
      36.47104835510254
    ],
    "score_time": [
      1.0793540477752686,
      1.0583198070526123,
      1.080791711807251,
      1.0262272357940674,
      1.0115771293640137
    ],
    "test_r": [
      0.4507933641920434,
      0.08376579195902617,
      0.4717927212989585,
      0.01511369662288969,
      0.7743792065906451
    ],
    "test_r2": [
      0.07365767742758289,
      -0.013494101751783782,
      0.09759763674560984,
      -0.020148294380903264,
      0.4430387789220447
    ],
    "test_rmse": [
      -1372.8463523953897,
      -102318.91899562265,
      -641.8801548242308,
      -363855.6534984071,
      -1171.5099854413836
    ],
    "test_mae": [
      -617.3596557441462,
      -12241.132530746252,
      -224.34333326265528,
      -51246.76524989714,
      -347.5019789378546
    ],
    "best_params": {
      "check_inverse": true,
      "func": null,
      "inverse_func": null,
      "regressor__natural_gradient": true,
      "regressor__n_estimators": 2000,
      "regressor__learning_rate": 0.001,
      "regressor__minibatch_frac": 1,
      "regressor__col_sample": 1.0,
      "regressor__verbose": false,
      "transformer__memory": null,
      "transformer__verbose": false,
      "transformer__log transform__accept_sparse": false,
      "transformer__log transform__check_inverse": true,
      "transformer__log transform__feature_names_out": null,
      "transformer__log transform__inv_kw_args": null,
      "transformer__log transform__kw_args": null,
      "transformer__log transform__validate": false,
      "transformer__y scaler__copy": true,
      "transformer__y scaler__unit_variance": false,
      "transformer__y scaler__with_centering": true,
      "transformer__y scaler__with_scaling": true
    }
  },
  "42": {
    "fit_time": [
      40.6473069190979,
      44.36031365394592,
      49.75882172584534,
      53.51784300804138,
      50.93951487541199
    ],
    "score_time": [
      1.425628662109375,
      1.022472620010376,
      1.041929006576538,
      1.0254569053649902,
      1.049015760421753
    ],
    "test_r": [
      -0.011880325113048217,
      -0.0024484512292501674,
      0.8393597855853974,
      0.47693270609599037,
      0.6511632901118777
    ],
    "test_r2": [
      -0.014204722142683757,
      -0.029547281587032792,
      0.3673353425404081,
      0.15449357547629128,
      0.35771250209585514
    ],
    "test_rmse": [
      -354924.0712152612,
      -122847.24168570772,
      -1368.2879688849043,
      -957.8059196215662,
      -711.6975411835938
    ],
    "test_mae": [
      -41998.53161070934,
      -20833.437078519448,
      -514.3912593620674,
      -415.34969943427484,
      -220.4405963747475
    ],
    "best_params": {
      "check_inverse": true,
      "func": null,
      "inverse_func": null,
      "regressor__natural_gradient": true,
      "regressor__n_estimators": 2000,
      "regressor__learning_rate": 0.001,
      "regressor__minibatch_frac": 1,
      "regressor__col_sample": 1.0,
      "regressor__verbose": false,
      "transformer__memory": null,
      "transformer__verbose": false,
      "transformer__log transform__accept_sparse": false,
      "transformer__log transform__check_inverse": true,
      "transformer__log transform__feature_names_out": null,
      "transformer__log transform__inv_kw_args": null,
      "transformer__log transform__kw_args": null,
      "transformer__log transform__validate": false,
      "transformer__y scaler__copy": true,
      "transformer__y scaler__unit_variance": false,
      "transformer__y scaler__with_centering": true,
      "transformer__y scaler__with_scaling": true
    }
  },
  "69": {
    "fit_time": [
      53.95176959037781,
      55.094589948654175,
      52.76969289779663,
      53.63400888442993,
      49.616384983062744
    ],
    "score_time": [
      1.337247371673584,
      1.0400846004486084,
      1.8795280456542969,
      1.0153229236602783,
      1.0754287242889404
    ],
    "test_r": [
      0.05504144547794539,
      0.07064100025094162,
      0.14969499072819392,
      0.8418023693458394,
      0.851314922545666
    ],
    "test_r2": [
      -0.02215511730229003,
      -0.015666337619913095,
      -0.794010082837874,
      0.4907644046837041,
      0.7201284393726002
    ],
    "test_rmse": [
      -369426.82606621826,
      -67666.4407372714,
      -1309.9123036642848,
      -1066.4752894854296,
      -268.1270301060306
    ],
    "test_mae": [
      -54522.20397761719,
      -8684.5213514542,
      -487.4011782574849,
      -377.67153901832114,
      -129.4015030795634
    ],
    "best_params": {
      "check_inverse": true,
      "func": null,
      "inverse_func": null,
      "regressor__natural_gradient": true,
      "regressor__n_estimators": 2000,
      "regressor__learning_rate": 0.001,
      "regressor__minibatch_frac": 1,
      "regressor__col_sample": 1.0,
      "regressor__verbose": false,
      "transformer__memory": null,
      "transformer__verbose": false,
      "transformer__log transform__accept_sparse": false,
      "transformer__log transform__check_inverse": true,
      "transformer__log transform__feature_names_out": null,
      "transformer__log transform__inv_kw_args": null,
      "transformer__log transform__kw_args": null,
      "transformer__log transform__validate": false,
      "transformer__y scaler__copy": true,
      "transformer__y scaler__unit_variance": false,
      "transformer__y scaler__with_centering": true,
      "transformer__y scaler__with_scaling": true
    }
  },
  "420": {
    "fit_time": [
      45.36019539833069,
      41.59670281410217,
      47.233198165893555,
      48.16711902618408,
      46.760918378829956
    ],
    "score_time": [
      1.6079819202423096,
      1.7981462478637695,
      1.0263442993164062,
      1.0201599597930908,
      1.3500313758850098
    ],