{
  "6": {
    "fit_time": [
      0.38875722885131836,
      0.3926889896392822,
      0.3966941833496094,
      0.39527368545532227,
      0.3939704895019531
    ],
    "score_time": [
      0.08671331405639648,
      0.08205652236938477,
      0.08313894271850586,
      0.08244633674621582,
      0.08229207992553711
    ],
    "test_r": [
      0.680621412859922,
      0.4406383002764726,
      0.6494424069253092,
      0.6861074952776436,
      0.3666419688369329
    ],
    "test_r2": [
      0.1696631804485509,
      0.15901405707583116,
      0.3748630402020523,
      0.27666354925467984,
      0.0071619191092496814
    ],
    "test_rmse": [
      -4.797261185820143,
      -7.051616667743669,
      -6.555675544004265,
      -5.039582365464474,
      -27.199837755042857
    ],
    "test_mae": [
      -3.973636333705651,
      -4.843312991546188,
      -4.100643169328771,
      -4.078804882776792,
      -10.023906243668463
    ],
    "best_params": {
      "check_inverse": true,
      "func": null,
      "inverse_func": null,
      "regressor__bootstrap": true,
      "regressor__ccp_alpha": 0.0,
      "regressor__criterion": "squared_error",
      "regressor__max_depth": null,
      "regressor__max_features": "sqrt",
      "regressor__max_leaf_nodes": null,
      "regressor__max_samples": null,
      "regressor__min_impurity_decrease": 0.0,
      "regressor__min_samples_leaf": 0.05184356445052637,
      "regressor__min_samples_split": 0.05385371755951339,
      "regressor__min_weight_fraction_leaf": 0.0,
      "regressor__monotonic_cst": null,
      "regressor__n_estimators": 221,
      "regressor__n_jobs": null,
      "regressor__oob_score": false,
      "regressor__random_state": null,
      "regressor__verbose": 0,
      "regressor__warm_start": false,
      "transformer__memory": null,
      "transformer__verbose": false,
      "transformer__y scaler__copy": true,
      "transformer__y scaler__with_mean": true,
      "transformer__y scaler__with_std": true
    }
  },
  "13": {
    "fit_time": [
      2.576323986053467,
      2.600346088409424,
      2.611267566680908,
      2.61885666847229,
      2.5983083248138428
    ],
    "score_time": [
      0.16885733604431152,
      0.17690825462341309,
      0.16504454612731934,
      0.16602778434753418,
      0.17216944694519043
    ],
    "test_r": [
      0.6538340417018266,
      0.6300681563501401,
      0.5986310967046183,
      0.32972674548190767,
      0.5370816211018977
    ],
    "test_r2": [
      0.15319205061654295,
      0.37616299021567,
      0.3477406844550265,
      0.03125428099085592,
      0.2760567559253153
    ],
    "test_rmse": [
      -5.294393905002017,
      -6.188379078993908,
      -6.501082710427425,
      -26.437589133404447,
      -7.022179448390367
    ],
    "test_mae": [
      -4.35476452227176,
      -4.042620084973406,
      -4.673024473164233,
      -8.64002516976982,
      -4.521336515575229
    ],
    "best_params": {
      "check_inverse": true,
      "func": null,
      "inverse_func": null,
      "regressor__bootstrap": true,
      "regressor__ccp_alpha": 0.0,
      "regressor__criterion": "squared_error",
      "regressor__max_depth": null,
      "regressor__max_features": "sqrt",
      "regressor__max_leaf_nodes": null,
      "regressor__max_samples": null,
      "regressor__min_impurity_decrease": 0.0,
      "regressor__min_samples_leaf": 0.05,
      "regressor__min_samples_split": 0.07751897821973669,
      "regressor__min_weight_fraction_leaf": 0.0,
      "regressor__monotonic_cst": null,
      "regressor__n_estimators": 2000,
      "regressor__n_jobs": null,
      "regressor__oob_score": false,
      "regressor__random_state": null,
      "regressor__verbose": 0,
      "regressor__warm_start": false,
      "transformer__memory": null,
      "transformer__verbose": false,
      "transformer__y scaler__copy": true,
      "transformer__y scaler__with_mean": true,
      "transformer__y scaler__with_std": true
    }
  },
  "42": {
    "fit_time": [
      1.472322702407837,
      1.4641289710998535,
      1.4642353057861328,
      1.4889769554138184,
      1.4930174350738525
    ],
    "score_time": [
      0.1265103816986084,
      0.1291353702545166,
      0.1269378662109375,
      0.12399077415466309,
      0.12509799003601074
    ],
    "test_r": [
      0.4686889275338455,
      0.5738601232144703,
      0.5427341858770238,
      0.6520693176837203,
      0.45105487288023866
    ],
    "test_r2": [
      0.1507671144830084,
      0.3125789900950533,
      0.12176142271349888,
      0.3791863560348582,
      0.17687168154866417
    ],
    "test_rmse": [
      -17.455397075399286,
      -6.533167783668796,
      -19.41446870108324,
      -5.979517429772806,
      -6.791235155989225
    ],
    "test_mae": [
      -5.6254061744989325,
      -5.063169730504894,
      -6.7820150934001555,
      -4.550116196257408,
      -4.438918039924734
    ],
    "best_params": {
      "check_inverse": true,
      "func": null,
      "inverse_func": null,
      "regressor__bootstrap": true,
      "regressor__ccp_alpha": 0.0,
      "regressor__criterion": "squared_error",
      "regressor__max_depth": null,
      "regressor__max_features": "sqrt",
      "regressor__max_leaf_nodes": null,
      "regressor__max_samples": null,
      "regressor__min_impurity_decrease": 0.0,
      "regressor__min_samples_leaf": 0.05182261227352496,
      "regressor__min_samples_split": 0.0798474350457529,
      "regressor__min_weight_fraction_leaf": 0.0,
      "regressor__monotonic_cst": null,
      "regressor__n_estimators": 1103,
      "regressor__n_jobs": null,
      "regressor__oob_score": false,
      "regressor__random_state": null,
      "regressor__verbose": 0,
      "regressor__warm_start": false,
      "transformer__memory": null,
      "transformer__verbose": false,
      "transformer__y scaler__copy": true,
      "transformer__y scaler__with_mean": true,
      "transformer__y scaler__with_std": true
    }
  },
  "69": {
    "fit_time": [
      0.40194010734558105,
      0.4030022621154785,
      0.4016129970550537,
      0.40402865409851074,
      0.4546027183532715
    ],
    "score_time": [
      0.09177899360656738,
      0.08926939964294434,
      0.08832502365112305,
      0.0848076343536377,
      0.09427285194396973
    ],
    "test_r": [
      0.6553564487098564,
      0.5284027166793277,
      0.5201190739320714,
      0.5906020377940644,
      0.503597583315493
    ],
    "test_r2": [
      0.3639364034201269,
      0.115035785966077,
      0.1624568981844542,
      0.1312720761492553,
      0.20046105010888982
    ],
    "test_rmse": [
      -7.294117746465349,
      -18.89695642778746,
      -17.870639649327998,
      -4.75976855223519,
      -6.964401501697908
    ],
    "test_mae": [
      -4.881304211595874,
      -6.808932207245103,
      -6.470317329772838,
      -3.8095408499713925,
      -4.821506453750085
    ],
    "best_params": {
      "check_inverse": true,
      "func": null,
      "inverse_func": null,
      "regressor__bootstrap": true,
      "regressor__ccp_alpha": 0.0,
      "regressor__criterion": "squared_error",
      "regressor__max_depth": null,
      "regressor__max_features": "sqrt",
      "regressor__max_leaf_nodes": null,
      "regressor__max_samples": null,
      "regressor__min_impurity_decrease": 0.0,
      "regressor__min_samples_leaf": 0.051640697655086075,
      "regressor__min_samples_split": 0.09831656049102541,
      "regressor__min_weight_fraction_leaf": 0.0,
      "regressor__monotonic_cst": null,
      "regressor__n_estimators": 218,
      "regressor__n_jobs": null,
      "regressor__oob_score": false,
      "regressor__random_state": null,
      "regressor__verbose": 0,
      "regressor__warm_start": false,
      "transformer__memory": null,
      "transformer__verbose": false,
      "transformer__y scaler__copy": true,
      "transformer__y scaler__with_mean": true,
      "transformer__y scaler__with_std": true
    }
  },