{
  "6": {
    "fit_time": [
      0.14548349380493164,
      0.14645838737487793,
      0.14798760414123535,
      0.1458902359008789,
      0.1465449333190918
    ],
    "score_time": [
      0.04855155944824219,
      0.04648184776306152,
      0.04398179054260254,
      0.04481935501098633,
      0.04315662384033203
    ],
    "test_r": [
      0.7178559235448657,
      0.4943818123557036,
      0.6659036218242269,
      0.7245757415930612,
      0.3606997460465997
    ],
    "test_r2": [
      0.21528885718215907,
      0.20833922819430806,
      0.4101595563960021,
      0.3395208256155008,
      0.013411847565276691
    ],
    "test_rmse": [
      -4.663598198395886,
      -6.841697842135165,
      -6.367913226131917,
      -4.8156391483326475,
      -27.11409093386462
    ],
    "test_mae": [
      -3.7700228989148723,
      -4.677826079679747,
      -4.015416050107805,
      -3.868823437084461,
      -9.830320877478123
    ],
    "best_params": {
      "check_inverse": true,
      "func": null,
      "inverse_func": null,
      "regressor__bootstrap": true,
      "regressor__ccp_alpha": 0.0,
      "regressor__criterion": "squared_error",
      "regressor__max_depth": null,
      "regressor__max_features": "sqrt",
      "regressor__max_leaf_nodes": null,
      "regressor__max_samples": null,
      "regressor__min_impurity_decrease": 0.0,
      "regressor__min_samples_leaf": 0.05107248385127227,
      "regressor__min_samples_split": 0.05113580895460097,
      "regressor__min_weight_fraction_leaf": 0.0,
      "regressor__monotonic_cst": null,
      "regressor__n_estimators": 80,
      "regressor__n_jobs": null,
      "regressor__oob_score": false,
      "regressor__random_state": null,
      "regressor__verbose": 0,
      "regressor__warm_start": false,
      "transformer__memory": null,
      "transformer__verbose": false,
      "transformer__y scaler__copy": true,
      "transformer__y scaler__with_mean": true,
      "transformer__y scaler__with_std": true
    }
  },
  "13": {
    "fit_time": [
      0.11348915100097656,
      0.11259818077087402,
      0.11246109008789062,
      0.11492109298706055,
      0.11607003211975098
    ],
    "score_time": [
      0.043871402740478516,
      0.04369020462036133,
      0.04262590408325195,
      0.039723873138427734,
      0.04048728942871094
    ],
    "test_r": [
      0.7757622555304421,
      0.6432161601344161,
      0.6345916552892038,
      0.3379114388879703,
      0.5193190904114943
    ],
    "test_r2": [
      0.3747766759074235,
      0.4035639280461515,
      0.38683853696348813,
      0.03985122099948146,
      0.25586856069631725
    ],
    "test_rmse": [
      -4.549266430106091,
      -6.050946203738691,
      -6.303227353118763,
      -26.32002016966951,
      -7.119417971399188
    ],
    "test_mae": [
      -3.731289809034893,
      -3.79151913467417,
      -4.640658393846622,
      -8.674742782726419,
      -4.524798519886067
    ],
    "best_params": {
      "check_inverse": true,
      "func": null,
      "inverse_func": null,
      "regressor__bootstrap": true,
      "regressor__ccp_alpha": 0.0,
      "regressor__criterion": "squared_error",
      "regressor__max_depth": null,
      "regressor__max_features": "sqrt",
      "regressor__max_leaf_nodes": null,
      "regressor__max_samples": null,
      "regressor__min_impurity_decrease": 0.0,
      "regressor__min_samples_leaf": 0.05,
      "regressor__min_samples_split": 0.05,
      "regressor__min_weight_fraction_leaf": 0.0,
      "regressor__monotonic_cst": null,
      "regressor__n_estimators": 50,
      "regressor__n_jobs": null,
      "regressor__oob_score": false,
      "regressor__random_state": null,
      "regressor__verbose": 0,
      "regressor__warm_start": false,
      "transformer__memory": null,
      "transformer__verbose": false,
      "transformer__y scaler__copy": true,
      "transformer__y scaler__with_mean": true,
      "transformer__y scaler__with_std": true
    }
  },
  "42": {
    "fit_time": [
      0.16009068489074707,
      0.15957236289978027,
      0.16020774841308594,
      0.16128110885620117,
      0.16335535049438477
    ],
    "score_time": [
      0.04554939270019531,
      0.04494452476501465,
      0.04325509071350098,
      0.041170358657836914,
      0.04209256172180176
    ],
    "test_r": [
      0.5093309518615577,
      0.5781727876373124,
      0.5147605483543151,
      0.6528460281733341,
      0.4481105838221656
    ],
    "test_r2": [
      0.18439187663417123,
      0.30187630509556573,
      0.12180495547975712,
      0.3966068725882158,
      0.1796602550547276
    ],
    "test_rmse": [
      -17.106340101327067,
      -6.583829876287339,
      -19.413987524314503,
      -5.895025516366709,
      -6.77972180835457
    ],
    "test_mae": [
      -5.524929837475683,
      -5.057079071026872,
      -6.598294553221745,
      -4.363594629326327,
      -4.382569794895945
    ],
    "best_params": {
      "check_inverse": true,
      "func": null,
      "inverse_func": null,
      "regressor__bootstrap": true,
      "regressor__ccp_alpha": 0.0,
      "regressor__criterion": "squared_error",
      "regressor__max_depth": null,
      "regressor__max_features": "sqrt",
      "regressor__max_leaf_nodes": null,
      "regressor__max_samples": null,
      "regressor__min_impurity_decrease": 0.0,
      "regressor__min_samples_leaf": 0.051205555303130965,
      "regressor__min_samples_split": 0.054716484092241384,
      "regressor__min_weight_fraction_leaf": 0.0,
      "regressor__monotonic_cst": null,
      "regressor__n_estimators": 91,
      "regressor__n_jobs": null,
      "regressor__oob_score": false,
      "regressor__random_state": null,
      "regressor__verbose": 0,
      "regressor__warm_start": false,
      "transformer__memory": null,
      "transformer__verbose": false,
      "transformer__y scaler__copy": true,
      "transformer__y scaler__with_mean": true,
      "transformer__y scaler__with_std": true
    }
  },
  "69": {
    "fit_time": [
      0.11444497108459473,
      0.11414575576782227,
      0.11596512794494629,
      0.11694073677062988,
      0.14156579971313477
    ],
    "score_time": [
      0.043589115142822266,
      0.0427851676940918,
      0.03979325294494629,
      0.039652109146118164,
      0.04685187339782715
    ],
    "test_r": [
      0.7262429990823417,
      0.5226207866852195,
      0.5690469134502432,
      0.6040138718962762,
      0.561216261745153
    ],
    "test_r2": [
      0.45211915871935004,
      0.13210177529330847,
      0.20249572416623207,
      0.1625907684250476,
      0.2643821424079057
    ],
    "test_rmse": [
      -6.769639723482365,
      -18.713861333779153,
      -17.43825502557917,
      -4.673183307116339,
      -6.6802100657064685
    ],
    "test_mae": [
      -4.330327066952114,
      -6.694272461055334,
      -5.96908054388872,
      -3.6590671285169014,
      -4.429079531964129
    ],
    "best_params": {
      "check_inverse": true,
      "func": null,
      "inverse_func": null,
      "regressor__bootstrap": true,
      "regressor__ccp_alpha": 0.0,
      "regressor__criterion": "squared_error",
      "regressor__max_depth": null,
      "regressor__max_features": "sqrt",
      "regressor__max_leaf_nodes": null,
      "regressor__max_samples": null,
      "regressor__min_impurity_decrease": 0.0,
      "regressor__min_samples_leaf": 0.05,
      "regressor__min_samples_split": 0.05,
      "regressor__min_weight_fraction_leaf": 0.0,
      "regressor__monotonic_cst": null,
      "regressor__n_estimators": 50,
      "regressor__n_jobs": null,
      "regressor__oob_score": false,
      "regressor__random_state": null,
      "regressor__verbose": 0,
      "regressor__warm_start": false,
      "transformer__memory": null,
      "transformer__verbose": false,
      "transformer__y scaler__copy": true,
      "transformer__y scaler__with_mean": true,
      "transformer__y scaler__with_std": true
    }
  },