{
  "6": {
    "fit_time": [
      38.430949687957764,
      40.55424952507019,
      45.50792384147644,
      38.760640382766724,
      39.08732581138611
    ],
    "score_time": [
      0.96315598487854,
      0.9603085517883301,
      1.047435998916626,
      0.9752423763275146,
      1.053027629852295
    ],
    "test_r": [
      0.8175619437708355,
      0.8610837344286899,
      0.8717066389557951,
      0.8805532354587096,
      0.5819248918182113
    ],
    "test_r2": [
      0.4826462079600581,
      0.7205815403499904,
      0.7423227997496251,
      0.7308668791396709,
      0.14980362553054283
    ],
    "test_rmse": [
      -3.7866924556784642,
      -4.064638012907654,
      -4.208892752281512,
      -3.074028898368152,
      -25.1702033727875
    ],
    "test_mae": [
      -2.1091535130228776,
      -2.2617762592246318,
      -2.175915298800191,
      -1.815291466518334,
      -8.506794347090146
    ],
    "best_params": {
      "check_inverse": true,
      "func": null,
      "inverse_func": null,
      "regressor__natural_gradient": true,
      "regressor__n_estimators": 883,
      "regressor__learning_rate": 0.014864463111793706,
      "regressor__minibatch_frac": 1,
      "regressor__col_sample": 1.0,
      "regressor__verbose": false,
      "transformer__memory": null,
      "transformer__verbose": false,
      "transformer__y scaler__copy": true,
      "transformer__y scaler__with_mean": true,
      "transformer__y scaler__with_std": true
    }
  },
  "13": {
    "fit_time": [
      27.662797689437866,
      27.445408582687378,
      27.244712591171265,
      27.688604831695557,
      32.43715453147888
    ],
    "score_time": [
      0.6809425354003906,
      0.6879441738128662,
      0.7097110748291016,
      0.7137360572814941,
      0.7394299507141113
    ],
    "test_r": [
      0.8169012664090655,
      0.7188502534816191,
      0.8262281952491457,
      0.6115014593157203,
      0.6892811515746051
    ],
    "test_r2": [
      0.6202009289382154,
      0.286258441720339,
      0.6815415189968832,
      0.2363754788189596,
      0.2886075898189213
    ],
    "test_rmse": [
      -3.5456897817834054,
      -6.619296477337035,
      -4.542573424806365,
      -23.472366824668104,
      -6.961042372642666
    ],
    "test_mae": [
      -1.9440612687914893,
      -3.9989609619651243,
      -2.1123204980168624,
      -7.51490932038352,
      -3.0200986816905937
    ],
    "best_params": {
      "check_inverse": true,
      "func": null,
      "inverse_func": null,
      "regressor__natural_gradient": true,
      "regressor__n_estimators": 586,
      "regressor__learning_rate": 0.06991692945397764,
      "regressor__minibatch_frac": 1,
      "regressor__col_sample": 1.0,
      "regressor__verbose": false,
      "transformer__memory": null,
      "transformer__verbose": false,
      "transformer__y scaler__copy": true,
      "transformer__y scaler__with_mean": true,
      "transformer__y scaler__with_std": true
    }
  },
  "42": {
    "fit_time": [
      60.09871578216553,
      60.56713557243347,
      57.99384665489197,
      61.10305666923523,
      60.05045437812805
    ],
    "score_time": [
      1.3763689994812012,
      1.3469362258911133,
      1.4063513278961182,
      1.3421046733856201,
      1.387549638748169
    ],
    "test_r": [
      0.9802759160475482,
      0.8052891241457343,
      0.9564165430427644,
      0.8720858418787303,
      0.7937940550354879
    ],
    "test_r2": [
      0.949483217064236,
      0.5372328428350275,
      0.906244179980534,
      0.7592366476264902,
      0.613517587953325
    ],
    "test_rmse": [
      -4.257299205254257,
      -5.360356518594229,
      -6.343345600916352,
      -3.7237515800722183,
      -4.653501568785023
    ],
    "test_mae": [
      -2.0871207722328524,
      -3.0232718120448996,
      -2.8315865042513884,
      -1.9060837856525805,
      -2.055964457486799
    ],
    "best_params": {
      "check_inverse": true,
      "func": null,
      "inverse_func": null,
      "regressor__natural_gradient": true,
      "regressor__n_estimators": 1247,
      "regressor__learning_rate": 0.0303658615008856,
      "regressor__minibatch_frac": 1,
      "regressor__col_sample": 1.0,
      "regressor__verbose": false,
      "transformer__memory": null,
      "transformer__verbose": false,
      "transformer__y scaler__copy": true,
      "transformer__y scaler__with_mean": true,
      "transformer__y scaler__with_std": true
    }
  },
  "69": {
    "fit_time": [
      97.68680262565613,
      98.46293687820435,
      100.4303023815155,
      100.7964379787445,
      100.27442622184753
    ],
    "score_time": [
      2.1637046337127686,
      2.1337926387786865,
      2.163724184036255,
      2.0852255821228027,
      2.088148832321167
    ],
    "test_r": [
      0.8400291410279243,
      0.9637152244443701,
      0.9849228278798389,
      0.786350240788812,
      0.7563913022674955
    ],
    "test_r2": [
      0.5717543900698467,
      0.9235329806529645,
      0.9667281111324856,
      0.4973065524785397,
      0.5514682667423456
    ],
    "test_rmse": [
      -5.985066210440045,
      -5.554770086184867,
      -3.5618468579381055,
      -3.6207251339448936,
      -5.216276150996247
    ],
    "test_mae": [
      -2.7444346289997776,
      -3.1118009354312175,
      -2.104336851492375,
      -2.31254293443946,
      -2.0390016926951176
    ],
    "best_params": {
      "check_inverse": true,
      "func": null,
      "inverse_func": null,
      "regressor__natural_gradient": true,
      "regressor__n_estimators": 2000,
      "regressor__learning_rate": 0.1,
      "regressor__minibatch_frac": 1,
      "regressor__col_sample": 1.0,
      "regressor__verbose": false,
      "transformer__memory": null,
      "transformer__verbose": false,
      "transformer__y scaler__copy": true,
      "transformer__y scaler__with_mean": true,
      "transformer__y scaler__with_std": true
    }
  },
  "420": {
    "fit_time": [
      7.162860155105591,
      7.27125358581543,
      7.3834309577941895,
      7.201728820800781,
      7.335172414779663
    ],
    "score_time": [
      0.25358104705810547,
      0.24123883247375488,
      0.23716115951538086,
      0.30806684494018555,
      0.24084877967834473
    ],
    "test_r": [
      0.6942263527664249,
      0.9249413769688233,
      0.9577163037539987,
      0.7159025280233714,
      0.8767679367129348
    ],
    "test_r2": [
      -0.04274059948893294,
      0.840802697811605,
      0.9149112780738894,
      -0.1569470613026469,
      0.7660837155283606
    ],
    "test_rmse": [
      -6.484829503000197,
      -8.219589294596979,
      -5.907350223874682,
      -4.270367015582975,
      -3.43837430956517
    ],
    "test_mae": [
      -2.2571114802930023,
      -4.087155491196944,
      -2.9651849961881624,
      -2.2939484776550483,
      -1.8309405828650689
    ],
    "best_params": {
      "check_inverse": true,
      "func": null,
      "inverse_func": null,
      "regressor__natural_gradient": true,
      "regressor__n_estimators": 157,
      "regressor__learning_rate": 0.1,
      "regressor__minibatch_frac": 1,
      "regressor__col_sample": 1.0,
      "regressor__verbose": false,
      "transformer__memory": null,
      "transformer__verbose": false,
      "transformer__y scaler__copy": true,
      "transformer__y scaler__with_mean": true,
      "transformer__y scaler__with_std": true
    }
  },
  "1234567890": {
    "fit_time": [
      13.806899070739746,
      14.96659779548645,
      15.237619400024414,
      14.678841590881348,
      17.126729726791382
    ],
    "score_time": [
      0.43751978874206543,
      0.3937842845916748,
      0.40336036682128906,
      0.38828277587890625,
      0.38893818855285645
    ],
    "test_r": [
      0.972813562465213,
      0.937147539020355,
      0.7370515901079684,
      0.740574219683316,
      0.9022782170030389
    ],