{
  "6": {
    "fit_time": [
      2.4818689823150635,
      2.5402817726135254,
      2.4782114028930664,
      2.510776996612549,
      2.5811069011688232
    ],
    "score_time": [
      0.15266203880310059,
      0.15041851997375488,
      0.15320301055908203,
      0.16015839576721191,
      0.15456819534301758
    ],
    "test_r": [
      0.6940252878245938,
      0.4368107649460686,
      0.6603882124904109,
      0.7252981407928683,
      0.38015413057090347
    ],
    "test_r2": [
      0.12336130722970606,
      0.1577822078283625,
      0.4002296629104093,
      0.3396497083810438,
      0.017247570325249373
    ],
    "test_rmse": [
      -4.9292010667817605,
      -7.056779268943493,
      -6.421291041124671,
      -4.815169274946676,
      -27.06133162440187
    ],
    "test_mae": [
      -3.9611490429530263,
      -4.705901789005387,
      -4.062384569161574,
      -3.847519660778986,
      -9.85776139266598
    ],
    "best_params": {
      "check_inverse": true,
      "func": null,
      "inverse_func": null,
      "regressor__bootstrap": true,
      "regressor__ccp_alpha": 0.0,
      "regressor__criterion": "squared_error",
      "regressor__max_depth": null,
      "regressor__max_features": "sqrt",
      "regressor__max_leaf_nodes": null,
      "regressor__max_samples": null,
      "regressor__min_impurity_decrease": 0.0,
      "regressor__min_samples_leaf": 0.05,
      "regressor__min_samples_split": 0.05,
      "regressor__min_weight_fraction_leaf": 0.0,
      "regressor__monotonic_cst": null,
      "regressor__n_estimators": 2000,
      "regressor__n_jobs": null,
      "regressor__oob_score": false,
      "regressor__random_state": null,
      "regressor__verbose": 0,
      "regressor__warm_start": false,
      "transformer__memory": null,
      "transformer__verbose": false,
      "transformer__y scaler__copy": true,
      "transformer__y scaler__with_mean": true,
      "transformer__y scaler__with_std": true
    }
  },
  "13": {
    "fit_time": [
      1.5648295879364014,
      1.5467662811279297,
      1.563222885131836,
      1.5650286674499512,
      1.5792326927185059
    ],
    "score_time": [
      0.10841965675354004,
      0.11809587478637695,
      0.11185002326965332,
      0.11181139945983887,
      0.13015103340148926
    ],
    "test_r": [
      0.6596776328076863,
      0.6029677583681298,
      0.606824650829899,
      0.33007182248429906,
      0.538026498072816
    ],
    "test_r2": [
      0.1789799234662618,
      0.35616786703506587,
      0.35772793191426455,
      0.03550984225020293,
      0.2802635161590613
    ],
    "test_rmse": [
      -5.21315545007004,
      -6.286771347843966,
      -6.451119159233209,
      -26.37945694940005,
      -7.00174713893173
    ],
    "test_mae": [
      -4.262212860609412,
      -4.038141940609592,
      -4.614688265313334,
      -8.6318509559111,
      -4.376200079212742
    ],
    "best_params": {
      "check_inverse": true,
      "func": null,
      "inverse_func": null,
      "regressor__bootstrap": true,
      "regressor__ccp_alpha": 0.0,
      "regressor__criterion": "squared_error",
      "regressor__max_depth": null,
      "regressor__max_features": "sqrt",
      "regressor__max_leaf_nodes": null,
      "regressor__max_samples": null,
      "regressor__min_impurity_decrease": 0.0,
      "regressor__min_samples_leaf": 0.05,
      "regressor__min_samples_split": 0.05,
      "regressor__min_weight_fraction_leaf": 0.0,
      "regressor__monotonic_cst": null,
      "regressor__n_estimators": 1200,
      "regressor__n_jobs": null,
      "regressor__oob_score": false,
      "regressor__random_state": null,
      "regressor__verbose": 0,
      "regressor__warm_start": false,
      "transformer__memory": null,
      "transformer__verbose": false,
      "transformer__y scaler__copy": true,
      "transformer__y scaler__with_mean": true,
      "transformer__y scaler__with_std": true
    }
  },
  "42": {
    "fit_time": [
      0.5132112503051758,
      0.5160143375396729,
      0.5082981586456299,
      0.5093321800231934,
      0.5122897624969482
    ],
    "score_time": [
      0.07229328155517578,
      0.06786942481994629,
      0.07422375679016113,
      0.07006430625915527,
      0.06922006607055664
    ],
    "test_r": [
      0.4873090202960906,
      0.607594117216122,
      0.5474396615097796,
      0.6101570639656586,
      0.4484775276321078
    ],
    "test_r2": [
      0.1700296223266773,
      0.3447381236116587,
      0.1347776340906356,
      0.33209145830692655,
      0.18324965940428284
    ],
    "test_rmse": [
      -17.25629780397938,
      -6.378519118910433,
      -19.270062526136837,
      -6.202174890174348,
      -6.764873179369404
    ],
    "test_mae": [
      -5.426373779500906,
      -4.860718142248015,
      -6.526154837573495,
      -4.671353495890607,
      -4.232621792997688
    ],
    "best_params": {
      "check_inverse": true,
      "func": null,
      "inverse_func": null,
      "regressor__bootstrap": true,
      "regressor__ccp_alpha": 0.0,
      "regressor__criterion": "squared_error",
      "regressor__max_depth": null,
      "regressor__max_features": "sqrt",
      "regressor__max_leaf_nodes": null,
      "regressor__max_samples": null,
      "regressor__min_impurity_decrease": 0.0,
      "regressor__min_samples_leaf": 0.05,
      "regressor__min_samples_split": 0.05,
      "regressor__min_weight_fraction_leaf": 0.0,
      "regressor__monotonic_cst": null,
      "regressor__n_estimators": 342,
      "regressor__n_jobs": null,
      "regressor__oob_score": false,
      "regressor__random_state": null,
      "regressor__verbose": 0,
      "regressor__warm_start": false,
      "transformer__memory": null,
      "transformer__verbose": false,
      "transformer__y scaler__copy": true,
      "transformer__y scaler__with_mean": true,
      "transformer__y scaler__with_std": true
    }
  },
  "69": {
    "fit_time": [
      0.2572188377380371,
      0.2577967643737793,
      0.2592470645904541,
      0.26241207122802734,
      0.25954198837280273
    ],
    "score_time": [
      0.06423616409301758,
      0.06338286399841309,
      0.06032299995422363,
      0.058339595794677734,
      0.05817389488220215
    ],
    "test_r": [
      0.6768865735088647,
      0.5295503099831262,
      0.5248125183302909,
      0.6180294130600313,
      0.4848096024472771
    ],
    "test_r2": [
      0.3910348356676068,
      0.12850629551076698,
      0.16863697510392284,
      0.21314830576421862,
      0.18804609196948774
    ],
    "test_rmse": [
      -7.137049752422249,
      -18.752584634330436,
      -17.804585487331998,
      -4.529918481669901,
      -7.018263601345411
    ],
    "test_mae": [
      -4.681232795988377,
      -6.646946825609081,
      -6.46122257004105,
      -3.5820111256361917,
      -4.713547152074389
    ],
    "best_params": {
      "check_inverse": true,
      "func": null,
      "inverse_func": null,
      "regressor__bootstrap": true,
      "regressor__ccp_alpha": 0.0,
      "regressor__criterion": "squared_error",
      "regressor__max_depth": null,
      "regressor__max_features": "sqrt",
      "regressor__max_leaf_nodes": null,
      "regressor__max_samples": null,
      "regressor__min_impurity_decrease": 0.0,
      "regressor__min_samples_leaf": 0.05094521546846843,
      "regressor__min_samples_split": 0.09052185625200138,
      "regressor__min_weight_fraction_leaf": 0.0,
      "regressor__monotonic_cst": null,
      "regressor__n_estimators": 148,
      "regressor__n_jobs": null,
      "regressor__oob_score": false,
      "regressor__random_state": null,
      "regressor__verbose": 0,
      "regressor__warm_start": false,
      "transformer__memory": null,
      "transformer__verbose": false,
      "transformer__y scaler__copy": true,
      "transformer__y scaler__with_mean": true,
      "transformer__y scaler__with_std": true
    }
  },