{
  "6": {
    "fit_time": [
      11.524164199829102,
      11.44943380355835,
      11.485120296478271,
      11.913453578948975,
      11.705392122268677
    ],
    "score_time": [
      0.39738917350769043,
      0.3795187473297119,
      0.3899393081665039,
      0.3963358402252197,
      0.37636375427246094
    ],
    "test_r": [
      0.03784005357022513,
      0.22866708264761118,
      0.11386346189075201,
      0.33704528296106306,
      0.2194327543372328
    ],
    "test_r2": [
      -0.12854932700369326,
      0.04370512180688457,
      0.002924176137035106,
      0.09103844543426542,
      0.01721003219453965
    ],
    "test_rmse": [
      -0.8510591040022558,
      -1.085103557172568,
      -0.9980163386568457,
      -0.9481232810600942,
      -0.8780207865097488
    ],
    "test_mae": [
      -0.64090570577429,
      -0.817059277585608,
      -0.7541638525234822,
      -0.6961763043727187,
      -0.7018728137149739
    ],
    "best_params": {
      "check_inverse": true,
      "func": null,
      "inverse_func": null,
      "regressor__natural_gradient": true,
      "regressor__n_estimators": 754,
      "regressor__learning_rate": 0.001,
      "regressor__minibatch_frac": 1,
      "regressor__col_sample": 1.0,
      "regressor__verbose": false,
      "transformer__memory": null,
      "transformer__verbose": false,
      "transformer__y scaler__copy": true,
      "transformer__y scaler__with_mean": true,
      "transformer__y scaler__with_std": true
    }
  },
  "13": {
    "fit_time": [
      22.57382082939148,
      22.425893783569336,
      22.378833532333374,
      22.272517681121826,
      22.59778642654419
    ],
    "score_time": [
      0.7019662857055664,
      0.6966688632965088,
      0.7112340927124023,
      0.7181282043457031,
      0.703465461730957
    ],
    "test_r": [
      -0.009532762112787509,
      0.27940258498789805,
      0.02853711926483949,
      0.2534554761680272,
      0.26943748911669413
    ],
    "test_r2": [
      -0.2714723841526363,
      0.07634889751251583,
      -0.332188284473349,
      0.038724213033215715,
      0.02563652746291023
    ],
    "test_rmse": [
      -0.9595045391979987,
      -0.9309259109854076,
      -0.9579021913150163,
      -1.1556032628506874,
      -0.8497045855112212
    ],
    "test_mae": [
      -0.7635918541792125,
      -0.6718843952562109,
      -0.7579103491748087,
      -0.8360220187246965,
      -0.6501819428351401
    ],
    "best_params": {
      "check_inverse": true,
      "func": null,
      "inverse_func": null,
      "regressor__natural_gradient": true,
      "regressor__n_estimators": 1452,
      "regressor__learning_rate": 0.0005987987663886049,
      "regressor__minibatch_frac": 1,
      "regressor__col_sample": 1.0,
      "regressor__verbose": false,
      "transformer__memory": null,
      "transformer__verbose": false,
      "transformer__y scaler__copy": true,
      "transformer__y scaler__with_mean": true,
      "transformer__y scaler__with_std": true
    }
  },
  "42": {
    "fit_time": [
      16.87322998046875,
      16.970419883728027,
      17.109246015548706,
      17.22819185256958,
      17.156161069869995
    ],
    "score_time": [
      0.5680418014526367,
      0.5675532817840576,
      0.592127799987793,
      0.5693142414093018,
      0.5659890174865723
    ],
    "test_r": [
      0.2560294640069727,
      0.15591175082774295,
      0.2941916317057581,
      0.37031795728390715,
      -0.0178368747995995
    ],
    "test_r2": [
      0.05872643900183194,
      -0.0002831515365653292,
      0.07962809945679006,
      0.1287210491485269,
      -0.2876027654086042
    ],
    "test_rmse": [
      -1.0291064980628164,
      -1.1417869279443205,
      -0.9086173389686287,
      -0.8032147125816604,
      -0.8452101604945784
    ],
    "test_mae": [
      -0.7685632794033457,
      -0.8316081967330109,
      -0.7334855548691539,
      -0.638846621775584,
      -0.6126772857110618
    ],
    "best_params": {
      "check_inverse": true,
      "func": null,
      "inverse_func": null,
      "regressor__natural_gradient": true,
      "regressor__n_estimators": 1167,
      "regressor__learning_rate": 0.000852691093146455,
      "regressor__minibatch_frac": 1,
      "regressor__col_sample": 1.0,
      "regressor__verbose": false,
      "transformer__memory": null,
      "transformer__verbose": false,
      "transformer__y scaler__copy": true,
      "transformer__y scaler__with_mean": true,
      "transformer__y scaler__with_std": true
    }
  },
  "69": {
    "fit_time": [
      30.395170211791992,
      30.70638632774353,
      30.80595374107361,
      31.0371515750885,
      30.41638994216919
    ],
    "score_time": [
      0.9671444892883301,
      0.9765625,
      0.9376368522644043,
      0.9732484817504883,
      0.9616360664367676
    ],
    "test_r": [
      0.16926373559852242,
      0.27934926837511787,
      0.30837228573722075,
      0.2560076758366345,
      -0.013484881542280294
    ],
    "test_r2": [
      -0.0003672612262000108,
      -0.01944951142380713,
      0.08816470572422841,
      0.05390182392456555,
      -0.3866137563597323
    ],
    "test_rmse": [
      -1.1798344789669066,
      -1.0476474303209256,
      -0.7481309629799955,
      -0.8543420250058957,
      -0.9328285879351209
    ],
    "test_mae": [
      -0.8880842572343496,
      -0.7939492419937366,
      -0.5959206129448658,
      -0.6295374968136866,
      -0.7187406614501539
    ],
    "best_params": {
      "check_inverse": true,
      "func": null,
      "inverse_func": null,
      "regressor__natural_gradient": true,
      "regressor__n_estimators": 2000,
      "regressor__learning_rate": 0.0002517936247857712,
      "regressor__minibatch_frac": 1,
      "regressor__col_sample": 1.0,
      "regressor__verbose": false,
      "transformer__memory": null,
      "transformer__verbose": false,
      "transformer__y scaler__copy": true,
      "transformer__y scaler__with_mean": true,
      "transformer__y scaler__with_std": true
    }
  },
  "420": {
    "fit_time": [
      30.52780318260193,
      31.59654450416565,
      30.600624799728394,
      31.1320903301239,
      30.641998291015625
    ],
    "score_time": [
      0.9831259250640869,
      0.9927387237548828,
      1.0101230144500732,
      0.9679985046386719,
      0.9368264675140381
    ],
    "test_r": [
      0.14109597609025956,
      0.05416929727458937,
      0.2773951752267947,
      0.09148936068416953,
      0.1369617950165332
    ],
    "test_r2": [
      -0.02390090104534237,
      -0.02566906711432848,
      0.05458743888768414,
      -0.05716628689129988,
      0.010710754235384812
    ],
    "test_rmse": [
      -0.8142705727149786,
      -0.9905867591277903,
      -0.9875612230526642,
      -1.1500080992078923,
      -0.8785782095125678
    ],
    "test_mae": [
      -0.6217369826882772,
      -0.7275805241539612,
      -0.7974310277811342,
      -0.8349235259605818,
      -0.6673898090055767
    ],
    "best_params": {
      "check_inverse": true,
      "func": null,
      "inverse_func": null,
      "regressor__natural_gradient": true,
      "regressor__n_estimators": 2000,
      "regressor__learning_rate": 0.00032437095265403204,
      "regressor__minibatch_frac": 1,
      "regressor__col_sample": 1.0,
      "regressor__verbose": false,
      "transformer__memory": null,
      "transformer__verbose": false,
      "transformer__y scaler__copy": true,
      "transformer__y scaler__with_mean": true,
      "transformer__y scaler__with_std": true
    }
  },
  "1234567890": {
    "fit_time": [
      23.31541109085083,
      23.488873958587646,
      23.397106647491455,
      24.2717387676239,
      23.588518142700195
    ],
    "score_time": [
      0.7512125968933105,
      0.7473139762878418,
      0.7433161735534668,
      0.7392914295196533,
      0.7358748912811279
    ],