{
  "6": {
    "fit_time": [
      0.0940241813659668,
      0.09679746627807617,
      0.0955960750579834,
      0.09566330909729004,
      0.09878349304199219
    ],
    "score_time": [
      0.02095937728881836,
      0.023140430450439453,
      0.022933006286621094,
      0.02226543426513672,
      0.0217130184173584
    ],
    "test_r": [
      -0.0991379869707428,
      0.1519809619399821,
      0.04251233457551459,
      0.1549850275440102,
      0.04041779958037461
    ],
    "test_r2": [
      -0.0825581003140321,
      -0.014262297427095172,
      -0.017721626123405887,
      -0.014691872188663968,
      -0.18124775473378119
    ],
    "test_rmse": [
      -662.0499644040075,
      -354936.2043011036,
      -68411.11674239133,
      -153997.17700914008,
      -1565.9536463170564
    ],
    "test_mae": [
      -245.771310855598,
      -42168.57324978975,
      -9110.158154958584,
      -18624.066147033514,
      -677.942575984161
    ],
    "best_params": {
      "check_inverse": true,
      "func": null,
      "inverse_func": null,
      "regressor__bootstrap": true,
      "regressor__ccp_alpha": 0.0,
      "regressor__criterion": "squared_error",
      "regressor__max_depth": null,
      "regressor__max_features": "sqrt",
      "regressor__max_leaf_nodes": null,
      "regressor__max_samples": null,
      "regressor__min_impurity_decrease": 0.0,
      "regressor__min_samples_leaf": 0.05,
      "regressor__min_samples_split": 0.05,
      "regressor__min_weight_fraction_leaf": 0.0,
      "regressor__monotonic_cst": null,
      "regressor__n_estimators": 57,
      "regressor__n_jobs": null,
      "regressor__oob_score": false,
      "regressor__random_state": null,
      "regressor__verbose": 0,
      "regressor__warm_start": false,
      "transformer__memory": null,
      "transformer__verbose": false,
      "transformer__log transform__accept_sparse": false,
      "transformer__log transform__check_inverse": true,
      "transformer__log transform__feature_names_out": null,
      "transformer__log transform__inv_kw_args": null,
      "transformer__log transform__kw_args": null,
      "transformer__log transform__validate": false,
      "transformer__y scaler__copy": true,
      "transformer__y scaler__with_mean": true,
      "transformer__y scaler__with_std": true
    }
  },
  "13": {
    "fit_time": [
      0.162123441696167,
      0.1650838851928711,
      0.16437697410583496,
      0.16370677947998047,
      0.16688919067382812
    ],
    "score_time": [
      0.022434711456298828,
      0.023324966430664062,
      0.024065017700195312,
      0.022489309310913086,
      0.023892641067504883
    ],
    "test_r": [
      -0.10398031846673429,
      0.07817602436818531,
      -0.12352517116794454,
      0.16297904708228758,
      0.21712549452226254
    ],
    "test_r2": [
      -0.25841937140696136,
      -0.014367427715372028,
      -0.07316304347079261,
      -0.020282561495355234,
      -0.05831641059027559
    ],
    "test_rmse": [
      -1600.1064593456601,
      -152935.86928630277,
      -699.761743748946,
      -363880.45191281335,
      -1615.516313256511
    ],
    "test_mae": [
      -751.1029556509944,
      -18279.017699840148,
      -271.9807048482502,
      -51377.97010330512,
      -479.5931390320215
    ],
    "best_params": {
      "check_inverse": true,
      "func": null,
      "inverse_func": null,
      "regressor__bootstrap": true,
      "regressor__ccp_alpha": 0.0,
      "regressor__criterion": "squared_error",
      "regressor__max_depth": null,
      "regressor__max_features": "sqrt",
      "regressor__max_leaf_nodes": null,
      "regressor__max_samples": null,
      "regressor__min_impurity_decrease": 0.0,
      "regressor__min_samples_leaf": 0.05,
      "regressor__min_samples_split": 0.05,
      "regressor__min_weight_fraction_leaf": 0.0,
      "regressor__monotonic_cst": null,
      "regressor__n_estimators": 115,
      "regressor__n_jobs": null,
      "regressor__oob_score": false,
      "regressor__random_state": null,
      "regressor__verbose": 0,
      "regressor__warm_start": false,
      "transformer__memory": null,
      "transformer__verbose": false,
      "transformer__log transform__accept_sparse": false,
      "transformer__log transform__check_inverse": true,
      "transformer__log transform__feature_names_out": null,
      "transformer__log transform__inv_kw_args": null,
      "transformer__log transform__kw_args": null,
      "transformer__log transform__validate": false,
      "transformer__y scaler__copy": true,
      "transformer__y scaler__with_mean": true,
      "transformer__y scaler__with_std": true
    }
  },
  "42": {
    "fit_time": [
      0.08917403221130371,
      0.09464693069458008,
      0.0930483341217041,
      0.09059762954711914,
      0.09442353248596191
    ],
    "score_time": [
      0.018774986267089844,
      0.01926112174987793,
      0.019181251525878906,
      0.019098758697509766,
      0.019516468048095703
    ],
    "test_r": [
      0.1614314129803037,
      0.1420720664435651,
      0.04519731094275777,
      0.06753773315378152,
      0.13230400028387856
    ],
    "test_r2": [
      -0.014264944039036997,
      -0.026360572057377407,
      -0.11445967776325339,
      -0.15849709151017488,
      -0.023239746463566524
    ],
    "test_rmse": [
      -354934.89074679156,
      -167344.17903689243,
      -1816.053955254039,
      -1121.611786718672,
      -898.5639177074613
    ],
    "test_mae": [
      -42196.06185203161,
      -26883.891362602386,
      -650.4640454621399,
      -478.85008114386255,
      -243.13317561198917
    ],
    "best_params": {
      "check_inverse": true,
      "func": null,
      "inverse_func": null,
      "regressor__bootstrap": true,
      "regressor__ccp_alpha": 0.0,
      "regressor__criterion": "squared_error",
      "regressor__max_depth": null,
      "regressor__max_features": "sqrt",
      "regressor__max_leaf_nodes": null,
      "regressor__max_samples": null,
      "regressor__min_impurity_decrease": 0.0,
      "regressor__min_samples_leaf": 0.05,
      "regressor__min_samples_split": 0.05,
      "regressor__min_weight_fraction_leaf": 0.0,
      "regressor__monotonic_cst": null,
      "regressor__n_estimators": 56,
      "regressor__n_jobs": null,
      "regressor__oob_score": false,
      "regressor__random_state": null,
      "regressor__verbose": 0,
      "regressor__warm_start": false,
      "transformer__memory": null,
      "transformer__verbose": false,
      "transformer__log transform__accept_sparse": false,
      "transformer__log transform__check_inverse": true,
      "transformer__log transform__feature_names_out": null,
      "transformer__log transform__inv_kw_args": null,
      "transformer__log transform__kw_args": null,
      "transformer__log transform__validate": false,
      "transformer__y scaler__copy": true,
      "transformer__y scaler__with_mean": true,
      "transformer__y scaler__with_std": true
    }
  },
  "69": {
    "fit_time": [
      0.09587407112121582,
      0.09703660011291504,
      0.09835267066955566,
      0.09845590591430664,
      0.10013628005981445
    ],
    "score_time": [
      0.02018284797668457,
      0.020267724990844727,
      0.01972365379333496,
      0.020349502563476562,
      0.020841360092163086
    ],
    "test_r": [
      -0.032969261053660874,
      0.13671842216946123,
      -0.000739595068449922,
      -0.06303712682496662,
      0.005251290209506876
    ],
    "test_r2": [
      -0.025096683211515813,
      -0.017159561659061184,
      -0.10351747957344704,
      -0.09421994653852694,
      -0.03049138952305208
    ],
    "test_rmse": [
      -386528.1810923622,
      -67716.47379531467,
      -1028.2840525111767,
      -1563.2645035420055,
      -514.493628823965
    ],
    "test_mae": [
      -60532.367300332706,
      -8853.358588409168,
      -374.81702274821964,
      -507.2855012402098,
      -194.1495656031842
    ],