{
  "6": {
    "fit_time": [
      2.447206735610962,
      2.4777586460113525,
      2.496751546859741,
      2.542673110961914,
      2.4758951663970947
    ],
    "score_time": [
      0.1448056697845459,
      0.14394617080688477,
      0.14188885688781738,
      0.15576410293579102,
      0.14633822441101074
    ],
    "test_r": [
      0.7048220330167503,
      0.47796648262249963,
      0.7441540227113724,
      0.7561745882781317,
      0.41981589533929886
    ],
    "test_r2": [
      0.18078740542341487,
      0.21012880112156052,
      0.5238050490680608,
      0.352709642888585,
      0.03907176531093737
    ],
    "test_rmse": [
      -4.765017789188637,
      -6.833960535434303,
      -5.721662755123678,
      -4.767316009106814,
      -26.759166231525512
    ],
    "test_mae": [
      -3.6287249175047886,
      -4.167487879805121,
      -3.576731907097664,
      -3.6510555319838836,
      -9.652079254095923
    ],
    "best_params": {
      "check_inverse": true,
      "func": null,
      "inverse_func": null,
      "regressor__bootstrap": true,
      "regressor__ccp_alpha": 0.0,
      "regressor__criterion": "squared_error",
      "regressor__max_depth": null,
      "regressor__max_features": "sqrt",
      "regressor__max_leaf_nodes": null,
      "regressor__max_samples": null,
      "regressor__min_impurity_decrease": 0.0,
      "regressor__min_samples_leaf": 0.05,
      "regressor__min_samples_split": 0.05,
      "regressor__min_weight_fraction_leaf": 0.0,
      "regressor__monotonic_cst": null,
      "regressor__n_estimators": 2000,
      "regressor__n_jobs": null,
      "regressor__oob_score": false,
      "regressor__random_state": null,
      "regressor__verbose": 0,
      "regressor__warm_start": false,
      "transformer__memory": null,
      "transformer__verbose": false,
      "transformer__y scaler__copy": true,
      "transformer__y scaler__with_mean": true,
      "transformer__y scaler__with_std": true
    }
  },
  "13": {
    "fit_time": [
      2.4598159790039062,
      2.4736199378967285,
      2.4891247749328613,
      2.5025980472564697,
      2.5551013946533203
    ],
    "score_time": [
      0.14531826972961426,
      0.14323902130126953,
      0.1504380702972412,
      0.14180874824523926,
      0.14507150650024414
    ],
    "test_r": [
      0.7526874049935424,
      0.7100782808469835,
      0.6263532145868989,
      0.3966347881452684,
      0.5990318877606577
    ],
    "test_r2": [
      0.2826892331257048,
      0.4829682797527537,
      0.38721505881561114,
      0.05917102241591665,
      0.34927068680898954
    ],
    "test_rmse": [
      -4.87278737796186,
      -5.633780668514311,
      -6.3012917558627946,
      -26.053873092662695,
      -6.657632967587797
    ],
    "test_mae": [
      -3.8912989480420657,
      -3.50982808057433,
      -4.221607515142286,
      -8.534227350569443,
      -4.0064486387144935
    ],
    "best_params": {
      "check_inverse": true,
      "func": null,
      "inverse_func": null,
      "regressor__bootstrap": true,
      "regressor__ccp_alpha": 0.0,
      "regressor__criterion": "squared_error",
      "regressor__max_depth": null,
      "regressor__max_features": "sqrt",
      "regressor__max_leaf_nodes": null,
      "regressor__max_samples": null,
      "regressor__min_impurity_decrease": 0.0,
      "regressor__min_samples_leaf": 0.05,
      "regressor__min_samples_split": 0.05,
      "regressor__min_weight_fraction_leaf": 0.0,
      "regressor__monotonic_cst": null,
      "regressor__n_estimators": 2000,
      "regressor__n_jobs": null,
      "regressor__oob_score": false,
      "regressor__random_state": null,
      "regressor__verbose": 0,
      "regressor__warm_start": false,
      "transformer__memory": null,
      "transformer__verbose": false,
      "transformer__y scaler__copy": true,
      "transformer__y scaler__with_mean": true,
      "transformer__y scaler__with_std": true
    }
  },
  "42": {
    "fit_time": [
      0.24152588844299316,
      0.2433617115020752,
      0.2452089786529541,
      0.24570369720458984,
      0.24960088729858398
    ],
    "score_time": [
      0.05825495719909668,
      0.05589747428894043,
      0.056134700775146484,
      0.05636262893676758,
      0.05815768241882324
    ],
    "test_r": [
      0.5353829436799404,
      0.6479600884757574,
      0.5693533329876129,
      0.7164218385873207,
      0.5083731079092054
    ],
    "test_r2": [
      0.1972913075712096,
      0.37396009455128154,
      0.16516209185182562,
      0.47998763728180793,
      0.23404785352809743
    ],
    "test_rmse": [
      -16.970526407714665,
      -6.234669258537024,
      -18.928680280453882,
      -5.472582834972364,
      -6.551123941360685
    ],
    "test_mae": [
      -5.301043144126856,
      -4.830614797649373,
      -6.315412841121865,
      -4.102577563288363,
      -4.161217403994027
    ],
    "best_params": {
      "check_inverse": true,
      "func": null,
      "inverse_func": null,
      "regressor__bootstrap": true,
      "regressor__ccp_alpha": 0.0,
      "regressor__criterion": "squared_error",
      "regressor__max_depth": null,
      "regressor__max_features": "sqrt",
      "regressor__max_leaf_nodes": null,
      "regressor__max_samples": null,
      "regressor__min_impurity_decrease": 0.0,
      "regressor__min_samples_leaf": 0.054410091088305704,
      "regressor__min_samples_split": 0.06582779982572573,
      "regressor__min_weight_fraction_leaf": 0.0,
      "regressor__monotonic_cst": null,
      "regressor__n_estimators": 133,
      "regressor__n_jobs": null,
      "regressor__oob_score": false,
      "regressor__random_state": null,
      "regressor__verbose": 0,
      "regressor__warm_start": false,
      "transformer__memory": null,
      "transformer__verbose": false,
      "transformer__y scaler__copy": true,
      "transformer__y scaler__with_mean": true,
      "transformer__y scaler__with_std": true
    }
  },
  "69": {
    "fit_time": [
      0.30969738960266113,
      0.30407094955444336,
      0.31226587295532227,
      0.306912899017334,
      0.3172028064727783
    ],
    "score_time": [
      0.05462384223937988,
      0.055756330490112305,
      0.055536508560180664,
      0.055872201919555664,
      0.05654287338256836
    ],
    "test_r": [
      0.7086296177538157,
      0.5246992302315551,
      0.5701713823656724,
      0.6458713369387533,
      0.5455550024439577
    ],
    "test_r2": [
      0.4635617767650003,
      0.13482651627717623,
      0.21872161416866742,
      0.2813491534313437,
      0.2363712921137544
    ],
    "test_rmse": [
      -6.698573963963013,
      -18.684462432404136,
      -17.259945475372763,
      -4.329152805739773,
      -6.806206339978995
    ],
    "test_mae": [
      -4.362035843281487,
      -6.67036754874449,
      -5.909047307957078,
      -3.3191541402072016,
      -4.36533090647691
    ],
    "best_params": {
      "check_inverse": true,
      "func": null,
      "inverse_func": null,
      "regressor__bootstrap": true,
      "regressor__ccp_alpha": 0.0,
      "regressor__criterion": "squared_error",
      "regressor__max_depth": null,
      "regressor__max_features": "sqrt",
      "regressor__max_leaf_nodes": null,
      "regressor__max_samples": null,
      "regressor__min_impurity_decrease": 0.0,
      "regressor__min_samples_leaf": 0.05121662189100886,
      "regressor__min_samples_split": 0.05132683247051095,
      "regressor__min_weight_fraction_leaf": 0.0,
      "regressor__monotonic_cst": null,
      "regressor__n_estimators": 150,
      "regressor__n_jobs": null,
      "regressor__oob_score": false,
      "regressor__random_state": null,
      "regressor__verbose": 0,
      "regressor__warm_start": false,
      "transformer__memory": null,
      "transformer__verbose": false,
      "transformer__y scaler__copy": true,
      "transformer__y scaler__with_mean": true,
      "transformer__y scaler__with_std": true
    }
  },