{
  "6": {
    "fit_time": [
      5.374013423919678,
      5.360471248626709,
      5.246284484863281,
      5.128302812576294,
      5.179703950881958
    ],
    "score_time": [
      0.12165307998657227,
      0.12154674530029297,
      0.11317181587219238,
      0.10864400863647461,
      0.11102080345153809
    ],
    "test_r": [
      0.3896910650579274,
      0.46138959013536346,
      0.6711380848759845,
      0.3332653712519938,
      0.62142575227548
    ],
    "test_r2": [
      0.045023077219541095,
      0.1503305433266479,
      0.213457116842424,
      0.11827468645015127,
      -0.048744960310155516
    ],
    "test_rmse": [
      -9930.47783144636,
      -113142.77508675109,
      -18185.64316098067,
      -32404.269062869444,
      -8250.237846452423
    ],
    "test_mae": [
      -3693.9826357348884,
      -14775.702948209626,
      -4769.963720419787,
      -6348.124460345204,
      -3572.17976014641
    ],
    "best_params": {
      "check_inverse": true,
      "func": null,
      "inverse_func": null,
      "regressor__estimator__natural_gradient": true,
      "regressor__estimator__n_estimators": 50,
      "regressor__estimator__learning_rate": 0.01987146442293734,
      "regressor__estimator__minibatch_frac": 1,
      "regressor__estimator__col_sample": 1.0,
      "regressor__estimator__verbose": false,
      "regressor__n_jobs": null,
      "transformer__memory": null,
      "transformer__verbose": false,
      "transformer__y scaler__copy": true,
      "transformer__y scaler__with_mean": true,
      "transformer__y scaler__with_std": true
    }
  },
  "13": {
    "fit_time": [
      77.78981375694275,
      77.16126918792725,
      76.29368042945862,
      74.09199261665344,
      77.65689516067505
    ],
    "score_time": [
      1.1206190586090088,
      1.111152172088623,
      1.1354906558990479,
      1.0613679885864258,
      1.0962960720062256
    ],
    "test_r": [
      0.6409121790167458,
      0.34139978290874934,
      0.7914739314706746,
      0.06902831240052094,
      0.9002115633606216
    ],
    "test_r2": [
      0.19636474751149605,
      0.09900627896311547,
      0.06530287247797532,
      0.04135594032347548,
      0.35547573422796913
    ],
    "test_rmse": [
      -8141.346165676569,
      -32001.59743522295,
      -5033.449149393771,
      -118188.96481437869,
      -2448.5038031180347
    ],
    "test_mae": [
      -3608.7406950750046,
      -5904.7947314016055,
      -2218.1510923940177,
      -19800.626968463217,
      -1450.7873753183312
    ],
    "best_params": {
      "check_inverse": true,
      "func": null,
      "inverse_func": null,
      "regressor__estimator__natural_gradient": true,
      "regressor__estimator__n_estimators": 711,
      "regressor__estimator__learning_rate": 0.004166518378315295,
      "regressor__estimator__minibatch_frac": 1,
      "regressor__estimator__col_sample": 1.0,
      "regressor__estimator__verbose": false,
      "regressor__n_jobs": null,
      "transformer__memory": null,
      "transformer__verbose": false,
      "transformer__y scaler__copy": true,
      "transformer__y scaler__with_mean": true,
      "transformer__y scaler__with_std": true
    }
  },
  "42": {
    "fit_time": [
      82.24000191688538,
      84.71918869018555,
      83.57361173629761,
      84.22926044464111,
      84.70697331428528
    ],
    "score_time": [
      1.2480146884918213,
      1.2240769863128662,
      1.2121782302856445,
      1.198803186416626,
      1.244450569152832
    ],
    "test_r": [
      0.4805538764330147,
      0.2759358692945144,
      0.6680475082009854,
      0.43980941003034285,
      0.7026025358745274
    ],
    "test_r2": [
      0.06015984974332674,
      0.09676032806868946,
      0.15244244443964017,
      0.14734246296459752,
      0.16876054737427226
    ],
    "test_rmse": [
      -112744.38565664523,
      -38273.744712009015,
      -6883.2259465049,
      -8900.962084916815,
      -6335.439521364869
    ],
    "test_mae": [
      -15208.264067839089,
      -7621.408727630802,
      -3952.29543550436,
      -4277.593442940606,
      -3445.938462653472
    ],
    "best_params": {
      "check_inverse": true,
      "func": null,
      "inverse_func": null,
      "regressor__estimator__natural_gradient": true,
      "regressor__estimator__n_estimators": 751,
      "regressor__estimator__learning_rate": 0.00087088054593588,
      "regressor__estimator__minibatch_frac": 1,
      "regressor__estimator__col_sample": 1.0,
      "regressor__estimator__verbose": false,
      "regressor__n_jobs": null,
      "transformer__memory": null,
      "transformer__verbose": false,
      "transformer__y scaler__copy": true,
      "transformer__y scaler__with_mean": true,
      "transformer__y scaler__with_std": true
    }
  },
  "69": {
    "fit_time": [
      29.949631452560425,
      30.0081844329834,
      28.161664962768555,
      29.126880407333374,
      29.8112895488739
    ],
    "score_time": [
      0.4445359706878662,
      0.44971179962158203,
      0.4537851810455322,
      0.45121121406555176,
      0.43913745880126953
    ],
    "test_r": [
      0.4196986927591281,
      0.6271162719037076,
      0.9212694500553509,
      0.8041344166175833,
      0.14918229232714014
    ],
    "test_r2": [
      0.05009879661352934,
      0.3229236594411709,
      -0.043151153339498226,
      0.23233841271992176,
      -1.3915672498082703
    ],
    "test_rmse": [
      -117981.28338820377,
      -16977.758742809852,
      -9281.598559027963,
      -5376.457973897447,
      -9864.716579741344
    ],
    "test_mae": [
      -18057.50179871048,
      -3989.627366222936,
      -3675.529149042452,
      -2227.127226084413,
      -3305.3032051912064
    ],
    "best_params": {
      "check_inverse": true,
      "func": null,
      "inverse_func": null,
      "regressor__estimator__natural_gradient": true,
      "regressor__estimator__n_estimators": 256,
      "regressor__estimator__learning_rate": 0.015967253598443983,
      "regressor__estimator__minibatch_frac": 1,
      "regressor__estimator__col_sample": 1.0,
      "regressor__estimator__verbose": false,
      "regressor__n_jobs": null,
      "transformer__memory": null,
      "transformer__verbose": false,
      "transformer__y scaler__copy": true,
      "transformer__y scaler__with_mean": true,
      "transformer__y scaler__with_std": true
    }
  },
  "420": {
    "fit_time": [
      52.46773624420166,
      54.94256091117859,
      53.866244316101074,
      55.829418659210205,
      58.5399911403656
    ],
    "score_time": [
      0.7920989990234375,
      0.7651829719543457,
      0.8390607833862305,
      0.8788416385650635,
      0.8412926197052002
    ],
    "test_r": [
      0.002035635394465148,
      0.5122583718071108,
      0.7724971130351516,
      0.1603302821846522,
      0.6956055069861045
    ],
    "test_r2": [
      -29.320886137601935,
      0.1809409309184092,
      0.3023930152079351,
      0.11797013958979741,
      0.15850391658725094
    ],
    "test_rmse": [
      -25702.56794629304,
      -32595.450101886436,
      -4961.27525067598,
      -115688.86987189933,
      -7234.173950207991
    ],
    "test_mae": [
      -5705.576700448696,
      -5184.262289717749,
      -2453.192321492741,
      -17430.77324918391,
      -2648.574610161283
    ],
    "best_params": {
      "check_inverse": true,
      "func": null,
      "inverse_func": null,
      "regressor__estimator__natural_gradient": true,
      "regressor__estimator__n_estimators": 493,
      "regressor__estimator__learning_rate": 0.010795009834467163,
      "regressor__estimator__minibatch_frac": 1,
      "regressor__estimator__col_sample": 1.0,
      "regressor__estimator__verbose": false,
      "regressor__n_jobs": null,
      "transformer__memory": null,
      "transformer__verbose": false,
      "transformer__y scaler__copy": true,
      "transformer__y scaler__with_mean": true,