{
  "6": {
    "fit_time": [
      0.06763982772827148,
      0.06688308715820312,
      0.06444239616394043,
      0.06424498558044434,
      0.0664064884185791
    ],
    "score_time": [
      0.018642663955688477,
      0.02050948143005371,
      0.01764535903930664,
      0.016938209533691406,
      0.017390727996826172
    ],
    "test_r": [
      0.7462170813158764,
      0.5545970322472106,
      0.6229608558892694,
      0.6198713967983447,
      0.5703270273704862
    ],
    "test_r2": [
      0.5316996621649254,
      0.3056534735997535,
      0.38424099316639726,
      0.367026245668438,
      0.32467766818003985
    ],
    "test_rmse": [
      -2.373079417948995,
      -2.9030995920387674,
      -2.6830887269667865,
      -2.8625526965076347,
      -2.9380562404401345
    ],
    "test_mae": [
      -1.9056078727073573,
      -2.2650076975362547,
      -2.1294872450022018,
      -2.2206703999916204,
      -2.3729287329220563
    ],
    "best_params": {
      "check_inverse": true,
      "func": null,
      "inverse_func": null,
      "regressor__objective": "reg:squarederror",
      "regressor__base_score": null,
      "regressor__booster": null,
      "regressor__callbacks": null,
      "regressor__colsample_bylevel": null,
      "regressor__colsample_bynode": null,
      "regressor__colsample_bytree": null,
      "regressor__device": null,
      "regressor__early_stopping_rounds": null,
      "regressor__enable_categorical": false,
      "regressor__eval_metric": null,
      "regressor__feature_types": null,
      "regressor__gamma": null,
      "regressor__grow_policy": null,
      "regressor__importance_type": null,
      "regressor__interaction_constraints": null,
      "regressor__learning_rate": 0.026330997501661426,
      "regressor__max_bin": null,
      "regressor__max_cat_threshold": null,
      "regressor__max_cat_to_onehot": null,
      "regressor__max_delta_step": null,
      "regressor__max_depth": 10,
      "regressor__max_leaves": null,
      "regressor__min_child_weight": null,
      "regressor__missing": NaN,
      "regressor__monotone_constraints": null,
      "regressor__multi_strategy": null,
      "regressor__n_estimators": 50,
      "regressor__n_jobs": -2,
      "regressor__num_parallel_tree": null,
      "regressor__random_state": null,
      "regressor__reg_alpha": null,
      "regressor__reg_lambda": null,
      "regressor__sampling_method": null,
      "regressor__scale_pos_weight": null,
      "regressor__subsample": null,
      "regressor__tree_method": null,
      "regressor__validate_parameters": null,
      "regressor__verbosity": null,
      "transformer__memory": null,
      "transformer__verbose": false,
      "transformer__y scaler": null
    }
  },
  "13": {
    "fit_time": [
      0.7799582481384277,
      0.83376145362854,
      0.8337349891662598,
      0.9005458354949951,
      0.7803618907928467
    ],
    "score_time": [
      0.019530773162841797,
      0.025273561477661133,
      0.019826650619506836,
      0.02046036720275879,
      0.01913166046142578
    ],
    "test_r": [
      0.656435189300244,
      0.49881165523764937,
      0.6674098192895602,
      0.6604799350699876,
      0.6869357468276859
    ],
    "test_r2": [
      0.4174145492402883,
      0.23232523849912734,
      0.43863938572978456,
      0.4346258627108338,
      0.46783672362770456
    ],
    "test_rmse": [
      -2.6194804398562472,
      -3.0055233443666665,
      -2.679693942146452,
      -2.637140344025981,
      -2.578635200757708
    ],
    "test_mae": [
      -2.0745142103013126,
      -2.315880121212882,
      -2.0292216020827674,
      -2.0195587171615026,
      -1.90403170034357
    ],
    "best_params": {
      "check_inverse": true,
      "func": null,
      "inverse_func": null,
      "regressor__objective": "reg:squarederror",
      "regressor__base_score": null,
      "regressor__booster": null,
      "regressor__callbacks": null,
      "regressor__colsample_bylevel": null,
      "regressor__colsample_bynode": null,
      "regressor__colsample_bytree": null,
      "regressor__device": null,
      "regressor__early_stopping_rounds": null,
      "regressor__enable_categorical": false,
      "regressor__eval_metric": null,
      "regressor__feature_types": null,
      "regressor__gamma": null,
      "regressor__grow_policy": null,
      "regressor__importance_type": null,
      "regressor__interaction_constraints": null,
      "regressor__learning_rate": 0.0015091157368080942,
      "regressor__max_bin": null,
      "regressor__max_cat_threshold": null,
      "regressor__max_cat_to_onehot": null,
      "regressor__max_delta_step": null,
      "regressor__max_depth": 7853,
      "regressor__max_leaves": null,
      "regressor__min_child_weight": null,
      "regressor__missing": NaN,
      "regressor__monotone_constraints": null,
      "regressor__multi_strategy": null,
      "regressor__n_estimators": 959,
      "regressor__n_jobs": -2,
      "regressor__num_parallel_tree": null,
      "regressor__random_state": null,
      "regressor__reg_alpha": null,
      "regressor__reg_lambda": null,
      "regressor__sampling_method": null,
      "regressor__scale_pos_weight": null,
      "regressor__subsample": null,
      "regressor__tree_method": null,
      "regressor__validate_parameters": null,
      "regressor__verbosity": null,
      "transformer__memory": null,
      "transformer__verbose": false,
      "transformer__y scaler": null
    }
  },
  "42": {
    "fit_time": [
      0.08148503303527832,
      0.06857800483703613,
      0.06453466415405273,
      0.07440972328186035,
      0.07286310195922852
    ],
    "score_time": [
      0.01836562156677246,
      0.01757526397705078,
      0.016783714294433594,
      0.017063617706298828,
      0.017204999923706055
    ],
    "test_r": [
      0.5511530148442115,
      0.5898170350615443,
      0.6501165131432025,
      0.6243568848205381,
      0.6736167958024168
    ],
    "test_r2": [
      0.2967971899137547,
      0.3400276150579251,
      0.42231976231024926,
      0.3550070935758636,
      0.43991452205226067
    ],
    "test_rmse": [
      -2.918662375852213,
      -2.9099316852964985,
      -2.70337593908598,
      -2.8600260602020575,
      -2.5266987671036722
    ],
    "test_mae": [
      -2.2341483484493585,
      -2.1269906841369335,
      -2.027190782785636,
      -2.0928778932368304,
      -1.9333381311475237
    ],
    "best_params": {
      "check_inverse": true,
      "func": null,
      "inverse_func": null,
      "regressor__objective": "reg:squarederror",
      "regressor__base_score": null,
      "regressor__booster": null,
      "regressor__callbacks": null,
      "regressor__colsample_bylevel": null,
      "regressor__colsample_bynode": null,
      "regressor__colsample_bytree": null,
      "regressor__device": null,
      "regressor__early_stopping_rounds": null,
      "regressor__enable_categorical": false,
      "regressor__eval_metric": null,
      "regressor__feature_types": null,
      "regressor__gamma": null,
      "regressor__grow_policy": null,
      "regressor__importance_type": null,
      "regressor__interaction_constraints": null,
      "regressor__learning_rate": 0.029912605674545317,
      "regressor__max_bin": null,
      "regressor__max_cat_threshold": null,
      "regressor__max_cat_to_onehot": null,
      "regressor__max_delta_step": null,
      "regressor__max_depth": 10000,
      "regressor__max_leaves": null,
      "regressor__min_child_weight": null,
      "regressor__missing": NaN,
      "regressor__monotone_constraints": null,
      "regressor__multi_strategy": null,
      "regressor__n_estimators": 50,
      "regressor__n_jobs": -2,
      "regressor__num_parallel_tree": null,
      "regressor__random_state": null,
      "regressor__reg_alpha": null,
      "regressor__reg_lambda": null,
      "regressor__sampling_method": null,
      "regressor__scale_pos_weight": null,
      "regressor__subsample": null,