{
  "6": {
    "fit_time": [
      0.18709397315979004,
      0.18650531768798828,
      0.18810391426086426,
      0.19260191917419434,
      0.187760591506958
    ],
    "score_time": [
      0.0761420726776123,
      0.07495546340942383,
      0.07470202445983887,
      0.07622408866882324,
      0.0745539665222168
    ],
    "test_r": [
      0.659393658486304,
      0.43683313036890853,
      0.6585579907472251,
      0.7103159727236965,
      0.3660519097903989
    ],
    "test_r2": [
      0.24243515812096061,
      0.16316307301761912,
      0.3659143757701603,
      0.32853178098428815,
      -0.004702051919643457
    ],
    "test_rmse": [
      -4.582221952635375,
      -7.0342005356470025,
      -6.602430168939558,
      -4.855535158945989,
      -27.361868093133584
    ],
    "test_mae": [
      -3.9493753887765055,
      -4.869652214073862,
      -4.388134036631956,
      -3.9020940542508136,
      -10.228426282564554
    ],
    "best_params": {
      "check_inverse": true,
      "func": null,
      "inverse_func": null,
      "regressor__bootstrap": true,
      "regressor__ccp_alpha": 0.0,
      "regressor__criterion": "squared_error",
      "regressor__max_depth": null,
      "regressor__max_features": "sqrt",
      "regressor__max_leaf_nodes": null,
      "regressor__max_samples": null,
      "regressor__min_impurity_decrease": 0.0,
      "regressor__min_samples_leaf": 0.05,
      "regressor__min_samples_split": 0.05,
      "regressor__min_weight_fraction_leaf": 0.0,
      "regressor__monotonic_cst": null,
      "regressor__n_estimators": 50,
      "regressor__n_jobs": null,
      "regressor__oob_score": false,
      "regressor__random_state": null,
      "regressor__verbose": 0,
      "regressor__warm_start": false,
      "transformer__memory": null,
      "transformer__verbose": false,
      "transformer__y scaler__copy": true,
      "transformer__y scaler__with_mean": true,
      "transformer__y scaler__with_std": true
    }
  },
  "13": {
    "fit_time": [
      2.540221929550171,
      2.562490224838257,
      2.5369832515716553,
      2.554156541824341,
      2.5432205200195312
    ],
    "score_time": [
      0.16342782974243164,
      0.1673569679260254,
      0.1663811206817627,
      0.16557812690734863,
      0.16583824157714844
    ],
    "test_r": [
      0.703526049051943,
      0.6149187430738609,
      0.596138142549865,
      0.33790163394950673,
      0.5333188616735015
    ],
    "test_r2": [
      0.22833281704384856,
      0.3415205533637944,
      0.3277498539670197,
      0.019802529466930063,
      0.25672052948134383
    ],
    "test_rmse": [
      -5.054041483758232,
      -6.357881849405167,
      -6.5999553708206555,
      -26.593392254591954,
      -7.115341232611399
    ],
    "test_mae": [
      -4.2786224334153005,
      -4.280929945475312,
      -4.949494624651698,
      -8.787024338524995,
      -4.818433430396008
    ],
    "best_params": {
      "check_inverse": true,
      "func": null,
      "inverse_func": null,
      "regressor__bootstrap": true,
      "regressor__ccp_alpha": 0.0,
      "regressor__criterion": "squared_error",
      "regressor__max_depth": null,
      "regressor__max_features": "sqrt",
      "regressor__max_leaf_nodes": null,
      "regressor__max_samples": null,
      "regressor__min_impurity_decrease": 0.0,
      "regressor__min_samples_leaf": 0.05,
      "regressor__min_samples_split": 0.05,
      "regressor__min_weight_fraction_leaf": 0.0,
      "regressor__monotonic_cst": null,
      "regressor__n_estimators": 2000,
      "regressor__n_jobs": null,
      "regressor__oob_score": false,
      "regressor__random_state": null,
      "regressor__verbose": 0,
      "regressor__warm_start": false,
      "transformer__memory": null,
      "transformer__verbose": false,
      "transformer__y scaler__copy": true,
      "transformer__y scaler__with_mean": true,
      "transformer__y scaler__with_std": true
    }
  },
  "42": {
    "fit_time": [
      0.22385239601135254,
      0.2258012294769287,
      0.2284862995147705,
      0.22823762893676758,
      0.22626209259033203
    ],
    "score_time": [
      0.07750606536865234,
      0.07451844215393066,
      0.07490420341491699,
      0.07512807846069336,
      0.07497835159301758
    ],
    "test_r": [
      0.5080354143603182,
      0.6124325941269022,
      0.5508833316906084,
      0.6430023008929918,
      0.409674817548296
    ],
    "test_r2": [
      0.1402361174781419,
      0.3572449165398369,
      0.1113317485844415,
      0.35335277942933163,
      0.13416154179271678
    ],
    "test_rmse": [
      -17.563292309838058,
      -6.317353379623971,
      -19.529408402210727,
      -6.1026605988852305,
      -6.965197464262189
    ],
    "test_mae": [
      -5.712181546197547,
      -4.801870517744609,
      -7.083611847281375,
      -4.7212749498779125,
      -4.5822835741974774
    ],
    "best_params": {
      "check_inverse": true,
      "func": null,
      "inverse_func": null,
      "regressor__bootstrap": true,
      "regressor__ccp_alpha": 0.0,
      "regressor__criterion": "squared_error",
      "regressor__max_depth": null,
      "regressor__max_features": "sqrt",
      "regressor__max_leaf_nodes": null,
      "regressor__max_samples": null,
      "regressor__min_impurity_decrease": 0.0,
      "regressor__min_samples_leaf": 0.05,
      "regressor__min_samples_split": 0.05,
      "regressor__min_weight_fraction_leaf": 0.0,
      "regressor__monotonic_cst": null,
      "regressor__n_estimators": 85,
      "regressor__n_jobs": null,
      "regressor__oob_score": false,
      "regressor__random_state": null,
      "regressor__verbose": 0,
      "regressor__warm_start": false,
      "transformer__memory": null,
      "transformer__verbose": false,
      "transformer__y scaler__copy": true,
      "transformer__y scaler__with_mean": true,
      "transformer__y scaler__with_std": true
    }
  },
  "69": {
    "fit_time": [
      2.57112193107605,
      2.5801446437835693,
      2.586108446121216,
      2.6708273887634277,
      2.887195348739624
    ],
    "score_time": [
      0.16811466217041016,
      0.16776466369628906,
      0.17948079109191895,
      0.16803383827209473,
      0.1691112518310547
    ],
    "test_r": [
      0.697008136827655,
      0.5433081253097333,
      0.5538024740113647,
      0.6433119155205008,
      0.4953113660902662
    ],
    "test_r2": [
      0.35920858366368313,
      0.10643584844107434,
      0.1520472500375858,
      0.23558370595662437,
      0.18201113529844437
    ],
    "test_rmse": [
      -7.3211759129162655,
      -18.988553201480958,
      -17.981351929097322,
      -4.464870966946918,
      -7.044297410221791
    ],
    "test_mae": [
      -5.043275050261917,
      -6.830781334600491,
      -6.51269297300765,
      -3.6956335246981813,
      -4.979463473341951
    ],
    "best_params": {
      "check_inverse": true,
      "func": null,
      "inverse_func": null,
      "regressor__bootstrap": true,
      "regressor__ccp_alpha": 0.0,
      "regressor__criterion": "squared_error",
      "regressor__max_depth": null,
      "regressor__max_features": "sqrt",
      "regressor__max_leaf_nodes": null,
      "regressor__max_samples": null,
      "regressor__min_impurity_decrease": 0.0,
      "regressor__min_samples_leaf": 0.05,
      "regressor__min_samples_split": 0.05,
      "regressor__min_weight_fraction_leaf": 0.0,
      "regressor__monotonic_cst": null,
      "regressor__n_estimators": 2000,
      "regressor__n_jobs": null,
      "regressor__oob_score": false,
      "regressor__random_state": null,
      "regressor__verbose": 0,
      "regressor__warm_start": false,
      "transformer__memory": null,
      "transformer__verbose": false,
      "transformer__y scaler__copy": true,
      "transformer__y scaler__with_mean": true,
      "transformer__y scaler__with_std": true
    }
  },