{
  "6": {
    "fit_time": [
      0.36618852615356445,
      0.37265849113464355,
      0.3719508647918701,
      0.37337398529052734,
      0.36032843589782715
    ],
    "score_time": [
      0.04047703742980957,
      0.041433095932006836,
      0.04204583168029785,
      0.041527509689331055,
      0.04014086723327637
    ],
    "test_r": [
      0.6580377773269616,
      0.34447815707275814,
      0.6391778280571841,
      0.6319217970796077,
      0.3521084621519072
    ],
    "test_r2": [
      0.05905064168443597,
      -0.0015749751434577242,
      0.3938759309981217,
      0.16434621830194185,
      0.01089518177746951
    ],
    "test_rmse": [
      -5.106805780203728,
      -7.6954861303279944,
      -6.455213757270004,
      -5.416734678848336,
      -27.14865127403174
    ],
    "test_mae": [
      -4.026703636731311,
      -5.513581205622866,
      -4.103541427354872,
      -4.309025045631139,
      -9.932923130786442
    ],
    "best_params": {
      "check_inverse": true,
      "func": null,
      "inverse_func": null,
      "regressor__bootstrap": true,
      "regressor__ccp_alpha": 0.0,
      "regressor__criterion": "squared_error",
      "regressor__max_depth": null,
      "regressor__max_features": "sqrt",
      "regressor__max_leaf_nodes": null,
      "regressor__max_samples": null,
      "regressor__min_impurity_decrease": 0.0,
      "regressor__min_samples_leaf": 0.05165199889226504,
      "regressor__min_samples_split": 0.050980218200834246,
      "regressor__min_weight_fraction_leaf": 0.0,
      "regressor__monotonic_cst": null,
      "regressor__n_estimators": 298,
      "regressor__n_jobs": null,
      "regressor__oob_score": false,
      "regressor__random_state": null,
      "regressor__verbose": 0,
      "regressor__warm_start": false,
      "transformer__memory": null,
      "transformer__verbose": false,
      "transformer__y scaler__copy": true,
      "transformer__y scaler__with_mean": true,
      "transformer__y scaler__with_std": true
    }
  },
  "13": {
    "fit_time": [
      1.3108909130096436,
      1.334991216659546,
      1.312997817993164,
      1.3239452838897705,
      1.303424596786499
    ],
    "score_time": [
      0.08131957054138184,
      0.09669327735900879,
      0.08566498756408691,
      0.10019683837890625,
      0.08234095573425293
    ],
    "test_r": [
      0.6167705076914346,
      0.5711982964670214,
      0.5955676457859395,
      0.3093264135054705,
      0.5113723527015871
    ],
    "test_r2": [
      0.12498718681134924,
      0.3216622419459073,
      0.3515328245714544,
      0.032961772595013206,
      0.2324318677038426
    ],
    "test_rmse": [
      -5.381842612299877,
      -6.4530397008510825,
      -6.482156991195399,
      -26.41427967782708,
      -7.230663176591408
    ],
    "test_mae": [
      -4.296786241063121,
      -4.320143719045121,
      -4.28579460723657,
      -8.926942080964409,
      -4.774393390852945
    ],
    "best_params": {
      "check_inverse": true,
      "func": null,
      "inverse_func": null,
      "regressor__bootstrap": true,
      "regressor__ccp_alpha": 0.0,
      "regressor__criterion": "squared_error",
      "regressor__max_depth": null,
      "regressor__max_features": "sqrt",
      "regressor__max_leaf_nodes": null,
      "regressor__max_samples": null,
      "regressor__min_impurity_decrease": 0.0,
      "regressor__min_samples_leaf": 0.05,
      "regressor__min_samples_split": 0.05,
      "regressor__min_weight_fraction_leaf": 0.0,
      "regressor__monotonic_cst": null,
      "regressor__n_estimators": 1161,
      "regressor__n_jobs": null,
      "regressor__oob_score": false,
      "regressor__random_state": null,
      "regressor__verbose": 0,
      "regressor__warm_start": false,
      "transformer__memory": null,
      "transformer__verbose": false,
      "transformer__y scaler__copy": true,
      "transformer__y scaler__with_mean": true,
      "transformer__y scaler__with_std": true
    }
  },
  "42": {
    "fit_time": [
      2.2058937549591064,
      2.2224597930908203,
      2.2083535194396973,
      2.2665650844573975,
      2.26591420173645
    ],
    "score_time": [
      0.12279415130615234,
      0.12221860885620117,
      0.12224340438842773,
      0.1239631175994873,
      0.12392663955688477
    ],
    "test_r": [
      0.4434744457617439,
      0.5624881105718927,
      0.532302918435547,
      0.6126374590108825,
      0.45481354621301073
    ],
    "test_r2": [
      0.15139700523685062,
      0.30369085052264433,
      0.12541795086132213,
      0.32528458500461155,
      0.14363641569959906
    ],
    "test_rmse": [
      -17.44892238926742,
      -6.575268047309282,
      -19.374010676223318,
      -6.233698967066663,
      -6.9269825375050535
    ],
    "test_mae": [
      -5.639605676811863,
      -5.022918685977253,
      -6.738969527257836,
      -4.791655210990393,
      -4.450880604562313
    ],
    "best_params": {
      "check_inverse": true,
      "func": null,
      "inverse_func": null,
      "regressor__bootstrap": true,
      "regressor__ccp_alpha": 0.0,
      "regressor__criterion": "squared_error",
      "regressor__max_depth": null,
      "regressor__max_features": "sqrt",
      "regressor__max_leaf_nodes": null,
      "regressor__max_samples": null,
      "regressor__min_impurity_decrease": 0.0,
      "regressor__min_samples_leaf": 0.05,
      "regressor__min_samples_split": 0.05,
      "regressor__min_weight_fraction_leaf": 0.0,
      "regressor__monotonic_cst": null,
      "regressor__n_estimators": 2000,
      "regressor__n_jobs": null,
      "regressor__oob_score": false,
      "regressor__random_state": null,
      "regressor__verbose": 0,
      "regressor__warm_start": false,
      "transformer__memory": null,
      "transformer__verbose": false,
      "transformer__y scaler__copy": true,
      "transformer__y scaler__with_mean": true,
      "transformer__y scaler__with_std": true
    }
  },
  "69": {
    "fit_time": [
      0.09765028953552246,
      0.0966343879699707,
      0.09408760070800781,
      0.09728860855102539,
      0.09760212898254395
    ],
    "score_time": [
      0.043304443359375,
      0.0417323112487793,
      0.042763471603393555,
      0.03733038902282715,
      0.03424406051635742
    ],
    "test_r": [
      0.5547513104522939,
      0.5087890736336543,
      0.5422343118001227,
      0.5713090540275105,
      0.559546243594332
    ],
    "test_r2": [
      0.3007534773221977,
      0.14449780060881057,
      0.18246322364684198,
      0.032873836331792416,
      0.254489160906873
    ],
    "test_rmse": [
      -7.647819987437295,
      -18.57973743332082,
      -17.655912331362824,
      -5.022101788492755,
      -6.724979562265441
    ],
    "test_mae": [
      -4.837760545863906,
      -6.678088454831278,
      -6.653905740700332,
      -4.013558235198948,
      -4.694269359585869
    ],
    "best_params": {
      "check_inverse": true,
      "func": null,
      "inverse_func": null,
      "regressor__bootstrap": true,
      "regressor__ccp_alpha": 0.0,
      "regressor__criterion": "squared_error",
      "regressor__max_depth": null,
      "regressor__max_features": "sqrt",
      "regressor__max_leaf_nodes": null,
      "regressor__max_samples": null,
      "regressor__min_impurity_decrease": 0.0,
      "regressor__min_samples_leaf": 0.05,
      "regressor__min_samples_split": 0.05,
      "regressor__min_weight_fraction_leaf": 0.0,
      "regressor__monotonic_cst": null,
      "regressor__n_estimators": 50,
      "regressor__n_jobs": null,
      "regressor__oob_score": false,
      "regressor__random_state": null,
      "regressor__verbose": 0,
      "regressor__warm_start": false,
      "transformer__memory": null,
      "transformer__verbose": false,
      "transformer__y scaler__copy": true,
      "transformer__y scaler__with_mean": true,
      "transformer__y scaler__with_std": true
    }
  },