{
  "6": {
    "fit_time": [
      0.11637210845947266,
      0.17665338516235352,
      0.22224950790405273,
      0.21159791946411133,
      0.18402481079101562
    ],
    "score_time": [
      0.0396575927734375,
      0.04072856903076172,
      0.04285264015197754,
      0.03847980499267578,
      0.03874468803405762
    ],
    "test_r": [
      0.6447427669849061,
      0.3665878523211384,
      0.678866227203161,
      0.6207793248419162,
      0.35329692808462265
    ],
    "test_r2": [
      -0.008830749728340193,
      0.027042480871006802,
      0.4393405127187203,
      0.2254027109042085,
      0.013226635783497365
    ],
    "test_rmse": [
      -5.287804276173097,
      -7.584749930655183,
      -6.208396576531102,
      -5.215096614214398,
      -27.116635872913154
    ],
    "test_mae": [
      -4.107984071600304,
      -5.3812551555675405,
      -3.885257886282875,
      -4.01600702013866,
      -9.885791836204879
    ],
    "best_params": {
      "check_inverse": true,
      "func": null,
      "inverse_func": null,
      "regressor__bootstrap": true,
      "regressor__ccp_alpha": 0.0,
      "regressor__criterion": "squared_error",
      "regressor__max_depth": null,
      "regressor__max_features": "sqrt",
      "regressor__max_leaf_nodes": null,
      "regressor__max_samples": null,
      "regressor__min_impurity_decrease": 0.0,
      "regressor__min_samples_leaf": 0.05,
      "regressor__min_samples_split": 0.05,
      "regressor__min_weight_fraction_leaf": 0.0,
      "regressor__monotonic_cst": null,
      "regressor__n_estimators": 50,
      "regressor__n_jobs": null,
      "regressor__oob_score": false,
      "regressor__random_state": null,
      "regressor__verbose": 0,
      "regressor__warm_start": false,
      "transformer__memory": null,
      "transformer__verbose": false,
      "transformer__y scaler__copy": true,
      "transformer__y scaler__with_mean": true,
      "transformer__y scaler__with_std": true
    }
  },
  "13": {
    "fit_time": [
      2.634530782699585,
      2.8609237670898438,
      2.675225019454956,
      2.9891955852508545,
      3.7177820205688477
    ],
    "score_time": [
      0.13968491554260254,
      0.13606953620910645,
      0.13640618324279785,
      0.13307857513427734,
      0.13389182090759277
    ],
    "test_r": [
      0.610294695359436,
      0.5665738946816129,
      0.5968067776842346,
      0.30862466254632,
      0.5237796047164175
    ],
    "test_r2": [
      0.12055554086993181,
      0.3164362767515442,
      0.3531599812258489,
      0.03348185755101407,
      0.24376737731325127
    ],
    "test_rmse": [
      -5.395454012184728,
      -6.4778493606741305,
      -6.474019254909529,
      -26.40717576163065,
      -7.177073069209741
    ],
    "test_mae": [
      -4.262760743328065,
      -4.325189651036297,
      -4.311563500492435,
      -8.884082525526754,
      -4.730153655584205
    ],
    "best_params": {
      "check_inverse": true,
      "func": null,
      "inverse_func": null,
      "regressor__bootstrap": true,
      "regressor__ccp_alpha": 0.0,
      "regressor__criterion": "squared_error",
      "regressor__max_depth": null,
      "regressor__max_features": "sqrt",
      "regressor__max_leaf_nodes": null,
      "regressor__max_samples": null,
      "regressor__min_impurity_decrease": 0.0,
      "regressor__min_samples_leaf": 0.05,
      "regressor__min_samples_split": 0.08763498125424196,
      "regressor__min_weight_fraction_leaf": 0.0,
      "regressor__monotonic_cst": null,
      "regressor__n_estimators": 2000,
      "regressor__n_jobs": null,
      "regressor__oob_score": false,
      "regressor__random_state": null,
      "regressor__verbose": 0,
      "regressor__warm_start": false,
      "transformer__memory": null,
      "transformer__verbose": false,
      "transformer__y scaler__copy": true,
      "transformer__y scaler__with_mean": true,
      "transformer__y scaler__with_std": true
    }
  },
  "42": {
    "fit_time": [
      1.1727490425109863,
      1.2014155387878418,
      1.0158782005310059,
      1.6463918685913086,
      1.5067675113677979
    ],
    "score_time": [
      0.08351778984069824,
      0.0756838321685791,
      0.07826828956604004,
      0.07520103454589844,
      0.07610416412353516
    ],
    "test_r": [
      0.42011720949348424,
      0.5774377667509344,
      0.5192901735265414,
      0.6055432368822069,
      0.4759409544469482
    ],
    "test_r2": [
      0.1366159252797985,
      0.32238664263977457,
      0.11740520500078466,
      0.30813594478214557,
      0.16891270051029972
    ],
    "test_rmse": [
      -17.600230185584316,
      -6.486394970166753,
      -19.46255872973464,
      -6.312420094172349,
      -6.823989029511159
    ],
    "test_mae": [
      -5.488488333841239,
      -4.951547525789405,
      -6.623711336991735,
      -4.913478537849741,
      -4.407154021992593
    ],
    "best_params": {
      "check_inverse": true,
      "func": null,
      "inverse_func": null,
      "regressor__bootstrap": true,
      "regressor__ccp_alpha": 0.0,
      "regressor__criterion": "squared_error",
      "regressor__max_depth": null,
      "regressor__max_features": "sqrt",
      "regressor__max_leaf_nodes": null,
      "regressor__max_samples": null,
      "regressor__min_impurity_decrease": 0.0,
      "regressor__min_samples_leaf": 0.05,
      "regressor__min_samples_split": 0.05,
      "regressor__min_weight_fraction_leaf": 0.0,
      "regressor__monotonic_cst": null,
      "regressor__n_estimators": 782,
      "regressor__n_jobs": null,
      "regressor__oob_score": false,
      "regressor__random_state": null,
      "regressor__verbose": 0,
      "regressor__warm_start": false,
      "transformer__memory": null,
      "transformer__verbose": false,
      "transformer__y scaler__copy": true,
      "transformer__y scaler__with_mean": true,
      "transformer__y scaler__with_std": true
    }
  },
  "69": {
    "fit_time": [
      0.4585552215576172,
      0.5662593841552734,
      0.5387210845947266,
      0.7626166343688965,
      0.7728512287139893
    ],
    "score_time": [
      0.05225515365600586,
      0.05797719955444336,
      0.053467750549316406,
      0.05123591423034668,
      0.05227923393249512
    ],
    "test_r": [
      0.5994193551361297,
      0.4701237187856671,
      0.46542982426070106,
      0.6024225154946106,
      0.5634957526696662
    ],
    "test_r2": [
      0.33973450269126326,
      0.11351094399230022,
      0.13879239114265907,
      0.10145110299749116,
      0.2590619900118044
    ],
    "test_rmse": [
      -7.431591017701049,
      -18.91322966808405,
      -18.121345626797623,
      -4.8407739439701345,
      -6.704322931317636
    ],
    "test_mae": [
      -4.775957846139615,
      -6.570680215164349,
      -6.555123221328095,
      -3.898325038096334,
      -4.606844393283577
    ],
    "best_params": {
      "check_inverse": true,
      "func": null,
      "inverse_func": null,
      "regressor__bootstrap": true,
      "regressor__ccp_alpha": 0.0,
      "regressor__criterion": "squared_error",
      "regressor__max_depth": null,
      "regressor__max_features": "sqrt",
      "regressor__max_leaf_nodes": null,
      "regressor__max_samples": null,
      "regressor__min_impurity_decrease": 0.0,
      "regressor__min_samples_leaf": 0.0509187851861281,
      "regressor__min_samples_split": 0.10810686321224415,
      "regressor__min_weight_fraction_leaf": 0.0,
      "regressor__monotonic_cst": null,
      "regressor__n_estimators": 341,
      "regressor__n_jobs": null,
      "regressor__oob_score": false,
      "regressor__random_state": null,
      "regressor__verbose": 0,
      "regressor__warm_start": false,
      "transformer__memory": null,
      "transformer__verbose": false,
      "transformer__y scaler__copy": true,
      "transformer__y scaler__with_mean": true,
      "transformer__y scaler__with_std": true
    }
  },