{
  "6": {
    "fit_time": [
      9.203047037124634,
      8.89483642578125,
      9.210411310195923,
      9.245858192443848,
      8.912544250488281
    ],
    "score_time": [
      0.12713217735290527,
      0.12187814712524414,
      0.12157893180847168,
      0.12519431114196777,
      0.12564539909362793
    ],
    "test_r": [
      0.7312457750107327,
      0.7936066520432542,
      0.8140457837399995,
      0.761718599620707,
      0.6447996600261453
    ],
    "test_r2": [
      0.35515692047535263,
      0.5525064944145543,
      0.649066114210416,
      0.5210969375915335,
      0.18999729767309892
    ],
    "test_rmse": [
      -4.227593658034089,
      -5.143842894817871,
      -4.911820819656544,
      -4.100607288275085,
      -24.568030024148726
    ],
    "test_mae": [
      -2.906231966960061,
      -2.8175403948416045,
      -2.9621776008979377,
      -2.515530818977506,
      -8.615056195375677
    ],
    "best_params": {
      "check_inverse": true,
      "func": null,
      "inverse_func": null,
      "regressor__natural_gradient": true,
      "regressor__n_estimators": 175,
      "regressor__learning_rate": 0.008231907291836546,
      "regressor__minibatch_frac": 1,
      "regressor__col_sample": 1.0,
      "regressor__verbose": false,
      "transformer__memory": null,
      "transformer__verbose": false,
      "transformer__y scaler__copy": true,
      "transformer__y scaler__with_mean": true,
      "transformer__y scaler__with_std": true
    }
  },
  "13": {
    "fit_time": [
      118.63855218887329,
      111.46090769767761,
      116.67139029502869,
      113.23835968971252,
      107.27387309074402
    ],
    "score_time": [
      1.0035669803619385,
      1.0394909381866455,
      1.0249664783477783,
      1.0126676559448242,
      1.0050289630889893
    ],
    "test_r": [
      0.8145516743834674,
      0.7436483059909625,
      0.7178593138969224,
      0.49435797661704634,
      0.8590688947933475
    ],
    "test_r2": [
      0.5377897977462864,
      0.43532759899433393,
      0.43017967168474247,
      0.1417345938460054,
      0.727245283654034
    ],
    "test_rmse": [
      -3.9115019434656926,
      -5.887617967376265,
      -6.076374262246465,
      -24.884433290387317,
      -4.310283124976865
    ],
    "test_mae": [
      -2.10075079112003,
      -3.5575911378049296,
      -2.9645609994993936,
      -7.6642262893215864,
      -2.1194425721673857
    ],
    "best_params": {
      "check_inverse": true,
      "func": null,
      "inverse_func": null,
      "regressor__natural_gradient": true,
      "regressor__n_estimators": 2000,
      "regressor__learning_rate": 0.05180924044753436,
      "regressor__minibatch_frac": 1,
      "regressor__col_sample": 1.0,
      "regressor__verbose": false,
      "transformer__memory": null,
      "transformer__verbose": false,
      "transformer__y scaler__copy": true,
      "transformer__y scaler__with_mean": true,
      "transformer__y scaler__with_std": true
    }
  },
  "42": {
    "fit_time": [
      11.216890096664429,
      10.654792547225952,
      11.49621868133545,
      11.52410101890564,
      11.710041046142578
    ],
    "score_time": [
      0.14182305335998535,
      0.1630246639251709,
      0.14021015167236328,
      0.14429283142089844,
      0.14109563827514648
    ],
    "test_r": [
      0.9705460216096246,
      0.7920323186397686,
      0.9552236599013577,
      0.8777119098821513,
      0.7062643423178895
    ],
    "test_r2": [
      0.925939222441545,
      0.43847095615360776,
      0.9057697108974502,
      0.7690609947523633,
      0.49529242508801496
    ],
    "test_rmse": [
      -5.154783914122441,
      -5.904709324001813,
      -6.359376195917271,
      -3.6469864942339205,
      -5.317835619353621
    ],
    "test_mae": [
      -2.4529340025794246,
      -3.693453542632167,
      -3.0885154236385177,
      -1.8773554527059282,
      -2.5230628982296115
    ],
    "best_params": {
      "check_inverse": true,
      "func": null,
      "inverse_func": null,
      "regressor__natural_gradient": true,
      "regressor__n_estimators": 214,
      "regressor__learning_rate": 0.04562948365446394,
      "regressor__minibatch_frac": 1,
      "regressor__col_sample": 1.0,
      "regressor__verbose": false,
      "transformer__memory": null,
      "transformer__verbose": false,
      "transformer__y scaler__copy": true,
      "transformer__y scaler__with_mean": true,
      "transformer__y scaler__with_std": true
    }
  },
  "69": {
    "fit_time": [
      63.406086444854736,
      63.70290923118591,
      62.75043821334839,
      66.27182364463806,
      66.52931523323059
    ],
    "score_time": [
      0.6617417335510254,
      0.6628403663635254,
      0.6623377799987793,
      0.6618857383728027,
      0.6718957424163818
    ],
    "test_r": [
      0.7478932784646488,
      0.9433463048625591,
      0.9752726994658234,
      0.662295837500534,
      0.7849711368124285
    ],
    "test_r2": [
      0.48803601838157373,
      0.8774926461957308,
      0.9461458838920509,
      0.2676362269504746,
      0.5963616329927279
    ],
    "test_rmse": [
      -6.543983616963947,
      -7.0308864917352505,
      -4.531541543200491,
      -4.37026096676144,
      -4.948347698853584
    ],
    "test_mae": [
      -3.4299659995008787,
      -3.773992383304077,
      -2.856386977764122,
      -2.998509734584457,
      -2.4558875419618094
    ],
    "best_params": {
      "check_inverse": true,
      "func": null,
      "inverse_func": null,
      "regressor__natural_gradient": true,
      "regressor__n_estimators": 1234,
      "regressor__learning_rate": 0.001203480751797385,
      "regressor__minibatch_frac": 1,
      "regressor__col_sample": 1.0,
      "regressor__verbose": false,
      "transformer__memory": null,
      "transformer__verbose": false,
      "transformer__y scaler__copy": true,
      "transformer__y scaler__with_mean": true,
      "transformer__y scaler__with_std": true
    }
  },
  "420": {
    "fit_time": [
      107.67822861671448,
      111.1517219543457,
      106.4808714389801,
      105.53395080566406,
      112.72636389732361
    ],
    "score_time": [
      1.1263182163238525,
      1.0466055870056152,
      1.0923666954040527,
      1.0670864582061768,
      1.0476648807525635
    ],
    "test_r": [
      0.7071749169309343,
      0.9303873036870867,
      0.9668709292031663,
      0.7200667288180047,
      0.7664501058680425
    ],
    "test_r2": [
      0.4162615333849996,
      0.858325921415177,
      0.9322851446127035,
      -0.05086689573404968,
      0.5560590004516812
    ],
    "test_rmse": [
      -4.8519864245727184,
      -7.754029775092937,
      -5.269855375547548,
      -4.0698866499137685,
      -4.7368055019372335
    ],
    "test_mae": [
      -2.156433363030899,
      -4.052434747362106,
      -2.990107154761929,
      -2.265634945366482,
      -2.6208147733680374
    ],
    "best_params": {
      "check_inverse": true,
      "func": null,
      "inverse_func": null,
      "regressor__natural_gradient": true,
      "regressor__n_estimators": 2000,
      "regressor__learning_rate": 0.01810956459612318,
      "regressor__minibatch_frac": 1,
      "regressor__col_sample": 1.0,
      "regressor__verbose": false,
      "transformer__memory": null,
      "transformer__verbose": false,
      "transformer__y scaler__copy": true,
      "transformer__y scaler__with_mean": true,
      "transformer__y scaler__with_std": true
    }
  },
  "1234567890": {
    "fit_time": [
      101.92061686515808,
      103.27810788154602,
      102.86066842079163,
      103.8981831073761,
      104.0170350074768
    ],
    "score_time": [
      1.0160267353057861,
      1.0400500297546387,
      1.0458130836486816,
      1.0496931076049805,
      1.0496206283569336
    ],
    "test_r": [
      0.9749076337954108,
      0.9734497579871325,
      0.7271530145363074,
      0.6001227090056586,
      0.8189265298122608
    ],