{
  "6": {
    "fit_time": [
      2.2493178844451904,
      2.2931337356567383,
      2.2974655628204346,
      2.3419883251190186,
      2.325355291366577
    ],
    "score_time": [
      0.10945677757263184,
      0.10867834091186523,
      0.10565686225891113,
      0.10790228843688965,
      0.11394453048706055
    ],
    "test_r": [
      0.12849451678338572,
      0.25366865375216774,
      0.49998180684447124,
      0.3670981435570498,
      0.4997026107129336
    ],
    "test_r2": [
      -0.021654088693072948,
      0.06161247594426589,
      -0.1420867849466585,
      0.07209099927080631,
      0.1554181910529142
    ],
    "test_rmse": [
      -166.83877450437095,
      -115.9482118225319,
      -65.8440489805565,
      -132.72016073330627,
      -63.952873073435136
    ],
    "test_mae": [
      -75.49871534193744,
      -56.78135740168765,
      -55.07199276815643,
      -70.48449479702242,
      -53.70996094753032
    ],
    "best_params": {
      "check_inverse": true,
      "func": null,
      "inverse_func": null,
      "regressor__bootstrap": true,
      "regressor__ccp_alpha": 0.0,
      "regressor__criterion": "squared_error",
      "regressor__max_depth": null,
      "regressor__max_features": "sqrt",
      "regressor__max_leaf_nodes": null,
      "regressor__max_samples": null,
      "regressor__min_impurity_decrease": 0.0,
      "regressor__min_samples_leaf": 0.05,
      "regressor__min_samples_split": 0.05,
      "regressor__min_weight_fraction_leaf": 0.0,
      "regressor__monotonic_cst": null,
      "regressor__n_estimators": 2000,
      "regressor__n_jobs": null,
      "regressor__oob_score": false,
      "regressor__random_state": null,
      "regressor__verbose": 0,
      "regressor__warm_start": false,
      "transformer__memory": null,
      "transformer__verbose": false,
      "transformer__y scaler__copy": true,
      "transformer__y scaler__with_mean": true,
      "transformer__y scaler__with_std": true
    }
  },
  "13": {
    "fit_time": [
      0.5071532726287842,
      0.5104587078094482,
      0.5181338787078857,
      0.5242059230804443,
      0.5254480838775635
    ],
    "score_time": [
      0.06949472427368164,
      0.06507182121276855,
      0.05627608299255371,
      0.04920840263366699,
      0.04677939414978027
    ],
    "test_r": [
      0.4292847478037104,
      0.39502524597634076,
      0.020052580443508845,
      0.2011011831907934,
      0.6605587449070172
    ],
    "test_r2": [
      -0.40280441980194026,
      0.04780141506213309,
      -0.03218319218513854,
      0.03968310197232883,
      0.29221010672250436
    ],
    "test_rmse": [
      -59.228445508523016,
      -143.31611707437358,
      -159.81783277150643,
      -120.20443973824817,
      -64.65753918300373
    ],
    "test_mae": [
      -52.62707527731641,
      -78.56505721165504,
      -67.78234739424794,
      -62.3475074706981,
      -51.986261120406105
    ],
    "best_params": {
      "check_inverse": true,
      "func": null,
      "inverse_func": null,
      "regressor__bootstrap": true,
      "regressor__ccp_alpha": 0.0,
      "regressor__criterion": "squared_error",
      "regressor__max_depth": null,
      "regressor__max_features": "sqrt",
      "regressor__max_leaf_nodes": null,
      "regressor__max_samples": null,
      "regressor__min_impurity_decrease": 0.0,
      "regressor__min_samples_leaf": 0.05,
      "regressor__min_samples_split": 0.10158714394409593,
      "regressor__min_weight_fraction_leaf": 0.0,
      "regressor__monotonic_cst": null,
      "regressor__n_estimators": 442,
      "regressor__n_jobs": null,
      "regressor__oob_score": false,
      "regressor__random_state": null,
      "regressor__verbose": 0,
      "regressor__warm_start": false,
      "transformer__memory": null,
      "transformer__verbose": false,
      "transformer__y scaler__copy": true,
      "transformer__y scaler__with_mean": true,
      "transformer__y scaler__with_std": true
    }
  },
  "42": {
    "fit_time": [
      0.06734752655029297,
      0.0677332878112793,
      0.0687723159790039,
      0.06972146034240723,
      0.0696103572845459
    ],
    "score_time": [
      0.028533935546875,
      0.02700519561767578,
      0.024867773056030273,
      0.022825956344604492,
      0.021936416625976562
    ],
    "test_r": [
      0.24122930465366554,
      0.5178017334439841,
      0.062185893944812706,
      0.3355846813565119,
      0.513124923047088
    ],
    "test_r2": [
      0.04437213031738252,
      0.17589485366123936,
      -0.009018315875533922,
      0.07292111678544932,
      0.11129508077209405
    ],
    "test_rmse": [
      -117.51337195143928,
      -67.45883053105497,
      -172.84846943514833,
      -126.41290872400374,
      -59.83377560234299
    ],
    "test_mae": [
      -57.898752994980654,
      -55.188276026478654,
      -74.2698393402748,
      -72.64896052267319,
      -50.60804262440727
    ],
    "best_params": {
      "check_inverse": true,
      "func": null,
      "inverse_func": null,
      "regressor__bootstrap": true,
      "regressor__ccp_alpha": 0.0,
      "regressor__criterion": "squared_error",
      "regressor__max_depth": null,
      "regressor__max_features": "sqrt",
      "regressor__max_leaf_nodes": null,
      "regressor__max_samples": null,
      "regressor__min_impurity_decrease": 0.0,
      "regressor__min_samples_leaf": 0.05,
      "regressor__min_samples_split": 0.09924659546912996,
      "regressor__min_weight_fraction_leaf": 0.0,
      "regressor__monotonic_cst": null,
      "regressor__n_estimators": 50,
      "regressor__n_jobs": null,
      "regressor__oob_score": false,
      "regressor__random_state": null,
      "regressor__verbose": 0,
      "regressor__warm_start": false,
      "transformer__memory": null,
      "transformer__verbose": false,
      "transformer__y scaler__copy": true,
      "transformer__y scaler__with_mean": true,
      "transformer__y scaler__with_std": true
    }
  },
  "69": {
    "fit_time": [
      0.08249711990356445,
      0.08177614212036133,
      0.08457636833190918,
      0.08468818664550781,
      0.08541131019592285
    ],
    "score_time": [
      0.03231954574584961,
      0.03188896179199219,
      0.02808690071105957,
      0.02685856819152832,
      0.025035858154296875
    ],
    "test_r": [
      0.2446798927714777,
      0.0818158737458659,
      0.5392567034026666,
      0.6123950063152516,
      0.23934834393533239
    ],
    "test_r2": [
      0.053613644999611854,
      -0.012244748656786486,
      0.07044816158886602,
      0.28598364710130586,
      0.04532826468648188
    ],
    "test_rmse": [
      -133.82285129569496,
      -157.6787696936842,
      -60.093178955708424,
      -57.20067746969558,
      -131.18923464021017
    ],
    "test_mae": [
      -67.74929468739717,
      -75.44010919168089,
      -50.201344298508936,
      -45.6713469352302,
      -68.00450822747364
    ],
    "best_params": {
      "check_inverse": true,
      "func": null,
      "inverse_func": null,
      "regressor__bootstrap": true,
      "regressor__ccp_alpha": 0.0,
      "regressor__criterion": "squared_error",
      "regressor__max_depth": null,
      "regressor__max_features": "sqrt",
      "regressor__max_leaf_nodes": null,
      "regressor__max_samples": null,
      "regressor__min_impurity_decrease": 0.0,
      "regressor__min_samples_leaf": 0.05027257473361215,
      "regressor__min_samples_split": 0.1348057134469966,
      "regressor__min_weight_fraction_leaf": 0.0,
      "regressor__monotonic_cst": null,
      "regressor__n_estimators": 64,
      "regressor__n_jobs": null,
      "regressor__oob_score": false,
      "regressor__random_state": null,
      "regressor__verbose": 0,
      "regressor__warm_start": false,
      "transformer__memory": null,
      "transformer__verbose": false,
      "transformer__y scaler__copy": true,
      "transformer__y scaler__with_mean": true,
      "transformer__y scaler__with_std": true
    }
  },