{
  "6": {
    "fit_time": [
      6.10918116569519,
      5.987772703170776,
      6.048681974411011,
      6.019274473190308,
      6.092367649078369
    ],
    "score_time": [
      0.02339959144592285,
      0.02481389045715332,
      0.022630929946899414,
      0.02876877784729004,
      0.02365899085998535
    ],
    "test_r": [
      0.345539185006783,
      0.2804531681613519,
      0.23595812568328997,
      0.41741724957248033,
      0.5995991209221774
    ],
    "test_r2": [
      0.09162086248397827,
      0.058948397636413574,
      0.04847395420074463,
      0.10414081811904907,
      0.24612325429916382
    ],
    "test_rmse": [
      -115.29258966903936,
      -124.92810765531902,
      -130.61280172940394,
      -125.41038991203585,
      -58.86336079476627
    ],
    "test_mae": [
      -58.665080954601805,
      -58.220469243385466,
      -61.76576774105297,
      -70.54925937458111,
      -47.34910367404115
    ],
    "best_params": {
      "check_inverse": true,
      "func": null,
      "inverse_func": null,
      "regressor__kernel": "tanimoto",
      "regressor__lr": 0.01,
      "regressor__n_epoch": 1000,
      "transformer__memory": null,
      "transformer__verbose": false,
      "transformer__y scaler__copy": true,
      "transformer__y scaler__unit_variance": false,
      "transformer__y scaler__with_centering": true,
      "transformer__y scaler__with_scaling": true
    }
  },
  "13": {
    "fit_time": [
      5.893225193023682,
      5.947522401809692,
      6.077296733856201,
      6.139817476272583,
      6.194733142852783
    ],
    "score_time": [
      0.022879600524902344,
      0.02516794204711914,
      0.024811983108520508,
      0.031813859939575195,
      0.022269010543823242
    ],
    "test_r": [
      0.3759235768356149,
      0.3521139837084047,
      0.1482809280067637,
      0.23676089232603553,
      0.6957868633221582
    ],
    "test_r2": [
      -0.18744635581970215,
      -0.015856146812438965,
      -0.0026674270629882812,
      0.05580848455429077,
      0.33753806352615356
    ],
    "test_rmse": [
      -58.29313076462665,
      -175.358606588395,
      -111.82771723402136,
      -129.9138690906657,
      -61.634301191233845
    ],
    "test_mae": [
      -49.25784186858532,
      -89.97988478927313,
      -52.47517741206149,
      -62.7879977096797,
      -49.24197885885798
    ],
    "best_params": {
      "check_inverse": true,
      "func": null,
      "inverse_func": null,
      "regressor__kernel": "tanimoto",
      "regressor__lr": 0.01,
      "regressor__n_epoch": 1000,
      "transformer__memory": null,
      "transformer__verbose": false,
      "transformer__y scaler__copy": true,
      "transformer__y scaler__unit_variance": false,
      "transformer__y scaler__with_centering": true,
      "transformer__y scaler__with_scaling": true
    }
  },
  "42": {
    "fit_time": [
      6.271653652191162,
      6.278613090515137,
      6.439552545547485,
      6.4593164920806885,
      6.335666179656982
    ],
    "score_time": [
      0.030578136444091797,
      0.0284576416015625,
      0.028530359268188477,
      0.031499385833740234,
      0.027111291885375977
    ],
    "test_r": [
      0.582690541816593,
      0.26492048749132463,
      0.18942510528276546,
      0.6078820443581461,
      0.4222524610582142
    ],
    "test_r2": [
      0.21175050735473633,
      0.038561463356018066,
      0.022033274173736572,
      0.2653461694717407,
      0.07800811529159546
    ],
    "test_rmse": [
      -62.14939785230684,
      -164.1861154467874,
      -160.97942283750868,
      -74.17309793356877,
      -61.5252589324013
    ],
    "test_mae": [
      -53.050796367558505,
      -66.13796710974599,
      -67.72756492381376,
      -56.699679354271986,
      -52.48466472591625
    ],
    "best_params": {
      "check_inverse": true,
      "func": null,
      "inverse_func": null,
      "regressor__kernel": "tanimoto",
      "regressor__lr": 0.01,
      "regressor__n_epoch": 1000,
      "transformer__memory": null,
      "transformer__verbose": false,
      "transformer__y scaler__copy": true,
      "transformer__y scaler__unit_variance": false,
      "transformer__y scaler__with_centering": true,
      "transformer__y scaler__with_scaling": true
    }
  },
  "69": {
    "fit_time": [
      7.110726594924927,
      7.099828481674194,
      7.103764533996582,
      7.100059270858765,
      7.543788909912109
    ],
    "score_time": [
      0.024790048599243164,
      0.02523636817932129,
      0.02478933334350586,
      0.024791479110717773,
      0.029433488845825195
    ],
    "test_r": [
      0.35498119532817857,
      0.34203000276657175,
      0.5937817475559714,
      0.5595805043493307,
      0.23413008056836399
    ],
    "test_r2": [
      0.09082019329071045,
      0.10761046409606934,
      0.20725995302200317,
      0.27219516038894653,
      0.01847541332244873
    ],
    "test_rmse": [
      -132.72010839965506,
      -114.33049118445697,
      -56.719838592886994,
      -55.87801286878606,
      -166.02804441214295
    ],
    "test_mae": [
      -66.70277027714748,
      -57.058326738377,
      -46.665917239631206,
      -45.013541544033885,
      -78.50546494564281
    ],
    "best_params": {
      "check_inverse": true,
      "func": null,
      "inverse_func": null,
      "regressor__kernel": "tanimoto",
      "regressor__lr": 0.01,
      "regressor__n_epoch": 1000,
      "transformer__memory": null,
      "transformer__verbose": false,
      "transformer__y scaler__copy": true,
      "transformer__y scaler__unit_variance": false,
      "transformer__y scaler__with_centering": true,
      "transformer__y scaler__with_scaling": true
    }
  },
  "420": {
    "fit_time": [
      6.464982986450195,
      6.391281366348267,
      6.492776155471802,
      6.501403331756592,
      6.491819620132446
    ],
    "score_time": [
      0.02831244468688965,
      0.03438615798950195,
      0.027772903442382812,
      0.025934934616088867,
      0.026836395263671875
    ],
    "test_r": [
      0.6536431804786231,
      0.2979016090086743,
      0.38979884964619227,
      0.2586510827959772,
      0.2183992727405794
    ],
    "test_r2": [
      0.3443233370780945,
      0.07653886079788208,
      0.10541737079620361,
      0.054122984409332275,
      0.047223687171936035
    ],
    "test_rmse": [
      -56.92374721638245,
      -125.70045992521861,
      -121.38564421835382,
      -134.18689849473765,
      -115.61426637992868
    ],
    "test_mae": [
      -45.13341381066416,
      -62.83825982293822,
      -65.10164227059158,
      -67.81123815459607,
      -55.06481647447772
    ],
    "best_params": {
      "check_inverse": true,
      "func": null,
      "inverse_func": null,
      "regressor__kernel": "tanimoto",
      "regressor__lr": 0.01,
      "regressor__n_epoch": 1000,
      "transformer__memory": null,
      "transformer__verbose": false,
      "transformer__y scaler__copy": true,
      "transformer__y scaler__unit_variance": false,
      "transformer__y scaler__with_centering": true,
      "transformer__y scaler__with_scaling": true
    }
  },
  "1234567890": {
    "fit_time": [
      132.81387448310852,
      130.46468663215637,
      132.5456862449646,
      132.66205048561096,
      133.92907071113586
    ],
    "score_time": [
      0.024012088775634766,
      0.0211942195892334,
      0.022400617599487305,
      0.025283098220825195,
      0.02068161964416504
    ],
    "test_r": [
      0.6181905426490384,
      0.2547676224497728,
      0.46416411175641703,
      0.32930107868547065,
      0.19760083843675064
    ],
    "test_r2": [
      0.2878066897392273,
      0.04436671733856201,
      0.053282201290130615,
      0.100971519947052,
      0.01748436689376831
    ],
    "test_rmse": [
      -69.62499764911915,
      -129.2610638449131,
      -61.0551005923955,
      -117.24390529300634,
      -164.37158635287213
    ],