{
  "6": {
    "fit_time": [
      7.961483716964722,
      8.963037967681885,
      8.285493850708008,
      12.11650037765503,
      9.399136543273926
    ],
    "score_time": [
      0.03173637390136719,
      0.029329299926757812,
      0.033098459243774414,
      0.0381624698638916,
      0.03396487236022949
    ],
    "test_r": [
      0.3508732977659739,
      0.29462086686517097,
      0.25221483989120613,
      0.4420411677663785,
      0.5928865824364651
    ],
    "test_r2": [
      0.09850519895553589,
      0.05943566560745239,
      0.05871295928955078,
      0.14056354761123657,
      0.28183186054229736
    ],
    "test_rmse": [
      -114.85487981877992,
      -124.89575257263368,
      -129.9081567763291,
      -122.83454619864824,
      -57.45236949698328
    ],
    "test_mae": [
      -57.91082644518085,
      -56.78631351592419,
      -59.42254289858351,
      -67.68596500631892,
      -44.757111123770926
    ],
    "best_params": {
      "check_inverse": true,
      "func": null,
      "inverse_func": null,
      "regressor__kernel": "matern",
      "regressor__lr": 0.01,
      "regressor__n_epoch": 200,
      "transformer__memory": null,
      "transformer__verbose": false,
      "transformer__y scaler__copy": true,
      "transformer__y scaler__unit_variance": false,
      "transformer__y scaler__with_centering": true,
      "transformer__y scaler__with_scaling": true
    }
  },
  "13": {
    "fit_time": [
      7.447760105133057,
      7.663197040557861,
      6.757969617843628,
      9.701956987380981,
      10.711676120758057
    ],
    "score_time": [
      0.028459787368774414,
      0.03280973434448242,
      0.029117345809936523,
      0.030749082565307617,
      0.02921605110168457
    ],
    "test_r": [
      0.35862458501217814,
      0.3801235089742579,
      0.1607140919424105,
      0.24697577713935964,
      0.6885816161722123
    ],
    "test_r2": [
      -0.19752252101898193,
      0.0004647374153137207,
      0.0061359405517578125,
      0.05897092819213867,
      0.3954506516456604
    ],
    "test_rmse": [
      -58.53993194840347,
      -173.944242186748,
      -111.33570846270258,
      -129.69612341450363,
      -58.87865464660633
    ],
    "test_mae": [
      -47.90054776724422,
      -87.26808943865608,
      -50.29656794550877,
      -61.499843242265285,
      -47.053691114896885
    ],
    "best_params": {
      "check_inverse": true,
      "func": null,
      "inverse_func": null,
      "regressor__kernel": "matern",
      "regressor__lr": 0.01,
      "regressor__n_epoch": 200,
      "transformer__memory": null,
      "transformer__verbose": false,
      "transformer__y scaler__copy": true,
      "transformer__y scaler__unit_variance": false,
      "transformer__y scaler__with_centering": true,
      "transformer__y scaler__with_scaling": true
    }
  },
  "42": {
    "fit_time": [
      12.365256547927856,
      12.092169284820557,
      8.90474557876587,
      6.4371726512908936,
      9.707127094268799
    ],
    "score_time": [
      0.03442573547363281,
      0.03425478935241699,
      0.031182527542114258,
      0.030882596969604492,
      0.0350041389465332
    ],
    "test_r": [
      0.5628443447380204,
      0.2779145745923215,
      0.20902767782871973,
      0.6773687773452908,
      0.36124179496580855
    ],
    "test_r2": [
      0.2230515480041504,
      0.04119253158569336,
      0.024299263954162598,
      0.37541013956069946,
      0.05376213788986206
    ],
    "test_rmse": [
      -61.70227602454542,
      -163.96129194936492,
      -160.79282241620461,
      -68.39156076901547,
      -62.328989071692
    ],
    "test_mae": [
      -51.34484141195261,
      -64.93923351668413,
      -66.06298396905638,
      -52.35666606207156,
      -52.403934796310125
    ],
    "best_params": {
      "check_inverse": true,
      "func": null,
      "inverse_func": null,
      "regressor__kernel": "matern",
      "regressor__lr": 0.01,
      "regressor__n_epoch": 200,
      "transformer__memory": null,
      "transformer__verbose": false,
      "transformer__y scaler__copy": true,
      "transformer__y scaler__unit_variance": false,
      "transformer__y scaler__with_centering": true,
      "transformer__y scaler__with_scaling": true
    }
  },
  "69": {
    "fit_time": [
      8.006549835205078,
      7.951452732086182,
      7.251702785491943,
      9.633930683135986,
      7.482841968536377
    ],
    "score_time": [
      0.03090977668762207,
      0.03222012519836426,
      0.03015279769897461,
      0.03305840492248535,
      0.03167462348937988
    ],
    "test_r": [
      0.35311257410687347,
      0.35030708080935197,
      0.6026316082922094,
      0.5775851008146038,
      0.2529893175425462
    ],
    "test_r2": [
      0.10099893808364868,
      0.11728739738464355,
      0.2524195909500122,
      0.315788209438324,
      0.02304816246032715
    ],
    "test_rmse": [
      -131.97508933729952,
      -113.7089183383099,
      -55.0805842538356,
      -54.17872094544845,
      -165.6408443416169
    ],
    "test_mae": [
      -65.14968135969573,
      -55.112849895982926,
      -43.82979879208433,
      -42.47526555607216,
      -77.57199162039963
    ],
    "best_params": {
      "check_inverse": true,
      "func": null,
      "inverse_func": null,
      "regressor__kernel": "matern",
      "regressor__lr": 0.01,
      "regressor__n_epoch": 200,
      "transformer__memory": null,
      "transformer__verbose": false,
      "transformer__y scaler__copy": true,
      "transformer__y scaler__unit_variance": false,
      "transformer__y scaler__with_centering": true,
      "transformer__y scaler__with_scaling": true
    }
  },
  "420": {
    "fit_time": [
      7.190966606140137,
      5.288925886154175,
      7.404165506362915,
      9.459749698638916,
      8.701395750045776
    ],
    "score_time": [
      0.029682159423828125,
      0.03234577178955078,
      0.036675453186035156,
      0.03425335884094238,
      0.03161931037902832
    ],
    "test_r": [
      0.7156249679894969,
      0.28092932555565886,
      0.4038045234015207,
      0.276352627422846,
      0.22510721335137238
    ],
    "test_r2": [
      0.4413992166519165,
      0.07279020547866821,
      0.1265242099761963,
      0.06341791152954102,
      0.049202919006347656
    ],
    "test_rmse": [
      -52.541128306663374,
      -125.95533409064888,
      -119.94510603172928,
      -133.5259581649076,
      -115.49411682229128
    ],
    "test_mae": [
      -42.29378169408461,
      -61.97469374220905,
      -63.190879536084935,
      -66.08110114114201,
      -53.88761988427853
    ],
    "best_params": {
      "check_inverse": true,
      "func": null,
      "inverse_func": null,
      "regressor__kernel": "matern",
      "regressor__lr": 0.01,
      "regressor__n_epoch": 200,
      "transformer__memory": null,
      "transformer__verbose": false,
      "transformer__y scaler__copy": true,
      "transformer__y scaler__unit_variance": false,
      "transformer__y scaler__with_centering": true,
      "transformer__y scaler__with_scaling": true
    }
  },
  "1234567890": {
    "fit_time": [
      5.96477484703064,
      7.516337156295776,
      9.413424491882324,
      10.317874670028687,
      8.446324348449707
    ],
    "score_time": [
      0.031005859375,
      0.029665708541870117,
      0.029394149780273438,
      0.030807971954345703,
      0.029553651809692383
    ],
    "test_r": [
      0.6577916560643755,
      0.2528997978006999,
      0.4438876267821871,
      0.34867719882616954,
      0.2122627374691795
    ],
    "test_r2": [
      0.3717898726463318,
      0.040842294692993164,
      0.079761803150177,
      0.11666315793991089,
      0.02089160680770874
    ],
    "test_rmse": [
      -65.39110801542715,
      -129.49919023562407,
      -60.19519329312162,
      -116.21620141176712,
      -164.08631461534492
    ],