{
  "6": {
    "fit_time": [
      27.500669240951538,
      27.603974103927612,
      28.02485752105713,
      28.318026781082153,
      28.387670516967773
    ],
    "score_time": [
      0.7589077949523926,
      0.7411112785339355,
      0.7433652877807617,
      0.7262744903564453,
      0.7156198024749756
    ],
    "test_r": [
      0.24240224444700204,
      0.30481769680579424,
      0.6415004661545447,
      0.44718861744966515,
      0.6100576943052878
    ],
    "test_r2": [
      0.015511124238338225,
      0.08388015090853473,
      0.07042805281962694,
      0.19666001620431106,
      0.31783714885318093
    ],
    "test_rmse": [
      -163.77607509951198,
      -114.56424281930857,
      -59.40301397175987,
      -123.49059890276486,
      -57.47556257634522
    ],
    "test_mae": [
      -70.30171334099845,
      -52.58018399274841,
      -46.334450438657704,
      -59.0886581653902,
      -44.529361578095774
    ],
    "best_params": {
      "check_inverse": true,
      "func": null,
      "inverse_func": null,
      "regressor__natural_gradient": true,
      "regressor__n_estimators": 2000,
      "regressor__learning_rate": 0.001,
      "regressor__minibatch_frac": 1,
      "regressor__col_sample": 1.0,
      "regressor__verbose": false,
      "transformer__memory": null,
      "transformer__verbose": false,
      "transformer__y scaler__copy": true,
      "transformer__y scaler__with_mean": true,
      "transformer__y scaler__with_std": true
    }
  },
  "13": {
    "fit_time": [
      28.22854495048523,
      28.368704319000244,
      28.432427406311035,
      28.293115854263306,
      28.1504647731781
    ],
    "score_time": [
      0.7121255397796631,
      0.7229161262512207,
      0.702869176864624,
      0.7158141136169434,
      0.707664966583252
    ],
    "test_r": [
      0.32947608001973716,
      0.4749117235233426,
      0.08650269714943071,
      0.2592042913829443,
      0.6944346835933338
    ],
    "test_r2": [
      -0.3510333498739051,
      0.20807764109449134,
      -0.006717310639120511,
      0.05862137100834097,
      0.4509992275172754
    ],
    "test_rmse": [
      -58.1252463368573,
      -130.69909177822498,
      -157.83401847727598,
      -119.01327069371644,
      -56.94472119629103
    ],
    "test_mae": [
      -47.46370136576258,
      -60.161683997224,
      -62.9206894600674,
      -62.203862533097116,
      -44.59709898199418
    ],
    "best_params": {
      "check_inverse": true,
      "func": null,
      "inverse_func": null,
      "regressor__natural_gradient": true,
      "regressor__n_estimators": 2000,
      "regressor__learning_rate": 0.0007713796476536241,
      "regressor__minibatch_frac": 1,
      "regressor__col_sample": 1.0,
      "regressor__verbose": false,
      "transformer__memory": null,
      "transformer__verbose": false,
      "transformer__y scaler__copy": true,
      "transformer__y scaler__with_mean": true,
      "transformer__y scaler__with_std": true
    }
  },
  "42": {
    "fit_time": [
      28.655905961990356,
      28.48577857017517,
      26.992024421691895,
      27.923851251602173,
      27.70906710624695
    ],
    "score_time": [
      0.7674274444580078,
      0.7152867317199707,
      0.702131986618042,
      0.7061529159545898,
      0.7008459568023682
    ],
    "test_r": [
      0.2890668733257467,
      0.6978634652636082,
      0.21524492889728458,
      0.4847613458999389,
      0.34373855898834205
    ],
    "test_r2": [
      0.05995131617667837,
      0.4042538859371162,
      0.038897500436632315,
      0.23168256459942005,
      0.014574253693027006
    ],
    "test_rmse": [
      -116.5515510895486,
      -57.35590067174534,
      -168.69447800562875,
      -115.08094628262496,
      -63.00566050667548
    ],
    "test_mae": [
      -56.694583840781995,
      -44.66911399757581,
      -62.97049578380338,
      -58.195444938805494,
      -51.4942056337865
    ],
    "best_params": {
      "check_inverse": true,
      "func": null,
      "inverse_func": null,
      "regressor__natural_gradient": true,
      "regressor__n_estimators": 2000,
      "regressor__learning_rate": 0.001,
      "regressor__minibatch_frac": 1,
      "regressor__col_sample": 1.0,
      "regressor__verbose": false,
      "transformer__memory": null,
      "transformer__verbose": false,
      "transformer__y scaler__copy": true,
      "transformer__y scaler__with_mean": true,
      "transformer__y scaler__with_std": true
    }
  },
  "69": {
    "fit_time": [
      28.244638204574585,
      28.201186895370483,
      27.07952857017517,
      27.366440296173096,
      27.655284881591797
    ],
    "score_time": [
      0.692624568939209,
      0.715961217880249,
      0.6983799934387207,
      0.74745774269104,
      0.6925156116485596
    ],
    "test_r": [
      0.32685199883268456,
      0.20237573747896537,
      0.6645055169154827,
      0.6869410241071159,
      0.3695619542889064
    ],
    "test_r2": [
      0.10341043100404801,
      0.02249599928559265,
      0.1860971756894203,
      0.47084735290735036,
      0.13467040163864663
    ],
    "test_rmse": [
      -130.25454461997677,
      -154.94933910906775,
      -56.23085015820622,
      -49.24221497625351,
      -124.89985824591994
    ],
    "test_mae": [
      -64.29538196420725,
      -69.42335900356876,
      -45.314097155474045,
      -35.95320760597907,
      -61.47580070990518
    ],
    "best_params": {
      "check_inverse": true,
      "func": null,
      "inverse_func": null,
      "regressor__natural_gradient": true,
      "regressor__n_estimators": 2000,
      "regressor__learning_rate": 0.0008869346214390787,
      "regressor__minibatch_frac": 1,
      "regressor__col_sample": 1.0,
      "regressor__verbose": false,
      "transformer__memory": null,
      "transformer__verbose": false,
      "transformer__y scaler__copy": true,
      "transformer__y scaler__with_mean": true,
      "transformer__y scaler__with_std": true
    }
  },
  "420": {
    "fit_time": [
      28.880218267440796,
      28.149715662002563,
      27.710052013397217,
      27.341351747512817,
      27.413525581359863
    ],
    "score_time": [
      0.7176864147186279,
      0.7152097225189209,
      0.6990118026733398,
      0.680351734161377,
      0.6906311511993408
    ],
    "test_r": [
      0.7702028909607093,
      0.28295086315895307,
      0.3557966594023168,
      0.6323328432177676,
      0.20742785443827047
    ],
    "test_r2": [
      0.477652858451758,
      0.05229590174740606,
      0.12537532801369633,
      0.3803605579334549,
      0.041438315746414434
    ],
    "test_rmse": [
      -49.40429985494905,
      -155.49688976853508,
      -128.87387792709492,
      -59.16628205471105,
      -123.76151071826125
    ],
    "test_mae": [
      -39.2049920204176,
      -72.13667321265173,
      -56.530096183627414,
      -45.308237467828405,
      -58.55449973706164
    ],
    "best_params": {
      "check_inverse": true,
      "func": null,
      "inverse_func": null,
      "regressor__natural_gradient": true,
      "regressor__n_estimators": 2000,
      "regressor__learning_rate": 0.001,
      "regressor__minibatch_frac": 1,
      "regressor__col_sample": 1.0,
      "regressor__verbose": false,
      "transformer__memory": null,
      "transformer__verbose": false,
      "transformer__y scaler__copy": true,
      "transformer__y scaler__with_mean": true,
      "transformer__y scaler__with_std": true
    }
  },
  "1234567890": {
    "fit_time": [
      21.80864930152893,
      22.11142659187317,
      20.809067964553833,
      21.93801999092102,
      22.304712295532227
    ],
    "score_time": [
      0.5328598022460938,
      0.5648512840270996,
      0.5420928001403809,
      0.5448062419891357,
      0.5919573307037354
    ],
    "test_r": [
      0.6522747639733589,
      0.3980485884564471,
      0.3629995041414692,
      0.3501750795108502,
      0.29017427313387967
    ],