{
  "6": {
    "fit_time": [
      0.12310600280761719,
      0.12320470809936523,
      0.12018108367919922,
      0.12177491188049316,
      0.11930036544799805
    ],
    "score_time": [
      0.023244142532348633,
      0.023380517959594727,
      0.023270845413208008,
      0.02312469482421875,
      0.02285623550415039
    ],
    "test_r": [
      0.613502513775301,
      0.3539589167211286,
      0.5986357142618398,
      0.7029951250441929,
      0.3780485976438684
    ],
    "test_r2": [
      -0.01838622224401565,
      0.11073251753091684,
      0.3218901939287496,
      0.29135326202643064,
      0.01075738356036815
    ],
    "test_rmse": [
      -5.3127878449534185,
      -7.251210843104413,
      -6.827785600283868,
      -4.988147284040115,
      -27.15054233015936
    ],
    "test_mae": [
      -4.386422944174669,
      -4.789665611144707,
      -4.342348337110293,
      -3.9923692956673453,
      -9.994227852413541
    ],
    "best_params": {
      "check_inverse": true,
      "func": null,
      "inverse_func": null,
      "regressor__bootstrap": true,
      "regressor__ccp_alpha": 0.0,
      "regressor__criterion": "squared_error",
      "regressor__max_depth": null,
      "regressor__max_features": "sqrt",
      "regressor__max_leaf_nodes": null,
      "regressor__max_samples": null,
      "regressor__min_impurity_decrease": 0.0,
      "regressor__min_samples_leaf": 0.051476042825151974,
      "regressor__min_samples_split": 0.06313869393555982,
      "regressor__min_weight_fraction_leaf": 0.0,
      "regressor__monotonic_cst": null,
      "regressor__n_estimators": 81,
      "regressor__n_jobs": null,
      "regressor__oob_score": false,
      "regressor__random_state": null,
      "regressor__verbose": 0,
      "regressor__warm_start": false,
      "transformer__memory": null,
      "transformer__verbose": false,
      "transformer__y scaler__copy": true,
      "transformer__y scaler__with_mean": true,
      "transformer__y scaler__with_std": true
    }
  },
  "13": {
    "fit_time": [
      0.22045016288757324,
      0.21743178367614746,
      0.21396207809448242,
      0.21344661712646484,
      0.20859384536743164
    ],
    "score_time": [
      0.026646137237548828,
      0.026745080947875977,
      0.026291370391845703,
      0.02651500701904297,
      0.025993824005126953
    ],
    "test_r": [
      0.6934994746621057,
      0.5341583365362976,
      0.5406813397345881,
      0.28777644938682573,
      0.4928260747899631
    ],
    "test_r2": [
      0.22519629606541136,
      0.2809665871175425,
      0.28266286592766066,
      0.013901148637892713,
      0.23049908100429506
    ],
    "test_rmse": [
      -5.064302404535594,
      -6.643789703568799,
      -6.817689260512278,
      -26.67332626450593,
      -7.2397610940204435
    ],
    "test_mae": [
      -4.274112062344636,
      -4.197348207254771,
      -4.949865773065268,
      -8.861507588412035,
      -4.821382789483203
    ],
    "best_params": {
      "check_inverse": true,
      "func": null,
      "inverse_func": null,
      "regressor__bootstrap": true,
      "regressor__ccp_alpha": 0.0,
      "regressor__criterion": "squared_error",
      "regressor__max_depth": null,
      "regressor__max_features": "sqrt",
      "regressor__max_leaf_nodes": null,
      "regressor__max_samples": null,
      "regressor__min_impurity_decrease": 0.0,
      "regressor__min_samples_leaf": 0.05147281792725439,
      "regressor__min_samples_split": 0.07682705748212029,
      "regressor__min_weight_fraction_leaf": 0.0,
      "regressor__monotonic_cst": null,
      "regressor__n_estimators": 163,
      "regressor__n_jobs": null,
      "regressor__oob_score": false,
      "regressor__random_state": null,
      "regressor__verbose": 0,
      "regressor__warm_start": false,
      "transformer__memory": null,
      "transformer__verbose": false,
      "transformer__y scaler__copy": true,
      "transformer__y scaler__with_mean": true,
      "transformer__y scaler__with_std": true
    }
  },
  "42": {
    "fit_time": [
      0.15799164772033691,
      0.15848469734191895,
      0.15581488609313965,
      0.1520521640777588,
      0.15624070167541504
    ],
    "score_time": [
      0.02481818199157715,
      0.024917125701904297,
      0.024206876754760742,
      0.02427506446838379,
      0.024321556091308594
    ],
    "test_r": [
      0.49187734755212104,
      0.5946153621017896,
      0.5160572374234058,
      0.567164448241953,
      0.3677424201365464
    ],
    "test_r2": [
      0.15229904304538788,
      0.3342532493725323,
      0.11009700570099878,
      0.2879734984263521,
      0.09353154231309768
    ],
    "test_rmse": [
      -17.439646100646925,
      -6.4293480798637965,
      -19.542971071804065,
      -6.4037384973120375,
      -7.126747063952986
    ],
    "test_mae": [
      -5.645107117528794,
      -4.938990676165768,
      -6.8205221885995835,
      -4.7826139584969924,
      -4.653703329497835
    ],
    "best_params": {
      "check_inverse": true,
      "func": null,
      "inverse_func": null,
      "regressor__bootstrap": true,
      "regressor__ccp_alpha": 0.0,
      "regressor__criterion": "squared_error",
      "regressor__max_depth": null,
      "regressor__max_features": "sqrt",
      "regressor__max_leaf_nodes": null,
      "regressor__max_samples": null,
      "regressor__min_impurity_decrease": 0.0,
      "regressor__min_samples_leaf": 0.05120922553538724,
      "regressor__min_samples_split": 0.07495390795298933,
      "regressor__min_weight_fraction_leaf": 0.0,
      "regressor__monotonic_cst": null,
      "regressor__n_estimators": 112,
      "regressor__n_jobs": null,
      "regressor__oob_score": false,
      "regressor__random_state": null,
      "regressor__verbose": 0,
      "regressor__warm_start": false,
      "transformer__memory": null,
      "transformer__verbose": false,
      "transformer__y scaler__copy": true,
      "transformer__y scaler__with_mean": true,
      "transformer__y scaler__with_std": true
    }
  },
  "69": {
    "fit_time": [
      0.1395435333251953,
      0.13057398796081543,
      0.1363828182220459,
      0.1383657455444336,
      0.13765501976013184
    ],
    "score_time": [
      0.02405071258544922,
      0.02352738380432129,
      0.023772239685058594,
      0.023505449295043945,
      0.02364182472229004
    ],
    "test_r": [
      0.7002029938088749,
      0.5272653564503204,
      0.4855916590717442,
      0.5886962477344725,
      0.4207623861179658
    ],
    "test_r2": [
      0.40836405374207163,
      0.10432954062402067,
      0.1480414606470153,
      0.19283324499640242,
      0.10384038003937335
    ],
    "test_rmse": [
      -7.034767941457184,
      -19.010919920334143,
      -18.023774482119737,
      -4.5880229081309265,
      -7.3732111869105825
    ],
    "test_mae": [
      -4.79726182558897,
      -6.925919777510828,
      -6.305999326271314,
      -3.661481115148296,
      -5.1761594690814885
    ],
    "best_params": {
      "check_inverse": true,
      "func": null,
      "inverse_func": null,
      "regressor__bootstrap": true,
      "regressor__ccp_alpha": 0.0,
      "regressor__criterion": "squared_error",
      "regressor__max_depth": null,
      "regressor__max_features": "sqrt",
      "regressor__max_leaf_nodes": null,
      "regressor__max_samples": null,
      "regressor__min_impurity_decrease": 0.0,
      "regressor__min_samples_leaf": 0.055306191421800883,
      "regressor__min_samples_split": 0.059273210445587796,
      "regressor__min_weight_fraction_leaf": 0.0,
      "regressor__monotonic_cst": null,
      "regressor__n_estimators": 95,
      "regressor__n_jobs": null,
      "regressor__oob_score": false,
      "regressor__random_state": null,
      "regressor__verbose": 0,
      "regressor__warm_start": false,
      "transformer__memory": null,
      "transformer__verbose": false,
      "transformer__y scaler__copy": true,