{
  "6": {
    "fit_time": [
      17.496803522109985,
      17.53237771987915,
      16.18022084236145,
      17.486738204956055,
      17.228027820587158
    ],
    "score_time": [
      0.5417828559875488,
      0.5461821556091309,
      0.6034798622131348,
      0.48992252349853516,
      0.4576132297515869
    ],
    "test_r": [
      0.050293011007028814,
      0.23123119092180877,
      0.11545253283301804,
      0.3000137554536232,
      0.19039282659501383
    ],
    "test_r2": [
      -0.13273958453175183,
      0.04876991476954229,
      0.0005022616896350751,
      0.0793890456919365,
      -0.00712854452469025
    ],
    "test_rmse": [
      -0.8526376139595402,
      -1.0822262433028726,
      -0.9992277029838337,
      -0.9541795895909901,
      -0.8888262921827389
    ],
    "test_mae": [
      -0.641606747844858,
      -0.8133880821302241,
      -0.7541071331607442,
      -0.705151465036509,
      -0.710594246939453
    ],
    "best_params": {
      "check_inverse": true,
      "func": null,
      "inverse_func": null,
      "regressor__natural_gradient": true,
      "regressor__n_estimators": 1102,
      "regressor__learning_rate": 0.001,
      "regressor__minibatch_frac": 1,
      "regressor__col_sample": 1.0,
      "regressor__verbose": false,
      "transformer__memory": null,
      "transformer__verbose": false,
      "transformer__y scaler__copy": true,
      "transformer__y scaler__with_mean": true,
      "transformer__y scaler__with_std": true
    }
  },
  "13": {
    "fit_time": [
      12.230635166168213,
      12.272692441940308,
      12.223270654678345,
      12.061514139175415,
      12.280299186706543
    ],
    "score_time": [
      0.3805673122406006,
      0.37694859504699707,
      0.33470678329467773,
      0.3640861511230469,
      0.36582136154174805
    ],
    "test_r": [
      0.03622964100240209,
      0.28037422698030284,
      0.009680518806099686,
      0.2936188766195095,
      0.2777381504127416
    ],
    "test_r2": [
      -0.23974310084721173,
      0.07524406876062417,
      -0.3322136865917136,
      0.047944827258485145,
      0.02341511226259607
    ],
    "test_rmse": [
      -0.9474568013482845,
      -0.9314825098614545,
      -0.9579113238937725,
      -1.1500476007530056,
      -0.8506726390779302
    ],
    "test_mae": [
      -0.7562794039202534,
      -0.6733336551532361,
      -0.7615681009886737,
      -0.8298144898177373,
      -0.6550109293436098
    ],
    "best_params": {
      "check_inverse": true,
      "func": null,
      "inverse_func": null,
      "regressor__natural_gradient": true,
      "regressor__n_estimators": 777,
      "regressor__learning_rate": 0.0009214152878968222,
      "regressor__minibatch_frac": 1,
      "regressor__col_sample": 1.0,
      "regressor__verbose": false,
      "transformer__memory": null,
      "transformer__verbose": false,
      "transformer__y scaler__copy": true,
      "transformer__y scaler__with_mean": true,
      "transformer__y scaler__with_std": true
    }
  },
  "42": {
    "fit_time": [
      25.179179430007935,
      25.32350754737854,
      25.33138680458069,
      25.375696182250977,
      25.592358350753784
    ],
    "score_time": [
      0.7395806312561035,
      0.7404193878173828,
      0.719226598739624,
      0.6853623390197754,
      0.6948051452636719
    ],
    "test_r": [
      0.251523517031356,
      0.14266162685474842,
      0.2821455135982289,
      0.3915082532743691,
      -0.019257538347052627
    ],
    "test_r2": [
      0.055870365814399525,
      -0.006423214802824706,
      0.07231634625114325,
      0.1437227090608767,
      -0.2811911186005711
    ],
    "test_rmse": [
      -1.0306666063000045,
      -1.1452858964381116,
      -0.9122193845946107,
      -0.7962698227944728,
      -0.8431031627986681
    ],
    "test_mae": [
      -0.771919226843178,
      -0.8362858587846651,
      -0.7380839932779613,
      -0.6353044855393759,
      -0.612825591457502
    ],
    "best_params": {
      "check_inverse": true,
      "func": null,
      "inverse_func": null,
      "regressor__natural_gradient": true,
      "regressor__n_estimators": 1617,
      "regressor__learning_rate": 0.0005821485676575514,
      "regressor__minibatch_frac": 1,
      "regressor__col_sample": 1.0,
      "regressor__verbose": false,
      "transformer__memory": null,
      "transformer__verbose": false,
      "transformer__y scaler__copy": true,
      "transformer__y scaler__with_mean": true,
      "transformer__y scaler__with_std": true
    }
  },
  "69": {
    "fit_time": [
      8.980990648269653,
      8.978064775466919,
      8.98386836051941,
      8.976814985275269,
      8.992378234863281
    ],
    "score_time": [
      0.2751774787902832,
      0.27460622787475586,
      0.2613544464111328,
      0.2808072566986084,
      0.2527735233306885
    ],
    "test_r": [
      0.17767894384867605,
      0.2753326167320644,
      0.30658229168032947,
      0.3048033245873697,
      -0.003191333345715197
    ],
    "test_r2": [
      0.0029543717229074673,
      -0.01840069636294439,
      0.0880036997982826,
      0.0783358096854243,
      -0.3983200508311797
    ],
    "test_rmse": [
      -1.1778740811209902,
      -1.0471083790258977,
      -0.7481970101062829,
      -0.8432377178409556,
      -0.9367579501292552
    ],
    "test_mae": [
      -0.8884778533154425,
      -0.7950127609749567,
      -0.5943500902326407,
      -0.6224742182268774,
      -0.7182743448999074
    ],
    "best_params": {
      "check_inverse": true,
      "func": null,
      "inverse_func": null,
      "regressor__natural_gradient": true,
      "regressor__n_estimators": 570,
      "regressor__learning_rate": 0.001,
      "regressor__minibatch_frac": 1,
      "regressor__col_sample": 1.0,
      "regressor__verbose": false,
      "transformer__memory": null,
      "transformer__verbose": false,
      "transformer__y scaler__copy": true,
      "transformer__y scaler__with_mean": true,
      "transformer__y scaler__with_std": true
    }
  },
  "420": {
    "fit_time": [
      17.863921642303467,
      17.89337468147278,
      17.658353328704834,
      17.98161292076111,
      17.910062074661255
    ],
    "score_time": [
      0.5685241222381592,
      0.5168156623840332,
      0.47187232971191406,
      0.5279684066772461,
      0.5279970169067383
    ],
    "test_r": [
      0.16269924353950688,
      0.06505464552008744,
      0.36111221159748286,
      0.10950830176511211,
      0.14355648439989438
    ],
    "test_r2": [
      -0.010596922416497234,
      -0.023969272238246297,
      0.07622104388102369,
      -0.05046860022563893,
      0.010956766602314927
    ],
    "test_rmse": [
      -0.8089631946563801,
      -0.989765591487488,
      -0.9761967941991083,
      -1.146359367474265,
      -0.8784689621186831
    ],
    "test_mae": [
      -0.6217399916808892,
      -0.725085602643768,
      -0.7920964320888508,
      -0.8297004752326466,
      -0.6653083475067363
    ],
    "best_params": {
      "check_inverse": true,
      "func": null,
      "inverse_func": null,
      "regressor__natural_gradient": true,
      "regressor__n_estimators": 1123,
      "regressor__learning_rate": 0.0005913781436124809,
      "regressor__minibatch_frac": 1,
      "regressor__col_sample": 1.0,
      "regressor__verbose": false,
      "transformer__memory": null,
      "transformer__verbose": false,
      "transformer__y scaler__copy": true,
      "transformer__y scaler__with_mean": true,
      "transformer__y scaler__with_std": true
    }
  },
  "1234567890": {
    "fit_time": [
      30.75310254096985,
      31.048689603805542,
      27.404903888702393,
      28.9387264251709,
      30.75314450263977
    ],
    "score_time": [
      0.9113035202026367,
      0.9037249088287354,
      0.8272981643676758,
      0.9165875911712646,
      0.9457101821899414
    ],