{
  "6": {
    "fit_time": [
      0.1759018898010254,
      0.17374324798583984,
      0.1782982349395752,
      0.17954039573669434,
      0.1786041259765625
    ],
    "score_time": [
      0.04362297058105469,
      0.044530391693115234,
      0.04270362854003906,
      0.04361748695373535,
      0.04214143753051758
    ],
    "test_r": [
      NaN,
      NaN,
      NaN,
      NaN,
      NaN
    ],
    "test_r2": [
      -0.07006179316379701,
      -0.01428222035799287,
      -0.01780123389246291,
      -0.014746496522261454,
      -0.1899345835962305
    ],
    "test_rmse": [
      -658.2177481571307,
      -354939.6902508251,
      -68413.79230206658,
      -154001.3220507,
      -1571.701066186508
    ],
    "test_mae": [
      -242.2532421453367,
      -42170.852019298785,
      -9107.135556618934,
      -18629.906356881846,
      -676.459658384521
    ],
    "best_params": {
      "check_inverse": true,
      "func": null,
      "inverse_func": null,
      "regressor__bootstrap": true,
      "regressor__ccp_alpha": 0.0,
      "regressor__criterion": "squared_error",
      "regressor__max_depth": null,
      "regressor__max_features": "sqrt",
      "regressor__max_leaf_nodes": null,
      "regressor__max_samples": null,
      "regressor__min_impurity_decrease": 0.0,
      "regressor__min_samples_leaf": 0.4809721345382345,
      "regressor__min_samples_split": 0.5143102315929254,
      "regressor__min_weight_fraction_leaf": 0.0,
      "regressor__monotonic_cst": null,
      "regressor__n_estimators": 95,
      "regressor__n_jobs": null,
      "regressor__oob_score": false,
      "regressor__random_state": null,
      "regressor__verbose": 0,
      "regressor__warm_start": false,
      "transformer__memory": null,
      "transformer__verbose": false,
      "transformer__log transform__accept_sparse": false,
      "transformer__log transform__check_inverse": true,
      "transformer__log transform__feature_names_out": null,
      "transformer__log transform__inv_kw_args": null,
      "transformer__log transform__kw_args": null,
      "transformer__log transform__validate": false,
      "transformer__y scaler__copy": true,
      "transformer__y scaler__with_mean": true,
      "transformer__y scaler__with_std": true
    }
  },
  "13": {
    "fit_time": [
      0.29758358001708984,
      0.30002522468566895,
      0.3017914295196533,
      0.3036787509918213,
      0.3053269386291504
    ],
    "score_time": [
      0.07060647010803223,
      0.06600332260131836,
      0.06344223022460938,
      0.06021833419799805,
      0.05571103096008301
    ],
    "test_r": [
      NaN,
      NaN,
      NaN,
      NaN,
      NaN
    ],
    "test_r2": [
      -0.2595311480568727,
      -0.014398458595082486,
      -0.06423573704308305,
      -0.020300193867007543,
      -0.0660293593333845
    ],
    "test_rmse": [
      -1600.8131268913808,
      -152938.20852657186,
      -696.8451163304331,
      -363883.5961631843,
      -1621.3925210180837
    ],
    "test_mae": [
      -752.4609677610234,
      -18280.214907404083,
      -267.3849309276094,
      -51379.88893273478,
      -479.4046870628292
    ],
    "best_params": {
      "check_inverse": true,
      "func": null,
      "inverse_func": null,
      "regressor__bootstrap": true,
      "regressor__ccp_alpha": 0.0,
      "regressor__criterion": "squared_error",
      "regressor__max_depth": null,
      "regressor__max_features": "log2",
      "regressor__max_leaf_nodes": null,
      "regressor__max_samples": null,
      "regressor__min_impurity_decrease": 0.0,
      "regressor__min_samples_leaf": 0.3975419048814298,
      "regressor__min_samples_split": 0.14847227281578235,
      "regressor__min_weight_fraction_leaf": 0.0,
      "regressor__monotonic_cst": null,
      "regressor__n_estimators": 218,
      "regressor__n_jobs": null,
      "regressor__oob_score": false,
      "regressor__random_state": null,
      "regressor__verbose": 0,
      "regressor__warm_start": false,
      "transformer__memory": null,
      "transformer__verbose": false,
      "transformer__log transform__accept_sparse": false,
      "transformer__log transform__check_inverse": true,
      "transformer__log transform__feature_names_out": null,
      "transformer__log transform__inv_kw_args": null,
      "transformer__log transform__kw_args": null,
      "transformer__log transform__validate": false,
      "transformer__y scaler__copy": true,
      "transformer__y scaler__with_mean": true,
      "transformer__y scaler__with_std": true
    }
  },
  "42": {
    "fit_time": [
      0.14943504333496094,
      0.14277267456054688,
      0.1441938877105713,
      0.1438465118408203,
      0.15590190887451172
    ],
    "score_time": [
      0.038123369216918945,
      0.03776192665100098,
      0.03796887397766113,
      0.0383455753326416,
      0.04255104064941406
    ],
    "test_r": [
      0.17895441596092224,
      0.17080412074697818,
      0.03941944636983979,
      0.0029642035798276532,
      0.12611673183707622
    ],
    "test_r2": [
      -0.014263855756034394,
      -0.026356061830598687,
      -0.11464027845918068,
      -0.16014399965894954,
      -0.023585261577335315
    ],
    "test_rmse": [
      -354934.70032824535,
      -167343.8113488463,
      -1816.2010971059526,
      -1122.4087397639898,
      -898.7156129533897
    ],
    "test_mae": [
      -42195.50663893554,
      -26883.370237792,
      -649.1549344188851,
      -478.94686966673453,
      -243.03527145935465
    ],
    "best_params": {
      "check_inverse": true,
      "func": null,
      "inverse_func": null,
      "regressor__bootstrap": true,
      "regressor__ccp_alpha": 0.0,
      "regressor__criterion": "squared_error",
      "regressor__max_depth": null,
      "regressor__max_features": "sqrt",
      "regressor__max_leaf_nodes": null,
      "regressor__max_samples": null,
      "regressor__min_impurity_decrease": 0.0,
      "regressor__min_samples_leaf": 0.05419222781373691,
      "regressor__min_samples_split": 0.05,
      "regressor__min_weight_fraction_leaf": 0.0,
      "regressor__monotonic_cst": null,
      "regressor__n_estimators": 50,
      "regressor__n_jobs": null,
      "regressor__oob_score": false,
      "regressor__random_state": null,
      "regressor__verbose": 0,
      "regressor__warm_start": false,
      "transformer__memory": null,
      "transformer__verbose": false,
      "transformer__log transform__accept_sparse": false,
      "transformer__log transform__check_inverse": true,
      "transformer__log transform__feature_names_out": null,
      "transformer__log transform__inv_kw_args": null,
      "transformer__log transform__kw_args": null,
      "transformer__log transform__validate": false,
      "transformer__y scaler__copy": true,
      "transformer__y scaler__with_mean": true,
      "transformer__y scaler__with_std": true
    }
  },
  "69": {
    "fit_time": [
      0.14354348182678223,
      0.1406233310699463,
      0.14538788795471191,
      0.15011334419250488,
      0.15294384956359863
    ],
    "score_time": [
      0.036080121994018555,
      0.03676462173461914,
      0.03711247444152832,
      0.03814077377319336,
      0.03839254379272461
    ],
    "test_r": [
      -0.0016258016198744836,
      0.11194857715872188,
      0.01071967745350444,
      -0.08971190523411454,
      0.029523582747258456
    ],
    "test_r2": [
      -0.02509302030131022,
      -0.017160056492226072,
      -0.10011218062770011,
      -0.09419496027296304,
      -0.024845008873656038
    ],
    "test_rmse": [
      -386527.4905139479,
      -67716.49026684689,
      -1026.6962570241058,
      -1563.2466550440226,
      -513.0821579353557
    ],
    "test_mae": [
      -60531.910990842785,
      -8852.330772730782,
      -374.5769790868889,
      -509.3764475006861,
      -195.53047234647576
    ],
    "best_params": {
      "check_inverse": true,
      "func": null,
      "inverse_func": null,
      "regressor__bootstrap": true,