{
  "6": {
    "fit_time": [
      34.588106632232666,
      34.42031121253967,
      33.611435413360596,
      34.67884945869446,
      35.544676780700684
    ],
    "score_time": [
      1.012488842010498,
      1.0163397789001465,
      0.992525577545166,
      0.9868524074554443,
      1.080885410308838
    ],
    "test_r": [
      0.11193192554647059,
      0.23561624536847964,
      0.10792248357103174,
      0.342516314994602,
      0.18099931322603313
    ],
    "test_r2": [
      -0.0835572887777678,
      0.04934700743016274,
      -0.0033558050098705383,
      0.10318446966801753,
      -0.012366055557859967
    ],
    "test_rmse": [
      -0.8339219163529225,
      -1.081897910765161,
      -1.001154357730925,
      -0.9417673147557941,
      -0.891134438895156
    ],
    "test_mae": [
      -0.6335069582273608,
      -0.8112614483832917,
      -0.7590107060149917,
      -0.6890533357732722,
      -0.7139263936361614
    ],
    "best_params": {
      "check_inverse": true,
      "func": null,
      "inverse_func": null,
      "regressor__natural_gradient": true,
      "regressor__n_estimators": 1624,
      "regressor__learning_rate": 0.0006945116404554163,
      "regressor__minibatch_frac": 1,
      "regressor__col_sample": 1.0,
      "regressor__verbose": false,
      "transformer__memory": null,
      "transformer__verbose": false,
      "transformer__y scaler__copy": true,
      "transformer__y scaler__with_mean": true,
      "transformer__y scaler__with_std": true
    }
  },
  "13": {
    "fit_time": [
      15.299328804016113,
      15.662658452987671,
      15.273806095123291,
      15.741366386413574,
      15.388262510299683
    ],
    "score_time": [
      0.45583629608154297,
      0.46368885040283203,
      0.46552181243896484,
      0.472369909286499,
      0.4448392391204834
    ],
    "test_r": [
      0.020490654154939426,
      0.27541998221744,
      0.09208762734960178,
      0.2575778381706868,
      0.26625765558468983
    ],
    "test_r2": [
      -0.24008797480299293,
      0.07353812966515916,
      -0.26275211157150524,
      0.03812074525664311,
      0.029073905823833956
    ],
    "test_rmse": [
      -0.9475885747994751,
      -0.9323412879469023,
      -0.9326042997617876,
      -1.1559659370837996,
      -0.8482044591381084
    ],
    "test_mae": [
      -0.7557178700326455,
      -0.6753974460468172,
      -0.7473049337841512,
      -0.8372476852661487,
      -0.6489229229587419
    ],
    "best_params": {
      "check_inverse": true,
      "func": null,
      "inverse_func": null,
      "regressor__natural_gradient": true,
      "regressor__n_estimators": 745,
      "regressor__learning_rate": 0.001,
      "regressor__minibatch_frac": 1,
      "regressor__col_sample": 1.0,
      "regressor__verbose": false,
      "transformer__memory": null,
      "transformer__verbose": false,
      "transformer__y scaler__copy": true,
      "transformer__y scaler__with_mean": true,
      "transformer__y scaler__with_std": true
    }
  },
  "42": {
    "fit_time": [
      31.959094762802124,
      32.11312747001648,
      31.771939516067505,
      31.93529438972473,
      32.76690626144409
    ],
    "score_time": [
      0.9776504039764404,
      0.9780254364013672,
      0.907616138458252,
      0.9773209095001221,
      0.9781136512756348
    ],
    "test_r": [
      0.2680450254254932,
      0.1310738647328239,
      0.2992291630666715,
      0.3677815097112247,
      0.0304355150285784
    ],
    "test_r2": [
      0.06450659599164621,
      -0.010390618158187426,
      0.08027648607835258,
      0.1311337614058672,
      -0.22590906131615696
    ],
    "test_rmse": [
      -1.0259418722483302,
      -1.1475410818445635,
      -0.9082972297160965,
      -0.8021018259172978,
      -0.8247130872549892
    ],
    "test_mae": [
      -0.7661799324098638,
      -0.8388255093219382,
      -0.7354071501730323,
      -0.6390723657687466,
      -0.6066051306591991
    ],
    "best_params": {
      "check_inverse": true,
      "func": null,
      "inverse_func": null,
      "regressor__natural_gradient": true,
      "regressor__n_estimators": 1509,
      "regressor__learning_rate": 0.0007495244513792246,
      "regressor__minibatch_frac": 1,
      "regressor__col_sample": 1.0,
      "regressor__verbose": false,
      "transformer__memory": null,
      "transformer__verbose": false,
      "transformer__y scaler__copy": true,
      "transformer__y scaler__with_mean": true,
      "transformer__y scaler__with_std": true
    }
  },
  "69": {
    "fit_time": [
      11.600722789764404,
      11.985487937927246,
      11.529514789581299,
      11.81075119972229,
      11.662983655929565
    ],
    "score_time": [
      0.31996989250183105,
      0.35469889640808105,
      0.3178284168243408,
      0.32506299018859863,
      0.32497334480285645
    ],
    "test_r": [
      0.16696413379233319,
      0.267253982182501,
      0.3013960031547073,
      0.27317980796748165,
      0.05393460798973668
    ],
    "test_r2": [
      8.33416547574295e-05,
      -0.018535968671209657,
      0.08711141804129396,
      0.06592164113701882,
      -0.339446638326909
    ],
    "test_rmse": [
      -1.1795687282188294,
      -1.047177919465456,
      -0.7485629322759655,
      -0.8488976323782047,
      -0.9168257519046539
    ],
    "test_mae": [
      -0.8911138497711577,
      -0.7946887198647912,
      -0.5968037169061122,
      -0.626645680305131,
      -0.7094189841831686
    ],
    "best_params": {
      "check_inverse": true,
      "func": null,
      "inverse_func": null,
      "regressor__natural_gradient": true,
      "regressor__n_estimators": 559,
      "regressor__learning_rate": 0.001,
      "regressor__minibatch_frac": 1,
      "regressor__col_sample": 1.0,
      "regressor__verbose": false,
      "transformer__memory": null,
      "transformer__verbose": false,
      "transformer__y scaler__copy": true,
      "transformer__y scaler__with_mean": true,
      "transformer__y scaler__with_std": true
    }
  },
  "420": {
    "fit_time": [
      33.02427005767822,
      32.912118434906006,
      32.189454078674316,
      32.99119997024536,
      33.138957023620605
    ],
    "score_time": [
      0.9735381603240967,
      0.9506773948669434,
      0.914243221282959,
      0.9027338027954102,
      0.9524168968200684
    ],
    "test_r": [
      0.21451254126483332,
      0.056564648183022564,
      0.3157864113034198,
      0.11920077143157702,
      0.1345854878192545
    ],
    "test_r2": [
      0.019215987761429743,
      -0.02811240430372064,
      0.06560526889895058,
      -0.05082647792359474,
      0.008321416831800987
    ],
    "test_rmse": [
      -0.7969415427939489,
      -0.9917659395450784,
      -0.9817898437926544,
      -1.1465546239128612,
      -0.8796385433851914
    ],
    "test_mae": [
      -0.617824297851553,
      -0.730023514836054,
      -0.7990235897815268,
      -0.8342376325918092,
      -0.6682026062345716
    ],
    "best_params": {
      "check_inverse": true,
      "func": null,
      "inverse_func": null,
      "regressor__natural_gradient": true,
      "regressor__n_estimators": 1544,
      "regressor__learning_rate": 0.00046146951561231976,
      "regressor__minibatch_frac": 1,
      "regressor__col_sample": 1.0,
      "regressor__verbose": false,
      "transformer__memory": null,
      "transformer__verbose": false,
      "transformer__y scaler__copy": true,
      "transformer__y scaler__with_mean": true,
      "transformer__y scaler__with_std": true
    }
  },
  "1234567890": {
    "fit_time": [
      11.124418497085571,
      10.495803117752075,
      10.413023948669434,
      10.51131010055542,
      10.548550128936768
    ],
    "score_time": [
      0.32775211334228516,
      0.3256654739379883,
      0.30608344078063965,
      0.32293033599853516,
      0.29849791526794434
    ],