{
  "6": {
    "fit_time": [
      0.1942732334136963,
      0.19490694999694824,
      0.19469857215881348,
      0.19357013702392578,
      0.2181856632232666
    ],
    "score_time": [
      0.08544421195983887,
      0.08282470703125,
      0.08049774169921875,
      0.07963156700134277,
      0.09527587890625
    ],
    "test_r": [
      0.613003273505971,
      0.3904197848189574,
      0.6210394710194432,
      0.6398093031385618,
      0.344150533770171
    ],
    "test_r2": [
      0.15020454583199572,
      0.13034835460873517,
      0.33955620685760013,
      0.21180087264733016,
      -0.004508316427876746
    ],
    "test_rmse": [
      -4.853146683953005,
      -7.170789746378153,
      -6.738260465718814,
      -5.260685595698684,
      -27.35922988784184
    ],
    "test_mae": [
      -4.179250750365717,
      -4.890484473999736,
      -4.263121151170436,
      -4.221527902360545,
      -10.230287891163808
    ],
    "best_params": {
      "check_inverse": true,
      "func": null,
      "inverse_func": null,
      "regressor__bootstrap": true,
      "regressor__ccp_alpha": 0.0,
      "regressor__criterion": "squared_error",
      "regressor__max_depth": null,
      "regressor__max_features": "sqrt",
      "regressor__max_leaf_nodes": null,
      "regressor__max_samples": null,
      "regressor__min_impurity_decrease": 0.0,
      "regressor__min_samples_leaf": 0.05060301334581676,
      "regressor__min_samples_split": 0.055609912806435235,
      "regressor__min_weight_fraction_leaf": 0.0,
      "regressor__monotonic_cst": null,
      "regressor__n_estimators": 56,
      "regressor__n_jobs": null,
      "regressor__oob_score": false,
      "regressor__random_state": null,
      "regressor__verbose": 0,
      "regressor__warm_start": false,
      "transformer__memory": null,
      "transformer__verbose": false,
      "transformer__y scaler__copy": true,
      "transformer__y scaler__with_mean": true,
      "transformer__y scaler__with_std": true
    }
  },
  "13": {
    "fit_time": [
      2.861154556274414,
      2.6809749603271484,
      2.64351487159729,
      2.6217286586761475,
      2.8473293781280518
    ],
    "score_time": [
      0.19561457633972168,
      0.17629408836364746,
      0.17197322845458984,
      0.18746590614318848,
      0.192763090133667
    ],
    "test_r": [
      0.6748872886733734,
      0.608026178774822,
      0.5815063203614222,
      0.3289124207550075,
      0.5043420162071026
    ],
    "test_r2": [
      0.20887911010827231,
      0.3406852102599628,
      0.32449614035152863,
      0.02603437120965768,
      0.23938338439050155
    ],
    "test_rmse": [
      -5.117351077462208,
      -6.361913356745877,
      -6.615908095640878,
      -26.508720508303988,
      -7.197846286063601
    ],
    "test_mae": [
      -4.238193009253758,
      -4.1755415365120285,
      -4.804835874397953,
      -8.806847446503511,
      -4.742261788154048
    ],
    "best_params": {
      "check_inverse": true,
      "func": null,
      "inverse_func": null,
      "regressor__bootstrap": true,
      "regressor__ccp_alpha": 0.0,
      "regressor__criterion": "squared_error",
      "regressor__max_depth": null,
      "regressor__max_features": "sqrt",
      "regressor__max_leaf_nodes": null,
      "regressor__max_samples": null,
      "regressor__min_impurity_decrease": 0.0,
      "regressor__min_samples_leaf": 0.05,
      "regressor__min_samples_split": 0.05,
      "regressor__min_weight_fraction_leaf": 0.0,
      "regressor__monotonic_cst": null,
      "regressor__n_estimators": 2000,
      "regressor__n_jobs": null,
      "regressor__oob_score": false,
      "regressor__random_state": null,
      "regressor__verbose": 0,
      "regressor__warm_start": false,
      "transformer__memory": null,
      "transformer__verbose": false,
      "transformer__y scaler__copy": true,
      "transformer__y scaler__with_mean": true,
      "transformer__y scaler__with_std": true
    }
  },
  "42": {
    "fit_time": [
      0.280667781829834,
      0.28328490257263184,
      0.28286170959472656,
      0.33179759979248047,
      0.2812840938568115
    ],
    "score_time": [
      0.08526921272277832,
      0.08054113388061523,
      0.07934021949768066,
      0.08810114860534668,
      0.0804290771484375
    ],
    "test_r": [
      0.490259908208789,
      0.5636619447607611,
      0.5329563843364553,
      0.6015398446900095,
      0.4492795465667541
    ],
    "test_r2": [
      0.1503303893240634,
      0.29790274946786743,
      0.10242700782923364,
      0.3130118501824355,
      0.17739669137740965
    ],
    "test_rmse": [
      -17.45988479094175,
      -6.602540094938531,
      -19.6270099782013,
      -6.290137404974368,
      -6.789069008961343
    ],
    "test_mae": [
      -5.783652141992174,
      -5.0751451106471945,
      -6.962348887307816,
      -4.824163133525903,
      -4.57600009663448
    ],
    "best_params": {
      "check_inverse": true,
      "func": null,
      "inverse_func": null,
      "regressor__bootstrap": true,
      "regressor__ccp_alpha": 0.0,
      "regressor__criterion": "squared_error",
      "regressor__max_depth": null,
      "regressor__max_features": "sqrt",
      "regressor__max_leaf_nodes": null,
      "regressor__max_samples": null,
      "regressor__min_impurity_decrease": 0.0,
      "regressor__min_samples_leaf": 0.053474311003444935,
      "regressor__min_samples_split": 0.057499238860550334,
      "regressor__min_weight_fraction_leaf": 0.0,
      "regressor__monotonic_cst": null,
      "regressor__n_estimators": 128,
      "regressor__n_jobs": null,
      "regressor__oob_score": false,
      "regressor__random_state": null,
      "regressor__verbose": 0,
      "regressor__warm_start": false,
      "transformer__memory": null,
      "transformer__verbose": false,
      "transformer__y scaler__copy": true,
      "transformer__y scaler__with_mean": true,
      "transformer__y scaler__with_std": true
    }
  },
  "69": {
    "fit_time": [
      0.21155595779418945,
      0.21614575386047363,
      0.2105417251586914,
      0.21545195579528809,
      0.24792265892028809
    ],
    "score_time": [
      0.08171629905700684,
      0.09012389183044434,
      0.07827520370483398,
      0.07718038558959961,
      0.09801125526428223
    ],
    "test_r": [
      0.6548187994843043,
      0.5445834945592471,
      0.5128762754912036,
      0.5878733996771965,
      0.39885096551291543
    ],
    "test_r2": [
      0.3504241034313478,
      0.10447919631115798,
      0.13827114543311758,
      0.19405814201380345,
      0.0951447809652427
    ],
    "test_rmse": [
      -7.371187358826392,
      -19.00933160673674,
      -18.12682876741689,
      -4.584540363024582,
      -7.408896631969124
    ],
    "test_mae": [
      -5.109200355627199,
      -6.972461060765074,
      -6.640022654629878,
      -3.674237160344222,
      -5.19401966821147
    ],
    "best_params": {
      "check_inverse": true,
      "func": null,
      "inverse_func": null,
      "regressor__bootstrap": true,
      "regressor__ccp_alpha": 0.0,
      "regressor__criterion": "squared_error",
      "regressor__max_depth": null,
      "regressor__max_features": "sqrt",
      "regressor__max_leaf_nodes": null,
      "regressor__max_samples": null,
      "regressor__min_impurity_decrease": 0.0,
      "regressor__min_samples_leaf": 0.05157763692204548,
      "regressor__min_samples_split": 0.05595923370936634,
      "regressor__min_weight_fraction_leaf": 0.0,
      "regressor__monotonic_cst": null,
      "regressor__n_estimators": 70,
      "regressor__n_jobs": null,
      "regressor__oob_score": false,
      "regressor__random_state": null,
      "regressor__verbose": 0,
      "regressor__warm_start": false,
      "transformer__memory": null,
      "transformer__verbose": false,
      "transformer__y scaler__copy": true,
      "transformer__y scaler__with_mean": true,
      "transformer__y scaler__with_std": true
    }
  },