{
  "6": {
    "fit_time": [
      0.29617881774902344,
      0.3012545108795166,
      0.29929614067077637,
      0.30125856399536133,
      0.29825305938720703
    ],
    "score_time": [
      0.08992242813110352,
      0.08351325988769531,
      0.08377766609191895,
      0.08486628532409668,
      0.08469033241271973
    ],
    "test_r": [
      0.651981225192188,
      0.3877753246912891,
      0.7241990936153938,
      0.711901277525993,
      0.4344986951365249
    ],
    "test_r2": [
      0.2301926733484888,
      0.12259777833890306,
      0.47999150651149436,
      0.28933466545046616,
      0.025124135457444186
    ],
    "test_rmse": [
      -4.619098634970399,
      -7.202672897989052,
      -5.979089874968371,
      -4.995246658240266,
      -26.952667863222104
    ],
    "test_mae": [
      -3.639109547459306,
      -4.76248167203043,
      -3.7466704825930788,
      -3.969956544673872,
      -9.98778747018122
    ],
    "best_params": {
      "check_inverse": true,
      "func": null,
      "inverse_func": null,
      "regressor__bootstrap": true,
      "regressor__ccp_alpha": 0.0,
      "regressor__criterion": "squared_error",
      "regressor__max_depth": null,
      "regressor__max_features": "sqrt",
      "regressor__max_leaf_nodes": null,
      "regressor__max_samples": null,
      "regressor__min_impurity_decrease": 0.0,
      "regressor__min_samples_leaf": 0.05004815785402106,
      "regressor__min_samples_split": 0.06809058127558361,
      "regressor__min_weight_fraction_leaf": 0.0,
      "regressor__monotonic_cst": null,
      "regressor__n_estimators": 127,
      "regressor__n_jobs": null,
      "regressor__oob_score": false,
      "regressor__random_state": null,
      "regressor__verbose": 0,
      "regressor__warm_start": false,
      "transformer__memory": null,
      "transformer__verbose": false,
      "transformer__y scaler__copy": true,
      "transformer__y scaler__with_mean": true,
      "transformer__y scaler__with_std": true
    }
  },
  "13": {
    "fit_time": [
      0.658519983291626,
      0.668461799621582,
      0.6768360137939453,
      0.6745400428771973,
      0.6737170219421387
    ],
    "score_time": [
      0.09845447540283203,
      0.0973505973815918,
      0.09836959838867188,
      0.09783220291137695,
      0.09794116020202637
    ],
    "test_r": [
      0.7146064600650031,
      0.7095428726194131,
      0.5852273236529616,
      0.37516757800350453,
      0.5565174415346652
    ],
    "test_r2": [
      0.23298586864206228,
      0.4611724093785796,
      0.3395406801273727,
      0.040103891611996345,
      0.3006534310367309
    ],
    "test_rmse": [
      -5.03878084142093,
      -5.751303073236198,
      -6.541819886767615,
      -26.316556782879903,
      -6.901855904480742
    ],
    "test_mae": [
      -4.030665817908107,
      -3.591688573749907,
      -4.405675634741518,
      -8.729220709946171,
      -4.285195765135607
    ],
    "best_params": {
      "check_inverse": true,
      "func": null,
      "inverse_func": null,
      "regressor__bootstrap": true,
      "regressor__ccp_alpha": 0.0,
      "regressor__criterion": "squared_error",
      "regressor__max_depth": null,
      "regressor__max_features": "sqrt",
      "regressor__max_leaf_nodes": null,
      "regressor__max_samples": null,
      "regressor__min_impurity_decrease": 0.0,
      "regressor__min_samples_leaf": 0.05,
      "regressor__min_samples_split": 0.05,
      "regressor__min_weight_fraction_leaf": 0.0,
      "regressor__monotonic_cst": null,
      "regressor__n_estimators": 420,
      "regressor__n_jobs": null,
      "regressor__oob_score": false,
      "regressor__random_state": null,
      "regressor__verbose": 0,
      "regressor__warm_start": false,
      "transformer__memory": null,
      "transformer__verbose": false,
      "transformer__y scaler__copy": true,
      "transformer__y scaler__with_mean": true,
      "transformer__y scaler__with_std": true
    }
  },
  "42": {
    "fit_time": [
      0.8913099765777588,
      0.9096448421478271,
      0.9071235656738281,
      0.9144260883331299,
      0.9187443256378174
    ],
    "score_time": [
      0.10708951950073242,
      0.10770750045776367,
      0.10564541816711426,
      0.10653424263000488,
      0.10641860961914062
    ],
    "test_r": [
      0.558738290401512,
      0.633958858153984,
      0.573733684825875,
      0.6837036646753739,
      0.5491412895610588
    ],
    "test_r2": [
      0.19623941526149757,
      0.3773304141964424,
      0.14416507623723918,
      0.42306859677889164,
      0.2835167974895154
    ],
    "test_rmse": [
      -16.981642097657975,
      -6.217864271021807,
      -19.16523979224849,
      -5.764313587300386,
      -6.336041362791847
    ],
    "test_mae": [
      -5.340583680503743,
      -4.809147325298512,
      -6.523431769051492,
      -4.362142395203064,
      -4.1310034863945555
    ],
    "best_params": {
      "check_inverse": true,
      "func": null,
      "inverse_func": null,
      "regressor__bootstrap": true,
      "regressor__ccp_alpha": 0.0,
      "regressor__criterion": "squared_error",
      "regressor__max_depth": null,
      "regressor__max_features": "sqrt",
      "regressor__max_leaf_nodes": null,
      "regressor__max_samples": null,
      "regressor__min_impurity_decrease": 0.0,
      "regressor__min_samples_leaf": 0.05,
      "regressor__min_samples_split": 0.12191608699503652,
      "regressor__min_weight_fraction_leaf": 0.0,
      "regressor__monotonic_cst": null,
      "regressor__n_estimators": 628,
      "regressor__n_jobs": null,
      "regressor__oob_score": false,
      "regressor__random_state": null,
      "regressor__verbose": 0,
      "regressor__warm_start": false,
      "transformer__memory": null,
      "transformer__verbose": false,
      "transformer__y scaler__copy": true,
      "transformer__y scaler__with_mean": true,
      "transformer__y scaler__with_std": true
    }
  },
  "69": {
    "fit_time": [
      0.22922134399414062,
      0.2304975986480713,
      0.2308199405670166,
      0.23139190673828125,
      0.23111772537231445
    ],
    "score_time": [
      0.08631730079650879,
      0.08426141738891602,
      0.09511876106262207,
      0.08205080032348633,
      0.08352041244506836
    ],
    "test_r": [
      0.6851850625382592,
      0.5591963320918439,
      0.5350196891701721,
      0.6355790205302676,
      0.4615373566908165
    ],
    "test_r2": [
      0.40700716212955357,
      0.13895987097411389,
      0.17548759478325193,
      0.25448450113938137,
      0.14552302824343666
    ],
    "test_rmse": [
      -7.042830290391462,
      -18.639776612885658,
      -17.731076832972587,
      -4.409326747940844,
      -7.199696166918619
    ],
    "test_mae": [
      -4.8302640542792,
      -6.73457003762279,
      -6.283709165213664,
      -3.382428871620123,
      -4.911030271318932
    ],
    "best_params": {
      "check_inverse": true,
      "func": null,
      "inverse_func": null,
      "regressor__bootstrap": true,
      "regressor__ccp_alpha": 0.0,
      "regressor__criterion": "squared_error",
      "regressor__max_depth": null,
      "regressor__max_features": "sqrt",
      "regressor__max_leaf_nodes": null,
      "regressor__max_samples": null,
      "regressor__min_impurity_decrease": 0.0,
      "regressor__min_samples_leaf": 0.05156355710370372,
      "regressor__min_samples_split": 0.055956519041504116,
      "regressor__min_weight_fraction_leaf": 0.0,
      "regressor__monotonic_cst": null,
      "regressor__n_estimators": 70,
      "regressor__n_jobs": null,
      "regressor__oob_score": false,
      "regressor__random_state": null,
      "regressor__verbose": 0,
      "regressor__warm_start": false,
      "transformer__memory": null,
      "transformer__verbose": false,
      "transformer__y scaler__copy": true,
      "transformer__y scaler__with_mean": true,
      "transformer__y scaler__with_std": true
    }
  },