{
  "6": {
    "fit_time": [
      1.3041131496429443,
      1.4219770431518555,
      1.4643824100494385,
      1.4288699626922607,
      1.4861981868743896
    ],
    "score_time": [
      0.09178447723388672,
      0.07732367515563965,
      0.07520556449890137,
      0.07563543319702148,
      0.08237743377685547
    ],
    "test_r": [
      0.7431248610424411,
      0.5423781415116047,
      0.8655333442303159,
      0.6813303912939161,
      0.5912362305554875
    ],
    "test_r2": [
      0.5250850060092576,
      0.2815712426845902,
      0.6395637302707659,
      -0.220805107698125,
      0.13226693231898556
    ],
    "test_rmse": [
      -3.6280574605238174,
      -6.517577158881475,
      -4.9778763685525975,
      -6.547078391510606,
      -25.42846673622615
    ],
    "test_mae": [
      -2.700791129856031,
      -3.6312003689342487,
      -3.100788582932121,
      -3.576804661259835,
      -8.986060784666105
    ],
    "best_params": {
      "check_inverse": true,
      "func": null,
      "inverse_func": null,
      "regressor__natural_gradient": true,
      "regressor__n_estimators": 68,
      "regressor__learning_rate": 0.013805034989608325,
      "regressor__minibatch_frac": 1,
      "regressor__col_sample": 1.0,
      "regressor__verbose": false,
      "transformer__memory": null,
      "transformer__verbose": false,
      "transformer__y scaler__copy": true,
      "transformer__y scaler__with_mean": true,
      "transformer__y scaler__with_std": true
    }
  },
  "13": {
    "fit_time": [
      46.16969418525696,
      45.91813039779663,
      46.183438539505005,
      48.88711428642273,
      49.185606241226196
    ],
    "score_time": [
      1.0499756336212158,
      1.0612688064575195,
      1.066033124923706,
      1.0558688640594482,
      0.9990572929382324
    ],
    "test_r": [
      0.7998617771806438,
      0.7624676909452277,
      0.4628490702135912,
      0.502123308396886,
      0.7392914256940902
    ],
    "test_r2": [
      0.5383685149948131,
      0.5540300602689463,
      -0.4815793781188735,
      0.1620219956849016,
      0.5253795928077141
    ],
    "test_rmse": [
      -3.909052449019626,
      -5.232318042288582,
      -9.798012935093924,
      -24.58856933186926,
      -5.685816866452841
    ],
    "test_mae": [
      -2.1526410559455322,
      -3.152303358184983,
      -3.760493888958443,
      -8.121473741714425,
      -2.340964157578357
    ],
    "best_params": {
      "check_inverse": true,
      "func": null,
      "inverse_func": null,
      "regressor__natural_gradient": true,
      "regressor__n_estimators": 2000,
      "regressor__learning_rate": 0.09463712021543756,
      "regressor__minibatch_frac": 1,
      "regressor__col_sample": 1.0,
      "regressor__verbose": false,
      "transformer__memory": null,
      "transformer__verbose": false,
      "transformer__y scaler__copy": true,
      "transformer__y scaler__with_mean": true,
      "transformer__y scaler__with_std": true
    }
  },
  "42": {
    "fit_time": [
      2.7735161781311035,
      2.8823323249816895,
      2.833791732788086,
      2.9049417972564697,
      2.872838020324707
    ],
    "score_time": [
      0.12031912803649902,
      0.11257505416870117,
      0.12285757064819336,
      0.11494970321655273,
      0.12642598152160645
    ],
    "test_r": [
      0.9892503637812303,
      0.6614099121891446,
      0.9514354777023708,
      0.8616888338849882,
      0.7998848350528761
    ],
    "test_r2": [
      0.9740862343717003,
      -0.08135238982034299,
      0.8983637286978154,
      0.7076878374494019,
      0.6102577400540912
    ],
    "test_rmse": [
      -3.049169691033268,
      -8.194001389173003,
      -6.604555850160748,
      -4.103070248425195,
      -4.673085711821135
    ],
    "test_mae": [
      -1.7406322704380992,
      -3.9624782052830976,
      -3.0786579924368938,
      -2.28951828804136,
      -2.2501247310022396
    ],
    "best_params": {
      "check_inverse": true,
      "func": null,
      "inverse_func": null,
      "regressor__natural_gradient": true,
      "regressor__n_estimators": 153,
      "regressor__learning_rate": 0.03252108800594495,
      "regressor__minibatch_frac": 1,
      "regressor__col_sample": 1.0,
      "regressor__verbose": false,
      "transformer__memory": null,
      "transformer__verbose": false,
      "transformer__y scaler__copy": true,
      "transformer__y scaler__with_mean": true,
      "transformer__y scaler__with_std": true
    }
  },
  "69": {
    "fit_time": [
      15.176443099975586,
      15.455291509628296,
      17.829325199127197,
      15.673229217529297,
      16.731807708740234
    ],
    "score_time": [
      0.4469749927520752,
      0.43169093132019043,
      0.42156195640563965,
      0.4083847999572754,
      0.43244147300720215
    ],
    "test_r": [
      0.703252654351171,
      0.9574736857992168,
      0.9803397606312368,
      0.8048851807451028,
      0.610311735167763
    ],
    "test_r2": [
      0.47525226361768225,
      0.9088292634091244,
      0.9550871091981884,
      0.5247316991348713,
      -0.21361211392963808
    ],
    "test_rmse": [
      -6.625181589203219,
      -6.065362179486554,
      -4.138300459029088,
      -3.5205731225017387,
      -8.580328972813144
    ],
    "test_mae": [
      -3.0102247279281005,
      -3.281933243853075,
      -2.3810559064281036,
      -2.330597458592017,
      -2.868650376348081
    ],
    "best_params": {
      "check_inverse": true,
      "func": null,
      "inverse_func": null,
      "regressor__natural_gradient": true,
      "regressor__n_estimators": 761,
      "regressor__learning_rate": 0.04084049403627906,
      "regressor__minibatch_frac": 1,
      "regressor__col_sample": 1.0,
      "regressor__verbose": false,
      "transformer__memory": null,
      "transformer__verbose": false,
      "transformer__y scaler__copy": true,
      "transformer__y scaler__with_mean": true,
      "transformer__y scaler__with_std": true
    }
  },
  "420": {
    "fit_time": [
      15.95725679397583,
      17.34742307662964,
      16.016693830490112,
      16.073073148727417,
      15.268579721450806
    ],
    "score_time": [
      0.42443251609802246,
      0.43100738525390625,
      0.4133419990539551,
      0.4290604591369629,
      0.42030835151672363
    ],
    "test_r": [
      0.6946384229712819,
      0.8569567029326034,
      0.985935981363209,
      0.7760946354599978,
      0.881813134348758
    ],
    "test_r2": [
      0.050888167643418525,
      0.7074705069692936,
      0.9718554128303563,
      0.3443674094945953,
      0.7763022221135067
    ],
    "test_rmse": [
      -6.1868432724363585,
      -11.14210111059712,
      -3.3974584992070302,
      -3.2146872303668625,
      -3.3624339325100587
    ],
    "test_mae": [
      -2.272669772071798,
      -5.040258590442238,
      -2.0782810635560516,
      -1.9863756728893192,
      -1.8629779385237055
    ],
    "best_params": {
      "check_inverse": true,
      "func": null,
      "inverse_func": null,
      "regressor__natural_gradient": true,
      "regressor__n_estimators": 749,
      "regressor__learning_rate": 0.07535744570381285,
      "regressor__minibatch_frac": 1,
      "regressor__col_sample": 1.0,
      "regressor__verbose": false,
      "transformer__memory": null,
      "transformer__verbose": false,
      "transformer__y scaler__copy": true,
      "transformer__y scaler__with_mean": true,
      "transformer__y scaler__with_std": true
    }
  },
  "1234567890": {
    "fit_time": [
      1.047025442123413,
      1.0564968585968018,
      1.0603477954864502,
      1.2540910243988037,
      0.9470870494842529
    ],
    "score_time": [
      0.061832427978515625,
      0.06252670288085938,
      0.06182575225830078,
      0.06171464920043945,
      0.13159513473510742
    ],