{
  "6": {
    "fit_time": [
      0.17166519165039062,
      0.17618465423583984,
      0.23303866386413574,
      0.24570560455322266,
      0.11551618576049805
    ],
    "score_time": [
      0.03816056251525879,
      0.04178810119628906,
      0.03902173042297363,
      0.0420231819152832,
      0.0467836856842041
    ],
    "test_r": [
      0.7422409855124084,
      0.3859860353180075,
      0.6988843068179069,
      0.6289195793092632,
      0.3282344177360578
    ],
    "test_r2": [
      0.3354021225821854,
      0.09364659043967016,
      0.45985940954878024,
      0.1846329756966193,
      0.0063515122048429795
    ],
    "test_rmse": [
      -4.291861424293116,
      -7.320539928158804,
      -6.09373088050791,
      -5.35058101021885,
      -27.210936463091095
    ],
    "test_mae": [
      -3.5154954026075593,
      -5.191229597029475,
      -3.90644495941848,
      -4.219798465695339,
      -9.883613133376743
    ],
    "best_params": {
      "check_inverse": true,
      "func": null,
      "inverse_func": null,
      "regressor__bootstrap": true,
      "regressor__ccp_alpha": 0.0,
      "regressor__criterion": "squared_error",
      "regressor__max_depth": null,
      "regressor__max_features": "sqrt",
      "regressor__max_leaf_nodes": null,
      "regressor__max_samples": null,
      "regressor__min_impurity_decrease": 0.0,
      "regressor__min_samples_leaf": 0.05060301334581676,
      "regressor__min_samples_split": 0.055609912806435235,
      "regressor__min_weight_fraction_leaf": 0.0,
      "regressor__monotonic_cst": null,
      "regressor__n_estimators": 56,
      "regressor__n_jobs": null,
      "regressor__oob_score": false,
      "regressor__random_state": null,
      "regressor__verbose": 0,
      "regressor__warm_start": false,
      "transformer__memory": null,
      "transformer__verbose": false,
      "transformer__y scaler__copy": true,
      "transformer__y scaler__with_mean": true,
      "transformer__y scaler__with_std": true
    }
  },
  "13": {
    "fit_time": [
      0.11508584022521973,
      0.1804213523864746,
      0.1839923858642578,
      0.21494364738464355,
      0.19768929481506348
    ],
    "score_time": [
      0.09592151641845703,
      0.04194211959838867,
      0.0435032844543457,
      0.038733482360839844,
      0.03992629051208496
    ],
    "test_r": [
      0.6303112844336884,
      0.5440160897249967,
      0.6187201295356606,
      0.3213342764563211,
      0.5638660173871601
    ],
    "test_r2": [
      0.13866692967003846,
      0.2930990515316071,
      0.3788212880254672,
      0.03818256467394221,
      0.29526276719790034
    ],
    "test_rmse": [
      -5.339607663544153,
      -6.587499926025658,
      -6.34430171027603,
      -26.342881211506686,
      -6.928405089958758
    ],
    "test_mae": [
      -4.205502249351835,
      -4.422999426824729,
      -4.2940450146501545,
      -8.875243942746186,
      -4.497496204201662
    ],
    "best_params": {
      "check_inverse": true,
      "func": null,
      "inverse_func": null,
      "regressor__bootstrap": true,
      "regressor__ccp_alpha": 0.0,
      "regressor__criterion": "squared_error",
      "regressor__max_depth": null,
      "regressor__max_features": "sqrt",
      "regressor__max_leaf_nodes": null,
      "regressor__max_samples": null,
      "regressor__min_impurity_decrease": 0.0,
      "regressor__min_samples_leaf": 0.05,
      "regressor__min_samples_split": 0.05,
      "regressor__min_weight_fraction_leaf": 0.0,
      "regressor__monotonic_cst": null,
      "regressor__n_estimators": 50,
      "regressor__n_jobs": null,
      "regressor__oob_score": false,
      "regressor__random_state": null,
      "regressor__verbose": 0,
      "regressor__warm_start": false,
      "transformer__memory": null,
      "transformer__verbose": false,
      "transformer__y scaler__copy": true,
      "transformer__y scaler__with_mean": true,
      "transformer__y scaler__with_std": true
    }
  },
  "42": {
    "fit_time": [
      0.17478322982788086,
      0.11613607406616211,
      0.11649465560913086,
      0.1648564338684082,
      0.19626688957214355
    ],
    "score_time": [
      0.040910959243774414,
      0.04595208168029785,
      0.044159650802612305,
      0.04179215431213379,
      0.04107499122619629
    ],
    "test_r": [
      0.4009357610358099,
      0.5626962917095711,
      0.5255007065628517,
      0.6329572478068858,
      0.5107498070408901
    ],
    "test_r2": [
      0.12590763493225476,
      0.28866958826230515,
      0.13123144986815383,
      0.342340526363034,
      0.23494223465981956
    ],
    "test_rmse": [
      -17.709038998256474,
      -6.645812731250935,
      -19.30951210475075,
      -6.1544046828740795,
      -6.547298041088738
    ],
    "test_mae": [
      -5.218816367789986,
      -5.13971792641808,
      -6.5635681412201246,
      -4.768180222592134,
      -4.177896322949916
    ],
    "best_params": {
      "check_inverse": true,
      "func": null,
      "inverse_func": null,
      "regressor__bootstrap": true,
      "regressor__ccp_alpha": 0.0,
      "regressor__criterion": "squared_error",
      "regressor__max_depth": null,
      "regressor__max_features": "sqrt",
      "regressor__max_leaf_nodes": null,
      "regressor__max_samples": null,
      "regressor__min_impurity_decrease": 0.0,
      "regressor__min_samples_leaf": 0.05,
      "regressor__min_samples_split": 0.05,
      "regressor__min_weight_fraction_leaf": 0.0,
      "regressor__monotonic_cst": null,
      "regressor__n_estimators": 50,
      "regressor__n_jobs": null,
      "regressor__oob_score": false,
      "regressor__random_state": null,
      "regressor__verbose": 0,
      "regressor__warm_start": false,
      "transformer__memory": null,
      "transformer__verbose": false,
      "transformer__y scaler__copy": true,
      "transformer__y scaler__with_mean": true,
      "transformer__y scaler__with_std": true
    }
  },
  "69": {
    "fit_time": [
      0.24396872520446777,
      0.2929673194885254,
      0.2355203628540039,
      0.2869398593902588,
      0.19165921211242676
    ],
    "score_time": [
      0.04321622848510742,
      0.03952622413635254,
      0.042353153228759766,
      0.040662527084350586,
      0.03985452651977539
    ],
    "test_r": [
      0.6395721233312934,
      0.4598570605325165,
      0.4777331817947204,
      0.625203536227359,
      0.5272206915329767
    ],
    "test_r2": [
      0.37902336081478083,
      0.11387777922376097,
      0.14369973180429685,
      0.1370723335780325,
      0.19027410668475175
    ],
    "test_rmse": [
      -7.207093074223788,
      -18.90931605130758,
      -18.069642263072456,
      -4.743852107517145,
      -7.008627871982006
    ],
    "test_mae": [
      -4.713287352161108,
      -6.569152562197612,
      -6.442030162183067,
      -3.8239941816395957,
      -4.968614188749095
    ],
    "best_params": {
      "check_inverse": true,
      "func": null,
      "inverse_func": null,
      "regressor__bootstrap": true,
      "regressor__ccp_alpha": 0.0,
      "regressor__criterion": "squared_error",
      "regressor__max_depth": null,
      "regressor__max_features": "sqrt",
      "regressor__max_leaf_nodes": null,
      "regressor__max_samples": null,
      "regressor__min_impurity_decrease": 0.0,
      "regressor__min_samples_leaf": 0.055306191421800883,
      "regressor__min_samples_split": 0.059273210445587796,
      "regressor__min_weight_fraction_leaf": 0.0,
      "regressor__monotonic_cst": null,
      "regressor__n_estimators": 95,
      "regressor__n_jobs": null,
      "regressor__oob_score": false,
      "regressor__random_state": null,
      "regressor__verbose": 0,
      "regressor__warm_start": false,
      "transformer__memory": null,
      "transformer__verbose": false,
      "transformer__y scaler__copy": true,
      "transformer__y scaler__with_mean": true,
      "transformer__y scaler__with_std": true
    }
  },