{
  "6": {
    "fit_time": [
      13.158894777297974,
      15.787649154663086,
      14.796046495437622,
      11.367636919021606,
      12.77723217010498
    ],
    "score_time": [
      0.25379014015197754,
      0.25559115409851074,
      0.24671053886413574,
      0.36772656440734863,
      0.26102447509765625
    ],
    "test_r": [
      0.765172424872937,
      0.5943362360385728,
      0.7123212019761153,
      0.8289271256638526,
      0.5708505885724474
    ],
    "test_r2": [
      0.30696561571371495,
      0.35103547580644623,
      -0.014689643718765133,
      0.6633867726678074,
      0.1787312127690548
    ],
    "test_rmse": [
      -4.382718804635187,
      -6.194479294620742,
      -8.352115219749948,
      -3.4378740436422115,
      -24.73829471287097
    ],
    "test_mae": [
      -2.4963868893860126,
      -3.647622857391731,
      -3.5569383769253977,
      -1.9210692194177086,
      -8.721250970158541
    ],
    "best_params": {
      "check_inverse": true,
      "func": null,
      "inverse_func": null,
      "regressor__natural_gradient": true,
      "regressor__n_estimators": 847,
      "regressor__learning_rate": 0.08646479880356304,
      "regressor__minibatch_frac": 1,
      "regressor__col_sample": 1.0,
      "regressor__verbose": false,
      "transformer__memory": null,
      "transformer__verbose": false,
      "transformer__y scaler__copy": true,
      "transformer__y scaler__with_mean": true,
      "transformer__y scaler__with_std": true
    }
  },
  "13": {
    "fit_time": [
      5.9003660678863525,
      7.544660568237305,
      7.39997935295105,
      7.733776807785034,
      7.608927965164185
    ],
    "score_time": [
      0.16162562370300293,
      0.1602470874786377,
      0.15891671180725098,
      0.1507728099822998,
      0.15650343894958496
    ],
    "test_r": [
      0.794210385418323,
      0.6087581669433121,
      0.6906420937293648,
      0.4232595358949895,
      0.6860135213918118
    ],
    "test_r2": [
      -0.835686903193448,
      0.3045108461791298,
      0.46463453770690777,
      0.12013784649442272,
      0.45877150403409883
    ],
    "test_rmse": [
      -7.795125137071255,
      -6.534111211132504,
      -5.889802355806893,
      -25.19557473193372,
      -6.071695606273222
    ],
    "test_mae": [
      -2.983192849761284,
      -3.9946691426444754,
      -3.3028723972293044,
      -8.635645387630342,
      -3.01826692635908
    ],
    "best_params": {
      "check_inverse": true,
      "func": null,
      "inverse_func": null,
      "regressor__natural_gradient": true,
      "regressor__n_estimators": 465,
      "regressor__learning_rate": 0.1,
      "regressor__minibatch_frac": 1,
      "regressor__col_sample": 1.0,
      "regressor__verbose": false,
      "transformer__memory": null,
      "transformer__verbose": false,
      "transformer__y scaler__copy": true,
      "transformer__y scaler__with_mean": true,
      "transformer__y scaler__with_std": true
    }
  },
  "42": {
    "fit_time": [
      12.659263610839844,
      12.779408693313599,
      12.660452604293823,
      12.927341222763062,
      12.871194124221802
    ],
    "score_time": [
      0.3544900417327881,
      0.3417484760284424,
      0.3520071506500244,
      0.343616247177124,
      0.3482062816619873
    ],
    "test_r": [
      0.9722355586152444,
      0.6087287380240601,
      0.9403401354658628,
      0.6716916061558381,
      0.596174189895331
    ],
    "test_r2": [
      0.930652133509566,
      0.2881092031597844,
      0.8636366705002574,
      -1.1160893268053766,
      0.28034419386000453
    ],
    "test_rmse": [
      -4.988073946498643,
      -6.648429996865716,
      -7.650116580342227,
      -11.03957890571953,
      -6.350053934292995
    ],
    "test_mae": [
      -2.8715210535223057,
      -4.370181184379399,
      -3.9989944790923486,
      -3.8060736753719318,
      -3.326205707041083
    ],
    "best_params": {
      "check_inverse": true,
      "func": null,
      "inverse_func": null,
      "regressor__natural_gradient": true,
      "regressor__n_estimators": 1079,
      "regressor__learning_rate": 0.0032400236101434747,
      "regressor__minibatch_frac": 1,
      "regressor__col_sample": 1.0,
      "regressor__verbose": false,
      "transformer__memory": null,
      "transformer__verbose": false,
      "transformer__y scaler__copy": true,
      "transformer__y scaler__with_mean": true,
      "transformer__y scaler__with_std": true
    }
  },
  "69": {
    "fit_time": [
      23.029664516448975,
      22.509177684783936,
      22.014334201812744,
      22.801133155822754,
      22.522022008895874
    ],
    "score_time": [
      0.5807929039001465,
      0.5946848392486572,
      0.5658068656921387,
      0.6010432243347168,
      0.5936355590820312
    ],
    "test_r": [
      0.5629219320200165,
      0.9480004200385425,
      0.9317814590269653,
      0.5949759149922909,
      0.702614748044624
    ],
    "test_r2": [
      -0.5673165845429031,
      0.8629228327305738,
      0.7997255900923925,
      -0.08809295714631626,
      0.48061805767464816
    ],
    "test_rmse": [
      -11.449878124530898,
      -7.437236082179199,
      -8.738748588738824,
      -5.326929440226898,
      -5.613159859568158
    ],
    "test_mae": [
      -4.422909027132238,
      -4.231557140666455,
      -4.588552610953266,
      -3.5206755643417704,
      -2.600821137728021
    ],
    "best_params": {
      "check_inverse": true,
      "func": null,
      "inverse_func": null,
      "regressor__natural_gradient": true,
      "regressor__n_estimators": 2000,
      "regressor__learning_rate": 0.001611723182230488,
      "regressor__minibatch_frac": 1,
      "regressor__col_sample": 1.0,
      "regressor__verbose": false,
      "transformer__memory": null,
      "transformer__verbose": false,
      "transformer__y scaler__copy": true,
      "transformer__y scaler__with_mean": true,
      "transformer__y scaler__with_std": true
    }
  },
  "420": {
    "fit_time": [
      5.986311435699463,
      6.047859191894531,
      6.023711442947388,
      5.084112644195557,
      5.9322004318237305
    ],
    "score_time": [
      0.1344287395477295,
      0.13924455642700195,
      0.12949085235595703,
      0.1370396614074707,
      0.13322925567626953
    ],
    "test_r": [
      0.7463895576244068,
      0.9231980610384949,
      0.9529588328184937,
      0.6132599260643573,
      0.7424440988965219
    ],
    "test_r2": [
      0.4718993839089336,
      0.8400447120207186,
      0.9077083383939951,
      -1.0681334487626089,
      -1.725304575409853
    ],
    "test_rmse": [
      -4.61496867668573,
      -8.23913401455407,
      -6.152306333570458,
      -5.7094955349389584,
      -11.736279600567165
    ],
    "test_mae": [
      -2.3908763749393405,
      -4.418596404697985,
      -3.7477789448872834,
      -3.272490156756037,
      -3.81963595181807
    ],
    "best_params": {
      "check_inverse": true,
      "func": null,
      "inverse_func": null,
      "regressor__natural_gradient": true,
      "regressor__n_estimators": 395,
      "regressor__learning_rate": 0.1,
      "regressor__minibatch_frac": 1,
      "regressor__col_sample": 1.0,
      "regressor__verbose": false,
      "transformer__memory": null,
      "transformer__verbose": false,
      "transformer__y scaler__copy": true,
      "transformer__y scaler__with_mean": true,
      "transformer__y scaler__with_std": true
    }
  },
  "1234567890": {
    "fit_time": [
      5.3469154834747314,
      5.069587230682373,
      5.1560914516448975,
      5.145633220672607,
      5.152595520019531
    ],
    "score_time": [
      0.15035223960876465,
      0.15762853622436523,
      0.1566779613494873,
      0.15732693672180176,
      0.15591716766357422
    ],
    "test_r": [
      0.9297932954530721,
      0.9602403183076486,
      0.5700822884959754,
      0.5392049174273961,
      0.5584724393813304
    ],