{
  "6": {
    "fit_time": [
      4.937267065048218,
      4.58148980140686,
      4.989687204360962,
      4.434392929077148,
      4.728823184967041
    ],
    "score_time": [
      0.12350583076477051,
      0.13013648986816406,
      0.12224483489990234,
      0.18553376197814941,
      0.11520028114318848
    ],
    "test_pearson_r": [
      0.5875233281927661,
      0.514768561865001,
      0.3544991216989044,
      0.526054156327514,
      0.455830612833388
    ],
    "test_spearman_r": [
      0.6200368024490364,
      0.4905147944652501,
      0.3111495337704007,
      0.528190968286427,
      0.4095825488262234
    ],
    "test_rmse": [
      -0.547824356021071,
      -0.5532425814442274,
      -0.6401389819249239,
      -0.5395541791242494,
      -0.49487729318030543
    ],
    "test_mae": [
      -0.4439708670691201,
      -0.44017753003501014,
      -0.4939262055960768,
      -0.44186131840909265,
      -0.37441433265975627
    ],
    "test_r2": [
      0.31242934049781923,
      0.2351038121359149,
      -0.04016718923262941,
      0.25869591680409243,
      0.19762125418271415
    ],
    "best_params": {
      "check_inverse": true,
      "func": null,
      "inverse_func": null,
      "regressor__bootstrap": true,
      "regressor__ccp_alpha": 0.0,
      "regressor__criterion": "squared_error",
      "regressor__max_depth": null,
      "regressor__max_features": null,
      "regressor__max_leaf_nodes": null,
      "regressor__max_samples": null,
      "regressor__min_impurity_decrease": 0.0,
      "regressor__min_samples_leaf": 0.001,
      "regressor__min_samples_split": 0.12718578585301668,
      "regressor__min_weight_fraction_leaf": 0.0,
      "regressor__monotonic_cst": null,
      "regressor__n_estimators": 2000,
      "regressor__n_jobs": null,
      "regressor__oob_score": false,
      "regressor__random_state": null,
      "regressor__verbose": 0,
      "regressor__warm_start": false,
      "transformer__memory": null,
      "transformer__verbose": false,
      "transformer__y scaler__copy": true,
      "transformer__y scaler__with_mean": true,
      "transformer__y scaler__with_std": true
    }
  },
  "13": {
    "fit_time": [
      4.395890712738037,
      4.247180938720703,
      4.327679872512817,
      4.309405088424683,
      4.136313199996948
    ],
    "score_time": [
      0.11541247367858887,
      0.1330413818359375,
      0.12141799926757812,
      0.1184394359588623,
      0.23375678062438965
    ],
    "test_pearson_r": [
      0.3851587603649811,
      0.7066044254934736,
      0.37193600359396256,
      0.3553389675524285,
      0.49692068523764465
    ],
    "test_spearman_r": [
      0.41597419071316877,
      0.6872872327440986,
      0.40157265021960414,
      0.3777357068366941,
      0.4737020029838681
    ],
    "test_rmse": [
      -0.5989967880685337,
      -0.4787361746633809,
      -0.5873257443709352,
      -0.6119372950006067,
      -0.5145375804146864
    ],
    "test_mae": [
      -0.5079976787858824,
      -0.3813036022725211,
      -0.43605326367996644,
      -0.46216901200221183,
      -0.4200659260561674
    ],
    "test_r2": [
      0.08791764724562656,
      0.45784601928418156,
      0.1148715542333999,
      0.09671907258734558,
      0.1730885962153581
    ],
    "best_params": {
      "check_inverse": true,
      "func": null,
      "inverse_func": null,
      "regressor__bootstrap": true,
      "regressor__ccp_alpha": 0.0,
      "regressor__criterion": "squared_error",
      "regressor__max_depth": null,
      "regressor__max_features": null,
      "regressor__max_leaf_nodes": null,
      "regressor__max_samples": null,
      "regressor__min_impurity_decrease": 0.0,
      "regressor__min_samples_leaf": 0.001,
      "regressor__min_samples_split": 0.07608397714285338,
      "regressor__min_weight_fraction_leaf": 0.0,
      "regressor__monotonic_cst": null,
      "regressor__n_estimators": 2000,
      "regressor__n_jobs": null,
      "regressor__oob_score": false,
      "regressor__random_state": null,
      "regressor__verbose": 0,
      "regressor__warm_start": false,
      "transformer__memory": null,
      "transformer__verbose": false,
      "transformer__y scaler__copy": true,
      "transformer__y scaler__with_mean": true,
      "transformer__y scaler__with_std": true
    }
  },
  "42": {
    "fit_time": [
      5.7535364627838135,
      5.508284330368042,
      5.838259220123291,
      5.6361236572265625,
      5.85276198387146
    ],
    "score_time": [
      0.11490130424499512,
      0.13420438766479492,
      0.133286714553833,
      0.13228726387023926,
      0.1224672794342041
    ],
    "test_pearson_r": [
      0.4783985814997689,
      0.3335400164378874,
      0.5924049814788411,
      0.6484888964990868,
      0.44154729007617044
    ],
    "test_spearman_r": [
      0.46239971481420744,
      0.33934215493897774,
      0.5241394630245546,
      0.5816542865303493,
      0.38317957770647804
    ],
    "test_rmse": [
      -0.587945565152905,
      -0.6444127092015022,
      -0.40151963303969884,
      -0.49232662564073976,
      -0.5987524842470774
    ],
    "test_mae": [
      -0.495584069851596,
      -0.4334166103136077,
      -0.33194418406786,
      -0.3831126821206335,
      -0.5044043545511623
    ],
    "test_r2": [
      0.22126452742705083,
      0.036235231371592125,
      0.3504754405668229,
      0.41172300303653697,
      0.13996813271049846
    ],
    "best_params": {
      "check_inverse": true,
      "func": null,
      "inverse_func": null,
      "regressor__bootstrap": true,
      "regressor__ccp_alpha": 0.0,
      "regressor__criterion": "squared_error",
      "regressor__max_depth": null,
      "regressor__max_features": null,
      "regressor__max_leaf_nodes": null,
      "regressor__max_samples": null,
      "regressor__min_impurity_decrease": 0.0,
      "regressor__min_samples_leaf": 0.001,
      "regressor__min_samples_split": 0.001,
      "regressor__min_weight_fraction_leaf": 0.0,
      "regressor__monotonic_cst": null,
      "regressor__n_estimators": 2000,
      "regressor__n_jobs": null,
      "regressor__oob_score": false,
      "regressor__random_state": null,
      "regressor__verbose": 0,
      "regressor__warm_start": false,
      "transformer__memory": null,
      "transformer__verbose": false,
      "transformer__y scaler__copy": true,
      "transformer__y scaler__with_mean": true,
      "transformer__y scaler__with_std": true
    }
  },
  "69": {
    "fit_time": [
      6.428475856781006,
      5.821660995483398,
      5.933021306991577,
      7.269578695297241,
      6.763135671615601
    ],
    "score_time": [
      0.12098073959350586,
      0.12926244735717773,
      0.12450528144836426,
      0.13356614112854004,
      0.11579680442810059
    ],
    "test_pearson_r": [
      0.590175536104877,
      0.3498794793873089,
      0.5194820651524449,
      0.4742741764880211,
      0.4401668922413294
    ],
    "test_spearman_r": [
      0.6026876994843345,
      0.3377381519890148,
      0.49704834038163825,
      0.4632590155232036,
      0.42587322630422086
    ],
    "test_rmse": [
      -0.5115320221179048,
      -0.5779544417508614,
      -0.5407571622092591,
      -0.5337751180678311,
      -0.6216048222474497
    ],
    "test_mae": [
      -0.41169689827229894,
      -0.42582426237260773,
      -0.43879700164627466,
      -0.4352164311444528,
      -0.4722943582757361
    ],
    "test_r2": [
      0.3217057229159207,
      0.04984622882894163,
      0.2549470141754341,
      0.19574329934891055,
      0.17859181767424925
    ],
    "best_params": {
      "check_inverse": true,
      "func": null,
      "inverse_func": null,
      "regressor__bootstrap": true,
      "regressor__ccp_alpha": 0.0,
      "regressor__criterion": "squared_error",
      "regressor__max_depth": null,
      "regressor__max_features": null,
      "regressor__max_leaf_nodes": null,
      "regressor__max_samples": null,