{
  "6": {
    "fit_time": [
      1.3060328960418701,
      1.2807703018188477,
      1.3168952465057373,
      1.2868881225585938,
      1.3144147396087646
    ],
    "score_time": [
      0.06608057022094727,
      0.06556534767150879,
      0.06662321090698242,
      0.06546735763549805,
      0.06467604637145996
    ],
    "test_pearson_r": [
      0.5796941880232835,
      0.5059611577974624,
      0.3649670947473752,
      0.5345933846598613,
      0.4565056167300314
    ],
    "test_pearson_p": [
      -6.688541766523281e-06,
      -0.00012998378081217936,
      -0.007807331225247377,
      -4.4568245624859364e-05,
      -0.0007597306748189025
    ],
    "test_spearman_r": [
      0.6158985929145983,
      0.4830541596742424,
      0.2838846640788974,
      0.527951943404938,
      0.40902336427084784
    ],
    "test_spearman_p": [
      -1.1735812580426664e-06,
      -0.00028653398230521726,
      -0.04139728189785829,
      -5.762319350503019e-05,
      -0.002880994601866102
    ],
    "test_kendall_r": [
      0.4624032302568241,
      0.3616621459180972,
      0.21399603054360314,
      0.4142528559539507,
      0.31844232072436024
    ],
    "test_kendall_p": [
      -9.062899056024899e-06,
      -0.0004196523557206336,
      -0.04467712695228129,
      -6.169472307664918e-05,
      -0.002376756848957667
    ],
    "test_rmse": [
      -0.5572293748649274,
      -0.5646640211068991,
      -0.6295747543426263,
      -0.534574391688418,
      -0.49191650832977907
    ],
    "test_mae": [
      -0.4583776831488704,
      -0.4564133639636227,
      -0.49593946456587557,
      -0.440362131151226,
      -0.37450778017305664
    ],
    "test_r2": [
      0.28861833543621085,
      0.2031959527660634,
      -0.006118674857780615,
      0.2723164260239085,
      0.2071935833509413
    ],
    "best_params": {
      "check_inverse": true,
      "func": null,
      "inverse_func": null,
      "regressor__natural_gradient": true,
      "regressor__n_estimators": 100,
      "regressor__learning_rate": 0.01,
      "regressor__minibatch_frac": 1.0,
      "regressor__col_sample": 1.0,
      "regressor__verbose": false,
      "transformer__memory": null,
      "transformer__verbose": false,
      "transformer__y scaler__copy": true,
      "transformer__y scaler__with_mean": true,
      "transformer__y scaler__with_std": true
    }
  },
  "13": {
    "fit_time": [
      1.9972078800201416,
      2.0403494834899902,
      2.024688482284546,
      2.022427797317505,
      2.004241943359375
    ],
    "score_time": [
      0.08990812301635742,
      0.08735275268554688,
      0.09041094779968262,
      0.08920621871948242,
      0.09085845947265625
    ],
    "test_pearson_r": [
      0.3773301525045038,
      0.6947772874860542,
      0.38427854078799356,
      0.35825514674853587,
      0.5023288051677218
    ],
    "test_pearson_p": [
      -0.00582335099662626,
      -1.1044073253323126e-08,
      -0.004914458757790338,
      -0.009112571322972593,
      -0.0001726052534269383
    ],
    "test_spearman_r": [
      0.270254379372938,
      0.6873748466433586,
      0.423726511805689,
      0.3860671240632594,
      0.4751510281844967
    ],
    "test_spearman_p": [
      -0.05266193503582241,
      -1.820077186949134e-08,
      -0.0017470728533245166,
      -0.004701667326958511,
      -0.0004261782820177259
    ],
    "test_kendall_r": [
      0.17135161435196195,
      0.5432917622516679,
      0.31105963281173976,
      0.28471437877539807,
      0.35218563056751206
    ],
    "test_kendall_p": [
      -0.10461536276900281,
      -1.0289672683546363e-07,
      -0.0029403578440460186,
      -0.006326801895681797,
      -0.0006526865404597402
    ],
    "test_rmse": [
      -0.6004135076945585,
      -0.47553659307871976,
      -0.5813350301448907,
      -0.6082101341883152,
      -0.5116428272727237
    ],
    "test_mae": [
      -0.5095313258408436,
      -0.3631680297169504,
      -0.4324817037126207,
      -0.4589202557504749,
      -0.4182568604082376
    ],
    "test_r2": [
      0.08359811472052636,
      0.46506865779806505,
      0.13283606080319776,
      0.10768889093203715,
      0.18236671725736409
    ],
    "best_params": {
      "check_inverse": true,
      "func": null,
      "inverse_func": null,
      "regressor__natural_gradient": true,
      "regressor__n_estimators": 156,
      "regressor__learning_rate": 0.01,
      "regressor__minibatch_frac": 1.0,
      "regressor__col_sample": 1.0,
      "regressor__verbose": false,
      "transformer__memory": null,
      "transformer__verbose": false,
      "transformer__y scaler__copy": true,
      "transformer__y scaler__with_mean": true,
      "transformer__y scaler__with_std": true
    }
  },
  "42": {
    "fit_time": [
      1.8005785942077637,
      1.813929796218872,
      1.8321163654327393,
      1.7808434963226318,
      1.8528358936309814
    ],
    "score_time": [
      0.08179855346679688,
      0.0821077823638916,
      0.08602380752563477,
      0.08233952522277832,
      0.08460807800292969
    ],
    "test_pearson_r": [
      0.4887532513899744,
      0.3300465988717173,
      0.5877843985713171,
      0.6490433393110014,
      0.44303712716281873
    ],
    "test_pearson_p": [
      -0.00023660063572059358,
      -0.0168701185164089,
      -4.616714007544972e-06,
      -1.9468132041326472e-07,
      -0.0011308000818859327
    ],
    "test_spearman_r": [
      0.46530957844698145,
      0.3257100454148868,
      0.5248636621039122,
      0.5825343141973897,
      0.38373997779142727
    ],
    "test_spearman_p": [
      -0.0005093459046968838,
      -0.0184587748260498,
      -6.481708613961058e-05,
      -5.878996777412548e-06,
      -0.005439084935583205
    ],
    "test_kendall_r": [
      0.3516456241944519,
      0.25426842981450437,
      0.41036613718345566,
      0.45270281857057115,
      0.266799324109235
    ],
    "test_kendall_p": [
      -0.000828127833012033,
      -0.012717629156303811,
      -6.404382708373463e-05,
      -9.65822889299351e-06,
      -0.013439095489480914
    ],
    "test_rmse": [
      -0.5865266310519637,
      -0.6419938096695523,
      -0.4037634660402381,
      -0.49466119974232414,
      -0.5982388718110447
    ],
    "test_mae": [
      -0.49569883758784755,
      -0.4391917342996121,
      -0.33496016937875095,
      -0.39049374331181486,
      -0.5085215357279844
    ],
    "test_r2": [
      0.2250187557891561,
      0.04345692258402334,
      0.3431956125249055,
      0.40613064872952276,
      0.14144297788634952
    ],
    "best_params": {
      "check_inverse": true,
      "func": null,
      "inverse_func": null,
      "regressor__natural_gradient": true,
      "regressor__n_estimators": 145,
      "regressor__learning_rate": 0.01,
      "regressor__minibatch_frac": 1.0,
      "regressor__col_sample": 1.0,
      "regressor__verbose": false,
      "transformer__memory": null,
      "transformer__verbose": false,
      "transformer__y scaler__copy": true,
      "transformer__y scaler__with_mean": true,
      "transformer__y scaler__with_std": true
    }
  },
  "69": {
    "fit_time": [
      2.6427066326141357,
      2.639904260635376,
      2.6334147453308105,
      2.641449213027954,
      2.6061840057373047
    ],
    "score_time": [
      0.10697722434997559,
      0.110809326171875,
      0.11081981658935547,
      0.11766791343688965,
      0.11063480377197266
    ],
    "test_pearson_r": [
      0.5927515071864795,
      0.351230543658959,
      0.5382950670028768,
      0.4766873748467834,
      0.44210924205548746
    ],
    "test_pearson_p": [
      -3.65859634717028e-06,
      -0.010676812724906401,
      -3.853157096962622e-05,
      -0.00035349140021120076,
      -0.0011615242386335454
    ],
    "test_spearman_r": [
      0.6034987022571614,
      0.33016803780796794,
      0.504231842579699,
      0.47079086476099774,
      0.4332456086271925
    ],