{
  "6": {
    "fit_time": [
      1.287726879119873,
      1.3728783130645752,
      1.2734465599060059,
      1.2653260231018066,
      1.2816853523254395
    ],
    "score_time": [
      0.04997539520263672,
      0.049857139587402344,
      0.04811739921569824,
      0.04932379722595215,
      0.04800677299499512
    ],
    "test_pearson_r": [
      0.5809906568423042,
      0.505591325753723,
      0.36788345551696233,
      0.5388547862866482,
      0.4569838290222771
    ],
    "test_pearson_p": [
      -6.306970678717919e-06,
      -0.00013171231535988345,
      -0.0072928650181069195,
      -3.7687251116825156e-05,
      -0.000748852652599776
    ],
    "test_spearman_r": [
      0.6161839772329711,
      0.48533623619855065,
      0.3151056191793196,
      0.5286683872448497,
      0.41073148341866417
    ],
    "test_spearman_p": [
      -1.1565841717854216e-06,
      -0.00026549159842723346,
      -0.022886285328939535,
      -5.606263974759128e-05,
      -0.0027550240548094283
    ],
    "test_kendall_r": [
      0.46350678869787576,
      0.36332879175182115,
      0.2157994369537721,
      0.4159681886908201,
      0.32380932612982705
    ],
    "test_kendall_p": [
      -8.711177656867563e-06,
      -0.0003946114357666768,
      -0.039302821060815,
      -5.7504902060816286e-05,
      -0.0020027905287212885
    ],
    "test_rmse": [
      -0.5538819205323541,
      -0.5622799103771955,
      -0.6299987845452064,
      -0.532612427845207,
      -0.4924095167830264
    ],
    "test_mae": [
      -0.4513321234319839,
      -0.45203935798740047,
      -0.49169199046590434,
      -0.4329100692994255,
      -0.3714076612242798
    ],
    "test_r2": [
      0.29713965565193123,
      0.20991024175660122,
      -0.007474410208912596,
      0.2776480280358343,
      0.20560365448082318
    ],
    "best_params": {
      "check_inverse": true,
      "func": null,
      "inverse_func": null,
      "regressor__natural_gradient": true,
      "regressor__n_estimators": 117,
      "regressor__learning_rate": 0.01,
      "regressor__minibatch_frac": 1.0,
      "regressor__col_sample": 1.0,
      "regressor__verbose": false,
      "transformer__memory": null,
      "transformer__verbose": false,
      "transformer__y scaler__copy": true,
      "transformer__y scaler__with_mean": true,
      "transformer__y scaler__with_std": true
    }
  },
  "13": {
    "fit_time": [
      3.1979422569274902,
      3.3308613300323486,
      3.1598894596099854,
      3.178598642349243,
      3.1699764728546143
    ],
    "score_time": [
      0.10315203666687012,
      0.11215972900390625,
      0.09872245788574219,
      0.09988570213317871,
      0.09878110885620117
    ],
    "test_pearson_r": [
      0.37472713506022404,
      0.6939608432799992,
      0.387939442986316,
      0.3608378384379713,
      0.5035261563669261
    ],
    "test_pearson_p": [
      -0.006199870047464953,
      -1.1678168899710055e-08,
      -0.0044876177872311485,
      -0.008589542983998779,
      -0.00016557493384600493
    ],
    "test_spearman_r": [
      0.2747240324281313,
      0.6870912178462265,
      0.4231488873503635,
      0.3795811225427685,
      0.472411419902483
    ],
    "test_spearman_p": [
      -0.048722598186817755,
      -1.8547119446800224e-08,
      -0.0017753434803463501,
      -0.0055140252805052055,
      -0.0004649214249846599
    ],
    "test_kendall_r": [
      0.18206109024895956,
      0.5409616817698959,
      0.3103413028327652,
      0.27879508896380983,
      0.35356652871373656
    ],
    "test_kendall_p": [
      -0.0846521666991874,
      -1.219988889325596e-07,
      -0.003020615827844905,
      -0.007532319154722328,
      -0.0006314323054805888
    ],
    "test_rmse": [
      -0.6012317480298753,
      -0.4730275891160998,
      -0.5812169740699414,
      -0.6099966435716662,
      -0.5119509589189364
    ],
    "test_mae": [
      -0.5094469028485891,
      -0.355222430526748,
      -0.42716944398325246,
      -0.45427517394416417,
      -0.41737253998865653
    ],
    "test_r2": [
      0.08109867753862277,
      0.47069852601763573,
      0.13318822804158925,
      0.10243918098795601,
      0.18138159818709698
    ],
    "best_params": {
      "check_inverse": true,
      "func": null,
      "inverse_func": null,
      "regressor__natural_gradient": true,
      "regressor__n_estimators": 293,
      "regressor__learning_rate": 0.01,
      "regressor__minibatch_frac": 1.0,
      "regressor__col_sample": 1.0,
      "regressor__verbose": false,
      "transformer__memory": null,
      "transformer__verbose": false,
      "transformer__y scaler__copy": true,
      "transformer__y scaler__with_mean": true,
      "transformer__y scaler__with_std": true
    }
  },
  "42": {
    "fit_time": [
      1.7336647510528564,
      1.7141106128692627,
      1.6989161968231201,
      1.7219808101654053,
      1.729374647140503
    ],
    "score_time": [
      0.0604557991027832,
      0.06050753593444824,
      0.06255722045898438,
      0.05973529815673828,
      0.062186241149902344
    ],
    "test_pearson_r": [
      0.4956219272542858,
      0.33076593195347626,
      0.5919629196951126,
      0.6492708224898639,
      0.44491772096543636
    ],
    "test_pearson_p": [
      -0.0001869974960551674,
      -0.016618187281286764,
      -3.7972111941322845e-06,
      -1.921508614425325e-07,
      -0.001070752353335943
    ],
    "test_spearman_r": [
      0.4795902938139804,
      0.3247661320378012,
      0.5129638581299553,
      0.5826400277114072,
      0.38373997779142727
    ],
    "test_spearman_p": [
      -0.0003213774682609074,
      -0.01882089855241818,
      -0.0001009263226960328,
      -5.850696741517524e-06,
      -0.005439084935583205
    ],
    "test_kendall_r": [
      0.360371322065282,
      0.2537854002088177,
      0.3999356661990646,
      0.45353960822842776,
      0.266799324109235
    ],
    "test_kendall_p": [
      -0.0006121427500113608,
      -0.013002894999550652,
      -9.98702168565152e-05,
      -9.614497520022237e-06,
      -0.013439095489480914
    ],
    "test_rmse": [
      -0.5838151022059338,
      -0.6425441349697237,
      -0.40226162521561676,
      -0.4941337910089872,
      -0.598198834219797
    ],
    "test_mae": [
      -0.49237486731895674,
      -0.43855720586111135,
      -0.3326785728753742,
      -0.38952262528154213,
      -0.5089522472418804
    ],
    "test_r2": [
      0.23216771206710396,
      0.0418162977963612,
      0.3480726318055847,
      0.40739634294174387,
      0.14155789320349876
    ],
    "best_params": {
      "check_inverse": true,
      "func": null,
      "inverse_func": null,
      "regressor__natural_gradient": true,
      "regressor__n_estimators": 153,
      "regressor__learning_rate": 0.01,
      "regressor__minibatch_frac": 1.0,
      "regressor__col_sample": 1.0,
      "regressor__verbose": false,
      "transformer__memory": null,
      "transformer__verbose": false,
      "transformer__y scaler__copy": true,
      "transformer__y scaler__with_mean": true,
      "transformer__y scaler__with_std": true
    }
  },
  "69": {
    "fit_time": [
      1.9127733707427979,
      1.978344202041626,
      1.8752198219299316,
      1.90218186378479,
      1.8966457843780518
    ],
    "score_time": [
      0.06519961357116699,
      0.06840085983276367,
      0.06380295753479004,
      0.06447148323059082,
      0.06375837326049805
    ],
    "test_pearson_r": [
      0.5958110516055017,
      0.35119969115629845,
      0.5423022890049181,
      0.47840487772845536,
      0.4472947900788571
    ],
    "test_pearson_p": [
      -3.1640882264120567e-06,
      -0.010684163774517445,
      -3.285105737510939e-05,
      -0.00033415707479956413,
      -0.0009989478001782815
    ],
    "test_spearman_r": [
      0.6029948983077941,
      0.33019106020537,
      0.504231842579699,
      0.47079086476099774,
      0.4337181972376394
    ],