{
  "6": {
    "fit_time": [
      4.17987322807312,
      3.8687076568603516,
      4.0486109256744385,
      4.051013231277466,
      4.1080756187438965
    ],
    "score_time": [
      0.07601070404052734,
      0.08065032958984375,
      0.08179855346679688,
      0.07892298698425293,
      0.07831978797912598
    ],
    "test_pearson_r": [
      0.5851885892134017,
      0.5152956344560332,
      0.3509319923817061,
      0.5306627175135976,
      0.4551238620582072
    ],
    "test_spearman_r": [
      0.6159773464260185,
      0.5170219910168302,
      0.3106974129715481,
      0.528190968286427,
      0.4259516168071151
    ],
    "test_rmse": [
      -0.5483577529717011,
      -0.5529015878756205,
      -0.6410759649805489,
      -0.5373991257566356,
      -0.4950810070556276
    ],
    "test_mae": [
      -0.44400377842862676,
      -0.43825036802153006,
      -0.4949652418673332,
      -0.44025407442243425,
      -0.3763007082492366
    ],
    "test_r2": [
      0.31108976282541967,
      0.23604641601068133,
      -0.0432144409784454,
      0.2646058309740311,
      0.1969605274574614
    ],
    "best_params": {
      "check_inverse": true,
      "func": null,
      "inverse_func": null,
      "regressor__bootstrap": true,
      "regressor__ccp_alpha": 0.0,
      "regressor__criterion": "squared_error",
      "regressor__max_depth": null,
      "regressor__max_features": null,
      "regressor__max_leaf_nodes": null,
      "regressor__max_samples": null,
      "regressor__min_impurity_decrease": 0.0,
      "regressor__min_samples_leaf": 0.001,
      "regressor__min_samples_split": 0.15008784975899897,
      "regressor__min_weight_fraction_leaf": 0.0,
      "regressor__monotonic_cst": null,
      "regressor__n_estimators": 2000,
      "regressor__n_jobs": null,
      "regressor__oob_score": false,
      "regressor__random_state": null,
      "regressor__verbose": 0,
      "regressor__warm_start": false,
      "transformer__memory": null,
      "transformer__verbose": false,
      "transformer__y scaler__copy": true,
      "transformer__y scaler__with_mean": true,
      "transformer__y scaler__with_std": true
    }
  },
  "13": {
    "fit_time": [
      4.864840507507324,
      4.754735231399536,
      4.7023844718933105,
      4.781165838241577,
      4.587662220001221
    ],
    "score_time": [
      0.07507824897766113,
      0.080657958984375,
      0.07826542854309082,
      0.08083534240722656,
      0.08134627342224121
    ],
    "test_pearson_r": [
      0.3719083778889224,
      0.6963797694689192,
      0.3761734915116922,
      0.35591093905219895,
      0.5045100784352005
    ],
    "test_spearman_r": [
      0.2747240324281313,
      0.6872872327440986,
      0.40582257468713884,
      0.3860671240632594,
      0.47646288594109903
    ],
    "test_rmse": [
      -0.6023435759022431,
      -0.4744213806212989,
      -0.5853336396576148,
      -0.6108214854967285,
      -0.51142927894914
    ],
    "test_mae": [
      -0.5093416141556026,
      -0.36866467116069895,
      -0.431764376460042,
      -0.4568256847245752,
      -0.41523009732837407
    ],
    "test_r2": [
      0.07769697841629919,
      0.4675747218388049,
      0.12086576858054854,
      0.1000101632150826,
      0.18304909867492525
    ],
    "best_params": {
      "check_inverse": true,
      "func": null,
      "inverse_func": null,
      "regressor__bootstrap": true,
      "regressor__ccp_alpha": 0.0,
      "regressor__criterion": "squared_error",
      "regressor__max_depth": null,
      "regressor__max_features": null,
      "regressor__max_leaf_nodes": null,
      "regressor__max_samples": null,
      "regressor__min_impurity_decrease": 0.0,
      "regressor__min_samples_leaf": 0.001,
      "regressor__min_samples_split": 0.02529990546325277,
      "regressor__min_weight_fraction_leaf": 0.0,
      "regressor__monotonic_cst": null,
      "regressor__n_estimators": 2000,
      "regressor__n_jobs": null,
      "regressor__oob_score": false,
      "regressor__random_state": null,
      "regressor__verbose": 0,
      "regressor__warm_start": false,
      "transformer__memory": null,
      "transformer__verbose": false,
      "transformer__y scaler__copy": true,
      "transformer__y scaler__with_mean": true,
      "transformer__y scaler__with_std": true
    }
  },
  "42": {
    "fit_time": [
      0.06592988967895508,
      0.06813311576843262,
      0.06917858123779297,
      0.06740140914916992,
      0.06923151016235352
    ],
    "score_time": [
      0.016798973083496094,
      0.018651485443115234,
      0.01694011688232422,
      0.018268346786499023,
      0.017228364944458008
    ],
    "test_pearson_r": [
      0.4711203562684571,
      0.3223454379974998,
      0.6018173817177421,
      0.6514934657246043,
      0.44093043717522357
    ],
    "test_spearman_r": [
      0.46239971481420744,
      0.3250904040728827,
      0.5343748235692691,
      0.5815662837636453,
      0.3826821356998488
    ],
    "test_rmse": [
      -0.5893324882149115,
      -0.6507040174572227,
      -0.3985658859787278,
      -0.4911941489168419,
      -0.6015838319176668
    ],
    "test_mae": [
      -0.49593682415706475,
      -0.43917444027027985,
      -0.3259204841732952,
      -0.38397026212866164,
      -0.5082444476008572
    ],
    "test_r2": [
      0.21758622750455292,
      0.01732517909888942,
      0.35999664122701636,
      0.41442626442927655,
      0.1318151591482165
    ],
    "best_params": {
      "check_inverse": true,
      "func": null,
      "inverse_func": null,
      "regressor__bootstrap": true,
      "regressor__ccp_alpha": 0.0,
      "regressor__criterion": "squared_error",
      "regressor__max_depth": null,
      "regressor__max_features": "sqrt",
      "regressor__max_leaf_nodes": null,
      "regressor__max_samples": null,
      "regressor__min_impurity_decrease": 0.0,
      "regressor__min_samples_leaf": 0.001,
      "regressor__min_samples_split": 0.023140127320028406,
      "regressor__min_weight_fraction_leaf": 0.0,
      "regressor__monotonic_cst": null,
      "regressor__n_estimators": 25,
      "regressor__n_jobs": null,
      "regressor__oob_score": false,
      "regressor__random_state": null,
      "regressor__verbose": 0,
      "regressor__warm_start": false,
      "transformer__memory": null,
      "transformer__verbose": false,
      "transformer__y scaler__copy": true,
      "transformer__y scaler__with_mean": true,
      "transformer__y scaler__with_std": true
    }
  },
  "69": {
    "fit_time": [
      4.715199947357178,
      4.530304431915283,
      4.630116701126099,
      4.449969530105591,
      4.615457057952881
    ],
    "score_time": [
      0.07433414459228516,
      0.08056950569152832,
      0.08112525939941406,
      0.08032989501953125,
      0.07860374450683594
    ],
    "test_pearson_r": [
      0.5903935670746931,
      0.3476132986965846,
      0.5248048940847636,
      0.4711961018311273,
      0.44164532395514
    ],
    "test_spearman_r": [
      0.603633869385966,
      0.32419833948675175,
      0.49704834038163825,
      0.4719328013457657,
      0.42587322630422086
    ],
    "test_rmse": [
      -0.5114689395488358,
      -0.5790052459277848,
      -0.5392403160284986,
      -0.5350226010645497,
      -0.6211682895588255
    ],
    "test_mae": [
      -0.4109308297949775,
      -0.4284579191674869,
      -0.43585223903379106,
      -0.4366160378934977,
      -0.47212144785977544
    ],
    "test_r2": [
      0.32187300826805165,
      0.04638805593573425,
      0.2591209607197317,
      0.1919796583525748,
      0.17974510864930993
    ],
    "best_params": {
      "check_inverse": true,
      "func": null,
      "inverse_func": null,
      "regressor__bootstrap": true,
      "regressor__ccp_alpha": 0.0,
      "regressor__criterion": "squared_error",
      "regressor__max_depth": null,
      "regressor__max_features": null,
      "regressor__max_leaf_nodes": null,