{
  "6": {
    "fit_time": [
      21.162031412124634,
      21.732605695724487,
      22.440956354141235,
      21.66458010673523,
      21.172407627105713
    ],
    "score_time": [
      0.521756649017334,
      0.5250170230865479,
      0.5150716304779053,
      0.5161459445953369,
      0.5081741809844971
    ],
    "test_r": [
      0.24326215992744357,
      0.30709295525547825,
      0.6430889222556779,
      0.4445715216008619,
      0.6108867970564048
    ],
    "test_r2": [
      0.015173289597260275,
      0.0832533337066046,
      0.07622336919928852,
      0.1939976990069252,
      0.3165058237472118
    ],
    "test_rmse": [
      -163.8041731751053,
      -114.60342904532268,
      -59.21755360913315,
      -123.69505729545926,
      -57.53162057026153
    ],
    "test_mae": [
      -70.38001731904306,
      -52.5517005596949,
      -46.822085053706815,
      -59.69136436601772,
      -45.225742198201544
    ],
    "best_params": {
      "check_inverse": true,
      "func": null,
      "inverse_func": null,
      "regressor__natural_gradient": true,
      "regressor__n_estimators": 1656,
      "regressor__learning_rate": 0.001,
      "regressor__minibatch_frac": 1,
      "regressor__col_sample": 1.0,
      "regressor__verbose": false,
      "transformer__memory": null,
      "transformer__verbose": false,
      "transformer__y scaler__copy": true,
      "transformer__y scaler__with_mean": true,
      "transformer__y scaler__with_std": true
    }
  },
  "13": {
    "fit_time": [
      24.620962142944336,
      25.016910314559937,
      24.839831829071045,
      25.080681324005127,
      25.0947105884552
    ],
    "score_time": [
      0.5940144062042236,
      0.5824880599975586,
      0.5884034633636475,
      0.592179536819458,
      0.6467831134796143
    ],
    "test_r": [
      0.33270113522009137,
      0.4747697974791331,
      0.0870499256558466,
      0.2693687740777569,
      0.6911833805762513
    ],
    "test_r2": [
      -0.3558294282377008,
      0.2092056164325995,
      -0.008035168919050761,
      0.06443697965687367,
      0.45387111579960915
    ],
    "test_rmse": [
      -58.22832531264125,
      -130.6059779240956,
      -157.93729217591704,
      -118.64508362234326,
      -56.795583599578464
    ],
    "test_mae": [
      -47.04082520508822,
      -59.8653738361911,
      -62.64538784956083,
      -61.615991976315435,
      -44.051949781271254
    ],
    "best_params": {
      "check_inverse": true,
      "func": null,
      "inverse_func": null,
      "regressor__natural_gradient": true,
      "regressor__n_estimators": 2000,
      "regressor__learning_rate": 0.001,
      "regressor__minibatch_frac": 1,
      "regressor__col_sample": 1.0,
      "regressor__verbose": false,
      "transformer__memory": null,
      "transformer__verbose": false,
      "transformer__y scaler__copy": true,
      "transformer__y scaler__with_mean": true,
      "transformer__y scaler__with_std": true
    }
  },
  "42": {
    "fit_time": [
      25.07151508331299,
      25.64736795425415,
      24.087950468063354,
      26.975092887878418,
      28.08050227165222
    ],
    "score_time": [
      0.5869214534759521,
      0.5921077728271484,
      0.5858714580535889,
      0.5801496505737305,
      0.5750198364257812
    ],
    "test_r": [
      0.28827444718395134,
      0.6993245648071968,
      0.2123351126078691,
      0.484934760165468,
      0.3476627567212357
    ],
    "test_r2": [
      0.05910601778242952,
      0.40579802052701075,
      0.03815579842876482,
      0.23112433792882547,
      0.02436127165178803
    ],
    "test_rmse": [
      -116.6039413024026,
      -57.28152109009835,
      -168.75955790231995,
      -115.12274514467818,
      -62.6920010255905
    ],
    "test_mae": [
      -56.849682617616885,
      -44.749484473401736,
      -63.459189224159836,
      -58.61295186194973,
      -51.55528330119765
    ],
    "best_params": {
      "check_inverse": true,
      "func": null,
      "inverse_func": null,
      "regressor__natural_gradient": true,
      "regressor__n_estimators": 2000,
      "regressor__learning_rate": 0.000857726875189674,
      "regressor__minibatch_frac": 1,
      "regressor__col_sample": 1.0,
      "regressor__verbose": false,
      "transformer__memory": null,
      "transformer__verbose": false,
      "transformer__y scaler__copy": true,
      "transformer__y scaler__with_mean": true,
      "transformer__y scaler__with_std": true
    }
  },
  "69": {
    "fit_time": [
      26.407582998275757,
      26.20159411430359,
      24.610484838485718,
      25.36123251914978,
      25.3723042011261
    ],
    "score_time": [
      0.5684254169464111,
      0.5890963077545166,
      0.590261697769165,
      0.5876410007476807,
      0.5840632915496826
    ],
    "test_r": [
      0.32608268383104416,
      0.2024458284472474,
      0.6663945722533003,
      0.6901759538241561,
      0.37013461412182114
    ],
    "test_r2": [
      0.10338139762691667,
      0.021605972174318366,
      0.18645344851382772,
      0.4753109267815583,
      0.13532965389735763
    ],
    "test_rmse": [
      -130.25665355523168,
      -155.0198645161039,
      -56.21854173757901,
      -49.03408813047827,
      -124.85227163695865
    ],
    "test_mae": [
      -64.25362652579601,
      -69.21625387174016,
      -45.11351137370135,
      -35.664846320664054,
      -61.150836553325604
    ],
    "best_params": {
      "check_inverse": true,
      "func": null,
      "inverse_func": null,
      "regressor__natural_gradient": true,
      "regressor__n_estimators": 2000,
      "regressor__learning_rate": 0.001,
      "regressor__minibatch_frac": 1,
      "regressor__col_sample": 1.0,
      "regressor__verbose": false,
      "transformer__memory": null,
      "transformer__verbose": false,
      "transformer__y scaler__copy": true,
      "transformer__y scaler__with_mean": true,
      "transformer__y scaler__with_std": true
    }
  },
  "420": {
    "fit_time": [
      22.548700094223022,
      23.256572246551514,
      23.45274591445923,
      23.396865844726562,
      23.71214270591736
    ],
    "score_time": [
      0.5285108089447021,
      0.5171241760253906,
      0.5291640758514404,
      0.5414881706237793,
      0.513200044631958
    ],
    "test_r": [
      0.7699890575068099,
      0.2811075389281237,
      0.3599422020494407,
      0.633017324928196,
      0.2080961407292195
    ],
    "test_r2": [
      0.4811331099434789,
      0.05143765251260646,
      0.12908072049388386,
      0.37946683256771374,
      0.04202101395086
    ],
    "test_rmse": [
      -49.23944134559336,
      -155.56728351593452,
      -128.60059776705273,
      -59.20893537063396,
      -123.72388842741299
    ],
    "test_mae": [
      -39.2437423432581,
      -72.63898393615183,
      -56.42524269619993,
      -45.46744349911902,
      -58.57416359423311
    ],
    "best_params": {
      "check_inverse": true,
      "func": null,
      "inverse_func": null,
      "regressor__natural_gradient": true,
      "regressor__n_estimators": 1757,
      "regressor__learning_rate": 0.001,
      "regressor__minibatch_frac": 1,
      "regressor__col_sample": 1.0,
      "regressor__verbose": false,
      "transformer__memory": null,
      "transformer__verbose": false,
      "transformer__y scaler__copy": true,
      "transformer__y scaler__with_mean": true,
      "transformer__y scaler__with_std": true
    }
  },
  "1234567890": {
    "fit_time": [
      20.20584201812744,
      19.93785548210144,
      19.43819260597229,
      21.543763875961304,
      20.157444715499878
    ],
    "score_time": [
      0.5063259601593018,
      0.4808797836303711,
      0.49173831939697266,
      0.4583301544189453,
      0.488696813583374
    ],
    "test_r": [
      0.6566723796145686,
      0.3978592742767973,
      0.34709222535288087,
      0.3499491471089625,
      0.3008326011140504
    ],