{
  "6": {
    "fit_time": [
      8.117129802703857,
      8.19040846824646,
      7.863099575042725,
      8.01981258392334,
      8.394469976425171
    ],
    "score_time": [
      0.03788948059082031,
      0.03737807273864746,
      0.04009747505187988,
      0.03940629959106445,
      0.04420018196105957
    ],
    "test_r": [
      0.34609607698160066,
      0.28556643080362554,
      0.2397112412254273,
      0.42076058298453195,
      0.601910879711332
    ],
    "test_r2": [
      0.09146362543106079,
      0.06024479866027832,
      0.05101865530014038,
      0.10649675130844116,
      0.25116288661956787
    ],
    "test_rmse": [
      -115.30256684487482,
      -124.84201826107808,
      -130.4380294445194,
      -125.24538485923755,
      -58.666282285772816
    ],
    "test_mae": [
      -58.48044377270268,
      -57.689087879423255,
      -61.28043813176174,
      -70.26116326455508,
      -47.15067464117312
    ],
    "best_params": {
      "check_inverse": true,
      "func": null,
      "inverse_func": null,
      "regressor__kernel": "tanimoto",
      "regressor__lr": 0.01,
      "regressor__n_epoch": 1000,
      "transformer__memory": null,
      "transformer__verbose": false,
      "transformer__y scaler__copy": true,
      "transformer__y scaler__unit_variance": false,
      "transformer__y scaler__with_centering": true,
      "transformer__y scaler__with_scaling": true
    }
  },
  "13": {
    "fit_time": [
      9.116176128387451,
      9.065048933029175,
      9.197913408279419,
      8.9545156955719,
      9.160428762435913
    ],
    "score_time": [
      0.04404711723327637,
      0.042372941970825195,
      0.04471635818481445,
      0.04440474510192871,
      0.04530525207519531
    ],
    "test_r": [
      0.3706343664934272,
      0.35468758249407684,
      0.15238974181204337,
      0.2388606874571033,
      0.7058154942619721
    ],
    "test_r2": [
      -0.19310259819030762,
      -0.01578986644744873,
      0.0007204413414001465,
      0.05669492483139038,
      0.34605634212493896
    ],
    "test_rmse": [
      -58.43179933006675,
      -175.35289244096367,
      -111.63862017916047,
      -129.8528749451797,
      -61.23675566785571
    ],
    "test_mae": [
      -49.40441252306171,
      -89.74972080366547,
      -51.87601050454531,
      -62.40424441931631,
      -48.83739846209357
    ],
    "best_params": {
      "check_inverse": true,
      "func": null,
      "inverse_func": null,
      "regressor__kernel": "tanimoto",
      "regressor__lr": 0.01,
      "regressor__n_epoch": 1000,
      "transformer__memory": null,
      "transformer__verbose": false,
      "transformer__y scaler__copy": true,
      "transformer__y scaler__unit_variance": false,
      "transformer__y scaler__with_centering": true,
      "transformer__y scaler__with_scaling": true
    }
  },
  "42": {
    "fit_time": [
      8.544609785079956,
      8.526264190673828,
      8.47667670249939,
      8.507656574249268,
      8.139673471450806
    ],
    "score_time": [
      0.04036736488342285,
      0.039215803146362305,
      0.038305044174194336,
      0.03884410858154297,
      0.03821420669555664
    ],
    "test_r": [
      0.5819339901416475,
      0.26636947401768823,
      0.19194836109171334,
      0.6084815061886536,
      0.4060888613931216
    ],
    "test_r2": [
      0.21061962842941284,
      0.03905653953552246,
      0.022867262363433838,
      0.26612651348114014,
      0.07580232620239258
    ],
    "test_rmse": [
      -62.19396259389135,
      -164.14383312049796,
      -160.91076913548517,
      -74.13370089179728,
      -61.59881383476737
    ],
    "test_mae": [
      -53.05292721257229,
      -65.83025081865496,
      -67.64538005745084,
      -56.456742827244184,
      -52.45666054710239
    ],
    "best_params": {
      "check_inverse": true,
      "func": null,
      "inverse_func": null,
      "regressor__kernel": "tanimoto",
      "regressor__lr": 0.01,
      "regressor__n_epoch": 1000,
      "transformer__memory": null,
      "transformer__verbose": false,
      "transformer__y scaler__copy": true,
      "transformer__y scaler__unit_variance": false,
      "transformer__y scaler__with_centering": true,
      "transformer__y scaler__with_scaling": true
    }
  },
  "69": {
    "fit_time": [
      9.605024099349976,
      9.626544952392578,
      9.332937955856323,
      9.685704469680786,
      9.683046817779541
    ],
    "score_time": [
      0.04296231269836426,
      0.04594707489013672,
      0.04198908805847168,
      0.04175162315368652,
      0.041422367095947266
    ],
    "test_r": [
      0.35435446434229056,
      0.3419540290519834,
      0.5945046913219099,
      0.5648399530192868,
      0.2361307910503122
    ],
    "test_r2": [
      0.09179526567459106,
      0.10771000385284424,
      0.21567732095718384,
      0.2808801531791687,
      0.01912134885787964
    ],
    "test_rmse": [
      -132.64892760623835,
      -114.32411922170245,
      -56.417909959224225,
      -55.543615425401576,
      -165.97342012758338
    ],
    "test_mae": [
      -66.59110417744955,
      -56.95600960150027,
      -45.9418590509871,
      -44.50179986845129,
      -78.34461838503371
    ],
    "best_params": {
      "check_inverse": true,
      "func": null,
      "inverse_func": null,
      "regressor__kernel": "tanimoto",
      "regressor__lr": 0.01,
      "regressor__n_epoch": 1000,
      "transformer__memory": null,
      "transformer__verbose": false,
      "transformer__y scaler__copy": true,
      "transformer__y scaler__unit_variance": false,
      "transformer__y scaler__with_centering": true,
      "transformer__y scaler__with_scaling": true
    }
  },
  "420": {
    "fit_time": [
      9.383925914764404,
      9.193623304367065,
      9.193751096725464,
      401.4305236339569,
      398.6358516216278
    ],
    "score_time": [
      0.04124045372009277,
      0.04120326042175293,
      0.040993452072143555,
      0.0437924861907959,
      0.04070901870727539
    ],
    "test_r": [
      0.6604326979121806,
      0.2964395603749049,
      0.38649621383486576,
      0.26196278036599596,
      0.22005662754781807
    ],
    "test_r2": [
      0.34525948762893677,
      0.07669317722320557,
      0.10475987195968628,
      0.05567467212677002,
      0.04802435636520386
    ],
    "test_rmse": [
      -56.88309339051358,
      -125.68997130935435,
      -121.43023668375919,
      -134.07678610006417,
      -115.56568439557859
    ],
    "test_mae": [
      -45.25992532835717,
      -62.449013331113335,
      -65.10382098631615,
      -67.490562398179,
      -54.9383066023404
    ],
    "best_params": {
      "check_inverse": true,
      "func": null,
      "inverse_func": null,
      "regressor__kernel": "tanimoto",
      "regressor__lr": 0.01,
      "regressor__n_epoch": 1000,
      "transformer__memory": null,
      "transformer__verbose": false,
      "transformer__y scaler__copy": true,
      "transformer__y scaler__unit_variance": false,
      "transformer__y scaler__with_centering": true,
      "transformer__y scaler__with_scaling": true
    }
  },
  "1234567890": {
    "fit_time": [
      9.457677841186523,
      9.40146017074585,
      9.54439115524292,
      9.522269010543823,
      9.378334999084473
    ],
    "score_time": [
      0.04400300979614258,
      0.04257345199584961,
      0.04470205307006836,
      0.04289555549621582,
      0.04199409484863281
    ],
    "test_r": [
      0.6158343363785471,
      0.25434081205322895,
      0.4700577532083905,
      0.33054237977390594,
      0.20049295591079627
    ],
    "test_r2": [
      0.2891915440559387,
      0.04361087083816528,
      0.06264108419418335,
      0.10214632749557495,
      0.018259167671203613
    ],
    "test_rmse": [
      -69.55727214092194,
      -129.3121590658616,
      -60.75256439426076,
      -117.16726307534465,
      -164.30676067328017
    ],