{
  "6": {
    "fit_time": [
      8.703847169876099,
      8.747787237167358,
      8.621898412704468,
      8.787794828414917,
      9.45779013633728
    ],
    "score_time": [
      0.039971113204956055,
      0.03919100761413574,
      0.043810129165649414,
      0.039299726486206055,
      0.045131683349609375
    ],
    "test_r": [
      0.3296387979130051,
      0.26513288574760974,
      0.21817585111378307,
      0.4011561097535344,
      0.616165565871092
    ],
    "test_r2": [
      0.08477425575256348,
      0.054154276847839355,
      0.03279757499694824,
      0.06222409009933472,
      0.10160183906555176
    ],
    "test_rmse": [
      -115.72626442645424,
      -125.24591357228798,
      -131.68432614491115,
      -128.31079905427515,
      -64.25831187977738
    ],
    "test_mae": [
      -61.81226221495385,
      -61.69999178016812,
      -66.65069653873219,
      -76.81674406324198,
      -55.77569771635168
    ],
    "best_params": {
      "check_inverse": true,
      "func": null,
      "inverse_func": null,
      "regressor__kernel": "tanimoto",
      "regressor__lr": 0.01,
      "regressor__n_epoch": 1000,
      "transformer__memory": null,
      "transformer__verbose": false,
      "transformer__y scaler__copy": true,
      "transformer__y scaler__with_mean": true,
      "transformer__y scaler__with_std": true
    }
  },
  "13": {
    "fit_time": [
      7.607624530792236,
      7.565521240234375,
      157.65162086486816,
      159.8093934059143,
      158.03907370567322
    ],
    "score_time": [
      0.036145925521850586,
      0.03851580619812012,
      0.04000520706176758,
      0.03810763359069824,
      0.04178261756896973
    ],
    "test_r": [
      0.3673802903628538,
      0.2770818949320494,
      0.1263050471452932,
      0.21225389079552445,
      0.7733127388038554
    ],
    "test_r2": [
      -0.3632444143295288,
      -0.0406649112701416,
      -0.01716482639312744,
      0.04433166980743408,
      0.21853101253509521
    ],
    "test_rmse": [
      -62.45932083599084,
      -177.4869693218598,
      -112.63327731474537,
      -130.7010640674798,
      -66.94187660939714
    ],
    "test_mae": [
      -56.02115055448645,
      -96.7859027360026,
      -56.39181819862514,
      -66.58758621230182,
      -55.928193530273425
    ],
    "best_params": {
      "check_inverse": true,
      "func": null,
      "inverse_func": null,
      "regressor__kernel": "tanimoto",
      "regressor__lr": 0.01,
      "regressor__n_epoch": 1000,
      "transformer__memory": null,
      "transformer__verbose": false,
      "transformer__y scaler__copy": true,
      "transformer__y scaler__with_mean": true,
      "transformer__y scaler__with_std": true
    }
  },
  "42": {
    "fit_time": [
      8.23790717124939,
      8.164029598236084,
      8.216278791427612,
      7.732439041137695,
      7.772447109222412
    ],
    "score_time": [
      0.039276123046875,
      0.04030776023864746,
      0.0388031005859375,
      0.03619885444641113,
      0.03475546836853027
    ],
    "test_r": [
      0.6229865657312194,
      0.22795374668015794,
      0.17270023309402902,
      0.5592439798042959,
      0.4130349579434469
    ],
    "test_r2": [
      0.13956713676452637,
      0.03277730941772461,
      0.021554648876190186,
      0.10984617471694946,
      -0.01025855541229248
    ],
    "test_rmse": [
      -64.93271113556254,
      -164.67924494227128,
      -161.0188234977379,
      -81.64650136343589,
      -64.40300962233654
    ],
    "test_mae": [
      -57.55075347091377,
      -71.3857531302897,
      -70.08468596131567,
      -66.42029653638653,
      -56.81400631515204
    ],
    "best_params": {
      "check_inverse": true,
      "func": null,
      "inverse_func": null,
      "regressor__kernel": "tanimoto",
      "regressor__lr": 0.01,
      "regressor__n_epoch": 1000,
      "transformer__memory": null,
      "transformer__verbose": false,
      "transformer__y scaler__copy": true,
      "transformer__y scaler__with_mean": true,
      "transformer__y scaler__with_std": true
    }
  },
  "69": {
    "fit_time": [
      7.648943901062012,
      7.640558958053589,
      7.7273430824279785,
      7.620885133743286,
      7.654470682144165
    ],
    "score_time": [
      0.037279367446899414,
      0.037290334701538086,
      0.03681755065917969,
      0.036879539489746094,
      0.03635597229003906
    ],
    "test_r": [
      0.34700689605344043,
      0.3091371577823726,
      0.6046257945294734,
      0.6183909883119555,
      0.22587329704434483
    ],
    "test_r2": [
      0.08187007904052734,
      0.08325934410095215,
      0.014481127262115479,
      0.17618680000305176,
      0.0204201340675354
    ],
    "test_rmse": [
      -133.3717839917767,
      -115.87989202665803,
      -63.24148751556615,
      -59.449452987974766,
      -165.86347321121556
    ],
    "test_mae": [
      -70.9261429805262,
      -62.6379939232441,
      -55.159531735600495,
      -51.17815176724302,
      -79.99931710473155
    ],
    "best_params": {
      "check_inverse": true,
      "func": null,
      "inverse_func": null,
      "regressor__kernel": "tanimoto",
      "regressor__lr": 0.01,
      "regressor__n_epoch": 1000,
      "transformer__memory": null,
      "transformer__verbose": false,
      "transformer__y scaler__copy": true,
      "transformer__y scaler__with_mean": true,
      "transformer__y scaler__with_std": true
    }
  },
  "420": {
    "fit_time": [
      7.794667959213257,
      7.7157158851623535,
      7.488397121429443,
      7.708908557891846,
      7.945013999938965
    ],
    "score_time": [
      0.03894448280334473,
      0.0363461971282959,
      0.036844730377197266,
      0.037168264389038086,
      0.0388331413269043
    ],
    "test_r": [
      0.6568344858808502,
      0.27595984905085436,
      0.35261854657034813,
      0.24778854759044935,
      0.19298732416770978
    ],
    "test_r2": [
      0.14608341455459595,
      0.05951434373855591,
      0.06486785411834717,
      0.05220139026641846,
      0.035793840885162354
    ],
    "test_rmse": [
      -64.96154310388317,
      -126.85385034790563,
      -124.10622221302916,
      -134.32313589480466,
      -116.30566319189639
    ],
    "test_mae": [
      -55.02447539902631,
      -68.13988494381177,
      -71.8381284332395,
      -69.95455083321366,
      -59.3177021433632
    ],
    "best_params": {
      "check_inverse": true,
      "func": null,
      "inverse_func": null,
      "regressor__kernel": "tanimoto",
      "regressor__lr": 0.01,
      "regressor__n_epoch": 1000,
      "transformer__memory": null,
      "transformer__verbose": false,
      "transformer__y scaler__copy": true,
      "transformer__y scaler__with_mean": true,
      "transformer__y scaler__with_std": true
    }
  },
  "1234567890": {
    "fit_time": [
      312.6534767150879,
      312.29078245162964,
      309.3387794494629,
      304.7735495567322,
      7.800983190536499
    ],
    "score_time": [
      0.05134129524230957,
      0.05181455612182617,
      0.05366635322570801,
      0.053394317626953125,
      0.03800153732299805
    ],
    "test_r": [
      0.6206681748806473,
      0.23707226626999725,
      0.5365082893078531,
      0.2810680510115423,
      0.16884481631176107
    ],
    "test_r2": [
      0.10996007919311523,
      0.04190492630004883,
      -0.056897521018981934,
      0.06713104248046875,
      0.013033092021942139
    ],
    "test_rmse": [
      -77.83429483634268,
      -129.42744258180747,
      -64.51015692440188,
      -119.43011589118298,
      -164.74350307322027
    ],
    "test_mae": [
      -61.17075926556756,
      -63.83408205730364,
      -59.957784291561346,
      -66.86465411642635,
      -75.95671841071633
    ],
    "best_params": {
      "check_inverse": true,
      "func": null,
      "inverse_func": null,
      "regressor__kernel": "tanimoto",
      "regressor__lr": 0.01,
      "regressor__n_epoch": 1000,