{
  "6": {
    "fit_time": [
      0.3660883903503418,
      0.39855384826660156,
      0.45609188079833984,
      0.4790494441986084,
      0.4735424518585205
    ],
    "score_time": [
      0.04605436325073242,
      0.04735445976257324,
      0.04416823387145996,
      0.0567317008972168,
      0.05832719802856445
    ],
    "test_r": [
      0.12466311342426738,
      0.2598327443935124,
      0.4307034314001812,
      0.3141277209112916,
      0.4728679984484951
    ],
    "test_r2": [
      -0.024808935537483867,
      0.05441056171831549,
      -0.1937855778382811,
      0.04352441183095224,
      0.12007529424021846
    ],
    "test_rmse": [
      -167.09617330165827,
      -116.39229967008103,
      -67.31783497255451,
      -134.74763464769885,
      -65.277265622947
    ],
    "test_mae": [
      -78.20591577451397,
      -58.00378593785142,
      -56.971214334062154,
      -74.21367861295292,
      -54.567956440914635
    ],
    "best_params": {
      "check_inverse": true,
      "func": null,
      "inverse_func": null,
      "regressor__bootstrap": true,
      "regressor__ccp_alpha": 0.0,
      "regressor__criterion": "squared_error",
      "regressor__max_depth": null,
      "regressor__max_features": "sqrt",
      "regressor__max_leaf_nodes": null,
      "regressor__max_samples": null,
      "regressor__min_impurity_decrease": 0.0,
      "regressor__min_samples_leaf": 0.05,
      "regressor__min_samples_split": 0.05,
      "regressor__min_weight_fraction_leaf": 0.0,
      "regressor__monotonic_cst": null,
      "regressor__n_estimators": 183,
      "regressor__n_jobs": null,
      "regressor__oob_score": false,
      "regressor__random_state": null,
      "regressor__verbose": 0,
      "regressor__warm_start": false,
      "transformer__memory": null,
      "transformer__verbose": false,
      "transformer__y scaler__copy": true,
      "transformer__y scaler__with_mean": true,
      "transformer__y scaler__with_std": true
    }
  },
  "13": {
    "fit_time": [
      4.4925148487091064,
      3.7554755210876465,
      3.627270460128784,
      3.5995686054229736,
      4.993876218795776
    ],
    "score_time": [
      0.13196682929992676,
      0.146470308303833,
      0.13791489601135254,
      0.13314485549926758,
      0.14182758331298828
    ],
    "test_r": [
      0.45131757716152293,
      0.3467779487934379,
      0.014057698001187651,
      0.1757448768380874,
      0.6690992363467068
    ],
    "test_r2": [
      -0.4168446822362142,
      0.012358264496261873,
      -0.018181975387879357,
      0.030804872246422144,
      0.21893351913418102
    ],
    "test_rmse": [
      -59.52410771452334,
      -145.95903528371454,
      -158.73019432226258,
      -120.75881265875047,
      -67.92208258720186
    ],
    "test_mae": [
      -54.01996062938693,
      -81.85448531814606,
      -68.16502257560157,
      -64.25511581184392,
      -55.01360563509279
    ],
    "best_params": {
      "check_inverse": true,
      "func": null,
      "inverse_func": null,
      "regressor__bootstrap": true,
      "regressor__ccp_alpha": 0.0,
      "regressor__criterion": "squared_error",
      "regressor__max_depth": null,
      "regressor__max_features": "sqrt",
      "regressor__max_leaf_nodes": null,
      "regressor__max_samples": null,
      "regressor__min_impurity_decrease": 0.0,
      "regressor__min_samples_leaf": 0.05,
      "regressor__min_samples_split": 0.09302575442335423,
      "regressor__min_weight_fraction_leaf": 0.0,
      "regressor__monotonic_cst": null,
      "regressor__n_estimators": 2000,
      "regressor__n_jobs": null,
      "regressor__oob_score": false,
      "regressor__random_state": null,
      "regressor__verbose": 0,
      "regressor__warm_start": false,
      "transformer__memory": null,
      "transformer__verbose": false,
      "transformer__y scaler__copy": true,
      "transformer__y scaler__with_mean": true,
      "transformer__y scaler__with_std": true
    }
  },
  "42": {
    "fit_time": [
      0.2998216152191162,
      0.34201979637145996,
      0.29563236236572266,
      0.31795406341552734,
      0.29648709297180176
    ],
    "score_time": [
      0.05490732192993164,
      0.05563497543334961,
      0.05620455741882324,
      0.05420184135437012,
      0.05119681358337402
    ],
    "test_r": [
      0.23682396115241294,
      0.4704977509961743,
      0.038945811052553236,
      0.29758785563418666,
      0.5188675149343512
    ],
    "test_r2": [
      0.03698023503410408,
      0.13676175733945062,
      -0.0075204018721710675,
      0.04824799524826284,
      0.08903804257803505
    ],
    "test_rmse": [
      -117.96698640830276,
      -69.04191532432034,
      -172.72012275372578,
      -128.08402895553658,
      -60.57839137526649
    ],
    "test_mae": [
      -60.09784439664073,
      -55.88574195992195,
      -75.54683205461306,
      -74.73134740514466,
      -51.95428625869073
    ],
    "best_params": {
      "check_inverse": true,
      "func": null,
      "inverse_func": null,
      "regressor__bootstrap": true,
      "regressor__ccp_alpha": 0.0,
      "regressor__criterion": "squared_error",
      "regressor__max_depth": null,
      "regressor__max_features": "sqrt",
      "regressor__max_leaf_nodes": null,
      "regressor__max_samples": null,
      "regressor__min_impurity_decrease": 0.0,
      "regressor__min_samples_leaf": 0.05120922553538724,
      "regressor__min_samples_split": 0.07495390795298933,
      "regressor__min_weight_fraction_leaf": 0.0,
      "regressor__monotonic_cst": null,
      "regressor__n_estimators": 112,
      "regressor__n_jobs": null,
      "regressor__oob_score": false,
      "regressor__random_state": null,
      "regressor__verbose": 0,
      "regressor__warm_start": false,
      "transformer__memory": null,
      "transformer__verbose": false,
      "transformer__y scaler__copy": true,
      "transformer__y scaler__with_mean": true,
      "transformer__y scaler__with_std": true
    }
  },
  "69": {
    "fit_time": [
      0.12813639640808105,
      0.12778186798095703,
      0.1694338321685791,
      0.18308591842651367,
      0.18959403038024902
    ],
    "score_time": [
      0.03776907920837402,
      0.03788304328918457,
      0.048239946365356445,
      0.05059981346130371,
      0.05148458480834961
    ],
    "test_r": [
      0.2719218073773171,
      0.0778872648915627,
      0.45100445579984405,
      0.629688883722427,
      0.19015358873894003
    ],
    "test_r2": [
      0.04994283256865706,
      -0.007345256366776853,
      -0.08742070972326665,
      0.22627065419392223,
      0.024250818541509123
    ],
    "test_rmse": [
      -134.08213396341415,
      -157.2967064571544,
      -64.99608108842803,
      -59.544496568851216,
      -132.62954014744213
    ],
    "test_mae": [
      -69.36417350211669,
      -76.91906169833098,
      -55.25607091017554,
      -48.24009015764093,
      -70.50877620443985
    ],
    "best_params": {
      "check_inverse": true,
      "func": null,
      "inverse_func": null,
      "regressor__bootstrap": true,
      "regressor__ccp_alpha": 0.0,
      "regressor__criterion": "squared_error",
      "regressor__max_depth": null,
      "regressor__max_features": "sqrt",
      "regressor__max_leaf_nodes": null,
      "regressor__max_samples": null,
      "regressor__min_impurity_decrease": 0.0,
      "regressor__min_samples_leaf": 0.05,
      "regressor__min_samples_split": 0.05,
      "regressor__min_weight_fraction_leaf": 0.0,
      "regressor__monotonic_cst": null,
      "regressor__n_estimators": 50,
      "regressor__n_jobs": null,
      "regressor__oob_score": false,
      "regressor__random_state": null,
      "regressor__verbose": 0,
      "regressor__warm_start": false,
      "transformer__memory": null,
      "transformer__verbose": false,
      "transformer__y scaler__copy": true,
      "transformer__y scaler__with_mean": true,
      "transformer__y scaler__with_std": true
    }
  },