{
  "6": {
    "fit_time": [
      0.5574870109558105,
      0.5044279098510742,
      0.504173755645752,
      0.522580623626709,
      0.516016960144043
    ],
    "score_time": [
      0.043653249740600586,
      0.04378175735473633,
      0.04457664489746094,
      0.04539155960083008,
      0.0437619686126709
    ],
    "test_r": [
      0.26722696460644285,
      0.20006689125649765,
      0.10952360451440876,
      0.3545948563486277,
      0.5270440642058509
    ],
    "test_r2": [
      0.04794323065655315,
      0.03303190792431909,
      -0.004552482935674229,
      0.06407911818012013,
      0.12609888882951836
    ],
    "test_rmse": [
      -118.03186138623951,
      -126.63666446750047,
      -134.20283851770174,
      -128.18381380311502,
      -63.37617294876902
    ],
    "test_mae": [
      -62.33942869401699,
      -64.34186406776652,
      -68.72141587836879,
      -74.05952057295443,
      -52.5052076157303
    ],
    "best_params": {
      "check_inverse": true,
      "func": null,
      "inverse_func": null,
      "regressor__bootstrap": true,
      "regressor__ccp_alpha": 0.0,
      "regressor__criterion": "squared_error",
      "regressor__max_depth": null,
      "regressor__max_features": "sqrt",
      "regressor__max_leaf_nodes": null,
      "regressor__max_samples": null,
      "regressor__min_impurity_decrease": 0.0,
      "regressor__min_samples_leaf": 0.05,
      "regressor__min_samples_split": 0.05,
      "regressor__min_weight_fraction_leaf": 0.0,
      "regressor__monotonic_cst": null,
      "regressor__n_estimators": 50,
      "regressor__n_jobs": null,
      "regressor__oob_score": false,
      "regressor__random_state": null,
      "regressor__verbose": 0,
      "regressor__warm_start": false,
      "transformer__memory": null,
      "transformer__verbose": false,
      "transformer__y scaler__copy": true,
      "transformer__y scaler__unit_variance": false,
      "transformer__y scaler__with_centering": true,
      "transformer__y scaler__with_scaling": true
    }
  },
  "13": {
    "fit_time": [
      2.9542055130004883,
      2.875213146209717,
      2.787658929824829,
      2.9358150959014893,
      2.9886085987091064
    ],
    "score_time": [
      0.10582256317138672,
      0.1082460880279541,
      0.10382699966430664,
      0.10203313827514648,
      0.10453104972839355
    ],
    "test_r": [
      0.38801393696348163,
      0.23220671817254354,
      0.09338271089762058,
      0.15313859928393425,
      0.72121488837541
    ],
    "test_r2": [
      -0.2606489963719516,
      -0.04840755332905067,
      -0.023201867299207368,
      0.023291526934788642,
      0.2277697055767437
    ],
    "test_rmse": [
      -60.063060667222935,
      -178.14601460434696,
      -112.96702045272998,
      -132.1319940382399,
      -66.54499799604577
    ],
    "test_mae": [
      -53.92169369009937,
      -95.2504543150798,
      -57.07372407588849,
      -65.61788920495556,
      -53.95536667810812
    ],
    "best_params": {
      "check_inverse": true,
      "func": null,
      "inverse_func": null,
      "regressor__bootstrap": true,
      "regressor__ccp_alpha": 0.0,
      "regressor__criterion": "squared_error",
      "regressor__max_depth": null,
      "regressor__max_features": "sqrt",
      "regressor__max_leaf_nodes": null,
      "regressor__max_samples": null,
      "regressor__min_impurity_decrease": 0.0,
      "regressor__min_samples_leaf": 0.05,
      "regressor__min_samples_split": 0.05,
      "regressor__min_weight_fraction_leaf": 0.0,
      "regressor__monotonic_cst": null,
      "regressor__n_estimators": 2000,
      "regressor__n_jobs": null,
      "regressor__oob_score": false,
      "regressor__random_state": null,
      "regressor__verbose": 0,
      "regressor__warm_start": false,
      "transformer__memory": null,
      "transformer__verbose": false,
      "transformer__y scaler__copy": true,
      "transformer__y scaler__unit_variance": false,
      "transformer__y scaler__with_centering": true,
      "transformer__y scaler__with_scaling": true
    }
  },
  "42": {
    "fit_time": [
      0.5733063220977783,
      0.5766172409057617,
      0.5761029720306396,
      0.5835440158843994,
      0.5845568180084229
    ],
    "score_time": [
      0.045859336853027344,
      0.04468488693237305,
      0.04665422439575195,
      0.046106815338134766,
      0.04631233215332031
    ],
    "test_r": [
      0.6291086215854953,
      0.10174536540976638,
      0.05441613557187179,
      0.47924543383340296,
      0.5126200179007948
    ],
    "test_r2": [
      0.17680682698889028,
      -0.015273539173605855,
      -0.0107663100804547,
      0.14987309101374224,
      0.06400291064415908
    ],
    "test_rmse": [
      -63.51202244019719,
      -168.72024243932725,
      -163.65667470479224,
      -79.78971550016527,
      -61.99078587887548
    ],
    "test_mae": [
      -56.354520356222785,
      -75.21889259354595,
      -73.19517790038266,
      -62.76214091974536,
      -53.564246559008104
    ],
    "best_params": {
      "check_inverse": true,
      "func": null,
      "inverse_func": null,
      "regressor__bootstrap": true,
      "regressor__ccp_alpha": 0.0,
      "regressor__criterion": "squared_error",
      "regressor__max_depth": null,
      "regressor__max_features": "sqrt",
      "regressor__max_leaf_nodes": null,
      "regressor__max_samples": null,
      "regressor__min_impurity_decrease": 0.0,
      "regressor__min_samples_leaf": 0.050423354040773284,
      "regressor__min_samples_split": 0.05602152625869873,
      "regressor__min_weight_fraction_leaf": 0.0,
      "regressor__monotonic_cst": null,
      "regressor__n_estimators": 85,
      "regressor__n_jobs": null,
      "regressor__oob_score": false,
      "regressor__random_state": null,
      "regressor__verbose": 0,
      "regressor__warm_start": false,
      "transformer__memory": null,
      "transformer__verbose": false,
      "transformer__y scaler__copy": true,
      "transformer__y scaler__unit_variance": false,
      "transformer__y scaler__with_centering": true,
      "transformer__y scaler__with_scaling": true
    }
  },
  "69": {
    "fit_time": [
      2.8942015171051025,
      2.9183263778686523,
      2.8808138370513916,
      2.9319045543670654,
      2.9766576290130615
    ],
    "score_time": [
      0.10776257514953613,
      0.10935187339782715,
      0.10566949844360352,
      0.10795044898986816,
      0.10570192337036133
    ],
    "test_r": [
      0.3068952710877009,
      0.2414296141484065,
      0.4979991683649736,
      0.5178540425967461,
      0.10581694397436257
    ],
    "test_r2": [
      0.052047020802013955,
      0.051335214632189374,
      0.027724779492327878,
      0.11437506705303502,
      -0.025284553195579873
    ],
    "test_rmse": [
      -135.5205816475974,
      -117.88030882752152,
      -62.81512085451262,
      -61.63940198524727,
      -169.6887660484483
    ],
    "test_mae": [
      -71.75463158264685,
      -63.250122981936606,
      -52.883454888216555,
      -51.6157644705565,
      -83.78550779041184
    ],
    "best_params": {
      "check_inverse": true,
      "func": null,
      "inverse_func": null,
      "regressor__bootstrap": true,
      "regressor__ccp_alpha": 0.0,
      "regressor__criterion": "squared_error",
      "regressor__max_depth": null,
      "regressor__max_features": "sqrt",
      "regressor__max_leaf_nodes": null,
      "regressor__max_samples": null,
      "regressor__min_impurity_decrease": 0.0,
      "regressor__min_samples_leaf": 0.05,
      "regressor__min_samples_split": 0.05,
      "regressor__min_weight_fraction_leaf": 0.0,
      "regressor__monotonic_cst": null,
      "regressor__n_estimators": 2000,
      "regressor__n_jobs": null,
      "regressor__oob_score": false,
      "regressor__random_state": null,
      "regressor__verbose": 0,
      "regressor__warm_start": false,
      "transformer__memory": null,