{
  "6": {
    "fit_time": [
      15.759463787078857,
      16.78065276145935,
      16.465797185897827,
      17.48908042907715,
      18.780838012695312
    ],
    "score_time": [
      0.03951406478881836,
      0.03728985786437988,
      0.039681196212768555,
      0.03732466697692871,
      0.03663182258605957
    ],
    "test_r": [
      0.3501821004238344,
      0.2945873681790093,
      0.2513625525446901,
      0.4409612035705552,
      0.5914068009503008
    ],
    "test_r2": [
      0.09795981645584106,
      0.059218406677246094,
      0.058344244956970215,
      0.13863015174865723,
      0.280813992023468
    ],
    "test_rmse": [
      -114.88961285114388,
      -124.91017256440314,
      -129.9335950106092,
      -122.97263893639561,
      -57.493066062064905
    ],
    "test_mae": [
      -58.08199667986103,
      -56.8732426128193,
      -59.53096600071926,
      -67.92227678795908,
      -44.74167341792687
    ],
    "best_params": {
      "check_inverse": true,
      "func": null,
      "inverse_func": null,
      "regressor__kernel": "matern",
      "regressor__lr": 0.01,
      "regressor__n_epoch": 200,
      "transformer__memory": null,
      "transformer__verbose": false,
      "transformer__y scaler__copy": true,
      "transformer__y scaler__unit_variance": false,
      "transformer__y scaler__with_centering": true,
      "transformer__y scaler__with_scaling": true
    }
  },
  "13": {
    "fit_time": [
      17.12458610534668,
      16.44662094116211,
      12.837592124938965,
      17.047778129577637,
      17.99976134300232
    ],
    "score_time": [
      0.03562140464782715,
      0.0399777889251709,
      0.03810763359069824,
      0.03711438179016113,
      0.035678863525390625
    ],
    "test_r": [
      0.3583213578001879,
      0.37855813036847263,
      0.1603210898644627,
      0.24624608352867636,
      0.6891458596877282
    ],
    "test_r2": [
      -0.19692933559417725,
      -0.0015368461608886719,
      0.006375670433044434,
      0.05865073204040527,
      0.3937484622001648
    ],
    "test_rmse": [
      -58.525436238884545,
      -174.11831402497245,
      -111.3222851614459,
      -129.71820055815462,
      -58.96148933430358
    ],
    "test_mae": [
      -48.02317751257802,
      -87.50805124979655,
      -50.35411280335669,
      -61.57011795058306,
      -47.250847086049994
    ],
    "best_params": {
      "check_inverse": true,
      "func": null,
      "inverse_func": null,
      "regressor__kernel": "matern",
      "regressor__lr": 0.01,
      "regressor__n_epoch": 200,
      "transformer__memory": null,
      "transformer__verbose": false,
      "transformer__y scaler__copy": true,
      "transformer__y scaler__unit_variance": false,
      "transformer__y scaler__with_centering": true,
      "transformer__y scaler__with_scaling": true
    }
  },
  "42": {
    "fit_time": [
      20.11195731163025,
      17.785664319992065,
      17.145325660705566,
      15.800372123718262,
      16.84036898612976
    ],
    "score_time": [
      0.03718996047973633,
      0.03972363471984863,
      0.03959083557128906,
      0.03894352912902832,
      0.03884005546569824
    ],
    "test_r": [
      0.5639291416077973,
      0.27761906366422795,
      0.2089519979475256,
      0.6748737575766999,
      0.3608379823254586
    ],
    "test_r2": [
      0.22303593158721924,
      0.04051673412322998,
      0.02413076162338257,
      0.3701454997062683,
      0.05351996421813965
    ],
    "test_rmse": [
      -61.702893957412996,
      -164.01906553087244,
      -160.80671261300222,
      -68.67919177744368,
      -62.33696080884595
    ],
    "test_mae": [
      -51.39144957013898,
      -65.16643606304692,
      -66.07852510181502,
      -52.628229984729245,
      -52.5456118112781
    ],
    "best_params": {
      "check_inverse": true,
      "func": null,
      "inverse_func": null,
      "regressor__kernel": "matern",
      "regressor__lr": 0.01,
      "regressor__n_epoch": 200,
      "transformer__memory": null,
      "transformer__verbose": false,
      "transformer__y scaler__copy": true,
      "transformer__y scaler__unit_variance": false,
      "transformer__y scaler__with_centering": true,
      "transformer__y scaler__with_scaling": true
    }
  },
  "69": {
    "fit_time": [
      18.319069385528564,
      16.446098804473877,
      18.211108922958374,
      15.424171209335327,
      16.82103395462036
    ],
    "score_time": [
      0.037938594818115234,
      0.03769826889038086,
      0.03488278388977051,
      0.03795337677001953,
      0.03779959678649902
    ],
    "test_r": [
      0.35319630056282425,
      0.34964981245682,
      0.6020928622063287,
      0.5767928640358788,
      0.2517956664111856
    ],
    "test_r2": [
      0.10088717937469482,
      0.11660641431808472,
      0.2506089210510254,
      0.3146932125091553,
      0.022239625453948975
    ],
    "test_rmse": [
      -131.98329695696492,
      -113.75275660362935,
      -55.147248961743585,
      -54.22206041779639,
      -165.7093808195425
    ],
    "test_mae": [
      -65.05191175334856,
      -55.23181626037597,
      -43.96961141116273,
      -42.601094486048076,
      -77.77247172622981
    ],
    "best_params": {
      "check_inverse": true,
      "func": null,
      "inverse_func": null,
      "regressor__kernel": "matern",
      "regressor__lr": 0.01,
      "regressor__n_epoch": 200,
      "transformer__memory": null,
      "transformer__verbose": false,
      "transformer__y scaler__copy": true,
      "transformer__y scaler__unit_variance": false,
      "transformer__y scaler__with_centering": true,
      "transformer__y scaler__with_scaling": true
    }
  },
  "420": {
    "fit_time": [
      15.134732961654663,
      17.04529070854187,
      17.25050973892212,
      18.726690530776978,
      17.405914306640625
    ],
    "score_time": [
      0.03970932960510254,
      0.03653359413146973,
      0.04021048545837402,
      0.03820300102233887,
      0.03536176681518555
    ],
    "test_r": [
      0.7126831723879342,
      0.2809223232344015,
      0.4013808185828045,
      0.2759033135010615,
      0.22391554408556136
    ],
    "test_r2": [
      0.439424991607666,
      0.07262808084487915,
      0.1241193413734436,
      0.06302589178085327,
      0.04891359806060791
    ],
    "test_rmse": [
      -52.6338903639365,
      -125.96634244299368,
      -120.11010685685231,
      -133.55390367486703,
      -115.51167819324007
    ],
    "test_mae": [
      -42.31081353199677,
      -62.052139221209366,
      -63.398453595066435,
      -66.1576797301887,
      -54.17235662977629
    ],
    "best_params": {
      "check_inverse": true,
      "func": null,
      "inverse_func": null,
      "regressor__kernel": "matern",
      "regressor__lr": 0.01,
      "regressor__n_epoch": 200,
      "transformer__memory": null,
      "transformer__verbose": false,
      "transformer__y scaler__copy": true,
      "transformer__y scaler__unit_variance": false,
      "transformer__y scaler__with_centering": true,
      "transformer__y scaler__with_scaling": true
    }
  },
  "1234567890": {
    "fit_time": [
      17.967297792434692,
      18.87494468688965,
      16.22642493247986,
      15.944390058517456,
      17.01110005378723
    ],
    "score_time": [
      0.03819155693054199,
      0.03612875938415527,
      0.037602901458740234,
      0.03989100456237793,
      0.03707528114318848
    ],
    "test_r": [
      0.6554835951591034,
      0.25282860491352627,
      0.44332263842167974,
      0.3471603633982766,
      0.21169103678575896
    ],
    "test_r2": [
      0.36721378564834595,
      0.04077959060668945,
      0.0803336501121521,
      0.11531496047973633,
      0.020583033561706543
    ],
    "test_rmse": [
      -65.62884492922156,
      -129.5034322298978,
      -60.176483471906316,
      -116.30486872807646,
      -164.11216920565386
    ],