{
  "6": {
    "fit_time": [
      4.806207895278931,
      4.811734914779663,
      4.8826868534088135,
      4.981048822402954,
      5.12122654914856
    ],
    "score_time": [
      0.01773214340209961,
      0.01759934425354004,
      0.01787281036376953,
      0.017691612243652344,
      0.020864486694335938
    ],
    "test_r": [
      0.34470436490368794,
      0.2750571829342611,
      0.23166439876371567,
      0.4189368973132541,
      0.6030558709616196
    ],
    "test_r2": [
      0.09133023023605347,
      0.05849039554595947,
      0.045897483825683594,
      0.10230910778045654,
      0.2313022017478943
    ],
    "test_rmse": [
      -115.31103264597796,
      -124.95849040470385,
      -130.7895111277865,
      -125.53854094705463,
      -59.43916421105408
    ],
    "test_mae": [
      -58.166299376388245,
      -58.6174323815918,
      -62.25584358172249,
      -70.67813540619494,
      -48.51519263846603
    ],
    "best_params": {
      "check_inverse": true,
      "func": null,
      "inverse_func": null,
      "regressor__kernel": "tanimoto",
      "regressor__lr": 0.01,
      "regressor__n_epoch": 1000,
      "transformer__memory": null,
      "transformer__verbose": false,
      "transformer__y scaler__copy": true,
      "transformer__y scaler__unit_variance": false,
      "transformer__y scaler__with_centering": true,
      "transformer__y scaler__with_scaling": true
    }
  },
  "13": {
    "fit_time": [
      5.215982675552368,
      4.487102508544922,
      4.487089395523071,
      4.482439756393433,
      4.479101181030273
    ],
    "score_time": [
      0.020679950714111328,
      0.017458200454711914,
      0.01745772361755371,
      0.017027616500854492,
      0.016992568969726562
    ],
    "test_r": [
      0.3763051387738118,
      0.3437030193702834,
      0.1448903702439212,
      0.23725591862399803,
      0.6916108241249479
    ],
    "test_r2": [
      -0.20422852039337158,
      -0.018787741661071777,
      -0.006551504135131836,
      0.05616915225982666,
      0.3257666826248169
    ],
    "test_rmse": [
      -58.703614674745786,
      -175.61146739923976,
      -112.04410813060188,
      -129.88905948549095,
      -62.17947983440694
    ],
    "test_mae": [
      -50.089061364746094,
      -90.42134448243385,
      -53.22251090127383,
      -62.62665376116585,
      -49.61434903648226
    ],
    "best_params": {
      "check_inverse": true,
      "func": null,
      "inverse_func": null,
      "regressor__kernel": "tanimoto",
      "regressor__lr": 0.01,
      "regressor__n_epoch": 1000,
      "transformer__memory": null,
      "transformer__verbose": false,
      "transformer__y scaler__copy": true,
      "transformer__y scaler__unit_variance": false,
      "transformer__y scaler__with_centering": true,
      "transformer__y scaler__with_scaling": true
    }
  },
  "42": {
    "fit_time": [
      4.968641519546509,
      5.1423420906066895,
      4.852997541427612,
      5.119486331939697,
      4.853468656539917
    ],
    "score_time": [
      0.019515514373779297,
      0.024469375610351562,
      0.0195009708404541,
      0.021625995635986328,
      0.01859879493713379
    ],
    "test_r": [
      0.5790606908312007,
      0.25924436826857383,
      0.18167252580022258,
      0.5859539571249913,
      0.4348081934612993
    ],
    "test_r2": [
      0.2016768455505371,
      0.037082552909851074,
      0.020823657512664795,
      0.24623900651931763,
      0.0825110673904419
    ],
    "test_rmse": [
      -62.54526136585843,
      -164.31233154745075,
      -161.07894984126972,
      -75.13146963550321,
      -61.37483127106289
    ],
    "test_mae": [
      -53.65401468926524,
      -66.946114053979,
      -68.36431434098786,
      -56.897353338874375,
      -52.390842732855106
    ],
    "best_params": {
      "check_inverse": true,
      "func": null,
      "inverse_func": null,
      "regressor__kernel": "tanimoto",
      "regressor__lr": 0.01,
      "regressor__n_epoch": 1000,
      "transformer__memory": null,
      "transformer__verbose": false,
      "transformer__y scaler__copy": true,
      "transformer__y scaler__unit_variance": false,
      "transformer__y scaler__with_centering": true,
      "transformer__y scaler__with_scaling": true
    }
  },
  "69": {
    "fit_time": [
      4.795208215713501,
      5.09835147857666,
      5.155398607254028,
      4.937956094741821,
      5.153995752334595
    ],
    "score_time": [
      0.01804327964782715,
      0.019083738327026367,
      0.019275426864624023,
      0.020028114318847656,
      0.019265174865722656
    ],
    "test_r": [
      0.3546958993346661,
      0.33551230830671663,
      0.5960829609894747,
      0.5512455709744559,
      0.23136484703911098
    ],
    "test_r2": [
      0.0897408127784729,
      0.1035880446434021,
      0.19124656915664673,
      0.2585621476173401,
      0.016299545764923096
    ],
    "test_rmse": [
      -132.79888169594452,
      -114.58787455410665,
      -57.28984591469017,
      -56.398929940790275,
      -166.21197323738454
    ],
    "test_mae": [
      -66.8295981155216,
      -57.540634733443916,
      -47.564015044579605,
      -45.42144147539925,
      -78.31713004304774
    ],
    "best_params": {
      "check_inverse": true,
      "func": null,
      "inverse_func": null,
      "regressor__kernel": "tanimoto",
      "regressor__lr": 0.01,
      "regressor__n_epoch": 1000,
      "transformer__memory": null,
      "transformer__verbose": false,
      "transformer__y scaler__copy": true,
      "transformer__y scaler__unit_variance": false,
      "transformer__y scaler__with_centering": true,
      "transformer__y scaler__with_scaling": true
    }
  },
  "420": {
    "fit_time": [
      4.802922248840332,
      4.621247053146362,
      4.626887559890747,
      4.72608757019043,
      4.720391750335693
    ],
    "score_time": [
      0.01862502098083496,
      0.017530441284179688,
      0.01711440086364746,
      0.017531156539916992,
      0.017531633377075195
    ],
    "test_r": [
      0.6400373924740579,
      0.298815923719499,
      0.3769434271481613,
      0.253464372501816,
      0.21774713590624747
    ],
    "test_r2": [
      0.3189864754676819,
      0.07694774866104126,
      0.09839195013046265,
      0.051983535289764404,
      0.04716205596923828
    ],
    "test_rmse": [
      -58.01314869579968,
      -125.67263692473321,
      -121.86135663226516,
      -134.33857430955504,
      -115.61799371202291
    ],
    "test_mae": [
      -46.21005983009488,
      -62.79224840308097,
      -65.64558907905129,
      -68.29364024552888,
      -55.16901526687921
    ],
    "best_params": {
      "check_inverse": true,
      "func": null,
      "inverse_func": null,
      "regressor__kernel": "tanimoto",
      "regressor__lr": 0.01,
      "regressor__n_epoch": 1000,
      "transformer__memory": null,
      "transformer__verbose": false,
      "transformer__y scaler__copy": true,
      "transformer__y scaler__unit_variance": false,
      "transformer__y scaler__with_centering": true,
      "transformer__y scaler__with_scaling": true
    }
  },
  "1234567890": {
    "fit_time": [
      5.464375019073486,
      4.999865293502808,
      5.147497653961182,
      4.916380167007446,
      5.42267107963562
    ],
    "score_time": [
      0.02836012840270996,
      0.01897573471069336,
      0.020730018615722656,
      0.022669315338134766,
      0.022641420364379883
    ],
    "test_r": [
      0.6027881381157261,
      0.25409455698350136,
      0.4652084423436874,
      0.32462657124155764,
      0.19205709098960852
    ],
    "test_r2": [
      0.27575021982192993,
      0.04528069496154785,
      0.03441816568374634,
      0.09767991304397583,
      0.016349196434020996
    ],
    "test_rmse": [
      -70.21185153791538,
      -129.1992253113913,
      -61.66038521973687,
      -117.45833273594943,
      -164.46650249146342
    ],