{
  "6": {
    "fit_time": [
      1.5984208583831787,
      1.5795173645019531,
      1.5758800506591797,
      2.282109498977661,
      1.5790858268737793
    ],
    "score_time": [
      0.017490625381469727,
      0.017733335494995117,
      0.017720937728881836,
      0.016381502151489258,
      0.017746686935424805
    ],
    "test_r": [
      0.35099417465868404,
      0.2945833343805355,
      0.2524805738096696,
      0.44253294335101384,
      0.5933261846302212
    ],
    "test_r2": [
      0.09870690107345581,
      0.05946773290634155,
      0.058814823627471924,
      0.1412532925605774,
      0.28212738037109375
    ],
    "test_rmse": [
      -114.84202666263411,
      -124.89361653435832,
      -129.90114377132076,
      -122.78525350033854,
      -57.44054605568829
    ],
    "test_mae": [
      -57.87888549878887,
      -56.77864255241244,
      -59.40702111980364,
      -67.64227765337176,
      -44.75963499480005
    ],
    "best_params": {
      "check_inverse": true,
      "func": null,
      "inverse_func": null,
      "regressor__kernel": "rbf",
      "regressor__lr": 0.01,
      "regressor__n_epoch": 200,
      "transformer__memory": null,
      "transformer__verbose": false,
      "transformer__y scaler__copy": true,
      "transformer__y scaler__unit_variance": false,
      "transformer__y scaler__with_centering": true,
      "transformer__y scaler__with_scaling": true
    }
  },
  "13": {
    "fit_time": [
      1.6075611114501953,
      1.636211633682251,
      1.6182303428649902,
      1.6153151988983154,
      1.8388161659240723
    ],
    "score_time": [
      0.01850438117980957,
      0.017226219177246094,
      0.017778396606445312,
      0.018103599548339844,
      0.016731977462768555
    ],
    "test_r": [
      0.3586694802410213,
      0.3806805962802733,
      0.16074489877078926,
      0.24717272466141088,
      0.688651529744116
    ],
    "test_r2": [
      -0.19759154319763184,
      0.0011993646621704102,
      0.00605541467666626,
      0.05906176567077637,
      0.39606499671936035
    ],
    "test_rmse": [
      -58.54162028413135,
      -173.88031543397508,
      -111.34021813662908,
      -129.68986843197186,
      -58.84872988516362
    ],
    "test_mae": [
      -47.88727725823495,
      -87.1983154467534,
      -50.29857586003322,
      -61.487213452800674,
      -47.02296892688228
    ],
    "best_params": {
      "check_inverse": true,
      "func": null,
      "inverse_func": null,
      "regressor__kernel": "rbf",
      "regressor__lr": 0.01,
      "regressor__n_epoch": 200,
      "transformer__memory": null,
      "transformer__verbose": false,
      "transformer__y scaler__copy": true,
      "transformer__y scaler__unit_variance": false,
      "transformer__y scaler__with_centering": true,
      "transformer__y scaler__with_scaling": true
    }
  },
  "42": {
    "fit_time": [
      1.6892149448394775,
      1.5965991020202637,
      1.6026294231414795,
      1.5976781845092773,
      1.5951802730560303
    ],
    "score_time": [
      0.01644730567932129,
      0.0179140567779541,
      0.017951011657714844,
      0.01788496971130371,
      0.01811695098876953
    ],
    "test_r": [
      0.5628446238134848,
      0.2780428812807365,
      0.2090411141752099,
      0.678384873036165,
      0.3614160471756795
    ],
    "test_r2": [
      0.22313034534454346,
      0.04140347242355347,
      0.024356722831726074,
      0.37713927030563354,
      0.05373740196228027
    ],
    "test_rmse": [
      -61.699144784634896,
      -163.94326422035937,
      -160.78808897350515,
      -68.29682915041542,
      -62.32979916541169
    ],
    "test_mae": [
      -51.33553052130607,
      -64.9174656947177,
      -66.06003161776674,
      -52.29710113502652,
      -52.39269189239502
    ],
    "best_params": {
      "check_inverse": true,
      "func": null,
      "inverse_func": null,
      "regressor__kernel": "rbf",
      "regressor__lr": 0.01,
      "regressor__n_epoch": 200,
      "transformer__memory": null,
      "transformer__verbose": false,
      "transformer__y scaler__copy": true,
      "transformer__y scaler__unit_variance": false,
      "transformer__y scaler__with_centering": true,
      "transformer__y scaler__with_scaling": true
    }
  },
  "69": {
    "fit_time": [
      1.6255486011505127,
      1.7321767807006836,
      1.6212866306304932,
      1.6156866550445557,
      1.6154510974884033
    ],
    "score_time": [
      0.018251657485961914,
      0.017095327377319336,
      0.017745494842529297,
      0.018189430236816406,
      0.01806020736694336
    ],
    "test_r": [
      0.35307426861557,
      0.35051093196254135,
      0.6030749143044561,
      0.5779099013812188,
      0.25324178119077656
    ],
    "test_r2": [
      0.10106980800628662,
      0.11750924587249756,
      0.2529028654098511,
      0.3160657286643982,
      0.02329277992248535
    ],
    "test_rmse": [
      -131.96988065367168,
      -113.69462248111671,
      -55.0627789551173,
      -54.16773725379043,
      -165.62011257907454
    ],
    "test_mae": [
      -65.16218823737051,
      -55.08793807158825,
      -43.81173418098599,
      -42.46416153331682,
      -77.52938294790232
    ],
    "best_params": {
      "check_inverse": true,
      "func": null,
      "inverse_func": null,
      "regressor__kernel": "rbf",
      "regressor__lr": 0.01,
      "regressor__n_epoch": 200,
      "transformer__memory": null,
      "transformer__verbose": false,
      "transformer__y scaler__copy": true,
      "transformer__y scaler__unit_variance": false,
      "transformer__y scaler__with_centering": true,
      "transformer__y scaler__with_scaling": true
    }
  },
  "420": {
    "fit_time": [
      1.6047694683074951,
      1.7087011337280273,
      1.7006864547729492,
      1.6147825717926025,
      1.598229169845581
    ],
    "score_time": [
      0.0178525447845459,
      0.016864538192749023,
      0.016498565673828125,
      0.017592668533325195,
      0.01783919334411621
    ],
    "test_r": [
      0.716300652704885,
      0.28093659742578425,
      0.404747251551555,
      0.27643851403583264,
      0.2252323924657804
    ],
    "test_r2": [
      0.4420531988143921,
      0.072826087474823,
      0.12742412090301514,
      0.06351900100708008,
      0.04923039674758911
    ],
    "test_rmse": [
      -52.51036017219716,
      -125.95290319136744,
      -119.88330079177133,
      -133.5187542401084,
      -115.49243639292906
    ],
    "test_mae": [
      -42.297859736358035,
      -61.96689248060638,
      -63.1348447747683,
      -66.07183774721632,
      -53.85643632358924
    ],
    "best_params": {
      "check_inverse": true,
      "func": null,
      "inverse_func": null,
      "regressor__kernel": "rbf",
      "regressor__lr": 0.01,
      "regressor__n_epoch": 200,
      "transformer__memory": null,
      "transformer__verbose": false,
      "transformer__y scaler__copy": true,
      "transformer__y scaler__unit_variance": false,
      "transformer__y scaler__with_centering": true,
      "transformer__y scaler__with_scaling": true
    }
  },
  "1234567890": {
    "fit_time": [
      1.7180707454681396,
      1.7214722633361816,
      1.683379888534546,
      1.6896660327911377,
      1.6888706684112549
    ],
    "score_time": [
      0.017477989196777344,
      0.017136812210083008,
      0.018907546997070312,
      0.01856398582458496,
      0.018295764923095703
    ],
    "test_r": [
      0.658832054959356,
      0.25290080918932406,
      0.4441327329486795,
      0.3492111202373495,
      0.21244619294874822
    ],
    "test_r2": [
      0.37324100732803345,
      0.04086637496948242,
      0.07959723472595215,
      0.11708647012710571,
      0.020981669425964355
    ],
    "test_rmse": [
      -65.31553546947531,
      -129.49757119042212,
      -60.200572841916156,
      -116.18835198751471,
      -164.07879880211829
    ],