{
  "6": {
    "fit_time": [
      3.180234670639038,
      3.2266383171081543,
      3.222598075866699,
      3.374871253967285,
      3.380854606628418
    ],
    "score_time": [
      0.03328299522399902,
      0.033605098724365234,
      0.033089399337768555,
      0.034958600997924805,
      0.03580498695373535
    ],
    "test_r": [
      0.3323583894802241,
      0.27014704331403944,
      0.23081297101000864,
      0.46650306849440315,
      0.6472817121937718
    ],
    "test_r2": [
      0.09255504608154297,
      0.056092262268066406,
      0.038077592849731445,
      0.14143335819244385,
      0.192216157913208
    ],
    "test_rmse": [
      -115.23329098803914,
      -125.11753280530111,
      -131.32438552049277,
      -122.77237602508166,
      -60.931581207839564
    ],
    "test_mae": [
      -61.33825508341471,
      -61.36839346090878,
      -66.01406470399147,
      -71.1662962776214,
      -52.76076609367819
    ],
    "best_params": {
      "check_inverse": true,
      "func": null,
      "inverse_func": null,
      "regressor__kernel": "rbf",
      "regressor__lr": 0.01,
      "regressor__n_epoch": 200,
      "transformer__memory": null,
      "transformer__verbose": false,
      "transformer__y scaler__copy": true,
      "transformer__y scaler__with_mean": true,
      "transformer__y scaler__with_std": true
    }
  },
  "13": {
    "fit_time": [
      3.246866464614868,
      3.2210824489593506,
      3.2411484718322754,
      3.271723985671997,
      3.2816178798675537
    ],
    "score_time": [
      0.03318309783935547,
      0.03331470489501953,
      0.03344249725341797,
      0.031207799911499023,
      0.030747413635253906
    ],
    "test_r": [
      0.3637153175095054,
      0.3670920805333081,
      0.12580795160510638,
      0.22223720523745044,
      0.7483034866593452
    ],
    "test_r2": [
      -0.3598465919494629,
      0.018374085426330566,
      -0.018023252487182617,
      0.04859507083892822,
      0.35027289390563965
    ],
    "test_rmse": [
      -62.38143299962728,
      -172.37885706417242,
      -112.68079234506548,
      -130.40918749122253,
      -61.03901064663186
    ],
    "test_mae": [
      -55.44976036510991,
      -89.8418094282083,
      -56.45878820104261,
      -66.32686653899547,
      -51.92010203378714
    ],
    "best_params": {
      "check_inverse": true,
      "func": null,
      "inverse_func": null,
      "regressor__kernel": "rbf",
      "regressor__lr": 0.01,
      "regressor__n_epoch": 200,
      "transformer__memory": null,
      "transformer__verbose": false,
      "transformer__y scaler__copy": true,
      "transformer__y scaler__with_mean": true,
      "transformer__y scaler__with_std": true
    }
  },
  "42": {
    "fit_time": [
      3.182023525238037,
      5.082361459732056,
      3.1956355571746826,
      3.2576115131378174,
      3.446568012237549
    ],
    "score_time": [
      0.03210306167602539,
      0.028820514678955078,
      0.03164863586425781,
      0.03306293487548828,
      0.042432308197021484
    ],
    "test_r": [
      0.6111289646079073,
      0.22868079510196596,
      0.1727941212334102,
      0.7280918629790878,
      0.40213334957763586
    ],
    "test_r2": [
      0.1635303497314453,
      0.034691452980041504,
      0.021935343742370605,
      0.3498602509498596,
      -0.0023131370544433594
    ],
    "test_rmse": [
      -64.02213842753895,
      -164.51622153829055,
      -160.98748613452574,
      -69.77637430041563,
      -64.14925756333476
    ],
    "test_mae": [
      -56.10034595652862,
      -71.41956853792078,
      -70.30661323014802,
      -58.332270302638626,
      -56.640585016395725
    ],
    "best_params": {
      "check_inverse": true,
      "func": null,
      "inverse_func": null,
      "regressor__kernel": "rbf",
      "regressor__lr": 0.01,
      "regressor__n_epoch": 200,
      "transformer__memory": null,
      "transformer__verbose": false,
      "transformer__y scaler__copy": true,
      "transformer__y scaler__with_mean": true,
      "transformer__y scaler__with_std": true
    }
  },
  "69": {
    "fit_time": [
      3.152608871459961,
      3.279073476791382,
      3.2917609214782715,
      3.3645498752593994,
      3.2792694568634033
    ],
    "score_time": [
      0.032737016677856445,
      0.03211641311645508,
      0.03189849853515625,
      0.029359102249145508,
      0.03320050239562988
    ],
    "test_r": [
      0.34275910279708655,
      0.3246951284650571,
      0.6525761428815755,
      0.6255473938190852,
      0.23479592210557465
    ],
    "test_r2": [
      0.08852851390838623,
      0.09491431713104248,
      0.1214606761932373,
      0.24861234426498413,
      0.026041746139526367
    ],
    "test_rmse": [
      -132.88727466657645,
      -115.14092467378448,
      -59.71043050452358,
      -56.77609701318956,
      -165.38688861639986
    ],
    "test_mae": [
      -70.62268725375307,
      -61.512307801322194,
      -52.36674235116996,
      -48.99374906206917,
      -79.31153728546742
    ],
    "best_params": {
      "check_inverse": true,
      "func": null,
      "inverse_func": null,
      "regressor__kernel": "rbf",
      "regressor__lr": 0.01,
      "regressor__n_epoch": 200,
      "transformer__memory": null,
      "transformer__verbose": false,
      "transformer__y scaler__copy": true,
      "transformer__y scaler__with_mean": true,
      "transformer__y scaler__with_std": true
    }
  },
  "420": {
    "fit_time": [
      3.2087111473083496,
      3.1583237648010254,
      3.2030367851257324,
      3.283616542816162,
      3.3412539958953857
    ],
    "score_time": [
      0.03183174133300781,
      0.03257012367248535,
      0.03209257125854492,
      0.03289031982421875,
      0.030164718627929688
    ],
    "test_r": [
      0.7609302899873037,
      0.2660618720946613,
      0.429451238383896,
      0.2557374804822759,
      0.1913034725637284
    ],
    "test_r2": [
      0.35017645359039307,
      0.05680650472640991,
      0.1341497302055359,
      0.057758986949920654,
      0.035107553005218506
    ],
    "test_rmse": [
      -56.66909941175407,
      -127.03634704678798,
      -119.4203902067254,
      -133.92874527602336,
      -116.34705022629188
    ],
    "test_mae": [
      -49.45703170096603,
      -68.63354944223443,
      -67.61446727230296,
      -69.42889647051643,
      -59.41583754925896
    ],
    "best_params": {
      "check_inverse": true,
      "func": null,
      "inverse_func": null,
      "regressor__kernel": "rbf",
      "regressor__lr": 0.01,
      "regressor__n_epoch": 200,
      "transformer__memory": null,
      "transformer__verbose": false,
      "transformer__y scaler__copy": true,
      "transformer__y scaler__with_mean": true,
      "transformer__y scaler__with_std": true
    }
  },
  "1234567890": {
    "fit_time": [
      3.2117116451263428,
      3.2315704822540283,
      3.236619234085083,
      3.433821678161621,
      3.1954076290130615
    ],
    "score_time": [
      0.03206491470336914,
      0.031414031982421875,
      0.030753135681152344,
      0.042497873306274414,
      0.0326387882232666
    ],
    "test_r": [
      0.7781952585325554,
      0.23331026800973792,
      0.5265218388973697,
      0.339454927104293,
      0.1791046607392632
    ],
    "test_r2": [
      0.37437307834625244,
      0.041234731674194336,
      -0.050394535064697266,
      0.10430872440338135,
      0.016537904739379883
    ],
    "test_rmse": [
      -65.25652516057663,
      -129.4727135501352,
      -64.31139119459434,
      -117.02608566252997,
      -164.450736588486
    ],
    "test_mae": [
      -53.85699353405523,
      -64.02425219579361,
      -59.59758262422449,
      -63.87022955827301,
      -75.52884910015031
    ],
    "best_params": {
      "check_inverse": true,
      "func": null,
      "inverse_func": null,
      "regressor__kernel": "rbf",
      "regressor__lr": 0.01,
      "regressor__n_epoch": 200,