{
  "6": {
    "fit_time": [
      2.6353282928466797,
      2.668731212615967,
      2.7217442989349365,
      2.741776943206787,
      2.7994868755340576
    ],
    "score_time": [
      0.11199593544006348,
      0.11772966384887695,
      0.11593961715698242,
      0.131821870803833,
      0.11549878120422363
    ],
    "test_r": [
      0.5719707632601375,
      0.6010582792517782,
      0.5959243631803319,
      0.07838731601161124,
      0.33184054811226726
    ],
    "test_r2": [
      0.12342604484759012,
      0.2819862263164685,
      0.2785000916192345,
      -0.03204225043746334,
      0.08577622273791508
    ],
    "test_rmse": [
      -60.11187403958893,
      -60.57911581358026,
      -71.326844929457,
      -196.71133102768624,
      -128.97541213469236
    ],
    "test_mae": [
      -49.914672600769904,
      -48.95865972264498,
      -55.79723339071994,
      -91.58523842333936,
      -66.94128689653259
    ],
    "best_params": {
      "check_inverse": true,
      "func": null,
      "inverse_func": null,
      "regressor__bootstrap": true,
      "regressor__ccp_alpha": 0.0,
      "regressor__criterion": "squared_error",
      "regressor__max_depth": null,
      "regressor__max_features": "sqrt",
      "regressor__max_leaf_nodes": null,
      "regressor__max_samples": null,
      "regressor__min_impurity_decrease": 0.0,
      "regressor__min_samples_leaf": 0.05,
      "regressor__min_samples_split": 0.05,
      "regressor__min_weight_fraction_leaf": 0.0,
      "regressor__monotonic_cst": null,
      "regressor__n_estimators": 2000,
      "regressor__n_jobs": null,
      "regressor__oob_score": false,
      "regressor__random_state": null,
      "regressor__verbose": 0,
      "regressor__warm_start": false,
      "transformer__memory": null,
      "transformer__verbose": false,
      "transformer__y scaler__copy": true,
      "transformer__y scaler__with_mean": true,
      "transformer__y scaler__with_std": true
    }
  },
  "13": {
    "fit_time": [
      2.688084363937378,
      2.712763547897339,
      2.6329054832458496,
      2.783015012741089,
      2.753929853439331
    ],
    "score_time": [
      0.12315225601196289,
      0.11748981475830078,
      0.10955643653869629,
      0.11568117141723633,
      0.11898159980773926
    ],
    "test_r": [
      0.5128034680428981,
      0.23017654516780806,
      0.516034300973987,
      0.7109285430547205,
      0.20395935122851622
    ],
    "test_r2": [
      -0.1287940207843874,
      0.024459941229726945,
      0.23024510564888323,
      0.22777459446451775,
      -0.021834371194743296
    ],
    "test_rmse": [
      -58.43124861583212,
      -170.3346749594566,
      -68.91745377785293,
      -56.3185427449592,
      -166.83854304362907
    ],
    "test_mae": [
      -50.778362722155315,
      -87.64930680086295,
      -55.600421990560775,
      -46.79615435278117,
      -79.5396232046393
    ],
    "best_params": {
      "check_inverse": true,
      "func": null,
      "inverse_func": null,
      "regressor__bootstrap": true,
      "regressor__ccp_alpha": 0.0,
      "regressor__criterion": "squared_error",
      "regressor__max_depth": null,
      "regressor__max_features": "sqrt",
      "regressor__max_leaf_nodes": null,
      "regressor__max_samples": null,
      "regressor__min_impurity_decrease": 0.0,
      "regressor__min_samples_leaf": 0.05,
      "regressor__min_samples_split": 0.05,
      "regressor__min_weight_fraction_leaf": 0.0,
      "regressor__monotonic_cst": null,
      "regressor__n_estimators": 2000,
      "regressor__n_jobs": null,
      "regressor__oob_score": false,
      "regressor__random_state": null,
      "regressor__verbose": 0,
      "regressor__warm_start": false,
      "transformer__memory": null,
      "transformer__verbose": false,
      "transformer__y scaler__copy": true,
      "transformer__y scaler__with_mean": true,
      "transformer__y scaler__with_std": true
    }
  },
  "42": {
    "fit_time": [
      0.47369885444641113,
      0.4942905902862549,
      0.48833608627319336,
      0.4945700168609619,
      0.48909687995910645
    ],
    "score_time": [
      0.03720855712890625,
      0.03765439987182617,
      0.03627300262451172,
      0.03835701942443848,
      0.0371098518371582
    ],
    "test_r": [
      0.3911122362483013,
      0.12358286993617136,
      0.2881290198586215,
      0.5897996729723377,
      0.2243359187453265
    ],
    "test_r2": [
      0.09207578811951533,
      0.0016070371248303461,
      0.07415218939684731,
      0.24384003437000257,
      0.048488381910523626
    ],
    "test_rmse": [
      -119.79216062954954,
      -129.71073981917192,
      -124.67328979071836,
      -83.17616522337252,
      -115.7707155747141
    ],
    "test_mae": [
      -66.30006920166325,
      -64.00806917582852,
      -63.94405128028349,
      -66.40988837124013,
      -57.536856069964905
    ],
    "best_params": {
      "check_inverse": true,
      "func": null,
      "inverse_func": null,
      "regressor__bootstrap": true,
      "regressor__ccp_alpha": 0.0,
      "regressor__criterion": "squared_error",
      "regressor__max_depth": null,
      "regressor__max_features": "sqrt",
      "regressor__max_leaf_nodes": null,
      "regressor__max_samples": null,
      "regressor__min_impurity_decrease": 0.0,
      "regressor__min_samples_leaf": 0.05121903225277908,
      "regressor__min_samples_split": 0.05812312052018236,
      "regressor__min_weight_fraction_leaf": 0.0,
      "regressor__monotonic_cst": null,
      "regressor__n_estimators": 342,
      "regressor__n_jobs": null,
      "regressor__oob_score": false,
      "regressor__random_state": null,
      "regressor__verbose": 0,
      "regressor__warm_start": false,
      "transformer__memory": null,
      "transformer__verbose": false,
      "transformer__y scaler__copy": true,
      "transformer__y scaler__with_mean": true,
      "transformer__y scaler__with_std": true
    }
  },
  "69": {
    "fit_time": [
      0.8869056701660156,
      0.9125604629516602,
      0.9214327335357666,
      0.9178669452667236,
      0.864577054977417
    ],
    "score_time": [
      0.052580833435058594,
      0.05372357368469238,
      0.05619978904724121,
      0.053766727447509766,
      0.05208182334899902
    ],
    "test_r": [
      0.2507320168027874,
      0.0888571510057209,
      0.7258254023199562,
      0.5841750593533335,
      0.33087968404505236
    ],
    "test_r2": [
      0.05501155615632847,
      -0.01149233108054104,
      0.3038501760758435,
      0.17945683867840945,
      0.09297474818296236
    ],
    "test_rmse": [
      -129.11948211244237,
      -160.31246762930888,
      -72.0981572074982,
      -58.616615476780574,
      -125.76820662319018
    ],
    "test_mae": [
      -64.19918901284882,
      -75.38967406860428,
      -57.266943360534896,
      -49.97758661465082,
      -70.26833468031305
    ],
    "best_params": {
      "check_inverse": true,
      "func": null,
      "inverse_func": null,
      "regressor__bootstrap": true,
      "regressor__ccp_alpha": 0.0,
      "regressor__criterion": "squared_error",
      "regressor__max_depth": null,
      "regressor__max_features": "sqrt",
      "regressor__max_leaf_nodes": null,
      "regressor__max_samples": null,
      "regressor__min_impurity_decrease": 0.0,
      "regressor__min_samples_leaf": 0.05,
      "regressor__min_samples_split": 0.05,
      "regressor__min_weight_fraction_leaf": 0.0,
      "regressor__monotonic_cst": null,
      "regressor__n_estimators": 656,
      "regressor__n_jobs": null,
      "regressor__oob_score": false,
      "regressor__random_state": null,
      "regressor__verbose": 0,
      "regressor__warm_start": false,
      "transformer__memory": null,
      "transformer__verbose": false,
      "transformer__y scaler__copy": true,
      "transformer__y scaler__with_mean": true,
      "transformer__y scaler__with_std": true
    }
  },