{
  "6": {
    "fit_time": [
      0.0818483829498291,
      0.08356571197509766,
      0.0855708122253418,
      0.11879301071166992,
      0.11139464378356934
    ],
    "score_time": [
      0.02723860740661621,
      0.02489328384399414,
      0.02450418472290039,
      0.023910045623779297,
      0.024441242218017578
    ],
    "test_r": [
      0.1279405895571504,
      0.25620040197243127,
      0.41786039201005326,
      0.3071422713627228,
      0.4752698825240308
    ],
    "test_r2": [
      -0.025105354522103607,
      0.06069146678081483,
      -0.19504254222058748,
      0.05423920519718328,
      0.13922832362240145
    ],
    "test_rmse": [
      -167.12033726785538,
      -116.00509832878085,
      -67.35326589942146,
      -133.99076256239707,
      -64.56292271936081
    ],
    "test_mae": [
      -76.39167932694119,
      -57.546984208412695,
      -55.87230557885519,
      -72.50942956488844,
      -53.71249901236246
    ],
    "best_params": {
      "check_inverse": true,
      "func": null,
      "inverse_func": null,
      "regressor__bootstrap": true,
      "regressor__ccp_alpha": 0.0,
      "regressor__criterion": "squared_error",
      "regressor__max_depth": null,
      "regressor__max_features": "sqrt",
      "regressor__max_leaf_nodes": null,
      "regressor__max_samples": null,
      "regressor__min_impurity_decrease": 0.0,
      "regressor__min_samples_leaf": 0.05,
      "regressor__min_samples_split": 0.18716416300933375,
      "regressor__min_weight_fraction_leaf": 0.0,
      "regressor__monotonic_cst": null,
      "regressor__n_estimators": 50,
      "regressor__n_jobs": null,
      "regressor__oob_score": false,
      "regressor__random_state": null,
      "regressor__verbose": 0,
      "regressor__warm_start": false,
      "transformer__memory": null,
      "transformer__verbose": false,
      "transformer__y scaler__copy": true,
      "transformer__y scaler__with_mean": true,
      "transformer__y scaler__with_std": true
    }
  },
  "13": {
    "fit_time": [
      0.09477090835571289,
      0.09619975090026855,
      0.09293794631958008,
      0.1564006805419922,
      0.150376558303833
    ],
    "score_time": [
      0.060271263122558594,
      0.061116933822631836,
      0.05849099159240723,
      0.02661442756652832,
      0.02700948715209961
    ],
    "test_r": [
      0.4306006966999459,
      0.36949601809645616,
      0.016046289244374325,
      0.18299155097334285,
      0.6649393488091507
    ],
    "test_r2": [
      -0.4014222917749559,
      0.029948307097791838,
      -0.02007116411951415,
      0.033187980556428576,
      0.2707924998644057
    ],
    "test_rmse": [
      -59.19926058901674,
      -144.6534200701482,
      -158.8773842801275,
      -120.61025720148207,
      -65.62851185739066
    ],
    "test_mae": [
      -52.8942267749106,
      -79.09973501999002,
      -68.22292761300632,
      -63.08217393020858,
      -51.97154788629044
    ],
    "best_params": {
      "check_inverse": true,
      "func": null,
      "inverse_func": null,
      "regressor__bootstrap": true,
      "regressor__ccp_alpha": 0.0,
      "regressor__criterion": "squared_error",
      "regressor__max_depth": null,
      "regressor__max_features": "sqrt",
      "regressor__max_leaf_nodes": null,
      "regressor__max_samples": null,
      "regressor__min_impurity_decrease": 0.0,
      "regressor__min_samples_leaf": 0.05,
      "regressor__min_samples_split": 0.08344777023364972,
      "regressor__min_weight_fraction_leaf": 0.0,
      "regressor__monotonic_cst": null,
      "regressor__n_estimators": 50,
      "regressor__n_jobs": null,
      "regressor__oob_score": false,
      "regressor__random_state": null,
      "regressor__verbose": 0,
      "regressor__warm_start": false,
      "transformer__memory": null,
      "transformer__verbose": false,
      "transformer__y scaler__copy": true,
      "transformer__y scaler__with_mean": true,
      "transformer__y scaler__with_std": true
    }
  },
  "42": {
    "fit_time": [
      0.09045958518981934,
      0.09546422958374023,
      0.16637229919433594,
      0.1608126163482666,
      0.16431808471679688
    ],
    "score_time": [
      0.027800321578979492,
      0.024815797805786133,
      0.024515867233276367,
      0.02526378631591797,
      0.025063037872314453
    ],
    "test_r": [
      0.2539532096624995,
      0.5020150824688784,
      0.05109403215141595,
      0.30845198318996464,
      0.5212564959352284
    ],
    "test_r2": [
      0.05031046838698183,
      0.15638502841216018,
      -0.009456270831152969,
      0.05473492711349426,
      0.099559755468966
    ],
    "test_rmse": [
      -117.14768483020384,
      -68.25266823527006,
      -172.8859769957889,
      -127.64678639085602,
      -60.22753170463772
    ],
    "test_mae": [
      -59.05775948625592,
      -56.08079683662632,
      -74.51231871855938,
      -74.53899375802027,
      -50.99359579538257
    ],
    "best_params": {
      "check_inverse": true,
      "func": null,
      "inverse_func": null,
      "regressor__bootstrap": true,
      "regressor__ccp_alpha": 0.0,
      "regressor__criterion": "squared_error",
      "regressor__max_depth": null,
      "regressor__max_features": "sqrt",
      "regressor__max_leaf_nodes": null,
      "regressor__max_samples": null,
      "regressor__min_impurity_decrease": 0.0,
      "regressor__min_samples_leaf": 0.05,
      "regressor__min_samples_split": 0.11150968034650677,
      "regressor__min_weight_fraction_leaf": 0.0,
      "regressor__monotonic_cst": null,
      "regressor__n_estimators": 50,
      "regressor__n_jobs": null,
      "regressor__oob_score": false,
      "regressor__random_state": null,
      "regressor__verbose": 0,
      "regressor__warm_start": false,
      "transformer__memory": null,
      "transformer__verbose": false,
      "transformer__y scaler__copy": true,
      "transformer__y scaler__with_mean": true,
      "transformer__y scaler__with_std": true
    }
  },
  "69": {
    "fit_time": [
      0.3211634159088135,
      0.32625436782836914,
      0.32769083976745605,
      0.5136127471923828,
      0.5132784843444824
    ],
    "score_time": [
      0.04444074630737305,
      0.07375097274780273,
      0.03352022171020508,
      0.03330063819885254,
      0.03496813774108887
    ],
    "test_r": [
      0.2622895539684521,
      0.08051843045446308,
      0.5314993201925546,
      0.6104915614528023,
      0.22847070983023404
    ],
    "test_r2": [
      0.05516022505346829,
      -0.008732103501742694,
      0.025299242969859193,
      0.2748354262515962,
      0.042284393823419086
    ],
    "test_rmse": [
      -133.7134602541508,
      -157.4049471296019,
      -61.53525768852323,
      -57.64549635684045,
      -131.39820976776966
    ],
    "test_mae": [
      -69.926687844731,
      -76.21753987408849,
      -52.025832573546715,
      -45.98111794574085,
      -69.39786239369593
    ],
    "best_params": {
      "check_inverse": true,
      "func": null,
      "inverse_func": null,
      "regressor__bootstrap": true,
      "regressor__ccp_alpha": 0.0,
      "regressor__criterion": "squared_error",
      "regressor__max_depth": null,
      "regressor__max_features": "sqrt",
      "regressor__max_leaf_nodes": null,
      "regressor__max_samples": null,
      "regressor__min_impurity_decrease": 0.0,
      "regressor__min_samples_leaf": 0.050246831607709166,
      "regressor__min_samples_split": 0.05954719949796721,
      "regressor__min_weight_fraction_leaf": 0.0,
      "regressor__monotonic_cst": null,
      "regressor__n_estimators": 216,
      "regressor__n_jobs": null,
      "regressor__oob_score": false,
      "regressor__random_state": null,
      "regressor__verbose": 0,
      "regressor__warm_start": false,
      "transformer__memory": null,
      "transformer__verbose": false,
      "transformer__y scaler__copy": true,
      "transformer__y scaler__with_mean": true,