{
  "6": {
    "fit_time": [
      18.311122179031372,
      21.23409914970398,
      22.54921317100525,
      14.421493768692017,
      16.955392599105835
    ],
    "score_time": [
      0.04370522499084473,
      0.03724098205566406,
      0.044319868087768555,
      0.04097747802734375,
      0.043453216552734375
    ],
    "test_r": [
      0.3342299403112163,
      0.2710476863802348,
      0.23109278469274205,
      0.46629377084267215,
      0.6454146335360958
    ],
    "test_r2": [
      0.09353113174438477,
      0.056572675704956055,
      0.03851449489593506,
      0.1420062780380249,
      0.1933940052986145
    ],
    "test_rmse": [
      -115.17130598898751,
      -125.08569253879581,
      -131.29457026382772,
      -122.731407540943,
      -60.887143941137865
    ],
    "test_mae": [
      -61.064640162592866,
      -61.201354001081874,
      -65.86351528286804,
      -71.00305932298846,
      -52.656872813648896
    ],
    "best_params": {
      "check_inverse": true,
      "func": null,
      "inverse_func": null,
      "regressor__kernel": "matern",
      "regressor__lr": 0.01,
      "regressor__n_epoch": 200,
      "transformer__memory": null,
      "transformer__verbose": false,
      "transformer__y scaler__copy": true,
      "transformer__y scaler__with_mean": true,
      "transformer__y scaler__with_std": true
    }
  },
  "13": {
    "fit_time": [
      22.22340154647827,
      9.881291627883911,
      25.623862981796265,
      19.430984020233154,
      19.7698757648468
    ],
    "score_time": [
      0.04231142997741699,
      0.0392611026763916,
      0.03905653953552246,
      0.04181385040283203,
      0.03873300552368164
    ],
    "test_r": [
      0.3633453155842481,
      0.3675321975972296,
      0.1278482610531031,
      0.22256745677347126,
      0.7464330158404793
    ],
    "test_r2": [
      -0.35584235191345215,
      0.018476247787475586,
      -0.01702594757080078,
      0.04876434803009033,
      0.35229164361953735
    ],
    "test_rmse": [
      -62.289520559576225,
      -172.3698909408231,
      -112.62557359380892,
      -130.39758232178258,
      -60.94410972923394
    ],
    "test_mae": [
      -55.257730973091874,
      -89.72973051842783,
      -56.24042094233493,
      -66.27000626971076,
      -51.73174813998352
    ],
    "best_params": {
      "check_inverse": true,
      "func": null,
      "inverse_func": null,
      "regressor__kernel": "matern",
      "regressor__lr": 0.01,
      "regressor__n_epoch": 200,
      "transformer__memory": null,
      "transformer__verbose": false,
      "transformer__y scaler__copy": true,
      "transformer__y scaler__with_mean": true,
      "transformer__y scaler__with_std": true
    }
  },
  "42": {
    "fit_time": [
      22.62296175956726,
      21.053591012954712,
      18.74360704421997,
      21.3528892993927,
      20.353435516357422
    ],
    "score_time": [
      0.04400944709777832,
      0.042882680892944336,
      0.04191088676452637,
      0.04128575325012207,
      0.038666486740112305
    ],
    "test_r": [
      0.6086073128411733,
      0.22842845141455254,
      0.17346537236563134,
      0.7262618326243261,
      0.4017042190925762
    ],
    "test_r2": [
      0.16441386938095093,
      0.03462362289428711,
      0.02205514907836914,
      0.352178156375885,
      0.0031731724739074707
    ],
    "test_rmse": [
      -63.98831438420022,
      -164.52199664757597,
      -160.97762961556018,
      -69.65188179573923,
      -63.97344974213592
    ],
    "test_mae": [
      -56.01877860363531,
      -71.45089086757285,
      -70.2066226098154,
      -58.0610619322055,
      -56.299685343233
    ],
    "best_params": {
      "check_inverse": true,
      "func": null,
      "inverse_func": null,
      "regressor__kernel": "matern",
      "regressor__lr": 0.01,
      "regressor__n_epoch": 200,
      "transformer__memory": null,
      "transformer__verbose": false,
      "transformer__y scaler__copy": true,
      "transformer__y scaler__with_mean": true,
      "transformer__y scaler__with_std": true
    }
  },
  "69": {
    "fit_time": [
      21.321599006652832,
      19.897751092910767,
      16.494727611541748,
      15.516403913497925,
      21.413482427597046
    ],
    "score_time": [
      0.041689395904541016,
      0.04304075241088867,
      0.04252362251281738,
      0.0417323112487793,
      0.04254746437072754
    ],
    "test_r": [
      0.3476412304388469,
      0.32483838885405664,
      0.6489200850728399,
      0.6249510985360499,
      0.23605418138052153
    ],
    "test_r2": [
      0.09068697690963745,
      0.09533923864364624,
      0.12466800212860107,
      0.2521073818206787,
      0.02627432346343994
    ],
    "test_rmse": [
      -132.72982941496738,
      -115.11389297472827,
      -59.6013351913794,
      -56.64389725366698,
      -165.3671143485916
    ],
    "test_mae": [
      -69.9903705895996,
      -61.38132497224696,
      -52.13658835109337,
      -48.75864964357863,
      -79.15728798198626
    ],
    "best_params": {
      "check_inverse": true,
      "func": null,
      "inverse_func": null,
      "regressor__kernel": "matern",
      "regressor__lr": 0.01,
      "regressor__n_epoch": 200,
      "transformer__memory": null,
      "transformer__verbose": false,
      "transformer__y scaler__copy": true,
      "transformer__y scaler__with_mean": true,
      "transformer__y scaler__with_std": true
    }
  },
  "420": {
    "fit_time": [
      13.14874792098999,
      18.999210596084595,
      15.063129186630249,
      21.518686294555664,
      24.475006103515625
    ],
    "score_time": [
      0.04545116424560547,
      0.04313373565673828,
      0.039086103439331055,
      0.038962364196777344,
      0.04129362106323242
    ],
    "test_r": [
      0.7608723415959631,
      0.2656658300747158,
      0.4290771763553257,
      0.2567998550099439,
      0.19325550504613884
    ],
    "test_r2": [
      0.35851508378982544,
      0.057175278663635254,
      0.13450407981872559,
      0.058155179023742676,
      0.03593337535858154
    ],
    "test_rmse": [
      -56.3043324494357,
      -127.01150600855289,
      -119.39595668012085,
      -133.90058872210113,
      -116.29725200774243
    ],
    "test_mae": [
      -48.92669580714805,
      -68.49796044100893,
      -67.46849877900964,
      -69.27722829592237,
      -59.27354350700827
    ],
    "best_params": {
      "check_inverse": true,
      "func": null,
      "inverse_func": null,
      "regressor__kernel": "matern",
      "regressor__lr": 0.01,
      "regressor__n_epoch": 200,
      "transformer__memory": null,
      "transformer__verbose": false,
      "transformer__y scaler__copy": true,
      "transformer__y scaler__with_mean": true,
      "transformer__y scaler__with_std": true
    }
  },
  "1234567890": {
    "fit_time": [
      17.021411418914795,
      15.652036666870117,
      24.918397188186646,
      19.978211402893066,
      16.428385734558105
    ],
    "score_time": [
      0.039642333984375,
      0.041321516036987305,
      0.04265284538269043,
      0.04149985313415527,
      0.038247108459472656
    ],
    "test_r": [
      0.774397825439635,
      0.23373496273168434,
      0.5266474706452827,
      0.34116365781153224,
      0.179456031926159
    ],
    "test_r2": [
      0.3776952028274536,
      0.04137766361236572,
      -0.050585389137268066,
      0.1058620810508728,
      0.016573429107666016
    ],
    "test_rmse": [
      -65.08304073231656,
      -129.46304908770986,
      -64.31722815091732,
      -116.92457554740247,
      -164.44776856987653
    ],
    "test_mae": [
      -53.524952485519115,
      -63.96171434801289,
      -59.60727128209731,
      -63.50959847570082,
      -75.47846951533297
    ],
    "best_params": {
      "check_inverse": true,
      "func": null,
      "inverse_func": null,
      "regressor__kernel": "matern",
      "regressor__lr": 0.01,
      "regressor__n_epoch": 200,