{
  "6": {
    "fit_time": [
      0.08406281471252441,
      0.08760786056518555,
      0.08781075477600098,
      0.08769106864929199,
      0.08539724349975586
    ],
    "score_time": [
      0.018655061721801758,
      0.019077777862548828,
      0.01953411102294922,
      0.01888871192932129,
      0.02039957046508789
    ],
    "test_r": [
      0.12851822347082356,
      0.26448505371320935,
      0.5006783181984309,
      0.35350559510106216,
      0.5005481069183455
    ],
    "test_r2": [
      -0.02133788415935567,
      0.06451492177661122,
      -0.13227026859692703,
      0.06668103600875341,
      0.1717577190766043
    ],
    "test_rmse": [
      -166.81295399423985,
      -115.7687582255909,
      -65.56046541356943,
      -133.10649586018482,
      -63.33122620457219
    ],
    "test_mae": [
      -75.05375577207147,
      -56.30046275044152,
      -55.05021324716389,
      -70.68825613450156,
      -52.46958970862702
    ],
    "best_params": {
      "check_inverse": true,
      "func": null,
      "inverse_func": null,
      "regressor__bootstrap": true,
      "regressor__ccp_alpha": 0.0,
      "regressor__criterion": "squared_error",
      "regressor__max_depth": null,
      "regressor__max_features": "sqrt",
      "regressor__max_leaf_nodes": null,
      "regressor__max_samples": null,
      "regressor__min_impurity_decrease": 0.0,
      "regressor__min_samples_leaf": 0.05060301334581676,
      "regressor__min_samples_split": 0.055609912806435235,
      "regressor__min_weight_fraction_leaf": 0.0,
      "regressor__monotonic_cst": null,
      "regressor__n_estimators": 56,
      "regressor__n_jobs": null,
      "regressor__oob_score": false,
      "regressor__random_state": null,
      "regressor__verbose": 0,
      "regressor__warm_start": false,
      "transformer__memory": null,
      "transformer__verbose": false,
      "transformer__y scaler__copy": true,
      "transformer__y scaler__with_mean": true,
      "transformer__y scaler__with_std": true
    }
  },
  "13": {
    "fit_time": [
      2.4185423851013184,
      2.4901692867279053,
      2.4444050788879395,
      2.521366596221924,
      2.724959373474121
    ],
    "score_time": [
      0.13474655151367188,
      0.11402630805969238,
      0.11226916313171387,
      0.12004756927490234,
      0.1140902042388916
    ],
    "test_r": [
      0.42442094937604047,
      0.39007082939175297,
      0.024814840484186605,
      0.1948076085527954,
      0.684599484361389
    ],
    "test_r2": [
      -0.40332879820067236,
      0.04362240877409318,
      -0.027252671885435342,
      0.03677909497203857,
      0.2968055100906941
    ],
    "test_rmse": [
      -59.23951448402742,
      -143.63026544034324,
      -159.43566789111068,
      -120.38605219987967,
      -64.44729930013052
    ],
    "test_mae": [
      -52.43927484436779,
      -78.71201518966303,
      -67.36639206760354,
      -63.12120051643729,
      -51.29856840398627
    ],
    "best_params": {
      "check_inverse": true,
      "func": null,
      "inverse_func": null,
      "regressor__bootstrap": true,
      "regressor__ccp_alpha": 0.0,
      "regressor__criterion": "squared_error",
      "regressor__max_depth": null,
      "regressor__max_features": "sqrt",
      "regressor__max_leaf_nodes": null,
      "regressor__max_samples": null,
      "regressor__min_impurity_decrease": 0.0,
      "regressor__min_samples_leaf": 0.05,
      "regressor__min_samples_split": 0.10565330819852703,
      "regressor__min_weight_fraction_leaf": 0.0,
      "regressor__monotonic_cst": null,
      "regressor__n_estimators": 2000,
      "regressor__n_jobs": null,
      "regressor__oob_score": false,
      "regressor__random_state": null,
      "regressor__verbose": 0,
      "regressor__warm_start": false,
      "transformer__memory": null,
      "transformer__verbose": false,
      "transformer__y scaler__copy": true,
      "transformer__y scaler__with_mean": true,
      "transformer__y scaler__with_std": true
    }
  },
  "42": {
    "fit_time": [
      2.4076645374298096,
      2.500528573989868,
      2.469081401824951,
      2.6790854930877686,
      2.448068618774414
    ],
    "score_time": [
      0.11962056159973145,
      0.11256170272827148,
      0.1144413948059082,
      0.1164696216583252,
      0.1078941822052002
    ],
    "test_r": [
      0.2547693807117435,
      0.5115695850518392,
      0.06983124856524978,
      0.3288864557333604,
      0.5258087238715032
    ],
    "test_r2": [
      0.0490347358945562,
      0.18270928768439265,
      -0.004303206662527259,
      0.07085794786302979,
      0.12681342574421228
    ],
    "test_rmse": [
      -117.22634156345195,
      -67.17934678406313,
      -172.44413893623957,
      -126.55349343852019,
      -59.30907368330038
    ],
    "test_mae": [
      -58.023554950884254,
      -54.37609078246611,
      -74.0805830282518,
      -73.14338939276718,
      -49.83518722656738
    ],
    "best_params": {
      "check_inverse": true,
      "func": null,
      "inverse_func": null,
      "regressor__bootstrap": true,
      "regressor__ccp_alpha": 0.0,
      "regressor__criterion": "squared_error",
      "regressor__max_depth": null,
      "regressor__max_features": "sqrt",
      "regressor__max_leaf_nodes": null,
      "regressor__max_samples": null,
      "regressor__min_impurity_decrease": 0.0,
      "regressor__min_samples_leaf": 0.05,
      "regressor__min_samples_split": 0.05,
      "regressor__min_weight_fraction_leaf": 0.0,
      "regressor__monotonic_cst": null,
      "regressor__n_estimators": 2000,
      "regressor__n_jobs": null,
      "regressor__oob_score": false,
      "regressor__random_state": null,
      "regressor__verbose": 0,
      "regressor__warm_start": false,
      "transformer__memory": null,
      "transformer__verbose": false,
      "transformer__y scaler__copy": true,
      "transformer__y scaler__with_mean": true,
      "transformer__y scaler__with_std": true
    }
  },
  "69": {
    "fit_time": [
      0.07606983184814453,
      0.07520914077758789,
      0.07809162139892578,
      0.07617807388305664,
      0.07693862915039062
    ],
    "score_time": [
      0.03885531425476074,
      0.03905844688415527,
      0.03553891181945801,
      0.03655552864074707,
      0.0350034236907959
    ],
    "test_r": [
      0.2499300997582671,
      0.08450967640086117,
      0.5443779097425627,
      0.6073323294242687,
      0.23384079837494307
    ],
    "test_r2": [
      0.05662485969214426,
      -0.01045643920307282,
      0.014359196454261425,
      0.25766905666032003,
      0.04690428896286847
    ],
    "test_rmse": [
      -133.60978271800013,
      -157.53942439888246,
      -61.87963010629524,
      -58.32380849907967,
      -131.08090273246543
    ],
    "test_mae": [
      -68.8335624693349,
      -75.34187843936652,
      -52.521047428497795,
      -47.16124391730394,
      -68.46417109785588
    ],
    "best_params": {
      "check_inverse": true,
      "func": null,
      "inverse_func": null,
      "regressor__bootstrap": true,
      "regressor__ccp_alpha": 0.0,
      "regressor__criterion": "squared_error",
      "regressor__max_depth": null,
      "regressor__max_features": "sqrt",
      "regressor__max_leaf_nodes": null,
      "regressor__max_samples": null,
      "regressor__min_impurity_decrease": 0.0,
      "regressor__min_samples_leaf": 0.05,
      "regressor__min_samples_split": 0.05,
      "regressor__min_weight_fraction_leaf": 0.0,
      "regressor__monotonic_cst": null,
      "regressor__n_estimators": 50,
      "regressor__n_jobs": null,
      "regressor__oob_score": false,
      "regressor__random_state": null,
      "regressor__verbose": 0,
      "regressor__warm_start": false,
      "transformer__memory": null,
      "transformer__verbose": false,
      "transformer__y scaler__copy": true,
      "transformer__y scaler__with_mean": true,
      "transformer__y scaler__with_std": true
    }
  },