{
  "6": {
    "fit_time": [
      0.16306114196777344,
      0.13471007347106934,
      0.1369624137878418,
      0.16451621055603027,
      0.17584943771362305
    ],
    "score_time": [
      0.020746231079101562,
      0.018551349639892578,
      0.016729116439819336,
      0.02103257179260254,
      0.024576425552368164
    ],
    "test_r": [
      0.06508071561635029,
      0.19850076889862223,
      0.47019936856881533,
      0.3099418222080677,
      0.41277040895007094
    ],
    "test_r2": [
      -0.03564352134915705,
      0.0370757281788765,
      -0.1904936225618974,
      0.036488972272036624,
      0.08762138720821855
    ],
    "test_rmse": [
      -167.97714624458965,
      -117.45432397808047,
      -67.22495385054249,
      -135.2423006604551,
      -66.47016341664985
    ],
    "test_mae": [
      -78.9291302916103,
      -58.88831539162009,
      -58.05750259025117,
      -73.15458176516475,
      -56.377832686647736
    ],
    "best_params": {
      "check_inverse": true,
      "func": null,
      "inverse_func": null,
      "regressor__bootstrap": true,
      "regressor__ccp_alpha": 0.0,
      "regressor__criterion": "squared_error",
      "regressor__max_depth": null,
      "regressor__max_features": "sqrt",
      "regressor__max_leaf_nodes": null,
      "regressor__max_samples": null,
      "regressor__min_impurity_decrease": 0.0,
      "regressor__min_samples_leaf": 0.051144931885579795,
      "regressor__min_samples_split": 0.08763884950952322,
      "regressor__min_weight_fraction_leaf": 0.0,
      "regressor__monotonic_cst": null,
      "regressor__n_estimators": 112,
      "regressor__n_jobs": null,
      "regressor__oob_score": false,
      "regressor__random_state": null,
      "regressor__verbose": 0,
      "regressor__warm_start": false,
      "transformer__memory": null,
      "transformer__verbose": false,
      "transformer__y scaler__copy": true,
      "transformer__y scaler__with_mean": true,
      "transformer__y scaler__with_std": true
    }
  },
  "13": {
    "fit_time": [
      2.1538093090057373,
      2.139129638671875,
      2.7306041717529297,
      2.7027268409729004,
      2.819154977798462
    ],
    "score_time": [
      0.10741186141967773,
      0.11925649642944336,
      0.10126018524169922,
      0.1464381217956543,
      0.10814142227172852
    ],
    "test_r": [
      0.4752626293874106,
      0.3409206821420418,
      -0.014120797171196846,
      0.18373231670594062,
      0.5315931976503877
    ],
    "test_r2": [
      -0.4627158884871161,
      0.007660672470994223,
      -0.027492376538512442,
      0.03322842311932428,
      0.17993566126424287
    ],
    "test_rmse": [
      -60.47999701992206,
      -146.30574128039095,
      -159.45426859340063,
      -120.60773456066556,
      -69.59707001252899
    ],
    "test_mae": [
      -54.812379485617036,
      -82.39933621834591,
      -69.16684758636899,
      -62.41589828096771,
      -57.14637431768838
    ],
    "best_params": {
      "check_inverse": true,
      "func": null,
      "inverse_func": null,
      "regressor__bootstrap": true,
      "regressor__ccp_alpha": 0.0,
      "regressor__criterion": "squared_error",
      "regressor__max_depth": null,
      "regressor__max_features": "sqrt",
      "regressor__max_leaf_nodes": null,
      "regressor__max_samples": null,
      "regressor__min_impurity_decrease": 0.0,
      "regressor__min_samples_leaf": 0.05,
      "regressor__min_samples_split": 0.06512804265423183,
      "regressor__min_weight_fraction_leaf": 0.0,
      "regressor__monotonic_cst": null,
      "regressor__n_estimators": 2000,
      "regressor__n_jobs": null,
      "regressor__oob_score": false,
      "regressor__random_state": null,
      "regressor__verbose": 0,
      "regressor__warm_start": false,
      "transformer__memory": null,
      "transformer__verbose": false,
      "transformer__y scaler__copy": true,
      "transformer__y scaler__with_mean": true,
      "transformer__y scaler__with_std": true
    }
  },
  "42": {
    "fit_time": [
      0.3684208393096924,
      0.45707154273986816,
      0.37676358222961426,
      0.3693692684173584,
      0.5010638236999512
    ],
    "score_time": [
      0.02834010124206543,
      0.028003454208374023,
      0.027037382125854492,
      0.026548385620117188,
      0.03927135467529297
    ],
    "test_r": [
      0.17040013603946286,
      0.48650641173238895,
      -0.007980080984276227,
      0.2941708983188534,
      0.48485660806923137
    ],
    "test_r2": [
      0.01673449246770531,
      0.12318117362191217,
      -0.01972228003572951,
      0.042999733197991885,
      0.08640833249529944
    ],
    "test_rmse": [
      -119.2005576140658,
      -69.58288446897514,
      -173.76286458382708,
      -128.4366914058707,
      -60.6657653890366
    ],
    "test_mae": [
      -62.44280609545358,
      -56.01538085300032,
      -79.76117001212228,
      -75.1835651116958,
      -51.83409258050062
    ],
    "best_params": {
      "check_inverse": true,
      "func": null,
      "inverse_func": null,
      "regressor__bootstrap": true,
      "regressor__ccp_alpha": 0.0,
      "regressor__criterion": "squared_error",
      "regressor__max_depth": null,
      "regressor__max_features": "sqrt",
      "regressor__max_leaf_nodes": null,
      "regressor__max_samples": null,
      "regressor__min_impurity_decrease": 0.0,
      "regressor__min_samples_leaf": 0.05,
      "regressor__min_samples_split": 0.14984711507824017,
      "regressor__min_weight_fraction_leaf": 0.0,
      "regressor__monotonic_cst": null,
      "regressor__n_estimators": 339,
      "regressor__n_jobs": null,
      "regressor__oob_score": false,
      "regressor__random_state": null,
      "regressor__verbose": 0,
      "regressor__warm_start": false,
      "transformer__memory": null,
      "transformer__verbose": false,
      "transformer__y scaler__copy": true,
      "transformer__y scaler__with_mean": true,
      "transformer__y scaler__with_std": true
    }
  },
  "69": {
    "fit_time": [
      2.3504860401153564,
      2.1360230445861816,
      2.1554558277130127,
      2.12615966796875,
      2.671740770339966
    ],
    "score_time": [
      0.10513615608215332,
      0.1047067642211914,
      0.10091662406921387,
      0.10619688034057617,
      0.10282588005065918
    ],
    "test_r": [
      0.22818118140230126,
      0.02171016258393982,
      0.49310967113109033,
      0.5584383675814875,
      0.19987687494060308
    ],
    "test_r2": [
      0.03660161532051531,
      -0.02175749125270876,
      -0.04093672654261926,
      0.18233491581330563,
      0.02871015943334465
    ],
    "test_rmse": [
      -135.0202789288682,
      -158.41794368615234,
      -63.591715024634304,
      -61.211753372948635,
      -132.3261232255712
    ],
    "test_mae": [
      -71.00335689692707,
      -78.56009424326903,
      -54.677735277928996,
      -49.442024264465765,
      -70.43223057203213
    ],
    "best_params": {
      "check_inverse": true,
      "func": null,
      "inverse_func": null,
      "regressor__bootstrap": true,
      "regressor__ccp_alpha": 0.0,
      "regressor__criterion": "squared_error",
      "regressor__max_depth": null,
      "regressor__max_features": "sqrt",
      "regressor__max_leaf_nodes": null,
      "regressor__max_samples": null,
      "regressor__min_impurity_decrease": 0.0,
      "regressor__min_samples_leaf": 0.05,
      "regressor__min_samples_split": 0.05,
      "regressor__min_weight_fraction_leaf": 0.0,
      "regressor__monotonic_cst": null,
      "regressor__n_estimators": 2000,
      "regressor__n_jobs": null,
      "regressor__oob_score": false,
      "regressor__random_state": null,
      "regressor__verbose": 0,
      "regressor__warm_start": false,
      "transformer__memory": null,
      "transformer__verbose": false,
      "transformer__y scaler__copy": true,
      "transformer__y scaler__with_mean": true,