{
  "6": {
    "fit_time": [
      26.912115335464478,
      26.282936811447144,
      26.233119249343872,
      26.435569047927856,
      26.67474627494812
    ],
    "score_time": [
      0.4075942039489746,
      0.40756726264953613,
      0.4545407295227051,
      0.3916664123535156,
      0.39568471908569336
    ],
    "test_r": [
      0.24135107094094496,
      0.294014582737706,
      0.6267339758058723,
      0.4230429975132498,
      0.6110845668091596
    ],
    "test_r2": [
      0.01476342446434542,
      0.07659401801616461,
      0.03268834881047189,
      0.1758679678756324,
      0.31394181816514943
    ],
    "test_rmse": [
      -163.8382556358173,
      -115.0189197705954,
      -60.59686907223423,
      -125.07848219719544,
      -57.63942932683674
    ],
    "test_mae": [
      -71.78797895094743,
      -53.787835224043164,
      -49.16864811397616,
      -62.530089565353144,
      -45.90877866964221
    ],
    "best_params": {
      "check_inverse": true,
      "func": null,
      "inverse_func": null,
      "regressor__natural_gradient": true,
      "regressor__n_estimators": 1070,
      "regressor__learning_rate": 0.001,
      "regressor__minibatch_frac": 1,
      "regressor__col_sample": 1.0,
      "regressor__verbose": false,
      "transformer__memory": null,
      "transformer__verbose": false,
      "transformer__y scaler__copy": true,
      "transformer__y scaler__with_mean": true,
      "transformer__y scaler__with_std": true
    }
  },
  "13": {
    "fit_time": [
      38.107423543930054,
      38.62231993675232,
      39.39146566390991,
      38.53544878959656,
      37.338260889053345
    ],
    "score_time": [
      0.6994335651397705,
      0.5941932201385498,
      0.5644123554229736,
      0.5701477527618408,
      0.6177351474761963
    ],
    "test_r": [
      0.33966319183730836,
      0.46241038705814175,
      0.09024498604862273,
      0.2518058128479165,
      0.6955646544422388
    ],
    "test_r2": [
      -0.35131314680123515,
      0.1999985876278768,
      -0.006246108869353284,
      0.05052767610826914,
      0.45532237361408745
    ],
    "test_rmse": [
      -58.13126484979399,
      -131.3640846897652,
      -157.7970764416892,
      -119.52379614839761,
      -56.720070412201714
    ],
    "test_mae": [
      -46.98373947728268,
      -61.61805628330329,
      -62.77469402579101,
      -62.223189580714525,
      -43.554974494985245
    ],
    "best_params": {
      "check_inverse": true,
      "func": null,
      "inverse_func": null,
      "regressor__natural_gradient": true,
      "regressor__n_estimators": 1552,
      "regressor__learning_rate": 0.001,
      "regressor__minibatch_frac": 1,
      "regressor__col_sample": 1.0,
      "regressor__verbose": false,
      "transformer__memory": null,
      "transformer__verbose": false,
      "transformer__y scaler__copy": true,
      "transformer__y scaler__with_mean": true,
      "transformer__y scaler__with_std": true
    }
  },
  "42": {
    "fit_time": [
      41.280909061431885,
      40.937745809555054,
      37.397475481033325,
      40.95751142501831,
      41.243491411209106
    ],
    "score_time": [
      15.97045636177063,
      16.21901822090149,
      19.759149312973022,
      16.193912506103516,
      15.906059503555298
    ],
    "test_r": [
      0.2879468819717734,
      0.6977046604475345,
      0.18165995088184544,
      0.48440983720788044,
      0.3812488480883504
    ],
    "test_r2": [
      0.05926973371516453,
      0.40631946537865227,
      0.02292349900206947,
      0.22966617001461676,
      0.055682602053264474
    ],
    "test_rmse": [
      -116.59379629464533,
      -57.2563817341797,
      -170.09059392864106,
      -115.23185822142837,
      -61.67747868281979
    ],
    "test_mae": [
      -57.22230200800655,
      -44.79467650681689,
      -66.35580866433342,
      -59.00582272361576,
      -51.20847190628644
    ],
    "best_params": {
      "check_inverse": true,
      "func": null,
      "inverse_func": null,
      "regressor__natural_gradient": true,
      "regressor__n_estimators": 1626,
      "regressor__learning_rate": 0.0008626313698748144,
      "regressor__minibatch_frac": 1,
      "regressor__col_sample": 1.0,
      "regressor__verbose": false,
      "transformer__memory": null,
      "transformer__verbose": false,
      "transformer__y scaler__copy": true,
      "transformer__y scaler__with_mean": true,
      "transformer__y scaler__with_std": true
    }
  },
  "69": {
    "fit_time": [
      44.18459630012512,
      40.618956565856934,
      43.408820152282715,
      40.8296422958374,
      42.421738386154175
    ],
    "score_time": [
      0.6672587394714355,
      0.7159867286682129,
      0.6445810794830322,
      0.6275522708892822,
      0.6207661628723145
    ],
    "test_r": [
      0.3252127053056374,
      0.18711358922396756,
      0.6607796775260483,
      0.6756155766039853,
      0.3689368017731517
    ],
    "test_r2": [
      0.10278332076738628,
      0.014632938429004816,
      0.1852825516348683,
      0.45638764367335904,
      0.13454579437931957
    ],
    "test_rmse": [
      -130.30008924980044,
      -155.57129857286148,
      -56.258983459635296,
      -49.91048075268045,
      -124.90885069735906
    ],
    "test_mae": [
      -64.3026826089525,
      -70.55576568514415,
      -45.014955321688475,
      -36.29966112479478,
      -61.529494804147994
    ],
    "best_params": {
      "check_inverse": true,
      "func": null,
      "inverse_func": null,
      "regressor__natural_gradient": true,
      "regressor__n_estimators": 1717,
      "regressor__learning_rate": 0.001,
      "regressor__minibatch_frac": 1,
      "regressor__col_sample": 1.0,
      "regressor__verbose": false,
      "transformer__memory": null,
      "transformer__verbose": false,
      "transformer__y scaler__copy": true,
      "transformer__y scaler__with_mean": true,
      "transformer__y scaler__with_std": true
    }
  },
  "420": {
    "fit_time": [
      45.613452672958374,
      45.74025774002075,
      43.56449055671692,
      46.632121562957764,
      46.93794560432434
    ],
    "score_time": [
      0.6729066371917725,
      0.7590274810791016,
      0.7198054790496826,
      0.6786503791809082,
      0.6598501205444336
    ],
    "test_r": [
      0.7700356587028823,
      0.2741689846246899,
      0.3475606793653528,
      0.6309712821636291,
      0.2074218815610454
    ],
    "test_r2": [
      0.47603830233119104,
      0.04993036173023613,
      0.1179587501988486,
      0.3799181372045666,
      0.04153592289102914
    ],
    "test_rmse": [
      -49.48059439643714,
      -155.69083472807253,
      -129.41913207035432,
      -59.18740056093952,
      -123.75520944657198
    ],
    "test_mae": [
      -39.240956289644906,
      -73.01363895060513,
      -56.563177246236194,
      -45.15277606554464,
      -58.45984393258012
    ],
    "best_params": {
      "check_inverse": true,
      "func": null,
      "inverse_func": null,
      "regressor__natural_gradient": true,
      "regressor__n_estimators": 1845,
      "regressor__learning_rate": 0.001,
      "regressor__minibatch_frac": 1,
      "regressor__col_sample": 1.0,
      "regressor__verbose": false,
      "transformer__memory": null,
      "transformer__verbose": false,
      "transformer__y scaler__copy": true,
      "transformer__y scaler__with_mean": true,
      "transformer__y scaler__with_std": true
    }
  },
  "1234567890": {
    "fit_time": [
      37.940837383270264,
      38.292033672332764,
      35.22867441177368,
      38.30545210838318,
      38.37920784950256
    ],
    "score_time": [
      0.5710868835449219,
      0.5521442890167236,
      0.6009056568145752,
      0.6342828273773193,
      0.5758383274078369
    ],
    "test_r": [
      0.6582584645096933,
      0.3969594768139275,
      0.3042981593373888,
      0.35028606071139007,
      0.29993623919278295
    ],