{
  "6": {
    "fit_time": [
      0.2313060760498047,
      0.1379086971282959,
      0.1416771411895752,
      0.16687273979187012,
      0.1445329189300537
    ],
    "score_time": [
      0.03982043266296387,
      0.03738260269165039,
      0.03740048408508301,
      0.03812980651855469,
      0.03947949409484863
    ],
    "test_pearson_r": [
      0.5744443195843917,
      0.5116334110268956,
      0.36177670041663745,
      0.5208016755372253,
      0.45631958208299417
    ],
    "test_spearman_r": [
      0.6226208498346638,
      0.4862139579386692,
      0.30217403543914373,
      0.5622120844993185,
      0.4084539912215758
    ],
    "test_rmse": [
      -0.5516293138927533,
      -0.5484209103386217,
      -0.6327938392913424,
      -0.5410431915293463,
      -0.49476945294145797
    ],
    "test_mae": [
      -0.43755502022930515,
      -0.43365600144752864,
      -0.48688376837106456,
      -0.44396888592352135,
      -0.37751459109164487
    ],
    "test_r2": [
      0.3028450173511734,
      0.2483783019591932,
      -0.016433769557474553,
      0.2545987042645025,
      0.19797091374041687
    ],
    "best_params": {
      "check_inverse": true,
      "func": null,
      "inverse_func": null,
      "regressor__bootstrap": true,
      "regressor__ccp_alpha": 0.0,
      "regressor__criterion": "squared_error",
      "regressor__max_depth": null,
      "regressor__max_features": null,
      "regressor__max_leaf_nodes": null,
      "regressor__max_samples": null,
      "regressor__min_impurity_decrease": 0.0,
      "regressor__min_samples_leaf": 0.001662488547131416,
      "regressor__min_samples_split": 0.14236681796092082,
      "regressor__min_weight_fraction_leaf": 0.0,
      "regressor__monotonic_cst": null,
      "regressor__n_estimators": 17,
      "regressor__n_jobs": null,
      "regressor__oob_score": false,
      "regressor__random_state": null,
      "regressor__verbose": 0,
      "regressor__warm_start": false,
      "transformer__memory": null,
      "transformer__verbose": false,
      "transformer__y scaler__copy": true,
      "transformer__y scaler__with_mean": true,
      "transformer__y scaler__with_std": true
    }
  },
  "13": {
    "fit_time": [
      0.1200873851776123,
      0.12239551544189453,
      0.1910533905029297,
      0.15418624877929688,
      0.12450885772705078
    ],
    "score_time": [
      0.03577017784118652,
      0.035549163818359375,
      0.03581070899963379,
      0.0357820987701416,
      0.03710770606994629
    ],
    "test_pearson_r": [
      0.41241926023480846,
      0.67840916662081,
      0.38957938191335795,
      0.36068877704285,
      0.5248308999780851
    ],
    "test_spearman_r": [
      0.457660546758543,
      0.7075260434731301,
      0.404827911513886,
      0.37021055579334483,
      0.5364535969778785
    ],
    "test_rmse": [
      -0.5902444676839824,
      -0.4806846416728116,
      -0.5813891706449001,
      -0.6075922145255817,
      -0.4996617654262679
    ],
    "test_mae": [
      -0.5002615974654467,
      -0.36633731836709277,
      -0.4319876668233187,
      -0.45502360673426484,
      -0.4067685381167398
    ],
    "test_r2": [
      0.11437694048352043,
      0.45342388064256545,
      0.13267453303342513,
      0.10950108201266873,
      0.22021115618845843
    ],
    "best_params": {
      "check_inverse": true,
      "func": null,
      "inverse_func": null,
      "regressor__bootstrap": true,
      "regressor__ccp_alpha": 0.0,
      "regressor__criterion": "squared_error",
      "regressor__max_depth": null,
      "regressor__max_features": null,
      "regressor__max_leaf_nodes": null,
      "regressor__max_samples": null,
      "regressor__min_impurity_decrease": 0.0,
      "regressor__min_samples_leaf": 0.001,
      "regressor__min_samples_split": 0.001,
      "regressor__min_weight_fraction_leaf": 0.0,
      "regressor__monotonic_cst": null,
      "regressor__n_estimators": 10,
      "regressor__n_jobs": null,
      "regressor__oob_score": false,
      "regressor__random_state": null,
      "regressor__verbose": 0,
      "regressor__warm_start": false,
      "transformer__memory": null,
      "transformer__verbose": false,
      "transformer__y scaler__copy": true,
      "transformer__y scaler__with_mean": true,
      "transformer__y scaler__with_std": true
    }
  },
  "42": {
    "fit_time": [
      3.247828245162964,
      3.107917070388794,
      3.6674535274505615,
      3.4035141468048096,
      3.6619503498077393
    ],
    "score_time": [
      0.06816411018371582,
      0.06700801849365234,
      0.06974172592163086,
      0.06985735893249512,
      0.06802105903625488
    ],
    "test_pearson_r": [
      0.4870896718663739,
      0.33488546889683635,
      0.5957096155656557,
      0.6475961131458706,
      0.4429809317397717
    ],
    "test_spearman_r": [
      0.4794559924155447,
      0.3364209886123868,
      0.5357543721644263,
      0.5816542865303493,
      0.38317957770647804
    ],
    "test_rmse": [
      -0.5850996367213389,
      -0.6460786279033282,
      -0.40042501223276017,
      -0.49284539737435035,
      -0.5982330788325328
    ],
    "test_mae": [
      -0.4933389540494525,
      -0.4346501188389367,
      -0.33100804084930935,
      -0.3864613601987775,
      -0.5044704168980672
    ],
    "test_r2": [
      0.22878516122422843,
      0.031245792005099693,
      0.3540120743932863,
      0.4104825977903501,
      0.14145960528565116
    ],
    "best_params": {
      "check_inverse": true,
      "func": null,
      "inverse_func": null,
      "regressor__bootstrap": true,
      "regressor__ccp_alpha": 0.0,
      "regressor__criterion": "squared_error",
      "regressor__max_depth": null,
      "regressor__max_features": null,
      "regressor__max_leaf_nodes": null,
      "regressor__max_samples": null,
      "regressor__min_impurity_decrease": 0.0,
      "regressor__min_samples_leaf": 0.001,
      "regressor__min_samples_split": 0.04559593875481045,
      "regressor__min_weight_fraction_leaf": 0.0,
      "regressor__monotonic_cst": null,
      "regressor__n_estimators": 655,
      "regressor__n_jobs": null,
      "regressor__oob_score": false,
      "regressor__random_state": null,
      "regressor__verbose": 0,
      "regressor__warm_start": false,
      "transformer__memory": null,
      "transformer__verbose": false,
      "transformer__y scaler__copy": true,
      "transformer__y scaler__with_mean": true,
      "transformer__y scaler__with_std": true
    }
  },
  "69": {
    "fit_time": [
      13.185702085494995,
      12.572720527648926,
      12.8986177444458,
      11.923576354980469,
      12.04351806640625
    ],
    "score_time": [
      0.13394546508789062,
      0.13427400588989258,
      0.13979268074035645,
      0.14875006675720215,
      0.15943503379821777
    ],
    "test_pearson_r": [
      0.591177838155631,
      0.3453856194689754,
      0.5322100087293598,
      0.4758466446990998,
      0.4392053604997334
    ],
    "test_spearman_r": [
      0.6060218219948449,
      0.3306119348825605,
      0.5000945090352462,
      0.47184518734755804,
      0.42634581491466783
    ],
    "test_rmse": [
      -0.511058909806101,
      -0.5795779000140378,
      -0.5366910850003243,
      -0.5327740937972519,
      -0.6222793013320148
    ],
    "test_mae": [
      -0.40791647278715154,
      -0.4266795869568995,
      -0.4351986400204266,
      -0.43316689870958813,
      -0.4733693175874117
    ],
    "test_r2": [
      0.32295984174427206,
      0.04450081974868636,
      0.26610933855156227,
      0.19875702381526605,
      0.17680829478903326
    ],
    "best_params": {
      "check_inverse": true,
      "func": null,
      "inverse_func": null,
      "regressor__bootstrap": true,
      "regressor__ccp_alpha": 0.0,
      "regressor__criterion": "squared_error",
      "regressor__max_depth": null,
      "regressor__max_features": null,
      "regressor__max_leaf_nodes": null,