{
  "6": {
    "fit_time": [
      1.849548578262329,
      1.8235056400299072,
      1.857264518737793,
      1.8560833930969238,
      1.854114055633545
    ],
    "score_time": [
      0.08758687973022461,
      0.08813810348510742,
      0.08643603324890137,
      0.08614492416381836,
      0.08663129806518555
    ],
    "test_pearson_r": [
      0.5805819349555639,
      0.5017318233077748,
      0.3649697005772915,
      0.5419696283041592,
      0.4571744625973535
    ],
    "test_pearson_p": [
      -6.425028222754398e-06,
      -0.00015104582651037266,
      -0.007806857823080068,
      -3.329148903763313e-05,
      -0.0007445554637504506
    ],
    "test_spearman_r": [
      0.6283956745713645,
      0.46769402922216796,
      0.2838846640788974,
      0.5466305286990745,
      0.41037231842697036
    ],
    "test_spearman_p": [
      -6.110383463986328e-07,
      -0.00047230428995417254,
      -0.04139728189785829,
      -2.7588909592265925e-05,
      -0.002781099493585558
    ],
    "test_kendall_r": [
      0.47285302077110264,
      0.33832910424596185,
      0.21399603054360314,
      0.43098632319074337,
      0.32307953568350767
    ],
    "test_kendall_p": [
      -5.6600630958499254e-06,
      -0.0009674284502477448,
      -0.04467712695228129,
      -3.02281916494245e-05,
      -0.0020598138705610197
    ],
    "test_rmse": [
      -0.5544979373975435,
      -0.5611140853956429,
      -0.63009151756962,
      -0.5312992789850701,
      -0.4922024884497671
    ],
    "test_mae": [
      -0.45138611640214005,
      -0.4496849887447493,
      -0.4934448785953307,
      -0.43130147302778077,
      -0.37253855565686
    ],
    "test_r2": [
      0.29557537062102124,
      0.21318317203538573,
      -0.007771023559056456,
      0.28120553549670946,
      0.20627150500967117
    ],
    "best_params": {
      "check_inverse": true,
      "func": null,
      "inverse_func": null,
      "regressor__natural_gradient": true,
      "regressor__n_estimators": 110,
      "regressor__learning_rate": 0.01,
      "regressor__minibatch_frac": 1.0,
      "regressor__col_sample": 1.0,
      "regressor__verbose": false,
      "transformer__memory": null,
      "transformer__verbose": false,
      "transformer__y scaler__copy": true,
      "transformer__y scaler__with_mean": true,
      "transformer__y scaler__with_std": true
    }
  },
  "13": {
    "fit_time": [
      2.596966028213501,
      2.5945117473602295,
      2.591252326965332,
      2.586089849472046,
      2.589752435684204
    ],
    "score_time": [
      0.1094810962677002,
      0.10959959030151367,
      0.10962986946105957,
      0.10971593856811523,
      0.1088869571685791
    ],
    "test_pearson_r": [
      0.37621851512102916,
      0.6936978532210921,
      0.3884687775989316,
      0.36044296321562236,
      0.5044852242652452
    ],
    "test_pearson_p": [
      -0.005981628557296062,
      -1.1889612716475085e-08,
      -0.004428676010669953,
      -0.008667784955244,
      -0.00016013301678910339
    ],
    "test_spearman_r": [
      0.2747240324281313,
      0.6873748466433586,
      0.423726511805689,
      0.38490251735416964,
      0.4758062797994084
    ],
    "test_spearman_p": [
      -0.048722598186817755,
      -1.820077186949134e-08,
      -0.0017470728533245166,
      -0.004839283043919811,
      -0.0004173557224800483
    ],
    "test_kendall_r": [
      0.18206109024895956,
      0.5432917622516679,
      0.31105963281173976,
      0.28298359227828324,
      0.35044644226841326
    ],
    "test_kendall_p": [
      -0.0846521666991874,
      -1.0289672683546363e-07,
      -0.0029403578440460186,
      -0.006652686076847156,
      -0.0006941333991059382
    ],
    "test_rmse": [
      -0.6002356573445066,
      -0.47586949514992183,
      -0.5798603631763202,
      -0.6070938107213505,
      -0.5098667832225537
    ],
    "test_mae": [
      -0.508537778289469,
      -0.36239582414884663,
      -0.42853938020682514,
      -0.45601895467365533,
      -0.41276493725736974
    ],
    "test_r2": [
      0.0841409348111336,
      0.4643194322401185,
      0.13722993359360636,
      0.11096142335082959,
      0.1880332965649315
    ],
    "best_params": {
      "check_inverse": true,
      "func": null,
      "inverse_func": null,
      "regressor__natural_gradient": true,
      "regressor__n_estimators": 153,
      "regressor__learning_rate": 0.01,
      "regressor__minibatch_frac": 1.0,
      "regressor__col_sample": 1.0,
      "regressor__verbose": false,
      "transformer__memory": null,
      "transformer__verbose": false,
      "transformer__y scaler__copy": true,
      "transformer__y scaler__with_mean": true,
      "transformer__y scaler__with_std": true
    }
  },
  "42": {
    "fit_time": [
      2.1251237392425537,
      2.1199233531951904,
      2.1071414947509766,
      2.121407985687256,
      2.183695077896118
    ],
    "score_time": [
      0.09132933616638184,
      0.09393310546875,
      0.09323811531066895,
      0.09318208694458008,
      0.09560680389404297
    ],
    "test_pearson_r": [
      0.4972968558382584,
      0.33462016888231977,
      0.5980552883841614,
      0.6477782556471313,
      0.4446708121921787
    ],
    "test_pearson_p": [
      -0.000176437058163561,
      -0.015322203892633172,
      -2.8416697607092235e-06,
      -2.0933255211987052e-07,
      -0.0010784697088904165
    ],
    "test_spearman_r": [
      0.47860541689211844,
      0.3364209886123868,
      0.5357543721644263,
      0.5825343141973897,
      0.38373997779142727
    ],
    "test_spearman_p": [
      -0.00033196324810421687,
      -0.014746882927366981,
      -4.258733772778734e-05,
      -5.878996777412548e-06,
      -0.005439084935583205
    ],
    "test_kendall_r": [
      0.358626182491116,
      0.26430534151770857,
      0.4228575144472303,
      0.45270281857057115,
      0.266799324109235
    ],
    "test_kendall_p": [
      -0.0006506186655087018,
      -0.009599491037813905,
      -3.774208946945074e-05,
      -9.65822889299351e-06,
      -0.013439095489480914
    ],
    "test_rmse": [
      -0.584026996822896,
      -0.6395115362732228,
      -0.4012987702162841,
      -0.4958144838276984,
      -0.5987075871077518
    ],
    "test_mae": [
      -0.4912602546026946,
      -0.43822616714992435,
      -0.33121811889438507,
      -0.39196469760345426,
      -0.5110798609002982
    ],
    "test_r2": [
      0.2316102442877498,
      0.050839582909523284,
      0.35118980848854753,
      0.4033582522633403,
      0.14009710594701708
    ],
    "best_params": {
      "check_inverse": true,
      "func": null,
      "inverse_func": null,
      "regressor__natural_gradient": true,
      "regressor__n_estimators": 129,
      "regressor__learning_rate": 0.01,
      "regressor__minibatch_frac": 1.0,
      "regressor__col_sample": 1.0,
      "regressor__verbose": false,
      "transformer__memory": null,
      "transformer__verbose": false,
      "transformer__y scaler__copy": true,
      "transformer__y scaler__with_mean": true,
      "transformer__y scaler__with_std": true
    }
  },
  "69": {
    "fit_time": [
      10.90117597579956,
      10.905482292175293,
      11.01732587814331,
      10.983524322509766,
      10.87525200843811
    ],
    "score_time": [
      0.35042333602905273,
      0.3582034111022949,
      0.3559153079986572,
      0.357684850692749,
      0.3608675003051758
    ],
    "test_pearson_r": [
      0.5913177987765501,
      0.34863602203424227,
      0.5359008597230059,
      0.4788667352967643,
      0.4414809385927335
    ],
    "test_pearson_p": [
      -3.914218836627046e-06,
      -0.01131043845243593,
      -4.234323229883035e-05,
      -0.00032912412121325696,
      -0.0011827508232820816
    ],
    "test_spearman_r": [
      0.6060218219948449,
      0.33764907427518415,
      0.5000945090352462,
      0.4646608394945268,
      0.42587322630422086
    ],