{
  "6": {
    "fit_time": [
      0.8667924404144287,
      0.8708577156066895,
      0.8921306133270264,
      0.969036340713501,
      0.8780241012573242
    ],
    "score_time": [
      0.05097365379333496,
      0.050429582595825195,
      0.05070972442626953,
      0.05589437484741211,
      0.050418853759765625
    ],
    "test_pearson_r": [
      0.5472083057076901,
      0.4804639868069205,
      0.3579465909431898,
      0.512586279336102,
      0.43748908289043037
    ],
    "test_pearson_p": [
      -2.6948501086740782e-05,
      -0.000312244075735519,
      -0.009176863711776508,
      -0.00010232705968240528,
      -0.0013259133324245427
    ],
    "test_spearman_r": [
      0.6107166287970035,
      0.45927118803739875,
      0.30829330537060406,
      0.5254956041793339,
      0.38782884843512844
    ],
    "test_spearman_p": [
      -1.525736682550342e-06,
      -0.0006151718921802452,
      -0.02617800987605899,
      -6.328124253178679e-05,
      -0.004923941173872079
    ],
    "test_kendall_r": [
      0.48480350425722046,
      0.35495933332145996,
      0.26328380099308646,
      0.426771650069118,
      0.3144386825123809
    ],
    "test_kendall_p": [
      -9.071371846888086e-06,
      -0.0006727928689705835,
      -0.01628069330644893,
      -5.038052441626367e-05,
      -0.0029964592005907423
    ],
    "test_rmse": [
      -0.5699310128430494,
      -0.5716200562177011,
      -0.6304926644678904,
      -0.5431664059054242,
      -0.4973297300935248
    ],
    "test_mae": [
      -0.47807896264346095,
      -0.47251683366545055,
      -0.516907457653567,
      -0.4564151127202185,
      -0.38648494532282157
    ],
    "test_r2": [
      0.2558178621559887,
      0.18344354762917792,
      -0.009054624103172149,
      0.24873687230684471,
      0.18964893821314566
    ],
    "best_params": {
      "check_inverse": true,
      "func": null,
      "inverse_func": null,
      "regressor__natural_gradient": true,
      "regressor__n_estimators": 91,
      "regressor__learning_rate": 0.01,
      "regressor__minibatch_frac": 1.0,
      "regressor__col_sample": 1.0,
      "regressor__verbose": false,
      "transformer__memory": null,
      "transformer__verbose": false,
      "transformer__y scaler__copy": true,
      "transformer__y scaler__with_mean": true,
      "transformer__y scaler__with_std": true
    }
  },
  "13": {
    "fit_time": [
      1.4078750610351562,
      1.4022212028503418,
      1.4088850021362305,
      1.4086294174194336,
      1.5318167209625244
    ],
    "score_time": [
      0.07162952423095703,
      0.06969475746154785,
      0.07335329055786133,
      0.06947159767150879,
      0.07578897476196289
    ],
    "test_pearson_r": [
      0.3808616012221285,
      0.6885442240874851,
      0.3466590901731083,
      0.32422664804735774,
      0.4626805241995928
    ],
    "test_pearson_p": [
      -0.005344558054794805,
      -1.6836031210484487e-08,
      -0.01181471981304216,
      -0.019030558958067004,
      -0.0006296252000619175
    ],
    "test_spearman_r": [
      0.2827489125467089,
      0.7327400246149145,
      0.38678532881887867,
      0.37562412366460796,
      0.43385417787904573
    ],
    "test_spearman_p": [
      -0.04225315091868705,
      -6.60814330337279e-10,
      -0.004618523308004322,
      -0.0060677912697878564,
      -0.0014695424255440801
    ],
    "test_kendall_r": [
      0.20275621870058871,
      0.6061608062110899,
      0.2882220733940109,
      0.28511671554842355,
      0.3326579815370309
    ],
    "test_kendall_p": [
      -0.057432555487578106,
      -5.901293693809947e-09,
      -0.007895424800840267,
      -0.007983289088647583,
      -0.0018677526840660715
    ],
    "test_rmse": [
      -0.5949431185322687,
      -0.48211898280694415,
      -0.591164458948573,
      -0.6160981871987319,
      -0.5225725455567892
    ],
    "test_mae": [
      -0.5068529821353607,
      -0.3862325572020881,
      -0.45313896952368743,
      -0.4803503664110912,
      -0.4392743411915322
    ],
    "test_r2": [
      0.10022078467755524,
      0.4501570973166297,
      0.10326348416012943,
      0.08439352068611594,
      0.14706102442931857
    ],
    "best_params": {
      "check_inverse": true,
      "func": null,
      "inverse_func": null,
      "regressor__natural_gradient": true,
      "regressor__n_estimators": 147,
      "regressor__learning_rate": 0.01,
      "regressor__minibatch_frac": 1.0,
      "regressor__col_sample": 1.0,
      "regressor__verbose": false,
      "transformer__memory": null,
      "transformer__verbose": false,
      "transformer__y scaler__copy": true,
      "transformer__y scaler__with_mean": true,
      "transformer__y scaler__with_std": true
    }
  },
  "42": {
    "fit_time": [
      1.1731157302856445,
      1.164088487625122,
      1.1973402500152588,
      1.3096897602081299,
      1.2250475883483887
    ],
    "score_time": [
      0.061394691467285156,
      0.05943441390991211,
      0.06370019912719727,
      0.06533479690551758,
      0.0567324161529541
    ],
    "test_pearson_r": [
      0.46322124927546837,
      0.2875775489287171,
      0.6003768424159251,
      0.6349698988949048,
      0.4340581312460583
    ],
    "test_pearson_p": [
      -0.0005439220543222035,
      -0.03871227959115159,
      -2.540485558778754e-06,
      -4.2842717896747787e-07,
      -0.0014611299567645563
    ],
    "test_spearman_r": [
      0.47154016366785667,
      0.2820093873899418,
      0.560237804787852,
      0.5976012858897954,
      0.42245050770478204
    ],
    "test_spearman_p": [
      -0.000417662449556528,
      -0.042818197366191725,
      -1.568285873823914e-05,
      -2.904319295958271e-06,
      -0.002014531775901216
    ],
    "test_kendall_r": [
      0.3654888099512095,
      0.23279346474257595,
      0.45501801615799387,
      0.4921663503995238,
      0.3164659070859208
    ],
    "test_kendall_p": [
      -0.0006253861661681953,
      -0.027134307779298074,
      -1.589433261661615e-05,
      -2.8304838097724643e-06,
      -0.004263477535291642
    ],
    "test_rmse": [
      -0.595631109740664,
      -0.6515887520859973,
      -0.4013000083813877,
      -0.5063771633976205,
      -0.6025955055607102
    ],
    "test_mae": [
      -0.5085270889482272,
      -0.46600166864675024,
      -0.3367915190235076,
      -0.42515323841700503,
      -0.5267679648093024
    ],
    "test_r2": [
      0.20077241336851004,
      0.014651159984048423,
      0.3511858048113029,
      0.3776661226935333,
      0.12889267951342698
    ],
    "best_params": {
      "check_inverse": true,
      "func": null,
      "inverse_func": null,
      "regressor__natural_gradient": true,
      "regressor__n_estimators": 123,
      "regressor__learning_rate": 0.01,
      "regressor__minibatch_frac": 1.0,
      "regressor__col_sample": 1.0,
      "regressor__verbose": false,
      "transformer__memory": null,
      "transformer__verbose": false,
      "transformer__y scaler__copy": true,
      "transformer__y scaler__with_mean": true,
      "transformer__y scaler__with_std": true
    }
  },
  "69": {
    "fit_time": [
      1.2423975467681885,
      1.2736284732818604,
      1.2804090976715088,
      1.3216884136199951,
      1.4025137424468994
    ],
    "score_time": [
      0.06123781204223633,
      0.06376957893371582,
      0.06517434120178223,
      0.06504678726196289,
      0.06648826599121094
    ],
    "test_pearson_r": [
      0.5963337149818334,
      0.3264717094236687,
      0.48473315775849246,
      0.45332660888507503,
      0.42789233140532634
    ],
    "test_pearson_p": [
      -3.0860994884730796e-06,
      -0.018170895392387153,
      -0.00027091139059685817,
      -0.0007383298442272956,
      -0.0017353611953929687
    ],
    "test_spearman_r": [
      0.6028804393087224,
      0.31345202362210817,
      0.4891660403176286,
      0.475761598726093,
      0.403103425378159
    ],