{
  "6": {
    "fit_time": [
      3.2339911460876465,
      3.088439464569092,
      3.3042004108428955,
      3.2047879695892334,
      3.178907632827759
    ],
    "score_time": [
      0.07874488830566406,
      0.07570624351501465,
      0.06938600540161133,
      0.07411956787109375,
      0.07543802261352539
    ],
    "test_pearson_r": [
      0.5736014287070119,
      0.5125832941483789,
      0.36198958109238466,
      0.5447597401275692,
      0.4590679525345808
    ],
    "test_pearson_p": [
      -8.785557875616952e-06,
      -0.00010233820459799005,
      -0.008364818668566172,
      -2.9759950603820914e-05,
      -0.0007030621052451704
    ],
    "test_spearman_r": [
      0.616879447764467,
      0.4891982118550723,
      0.2825025374944266,
      0.551293027166342,
      0.41091105289423785
    ],
    "test_spearman_p": [
      -1.1161191949909292e-06,
      -0.00023305676663431973,
      -0.04244071449955557,
      -2.2797330659261418e-05,
      -0.002742068585660427
    ],
    "test_kendall_r": [
      0.47016822212873755,
      0.35666220841692536,
      0.21422775343828554,
      0.433991684054169,
      0.3245384571055578
    ],
    "test_kendall_p": [
      -6.162789436553215e-06,
      -0.0005039646317256259,
      -0.04464648956049717,
      -2.6162536402723076e-05,
      -0.001946731598381172
    ],
    "test_rmse": [
      -0.5582429403979701,
      -0.5626204312911982,
      -0.6307100159820166,
      -0.5306007383369024,
      -0.49109613866745666
    ],
    "test_mae": [
      -0.45462900084657626,
      -0.4517559525137519,
      -0.49725351737489887,
      -0.4319090037355885,
      -0.3728800907100771
    ],
    "test_r2": [
      0.286028063908221,
      0.20895298346370095,
      -0.009750452511876784,
      0.28309440337679737,
      0.20983570651478645
    ],
    "best_params": {
      "check_inverse": true,
      "func": null,
      "inverse_func": null,
      "regressor__natural_gradient": true,
      "regressor__n_estimators": 94,
      "regressor__learning_rate": 0.01,
      "regressor__minibatch_frac": 1.0,
      "regressor__col_sample": 1.0,
      "regressor__verbose": false,
      "transformer__memory": null,
      "transformer__verbose": false,
      "transformer__y scaler__copy": true,
      "transformer__y scaler__with_mean": true,
      "transformer__y scaler__with_std": true
    }
  },
  "13": {
    "fit_time": [
      42.273000717163086,
      42.455806732177734,
      40.99161219596863,
      41.629823207855225,
      41.1456139087677
    ],
    "score_time": [
      0.630549430847168,
      0.6476693153381348,
      0.6544594764709473,
      0.6450469493865967,
      0.6330485343933105
    ],
    "test_pearson_r": [
      0.3687367114198453,
      0.690170485267776,
      0.37503288957315134,
      0.35804084212681775,
      0.5031029089500503
    ],
    "test_pearson_p": [
      -0.007148034223954074,
      -1.5097412150100603e-08,
      -0.006154569480665121,
      -0.009157183510401143,
      -0.00016802967358387977
    ],
    "test_spearman_r": [
      0.2495480274641854,
      0.6873748466433586,
      0.4032907047915862,
      0.3848129322227012,
      0.47636929668831146
    ],
    "test_spearman_p": [
      -0.07440474594996771,
      -1.820077186949134e-08,
      -0.0030317366367831017,
      -0.004850013725512552,
      -0.0004099073773074144
    ],
    "test_kendall_r": [
      0.15885722580546474,
      0.5432917622516679,
      0.297040043727267,
      0.28125280578116835,
      0.3567165412369751
    ],
    "test_kendall_p": [
      -0.13244143373845674,
      -1.0289672683546363e-07,
      -0.004513190046765161,
      -0.006993584095860676,
      -0.0005433889754584309
    ],
    "test_rmse": [
      -0.6011252899580322,
      -0.4736566671422773,
      -0.5856491510595445,
      -0.6106512161531849,
      -0.5117048705338282
    ],
    "test_mae": [
      -0.5069513785892892,
      -0.36082560359949745,
      -0.43131478076260216,
      -0.45367454636295823,
      -0.41403064679384693
    ],
    "test_r2": [
      0.0814240622263096,
      0.4692897568744637,
      0.1199177566706382,
      0.10051184602770724,
      0.18216840817026714
    ],
    "best_params": {
      "check_inverse": true,
      "func": null,
      "inverse_func": null,
      "regressor__natural_gradient": true,
      "regressor__n_estimators": 1216,
      "regressor__learning_rate": 0.01,
      "regressor__minibatch_frac": 1.0,
      "regressor__col_sample": 1.0,
      "regressor__verbose": false,
      "transformer__memory": null,
      "transformer__verbose": false,
      "transformer__y scaler__copy": true,
      "transformer__y scaler__with_mean": true,
      "transformer__y scaler__with_std": true
    }
  },
  "42": {
    "fit_time": [
      60.31406807899475,
      57.885475873947144,
      58.33705759048462,
      60.31010389328003,
      57.735167503356934
    ],
    "score_time": [
      1.0411157608032227,
      0.9304399490356445,
      0.8989136219024658,
      0.8986401557922363,
      0.9072120189666748
    ],
    "test_pearson_r": [
      0.47937590779964506,
      0.3321788176829793,
      0.6021057657511296,
      0.6474773657724477,
      0.44010691715101014
    ],
    "test_pearson_p": [
      -0.00032365532849978586,
      -0.01613266817454905,
      -2.3357759979827626e-06,
      -2.1296603737594933e-07,
      -0.0012303850028971448
    ],
    "test_spearman_r": [
      0.46602585257197204,
      0.3250904040728827,
      0.5374454317326836,
      0.5816542865303493,
      0.38457241532503983
    ],
    "test_spearman_p": [
      -0.000497952168460033,
      -0.01869582121847528,
      -3.984651985555272e-05,
      -6.119559802162304e-06,
      -0.005330545581864468
    ],
    "test_kendall_r": [
      0.35513590334278394,
      0.2576140670489058,
      0.429623234678386,
      0.4493679911777861,
      0.2692189970282971
    ],
    "test_kendall_p": [
      -0.0007344068596227625,
      -0.011590783125670322,
      -2.8289189135356187e-05,
      -1.1226493984295915e-05,
      -0.012479606099617737
    ],
    "test_rmse": [
      -0.5873834699766357,
      -0.6459205691415653,
      -0.39813552761539184,
      -0.4921086455009188,
      -0.5974518028325029
    ],
    "test_mae": [
      -0.4960410618064755,
      -0.43617344102389816,
      -0.32384218031053774,
      -0.38135460740607774,
      -0.5002903355625913
    ],
    "test_r2": [
      0.22275280879080528,
      0.03171973234009706,
      0.36137800429458977,
      0.4122438130335233,
      0.1437006014259007
    ],
    "best_params": {
      "check_inverse": true,
      "func": null,
      "inverse_func": null,
      "regressor__natural_gradient": true,
      "regressor__n_estimators": 1751,
      "regressor__learning_rate": 0.01,
      "regressor__minibatch_frac": 1.0,
      "regressor__col_sample": 1.0,
      "regressor__verbose": false,
      "transformer__memory": null,
      "transformer__verbose": false,
      "transformer__y scaler__copy": true,
      "transformer__y scaler__with_mean": true,
      "transformer__y scaler__with_std": true
    }
  },
  "69": {
    "fit_time": [
      5.759072542190552,
      5.585787296295166,
      5.745798110961914,
      5.666309118270874,
      5.81577730178833
    ],
    "score_time": [
      0.12037420272827148,
      0.11639118194580078,
      0.11304879188537598,
      0.11979508399963379,
      0.10931158065795898
    ],
    "test_pearson_r": [
      0.5766237417363281,
      0.34832130826695973,
      0.5197468155125577,
      0.4737723594937395,
      0.44071973705246853
    ],
    "test_pearson_p": [
      -7.679183649543058e-06,
      -0.01138945450277986,
      -7.857072509693746e-05,
      -0.0003886396993679294,
      -0.0012089319143622657
    ],
    "test_spearman_r": [
      0.5539374216955222,
      0.3306119348825605,
      0.49704834038163825,
      0.45633750966479547,
      0.42634581491466783
    ],