{
  "6": {
    "fit_time": [
      0.14364266395568848,
      0.13883590698242188,
      0.1500096321105957,
      0.14372634887695312,
      0.151519775390625
    ],
    "score_time": [
      0.022321224212646484,
      0.023345947265625,
      0.02330780029296875,
      0.021510601043701172,
      0.02251267433166504
    ],
    "test_pearson_r": [
      0.5875810440536113,
      0.5107228514384967,
      0.3589004610849407,
      0.5354577879279946,
      0.45797604845386475
    ],
    "test_spearman_r": [
      0.6158985929145983,
      0.48559955272058625,
      0.31474389655721674,
      0.528190968286427,
      0.43264158372104466
    ],
    "test_rmse": [
      -0.5482130707337273,
      -0.5545781471096696,
      -0.6396136403716989,
      -0.5368002683527996,
      -0.4940139343361479
    ],
    "test_mae": [
      -0.4389692398123414,
      -0.44067990924312306,
      -0.49024288642117686,
      -0.4328820186459639,
      -0.37194214428374817
    ],
    "test_r2": [
      0.31145324788656703,
      0.23140633045434345,
      -0.03846062600783706,
      0.2662439090476505,
      0.20041845874704567
    ],
    "best_params": {
      "check_inverse": true,
      "func": null,
      "inverse_func": null,
      "regressor__bootstrap": true,
      "regressor__ccp_alpha": 0.0,
      "regressor__criterion": "squared_error",
      "regressor__max_depth": null,
      "regressor__max_features": null,
      "regressor__max_leaf_nodes": null,
      "regressor__max_samples": null,
      "regressor__min_impurity_decrease": 0.0,
      "regressor__min_samples_leaf": 0.0011840491877774216,
      "regressor__min_samples_split": 0.11345697850828033,
      "regressor__min_weight_fraction_leaf": 0.0,
      "regressor__monotonic_cst": null,
      "regressor__n_estimators": 54,
      "regressor__n_jobs": null,
      "regressor__oob_score": false,
      "regressor__random_state": null,
      "regressor__verbose": 0,
      "regressor__warm_start": false,
      "transformer__memory": null,
      "transformer__verbose": false,
      "transformer__y scaler__copy": true,
      "transformer__y scaler__with_mean": true,
      "transformer__y scaler__with_std": true
    }
  },
  "13": {
    "fit_time": [
      4.488477468490601,
      4.443638563156128,
      4.253634452819824,
      4.3222174644470215,
      4.328232288360596
    ],
    "score_time": [
      0.11769843101501465,
      0.12143063545227051,
      0.11871933937072754,
      0.12066149711608887,
      0.12023186683654785
    ],
    "test_pearson_r": [
      0.38786062575021485,
      0.7078157248335886,
      0.38107285582923006,
      0.3559120225481453,
      0.4987749215740481
    ],
    "test_spearman_r": [
      0.41597419071316877,
      0.6873748466433586,
      0.4216467615343423,
      0.3765711001276043,
      0.4737020029838681
    ],
    "test_rmse": [
      -0.5981186397068685,
      -0.47848663070523206,
      -0.5841556090468031,
      -0.6119244680647046,
      -0.5135592385173354
    ],
    "test_mae": [
      -0.5071610449539757,
      -0.37780843394765606,
      -0.43145007424079285,
      -0.4595459176042465,
      -0.41736434230414354
    ],
    "test_r2": [
      0.09058997048772477,
      0.45841107367850054,
      0.12440086311268828,
      0.09675693988264056,
      0.17623018580610195
    ],
    "best_params": {
      "check_inverse": true,
      "func": null,
      "inverse_func": null,
      "regressor__bootstrap": true,
      "regressor__ccp_alpha": 0.0,
      "regressor__criterion": "squared_error",
      "regressor__max_depth": null,
      "regressor__max_features": null,
      "regressor__max_leaf_nodes": null,
      "regressor__max_samples": null,
      "regressor__min_impurity_decrease": 0.0,
      "regressor__min_samples_leaf": 0.001,
      "regressor__min_samples_split": 0.07786802512305392,
      "regressor__min_weight_fraction_leaf": 0.0,
      "regressor__monotonic_cst": null,
      "regressor__n_estimators": 2000,
      "regressor__n_jobs": null,
      "regressor__oob_score": false,
      "regressor__random_state": null,
      "regressor__verbose": 0,
      "regressor__warm_start": false,
      "transformer__memory": null,
      "transformer__verbose": false,
      "transformer__y scaler__copy": true,
      "transformer__y scaler__with_mean": true,
      "transformer__y scaler__with_std": true
    }
  },
  "42": {
    "fit_time": [
      4.598367691040039,
      4.093096971511841,
      4.218286752700806,
      4.496742248535156,
      4.454046249389648
    ],
    "score_time": [
      0.12126517295837402,
      0.11415290832519531,
      0.11708688735961914,
      0.12537288665771484,
      0.1253194808959961
    ],
    "test_pearson_r": [
      0.4892030706798302,
      0.33025559833882656,
      0.5881747753732671,
      0.6515984078476139,
      0.4443525188367848
    ],
    "test_spearman_r": [
      0.4765461287827706,
      0.3360669078455273,
      0.5226264097266404,
      0.5775181564952595,
      0.3813887864826129
    ],
    "test_rmse": [
      -0.5842222557008239,
      -0.6471290029290948,
      -0.4031248643675515,
      -0.4925889612597683,
      -0.5990421220905262
    ],
    "test_mae": [
      -0.4922528140314354,
      -0.4395284983819062,
      -0.3348918061740755,
      -0.39023018712705954,
      -0.5086877506044968
    ],
    "test_r2": [
      0.23109636392584554,
      0.02809328908237696,
      0.3452716036462451,
      0.41109591070259177,
      0.13913587554041573
    ],
    "best_params": {
      "check_inverse": true,
      "func": null,
      "inverse_func": null,
      "regressor__bootstrap": true,
      "regressor__ccp_alpha": 0.0,
      "regressor__criterion": "squared_error",
      "regressor__max_depth": null,
      "regressor__max_features": null,
      "regressor__max_leaf_nodes": null,
      "regressor__max_samples": null,
      "regressor__min_impurity_decrease": 0.0,
      "regressor__min_samples_leaf": 0.001,
      "regressor__min_samples_split": 0.1000325896280375,
      "regressor__min_weight_fraction_leaf": 0.0,
      "regressor__monotonic_cst": null,
      "regressor__n_estimators": 2000,
      "regressor__n_jobs": null,
      "regressor__oob_score": false,
      "regressor__random_state": null,
      "regressor__verbose": 0,
      "regressor__warm_start": false,
      "transformer__memory": null,
      "transformer__verbose": false,
      "transformer__y scaler__copy": true,
      "transformer__y scaler__with_mean": true,
      "transformer__y scaler__with_std": true
    }
  },
  "69": {
    "fit_time": [
      4.35132908821106,
      4.31105637550354,
      4.5917885303497314,
      4.23194694519043,
      4.554648160934448
    ],
    "score_time": [
      0.11749649047851562,
      0.11506938934326172,
      0.11611628532409668,
      0.1194615364074707,
      0.11512303352355957
    ],
    "test_pearson_r": [
      0.5970439391937292,
      0.34702128295600837,
      0.5329227621234901,
      0.4620356960267029,
      0.44125984880423186
    ],
    "test_spearman_r": [
      0.603633869385966,
      0.3384507736996602,
      0.503777190541847,
      0.47184518734755804,
      0.4332456086271925
    ],
    "test_rmse": [
      -0.5095431915438446,
      -0.5785924470578911,
      -0.536775235374876,
      -0.5384446030271666,
      -0.6214773014372788
    ],
    "test_mae": [
      -0.4063689673549993,
      -0.42647316447037464,
      -0.4329138144011264,
      -0.4424215491655857,
      -0.47423790881376177
    ],
    "test_r2": [
      0.32696987008941825,
      0.04774731687586342,
      0.2658791800213791,
      0.1816104148714225,
      0.17892880313149173
    ],
    "best_params": {
      "check_inverse": true,
      "func": null,
      "inverse_func": null,
      "regressor__bootstrap": true,
      "regressor__ccp_alpha": 0.0,
      "regressor__criterion": "squared_error",
      "regressor__max_depth": null,
      "regressor__max_features": null,
      "regressor__max_leaf_nodes": null,