{
  "6": {
    "fit_time": [
      0.9028432369232178,
      0.9838263988494873,
      0.9006025791168213,
      0.9094023704528809,
      0.8954062461853027
    ],
    "score_time": [
      0.05610346794128418,
      0.051497459411621094,
      0.05602002143859863,
      0.05696368217468262,
      0.057199716567993164
    ],
    "test_r": [
      0.7674392349514321,
      0.7248784158940864,
      0.8319433099368728,
      0.692668747417127,
      0.5778527453013194
    ],
    "test_r2": [
      0.49111129412699883,
      0.5225266146672274,
      0.6026954452190345,
      -0.36658180256661654,
      0.14272975174401115
    ],
    "test_rmse": [
      -3.755585228742547,
      -5.313355959035135,
      -5.2262675021061105,
      -6.926952169225125,
      -25.274698064625344
    ],
    "test_mae": [
      -2.3558222542176734,
      -3.2164807290952795,
      -3.0386021181635425,
      -2.9923898120735872,
      -8.6720771106318
    ],
    "best_params": {
      "check_inverse": true,
      "func": null,
      "inverse_func": null,
      "regressor__natural_gradient": true,
      "regressor__n_estimators": 50,
      "regressor__learning_rate": 0.036444741435746185,
      "regressor__minibatch_frac": 1,
      "regressor__col_sample": 1.0,
      "regressor__verbose": false,
      "transformer__memory": null,
      "transformer__verbose": false,
      "transformer__y scaler__copy": true,
      "transformer__y scaler__with_mean": true,
      "transformer__y scaler__with_std": true
    }
  },
  "13": {
    "fit_time": [
      46.80203866958618,
      44.84507393836975,
      45.05680799484253,
      43.31733560562134,
      44.52038383483887
    ],
    "score_time": [
      0.80354905128479,
      0.8817286491394043,
      0.8833978176116943,
      0.878089189529419,
      0.8907134532928467
    ],
    "test_r": [
      0.8408144230685345,
      0.7262582664730107,
      0.7952546508306257,
      0.3877422516132756,
      0.8232856372238735
    ],
    "test_r2": [
      0.6759682683894874,
      0.5181941978360018,
      0.6297909297916293,
      0.10957312939214103,
      0.6175568704499005
    ],
    "test_rmse": [
      -3.2750471555171914,
      -5.438477724104751,
      -4.897777746680653,
      -25.34638804137208,
      -5.1039110310055325
    ],
    "test_mae": [
      -1.9732165418972696,
      -3.2686816067729705,
      -2.446555279971712,
      -8.248152497918063,
      -2.2852304975007884
    ],
    "best_params": {
      "check_inverse": true,
      "func": null,
      "inverse_func": null,
      "regressor__natural_gradient": true,
      "regressor__n_estimators": 2000,
      "regressor__learning_rate": 0.1,
      "regressor__minibatch_frac": 1,
      "regressor__col_sample": 1.0,
      "regressor__verbose": false,
      "transformer__memory": null,
      "transformer__verbose": false,
      "transformer__y scaler__copy": true,
      "transformer__y scaler__with_mean": true,
      "transformer__y scaler__with_std": true
    }
  },
  "42": {
    "fit_time": [
      41.75240874290466,
      45.10564827919006,
      39.52135157585144,
      45.805973529815674,
      43.87378931045532
    ],
    "score_time": [
      0.9051458835601807,
      0.8698551654815674,
      0.9020833969116211,
      0.8165678977966309,
      0.8710558414459229
    ],
    "test_r": [
      0.9846133366127885,
      0.8665950482652771,
      0.9654810445451714,
      0.9088379593438187,
      0.670304662891243
    ],
    "test_r2": [
      0.9653775827623661,
      0.7465220766910646,
      0.9251073085882429,
      0.7851782103306232,
      0.44590748408402203
    ],
    "test_rmse": [
      -3.524479783722012,
      -3.9671852560960033,
      -5.6694244741646305,
      -3.517423613330037,
      -5.5719362551317735
    ],
    "test_mae": [
      -1.785491101459728,
      -2.583788773813088,
      -2.784212886126992,
      -2.064582635272437,
      -2.4956143814394975
    ],
    "best_params": {
      "check_inverse": true,
      "func": null,
      "inverse_func": null,
      "regressor__natural_gradient": true,
      "regressor__n_estimators": 2000,
      "regressor__learning_rate": 0.027928650021485465,
      "regressor__minibatch_frac": 1,
      "regressor__col_sample": 1.0,
      "regressor__verbose": false,
      "transformer__memory": null,
      "transformer__verbose": false,
      "transformer__y scaler__copy": true,
      "transformer__y scaler__with_mean": true,
      "transformer__y scaler__with_std": true
    }
  },
  "69": {
    "fit_time": [
      4.515060186386108,
      4.5395307540893555,
      4.4881696701049805,
      4.526964426040649,
      4.502265453338623
    ],
    "score_time": [
      0.14755630493164062,
      0.14924979209899902,
      0.16392278671264648,
      0.14643168449401855,
      0.14819025993347168
    ],
    "test_r": [
      0.8171573530822537,
      0.9530324159854427,
      0.9857566631684462,
      0.610510316291543,
      0.7408818856878674
    ],
    "test_r2": [
      0.5670759153552057,
      0.8976537759798582,
      0.9684755853278595,
      0.30872515295943825,
      0.4926699299392585
    ],
    "test_rmse": [
      -6.0176700705711745,
      -6.4263580545301675,
      -3.4670494054217924,
      -4.245895704055411,
      -5.547653016716709
    ],
    "test_mae": [
      -2.9878390324017157,
      -3.6269283194197506,
      -2.302595164622646,
      -2.9730544540762103,
      -2.59632009793044
    ],
    "best_params": {
      "check_inverse": true,
      "func": null,
      "inverse_func": null,
      "regressor__natural_gradient": true,
      "regressor__n_estimators": 264,
      "regressor__learning_rate": 0.008835802339534989,
      "regressor__minibatch_frac": 1,
      "regressor__col_sample": 1.0,
      "regressor__verbose": false,
      "transformer__memory": null,
      "transformer__verbose": false,
      "transformer__y scaler__copy": true,
      "transformer__y scaler__with_mean": true,
      "transformer__y scaler__with_std": true
    }
  },
  "420": {
    "fit_time": [
      0.9090030193328857,
      0.9100303649902344,
      0.9519386291503906,
      0.904808759689331,
      0.9000697135925293
    ],
    "score_time": [
      0.08676791191101074,
      0.08455657958984375,
      0.061168670654296875,
      0.08671998977661133,
      0.09002804756164551
    ],
    "test_r": [
      0.6638636722524929,
      0.9141014224051625,
      0.9776559662573047,
      0.703016053982804,
      0.8405184366293773
    ],
    "test_r2": [
      -0.289044889813344,
      0.8155834898851466,
      0.9533593867784075,
      -0.14909726277639557,
      0.7056044215216408
    ],
    "test_rmse": [
      -7.210152348931656,
      -8.846717628001038,
      -4.373597825557246,
      -4.255855299449197,
      -3.8573457326026332
    ],
    "test_mae": [
      -2.739402449499061,
      -4.427147597549502,
      -2.5801220913942133,
      -2.5877556138813764,
      -2.34516810854739
    ],
    "best_params": {
      "check_inverse": true,
      "func": null,
      "inverse_func": null,
      "regressor__natural_gradient": true,
      "regressor__n_estimators": 50,
      "regressor__learning_rate": 0.1,
      "regressor__minibatch_frac": 1,
      "regressor__col_sample": 1.0,
      "regressor__verbose": false,
      "transformer__memory": null,
      "transformer__verbose": false,
      "transformer__y scaler__copy": true,
      "transformer__y scaler__with_mean": true,
      "transformer__y scaler__with_std": true
    }
  },
  "1234567890": {
    "fit_time": [
      9.434984683990479,
      9.11163067817688,
      7.560129404067993,
      8.386271715164185,
      8.770023822784424
    ],
    "score_time": [
      0.1916651725769043,
      0.2144765853881836,
      0.24157190322875977,
      0.21792268753051758,
      0.22015714645385742
    ],
    "test_r": [
      0.9759767204684358,
      0.9654779081699496,
      0.7786137634665452,
      0.6224011850680362,
      0.9211664329230277
    ],