{
  "6": {
    "fit_time": [
      0.09968018531799316,
      0.1030271053314209,
      0.10428810119628906,
      0.1021578311920166,
      0.1185922622680664
    ],
    "score_time": [
      0.050779104232788086,
      0.046544551849365234,
      0.04439187049865723,
      0.045823097229003906,
      0.03909182548522949
    ],
    "test_r": [
      0.7288452092071734,
      0.4115086613854477,
      0.6687838363106218,
      0.760190225420589,
      0.428132493919333
    ],
    "test_r2": [
      0.16458864311988375,
      0.11892534575192382,
      0.4170560043407957,
      0.4356055859247744,
      0.030079503158124243
    ],
    "test_rmse": [
      -4.811897896905169,
      -7.217730820843743,
      -6.330576768820591,
      -4.451595816074176,
      -26.884079368136238
    ],
    "test_mae": [
      -3.9155919819639147,
      -4.801256795851859,
      -4.0261022780966575,
      -3.526219912262859,
      -9.724945402252024
    ],
    "best_params": {
      "check_inverse": true,
      "func": null,
      "inverse_func": null,
      "regressor__bootstrap": true,
      "regressor__ccp_alpha": 0.0,
      "regressor__criterion": "squared_error",
      "regressor__max_depth": null,
      "regressor__max_features": "sqrt",
      "regressor__max_leaf_nodes": null,
      "regressor__max_samples": null,
      "regressor__min_impurity_decrease": 0.0,
      "regressor__min_samples_leaf": 0.05,
      "regressor__min_samples_split": 0.05,
      "regressor__min_weight_fraction_leaf": 0.0,
      "regressor__monotonic_cst": null,
      "regressor__n_estimators": 50,
      "regressor__n_jobs": null,
      "regressor__oob_score": false,
      "regressor__random_state": null,
      "regressor__verbose": 0,
      "regressor__warm_start": false,
      "transformer__memory": null,
      "transformer__verbose": false,
      "transformer__y scaler__copy": true,
      "transformer__y scaler__with_mean": true,
      "transformer__y scaler__with_std": true
    }
  },
  "13": {
    "fit_time": [
      0.1278538703918457,
      0.12923622131347656,
      0.1309044361114502,
      0.12871098518371582,
      0.13371872901916504
    ],
    "score_time": [
      0.03435850143432617,
      0.034241437911987305,
      0.03483700752258301,
      0.034189701080322266,
      0.04401540756225586
    ],
    "test_r": [
      0.6930070536161644,
      0.613030919444877,
      0.5756810874041731,
      0.3407504431474431,
      0.5911983844965556
    ],
    "test_r2": [
      0.2592593418153385,
      0.37084803327405136,
      0.3107759522015042,
      0.03599405885334783,
      0.3307559860237801
    ],
    "test_rmse": [
      -4.951729111913229,
      -6.214684995995053,
      -6.682758350330656,
      -26.372834292582,
      -6.751680946578041
    ],
    "test_mae": [
      -4.135238361657439,
      -4.121011774082506,
      -4.714297010911336,
      -8.840737970143548,
      -4.375585566256144
    ],
    "best_params": {
      "check_inverse": true,
      "func": null,
      "inverse_func": null,
      "regressor__bootstrap": true,
      "regressor__ccp_alpha": 0.0,
      "regressor__criterion": "squared_error",
      "regressor__max_depth": null,
      "regressor__max_features": "sqrt",
      "regressor__max_leaf_nodes": null,
      "regressor__max_samples": null,
      "regressor__min_impurity_decrease": 0.0,
      "regressor__min_samples_leaf": 0.051767606505038616,
      "regressor__min_samples_split": 0.07531677273786551,
      "regressor__min_weight_fraction_leaf": 0.0,
      "regressor__monotonic_cst": null,
      "regressor__n_estimators": 76,
      "regressor__n_jobs": null,
      "regressor__oob_score": false,
      "regressor__random_state": null,
      "regressor__verbose": 0,
      "regressor__warm_start": false,
      "transformer__memory": null,
      "transformer__verbose": false,
      "transformer__y scaler__copy": true,
      "transformer__y scaler__with_mean": true,
      "transformer__y scaler__with_std": true
    }
  },
  "42": {
    "fit_time": [
      0.09767866134643555,
      0.0992588996887207,
      0.10116195678710938,
      0.11392807960510254,
      0.10252141952514648
    ],
    "score_time": [
      0.05015397071838379,
      0.0476076602935791,
      0.044884681701660156,
      0.0397336483001709,
      0.04135918617248535
    ],
    "test_r": [
      0.5606981985622156,
      0.5851276793208374,
      0.5975743747918818,
      0.5995688792548076,
      0.48736263181923767
    ],
    "test_r2": [
      0.21129185694445884,
      0.32165128480445904,
      0.185492372822452,
      0.3339138193264565,
      0.22236415593603165
    ],
    "test_rmse": [
      -16.821878555605075,
      -6.4899135902919545,
      -18.696780647038487,
      -6.193707921078271,
      -6.600899680963794
    ],
    "test_mae": [
      -5.3130531529524605,
      -4.871931540027336,
      -6.2563618063655575,
      -4.583481277931433,
      -3.929860647427055
    ],
    "best_params": {
      "check_inverse": true,
      "func": null,
      "inverse_func": null,
      "regressor__bootstrap": true,
      "regressor__ccp_alpha": 0.0,
      "regressor__criterion": "squared_error",
      "regressor__max_depth": null,
      "regressor__max_features": "sqrt",
      "regressor__max_leaf_nodes": null,
      "regressor__max_samples": null,
      "regressor__min_impurity_decrease": 0.0,
      "regressor__min_samples_leaf": 0.05,
      "regressor__min_samples_split": 0.05,
      "regressor__min_weight_fraction_leaf": 0.0,
      "regressor__monotonic_cst": null,
      "regressor__n_estimators": 50,
      "regressor__n_jobs": null,
      "regressor__oob_score": false,
      "regressor__random_state": null,
      "regressor__verbose": 0,
      "regressor__warm_start": false,
      "transformer__memory": null,
      "transformer__verbose": false,
      "transformer__y scaler__copy": true,
      "transformer__y scaler__with_mean": true,
      "transformer__y scaler__with_std": true
    }
  },
  "69": {
    "fit_time": [
      2.3031845092773438,
      2.3054723739624023,
      2.3133456707000732,
      2.4826228618621826,
      2.279134511947632
    ],
    "score_time": [
      0.1279301643371582,
      0.1370711326599121,
      0.13521122932434082,
      0.14886069297790527,
      0.13531970977783203
    ],
    "test_r": [
      0.7129935138625544,
      0.5339887206365519,
      0.5538677974655902,
      0.6186373875370068,
      0.5410093564905752
    ],
    "test_r2": [
      0.4562959253571496,
      0.13798794600958397,
      0.18841360301012144,
      0.19577984063003073,
      0.21302620068950706
    ],
    "test_rmse": [
      -6.743786199708195,
      -18.650293750310528,
      -17.591541378904417,
      -4.57964086766835,
      -6.909460280357181
    ],
    "test_mae": [
      -4.175987526909594,
      -6.784626541477062,
      -6.311027221331369,
      -3.550008056631998,
      -4.672679880842756
    ],
    "best_params": {
      "check_inverse": true,
      "func": null,
      "inverse_func": null,
      "regressor__bootstrap": true,
      "regressor__ccp_alpha": 0.0,
      "regressor__criterion": "squared_error",
      "regressor__max_depth": null,
      "regressor__max_features": "sqrt",
      "regressor__max_leaf_nodes": null,
      "regressor__max_samples": null,
      "regressor__min_impurity_decrease": 0.0,
      "regressor__min_samples_leaf": 0.05,
      "regressor__min_samples_split": 0.05,
      "regressor__min_weight_fraction_leaf": 0.0,
      "regressor__monotonic_cst": null,
      "regressor__n_estimators": 2000,
      "regressor__n_jobs": null,
      "regressor__oob_score": false,
      "regressor__random_state": null,
      "regressor__verbose": 0,
      "regressor__warm_start": false,
      "transformer__memory": null,
      "transformer__verbose": false,
      "transformer__y scaler__copy": true,
      "transformer__y scaler__with_mean": true,
      "transformer__y scaler__with_std": true
    }
  },