{
  "6": {
    "fit_time": [
      7.498403072357178,
      5.702895879745483,
      8.054309606552124,
      7.79747462272644,
      7.499865531921387
    ],
    "score_time": [
      0.16002106666564941,
      0.18375444412231445,
      0.13565421104431152,
      0.14499974250793457,
      0.16417956352233887
    ],
    "test_r": [
      0.7583898862367369,
      0.7217689059075679,
      0.7438968923822882,
      0.6920582682976183,
      0.5519452253120941
    ],
    "test_r2": [
      0.0013822361387251236,
      0.5191125486752806,
      0.23874450594899943,
      0.46557913314245447,
      0.16995849115477912
    ],
    "test_rmse": [
      -5.260970416361604,
      -5.332318101316171,
      -7.23427615282334,
      -4.331776847342756,
      -24.87006989900028
    ],
    "test_mae": [
      -2.9464475344109804,
      -3.3069214960765527,
      -3.4546863290935392,
      -2.2127044727333076,
      -8.661250141036353
    ],
    "best_params": {
      "check_inverse": true,
      "func": null,
      "inverse_func": null,
      "regressor__natural_gradient": true,
      "regressor__n_estimators": 534,
      "regressor__learning_rate": 0.07042780562074247,
      "regressor__minibatch_frac": 1,
      "regressor__col_sample": 1.0,
      "regressor__verbose": false,
      "transformer__memory": null,
      "transformer__verbose": false,
      "transformer__y scaler__copy": true,
      "transformer__y scaler__with_mean": true,
      "transformer__y scaler__with_std": true
    }
  },
  "13": {
    "fit_time": [
      2.5555169582366943,
      2.6150760650634766,
      2.6288886070251465,
      2.4930343627929688,
      2.5723354816436768
    ],
    "score_time": [
      0.09435105323791504,
      0.0921630859375,
      0.09063339233398438,
      0.09155106544494629,
      0.09309697151184082
    ],
    "test_r": [
      0.8058874615358637,
      0.5689133643751981,
      0.7434645856148734,
      0.45965865741107526,
      0.5187192679745926
    ],
    "test_r2": [
      0.16823653721138954,
      0.2458960764148974,
      0.5485766823669517,
      0.13742912887112524,
      0.08570112452117051
    ],
    "test_rmse": [
      -5.247152738776799,
      -6.803884637464729,
      -5.408384261428885,
      -24.94677124908481,
      -7.891576238393534
    ],
    "test_mae": [
      -2.692291774937409,
      -4.306092475199325,
      -3.1876825683102488,
      -8.613379677714432,
      -3.6481892488652576
    ],
    "best_params": {
      "check_inverse": true,
      "func": null,
      "inverse_func": null,
      "regressor__natural_gradient": true,
      "regressor__n_estimators": 248,
      "regressor__learning_rate": 0.05452233672345427,
      "regressor__minibatch_frac": 1,
      "regressor__col_sample": 1.0,
      "regressor__verbose": false,
      "transformer__memory": null,
      "transformer__verbose": false,
      "transformer__y scaler__copy": true,
      "transformer__y scaler__with_mean": true,
      "transformer__y scaler__with_std": true
    }
  },
  "42": {
    "fit_time": [
      0.6157348155975342,
      0.6232798099517822,
      0.6112101078033447,
      0.6202211380004883,
      0.6242702007293701
    ],
    "score_time": [
      0.04348564147949219,
      0.04123663902282715,
      0.04135942459106445,
      0.04108691215515137,
      0.040943145751953125
    ],
    "test_r": [
      0.9639249585897285,
      0.6053661269089987,
      0.9444059151351797,
      0.6772114813653679,
      0.5583808703453803
    ],
    "test_r2": [
      0.9162218764796707,
      0.3108365259827365,
      0.875796886222652,
      -0.8717922190674356,
      0.2738916364384948
    ],
    "test_rmse": [
      -5.482537934119655,
      -6.541442629426136,
      -7.301052931418339,
      -10.38279617421238,
      -6.378458243390401
    ],
    "test_mae": [
      -3.0234471443429434,
      -4.153617034278844,
      -3.658316562483694,
      -3.7553279016536805,
      -3.2001090916543267
    ],
    "best_params": {
      "check_inverse": true,
      "func": null,
      "inverse_func": null,
      "regressor__natural_gradient": true,
      "regressor__n_estimators": 51,
      "regressor__learning_rate": 0.09889801833179876,
      "regressor__minibatch_frac": 1,
      "regressor__col_sample": 1.0,
      "regressor__verbose": false,
      "transformer__memory": null,
      "transformer__verbose": false,
      "transformer__y scaler__copy": true,
      "transformer__y scaler__with_mean": true,
      "transformer__y scaler__with_std": true
    }
  },
  "69": {
    "fit_time": [
      10.564769506454468,
      10.391119003295898,
      10.46256136894226,
      10.56004023551941,
      10.467324495315552
    ],
    "score_time": [
      0.2991147041320801,
      0.30350708961486816,
      0.293567419052124,
      0.2967257499694824,
      0.2989206314086914
    ],
    "test_r": [
      0.6534083831313857,
      0.9564669641737501,
      0.9280119558404409,
      0.577066372420228,
      0.7953763448369994
    ],
    "test_r2": [
      0.26255513671216546,
      0.8844706455419304,
      0.830095404928187,
      -0.07668257422346447,
      0.6299257605564561
    ],
    "test_rmse": [
      -7.853934532685529,
      -6.827711789205857,
      -8.048947169938323,
      -5.298925171335152,
      -4.73814574443237
    ],
    "test_mae": [
      -3.460503225049395,
      -3.7772135664824393,
      -4.331609492304987,
      -3.6400192543153884,
      -2.4004505977954818
    ],
    "best_params": {
      "check_inverse": true,
      "func": null,
      "inverse_func": null,
      "regressor__natural_gradient": true,
      "regressor__n_estimators": 953,
      "regressor__learning_rate": 0.005968643237827307,
      "regressor__minibatch_frac": 1,
      "regressor__col_sample": 1.0,
      "regressor__verbose": false,
      "transformer__memory": null,
      "transformer__verbose": false,
      "transformer__y scaler__copy": true,
      "transformer__y scaler__with_mean": true,
      "transformer__y scaler__with_std": true
    }
  },
  "420": {
    "fit_time": [
      18.911831617355347,
      19.26465106010437,
      16.25784993171692,
      16.92571473121643,
      17.898895978927612
    ],
    "score_time": [
      0.2871439456939697,
      0.2879772186279297,
      0.35189056396484375,
      0.2918362617492676,
      0.2799990177154541
    ],
    "test_r": [
      0.7855176657890754,
      0.9269199827751139,
      0.9582140630946592,
      0.5632070119712942,
      0.7550122571123752
    ],
    "test_r2": [
      0.5520117432708146,
      0.8203918181215487,
      0.9175613307089658,
      -1.2568854158006952,
      -1.5442637859861867
    ],
    "test_rmse": [
      -4.250536359418289,
      -8.730624790687916,
      -5.8146316178178825,
      -5.964351271159181,
      -11.339763392084345
    ],
    "test_mae": [
      -2.321439969401142,
      -4.767375415611755,
      -3.418913050121215,
      -3.3444725475476864,
      -3.495907035699984
    ],
    "best_params": {
      "check_inverse": true,
      "func": null,
      "inverse_func": null,
      "regressor__natural_gradient": true,
      "regressor__n_estimators": 1174,
      "regressor__learning_rate": 0.045750405252568106,
      "regressor__minibatch_frac": 1,
      "regressor__col_sample": 1.0,
      "regressor__verbose": false,
      "transformer__memory": null,
      "transformer__verbose": false,
      "transformer__y scaler__copy": true,
      "transformer__y scaler__with_mean": true,
      "transformer__y scaler__with_std": true
    }
  },
  "1234567890": {
    "fit_time": [
      7.0512535572052,
      6.120380401611328,
      6.097819089889526,
      6.481176137924194,
      6.117151975631714
    ],
    "score_time": [
      0.1283855438232422,
      0.14052057266235352,
      0.13960766792297363,
      0.13104462623596191,
      0.1413898468017578
    ],
    "test_r": [
      0.9298008118175104,
      0.9634199117144159,
      0.7945815777401486,
      0.5002341520316307,
      0.44338714156818526
    ],