{
  "6": {
    "fit_time": [
      2.8161659240722656,
      2.819410800933838,
      2.8301846981048584,
      2.878159523010254,
      2.776261806488037
    ],
    "score_time": [
      0.13404035568237305,
      0.13608527183532715,
      0.1429150104522705,
      0.14146924018859863,
      0.1379556655883789
    ],
    "test_r": [
      0.577102479966097,
      0.6380974648963742,
      0.8615717836584111,
      0.7904226465561661,
      0.5651050978114749
    ],
    "test_r2": [
      -0.7001373190019353,
      0.3811583894259083,
      0.7227624514017565,
      0.08999979835314054,
      0.12020101405535544
    ],
    "test_rmse": [
      -6.864489045477736,
      -6.04900691784637,
      -4.3657200973633055,
      -5.6525591605814896,
      -25.604649125093516
    ],
    "test_mae": [
      -3.998120531600292,
      -3.458577396409272,
      -2.829837451579484,
      -3.3882265564400407,
      -9.08756349851575
    ],
    "best_params": {
      "check_inverse": true,
      "func": null,
      "inverse_func": null,
      "regressor__bootstrap": true,
      "regressor__ccp_alpha": 0.0,
      "regressor__criterion": "squared_error",
      "regressor__max_depth": null,
      "regressor__max_features": "log2",
      "regressor__max_leaf_nodes": null,
      "regressor__max_samples": null,
      "regressor__min_impurity_decrease": 0.0,
      "regressor__min_samples_leaf": 0.05,
      "regressor__min_samples_split": 0.05,
      "regressor__min_weight_fraction_leaf": 0.0,
      "regressor__monotonic_cst": null,
      "regressor__n_estimators": 2000,
      "regressor__n_jobs": null,
      "regressor__oob_score": false,
      "regressor__random_state": null,
      "regressor__verbose": 0,
      "regressor__warm_start": false,
      "transformer__memory": null,
      "transformer__verbose": false,
      "transformer__y scaler__copy": true,
      "transformer__y scaler__with_mean": true,
      "transformer__y scaler__with_std": true
    }
  },
  "13": {
    "fit_time": [
      3.773636817932129,
      3.6484968662261963,
      3.6133666038513184,
      3.6355440616607666,
      3.581563711166382
    ],
    "score_time": [
      0.13725972175598145,
      0.13871216773986816,
      0.1375117301940918,
      0.1338956356048584,
      0.13602757453918457
    ],
    "test_r": [
      0.8914428189460637,
      0.8045975406501734,
      0.619152579314584,
      0.5690508775545271,
      0.7299239046852236
    ],
    "test_r2": [
      0.17392313671816728,
      0.5619902328729538,
      0.23516338865870934,
      0.1206657615817931,
      0.3921416056572894
    ],
    "test_rmse": [
      -5.229185111872687,
      -5.185411644447983,
      -7.039792859408643,
      -25.188014956949655,
      -6.434589899986785
    ],
    "test_mae": [
      -3.017766135829874,
      -3.114313499935951,
      -4.071811347694966,
      -8.02155091961085,
      -3.447902461993954
    ],
    "best_params": {
      "check_inverse": true,
      "func": null,
      "inverse_func": null,
      "regressor__bootstrap": true,
      "regressor__ccp_alpha": 0.0,
      "regressor__criterion": "squared_error",
      "regressor__max_depth": null,
      "regressor__max_features": "sqrt",
      "regressor__max_leaf_nodes": null,
      "regressor__max_samples": null,
      "regressor__min_impurity_decrease": 0.0,
      "regressor__min_samples_leaf": 0.05,
      "regressor__min_samples_split": 0.07403323337625208,
      "regressor__min_weight_fraction_leaf": 0.0,
      "regressor__monotonic_cst": null,
      "regressor__n_estimators": 2000,
      "regressor__n_jobs": null,
      "regressor__oob_score": false,
      "regressor__random_state": null,
      "regressor__verbose": 0,
      "regressor__warm_start": false,
      "transformer__memory": null,
      "transformer__verbose": false,
      "transformer__y scaler__copy": true,
      "transformer__y scaler__with_mean": true,
      "transformer__y scaler__with_std": true
    }
  },
  "42": {
    "fit_time": [
      0.9818952083587646,
      0.9918279647827148,
      1.00349760055542,
      1.0163474082946777,
      1.0146889686584473
    ],
    "score_time": [
      0.062006235122680664,
      0.060945987701416016,
      0.06532430648803711,
      0.0641031265258789,
      0.06041860580444336
    ],
    "test_r": [
      0.6862863127537709,
      0.6976330419848331,
      0.6212534911823494,
      0.8395818367311371,
      0.6234936227870352
    ],
    "test_r2": [
      0.32778072288667015,
      -0.02029477550753067,
      0.28639490094537634,
      0.7036188459439612,
      0.2258004761742638
    ],
    "test_rmse": [
      -15.530012746008397,
      -7.9593067467464245,
      -17.500410160433923,
      -4.131528966665894,
      -6.586299068541861
    ],
    "test_mae": [
      -4.0444142987798015,
      -5.00249379758086,
      -5.794729827049597,
      -2.7225870110075996,
      -3.6968423814438602
    ],
    "best_params": {
      "check_inverse": true,
      "func": null,
      "inverse_func": null,
      "regressor__bootstrap": true,
      "regressor__ccp_alpha": 0.0,
      "regressor__criterion": "squared_error",
      "regressor__max_depth": null,
      "regressor__max_features": "sqrt",
      "regressor__max_leaf_nodes": null,
      "regressor__max_samples": null,
      "regressor__min_impurity_decrease": 0.0,
      "regressor__min_samples_leaf": 0.05329612534571664,
      "regressor__min_samples_split": 0.05046025446200858,
      "regressor__min_weight_fraction_leaf": 0.0,
      "regressor__monotonic_cst": null,
      "regressor__n_estimators": 474,
      "regressor__n_jobs": null,
      "regressor__oob_score": false,
      "regressor__random_state": null,
      "regressor__verbose": 0,
      "regressor__warm_start": false,
      "transformer__memory": null,
      "transformer__verbose": false,
      "transformer__y scaler__copy": true,
      "transformer__y scaler__with_mean": true,
      "transformer__y scaler__with_std": true
    }
  },
  "69": {
    "fit_time": [
      0.20200634002685547,
      0.19985008239746094,
      0.20185136795043945,
      0.2026522159576416,
      0.2017810344696045
    ],
    "score_time": [
      0.046013832092285156,
      0.044703006744384766,
      0.04476284980773926,
      0.04485821723937988,
      0.04449915885925293
    ],
    "test_r": [
      0.7724700145065534,
      0.653261888357934,
      0.6070715335995781,
      0.7071777617675998,
      0.6918432808687639
    ],
    "test_r2": [
      0.5490361343465021,
      0.24068875658944255,
      0.31487173084622777,
      0.27525449461791973,
      0.30287990851389146
    ],
    "test_rmse": [
      -6.14176749636266,
      -17.50406520446527,
      -16.163018063202856,
      -4.347471162431426,
      -6.503060397543076
    ],
    "test_mae": [
      -3.162492032498932,
      -6.144965095123804,
      -5.259159331699337,
      -2.9168051617538886,
      -3.6109306586094774
    ],
    "best_params": {
      "check_inverse": true,
      "func": null,
      "inverse_func": null,
      "regressor__bootstrap": true,
      "regressor__ccp_alpha": 0.0,
      "regressor__criterion": "squared_error",
      "regressor__max_depth": null,
      "regressor__max_features": "log2",
      "regressor__max_leaf_nodes": null,
      "regressor__max_samples": null,
      "regressor__min_impurity_decrease": 0.0,
      "regressor__min_samples_leaf": 0.05,
      "regressor__min_samples_split": 0.05,
      "regressor__min_weight_fraction_leaf": 0.0,
      "regressor__monotonic_cst": null,
      "regressor__n_estimators": 50,
      "regressor__n_jobs": null,
      "regressor__oob_score": false,
      "regressor__random_state": null,
      "regressor__verbose": 0,
      "regressor__warm_start": false,
      "transformer__memory": null,
      "transformer__verbose": false,
      "transformer__y scaler__copy": true,
      "transformer__y scaler__with_mean": true,
      "transformer__y scaler__with_std": true
    }
  },