{
  "6": {
    "fit_time": [
      2.3880622386932373,
      2.455410957336426,
      2.462657928466797,
      2.473694324493408,
      2.460125207901001
    ],
    "score_time": [
      0.11414766311645508,
      0.11321353912353516,
      0.11194324493408203,
      0.11238360404968262,
      0.11163878440856934
    ],
    "test_r": [
      0.19919058558507352,
      0.3541304131787526,
      0.49382346805455357,
      0.44088104901770037,
      0.49583655851570346
    ],
    "test_r2": [
      0.0018965838963610482,
      0.10524687805797295,
      -0.11850540938455034,
      0.10020083213970976,
      0.16218881086215664
    ],
    "test_rmse": [
      -164.90462012576162,
      -113.22036584188689,
      -65.1607419188609,
      -130.69440588698043,
      -63.696017034342596
    ],
    "test_mae": [
      -74.94568773101545,
      -56.14390130873377,
      -53.68938188848316,
      -69.74227842047486,
      -53.517911061946045
    ],
    "best_params": {
      "check_inverse": true,
      "func": null,
      "inverse_func": null,
      "regressor__bootstrap": true,
      "regressor__ccp_alpha": 0.0,
      "regressor__criterion": "squared_error",
      "regressor__max_depth": null,
      "regressor__max_features": "sqrt",
      "regressor__max_leaf_nodes": null,
      "regressor__max_samples": null,
      "regressor__min_impurity_decrease": 0.0,
      "regressor__min_samples_leaf": 0.05,
      "regressor__min_samples_split": 0.05,
      "regressor__min_weight_fraction_leaf": 0.0,
      "regressor__monotonic_cst": null,
      "regressor__n_estimators": 2000,
      "regressor__n_jobs": null,
      "regressor__oob_score": false,
      "regressor__random_state": null,
      "regressor__verbose": 0,
      "regressor__warm_start": false,
      "transformer__memory": null,
      "transformer__verbose": false,
      "transformer__y scaler__copy": true,
      "transformer__y scaler__unit_variance": false,
      "transformer__y scaler__with_centering": true,
      "transformer__y scaler__with_scaling": true
    }
  },
  "13": {
    "fit_time": [
      0.5794119834899902,
      0.5854418277740479,
      0.5625269412994385,
      0.5740666389465332,
      0.5764508247375488
    ],
    "score_time": [
      0.07184195518493652,
      0.07029914855957031,
      0.06985616683959961,
      0.0700826644897461,
      0.07073068618774414
    ],
    "test_r": [
      0.4400125279960904,
      0.448118748107376,
      0.08751701228212326,
      0.25798855235589324,
      0.6072673094734584
    ],
    "test_r2": [
      -0.34384185010705637,
      0.06861556719492856,
      -0.0034875986722426866,
      0.06592511454806071,
      0.2750365812496074
    ],
    "test_rmse": [
      -57.97034067122281,
      -141.74108558835678,
      -157.58063656118549,
      -118.55068583671162,
      -65.4372499715506
    ],
    "test_mae": [
      -50.9632313913376,
      -77.8378161242384,
      -65.77043992351322,
      -63.37657848981384,
      -52.60949400128174
    ],
    "best_params": {
      "check_inverse": true,
      "func": null,
      "inverse_func": null,
      "regressor__bootstrap": true,
      "regressor__ccp_alpha": 0.0,
      "regressor__criterion": "squared_error",
      "regressor__max_depth": null,
      "regressor__max_features": "sqrt",
      "regressor__max_leaf_nodes": null,
      "regressor__max_samples": null,
      "regressor__min_impurity_decrease": 0.0,
      "regressor__min_samples_leaf": 0.05,
      "regressor__min_samples_split": 0.16833209644211378,
      "regressor__min_weight_fraction_leaf": 0.0,
      "regressor__monotonic_cst": null,
      "regressor__n_estimators": 485,
      "regressor__n_jobs": null,
      "regressor__oob_score": false,
      "regressor__random_state": null,
      "regressor__verbose": 0,
      "regressor__warm_start": false,
      "transformer__memory": null,
      "transformer__verbose": false,
      "transformer__y scaler__copy": true,
      "transformer__y scaler__unit_variance": false,
      "transformer__y scaler__with_centering": true,
      "transformer__y scaler__with_scaling": true
    }
  },
  "42": {
    "fit_time": [
      0.2694246768951416,
      0.2888951301574707,
      0.2815396785736084,
      0.2795405387878418,
      0.2802457809448242
    ],
    "score_time": [
      0.06059718132019043,
      0.06209230422973633,
      0.060930490493774414,
      0.06097912788391113,
      0.05966329574584961
    ],
    "test_r": [
      0.33332246616344957,
      0.4539371517826348,
      0.15973186291435326,
      0.4114798884546992,
      0.530880914164502
    ],
    "test_r2": [
      0.08418547384540476,
      0.130734584002419,
      0.022606454490492367,
      0.10501407685067587,
      0.15554733722724012
    ],
    "test_rmse": [
      -115.03941077512562,
      -69.28252315386436,
      -170.11818742587093,
      -124.20560146430266,
      -58.32507031377638
    ],
    "test_mae": [
      -57.02659411197091,
      -58.06017090298542,
      -72.25906052396675,
      -72.57892359882668,
      -49.08351153817341
    ],
    "best_params": {
      "check_inverse": true,
      "func": null,
      "inverse_func": null,
      "regressor__bootstrap": true,
      "regressor__ccp_alpha": 0.0,
      "regressor__criterion": "squared_error",
      "regressor__max_depth": null,
      "regressor__max_features": "sqrt",
      "regressor__max_leaf_nodes": null,
      "regressor__max_samples": null,
      "regressor__min_impurity_decrease": 0.0,
      "regressor__min_samples_leaf": 0.05318854234554895,
      "regressor__min_samples_split": 0.1263336589052883,
      "regressor__min_weight_fraction_leaf": 0.0,
      "regressor__monotonic_cst": null,
      "regressor__n_estimators": 150,
      "regressor__n_jobs": null,
      "regressor__oob_score": false,
      "regressor__random_state": null,
      "regressor__verbose": 0,
      "regressor__warm_start": false,
      "transformer__memory": null,
      "transformer__verbose": false,
      "transformer__y scaler__copy": true,
      "transformer__y scaler__unit_variance": false,
      "transformer__y scaler__with_centering": true,
      "transformer__y scaler__with_scaling": true
    }
  },
  "69": {
    "fit_time": [
      0.2495429515838623,
      0.24498772621154785,
      0.24972820281982422,
      0.26529598236083984,
      0.2523517608642578
    ],
    "score_time": [
      0.061394453048706055,
      0.06081795692443848,
      0.0607907772064209,
      0.06232500076293945,
      0.060837507247924805
    ],
    "test_r": [
      0.3541455287050436,
      0.1496425730522878,
      0.5298726456998569,
      0.5944979986347327,
      0.32280769006487825
    ],
    "test_r2": [
      0.09677858038719478,
      0.013431436894544624,
      0.04264412089590941,
      0.29583009230147295,
      0.08149627210475752
    ],
    "test_rmse": [
      -130.73538736610794,
      -155.66611715177507,
      -60.98528759937178,
      -56.80490321128527,
      -128.6801705036981
    ],
    "test_mae": [
      -67.8447620854773,
      -74.44017889337603,
      -51.911432982085614,
      -45.98326935848253,
      -66.40227569917154
    ],
    "best_params": {
      "check_inverse": true,
      "func": null,
      "inverse_func": null,
      "regressor__bootstrap": true,
      "regressor__ccp_alpha": 0.0,
      "regressor__criterion": "squared_error",
      "regressor__max_depth": null,
      "regressor__max_features": "sqrt",
      "regressor__max_leaf_nodes": null,
      "regressor__max_samples": null,
      "regressor__min_impurity_decrease": 0.0,
      "regressor__min_samples_leaf": 0.05,
      "regressor__min_samples_split": 0.05,
      "regressor__min_weight_fraction_leaf": 0.0,
      "regressor__monotonic_cst": null,
      "regressor__n_estimators": 112,
      "regressor__n_jobs": null,
      "regressor__oob_score": false,
      "regressor__random_state": null,
      "regressor__verbose": 0,
      "regressor__warm_start": false,
      "transformer__memory": null,