{
  "6": {
    "fit_time": [
      0.08205699920654297,
      0.06863164901733398,
      0.08258318901062012,
      0.08466172218322754,
      0.08244538307189941
    ],
    "score_time": [
      0.03493499755859375,
      0.03894186019897461,
      0.038117170333862305,
      0.03816556930541992,
      0.03751206398010254
    ],
    "test_r": [
      -0.07489541006223595,
      -0.05307088207514138,
      0.0854427941212232,
      0.07644439003288786,
      -0.022999144550700453
    ],
    "test_r2": [
      -2.2628894902133016e+23,
      -4.3634640430604865e+24,
      -2.5127554117542834e+25,
      -8.053399382563203e+22,
      -4.382667875807457e+23
    ],
    "test_rmse": [
      -78519355308533.03,
      -250027997985126.88,
      -308846073720413.0,
      -39099735887016.805,
      -46068967460628.234
    ],
    "test_mae": [
      -10888675449378.99,
      -38760192369794.48,
      -43247100606458.414,
      -5475058145398.272,
      -6450945762746.89
    ],
    "best_params": {
      "check_inverse": true,
      "func": null,
      "inverse_func": null,
      "regressor__copy_X": true,
      "regressor__fit_intercept": false,
      "regressor__n_jobs": null,
      "regressor__positive": false,
      "transformer__memory": null,
      "transformer__verbose": false,
      "transformer__y scaler__copy": true,
      "transformer__y scaler__with_mean": true,
      "transformer__y scaler__with_std": true
    }
  },
  "13": {
    "fit_time": [
      0.07507538795471191,
      0.0739595890045166,
      0.07882022857666016,
      0.08097338676452637,
      0.07489705085754395
    ],
    "score_time": [
      0.04021906852722168,
      0.04026627540588379,
      0.03428363800048828,
      0.03602457046508789,
      0.037496089935302734
    ],
    "test_r": [
      0.033423274557941654,
      -0.08990865827846016,
      0.20741804874502395,
      0.07474302088900368,
      -0.04462611872808993
    ],
    "test_r2": [
      -3.022900294321807e+24,
      -4.104116598992876e+23,
      -0.28558252407505313,
      -4.2937847334652404e+21,
      -3.1166815323843997e+25
    ],
    "test_rmse": [
      -86944814073957.78,
      -94089489589289.06,
      -178.35973798615206,
      -8037728953009.028,
      -429055236727306.4
    ],
    "test_mae": [
      -12057076356956.908,
      -13047864584549.834,
      -109.38613206836526,
      -1125507177440.5347,
      -119186088107129.08
    ],
    "best_params": {
      "check_inverse": true,
      "func": null,
      "inverse_func": null,
      "regressor__copy_X": true,
      "regressor__fit_intercept": false,
      "regressor__n_jobs": null,
      "regressor__positive": false,
      "transformer__memory": null,
      "transformer__verbose": false,
      "transformer__y scaler__copy": true,
      "transformer__y scaler__with_mean": true,
      "transformer__y scaler__with_std": true
    }
  },
  "42": {
    "fit_time": [
      0.07457208633422852,
      0.07343673706054688,
      0.08019661903381348,
      0.0816507339477539,
      0.08951377868652344
    ],
    "score_time": [
      0.042195796966552734,
      0.042067527770996094,
      0.03628230094909668,
      0.03668475151062012,
      0.037746429443359375
    ],
    "test_r": [
      0.2946417935503893,
      -0.07401754510095426,
      -0.03197739630081899,
      0.08914894227521082,
      -0.04283596304388151
    ],
    "test_r2": [
      -0.06121023500759559,
      -8.661863426763786,
      -2.7247986682304026e+25,
      -7.9862566971605276,
      -4.980127137815418e+25
    ],
    "test_rmse": [
      -123.8350545216352,
      -230.98189606380666,
      -898221037462270.2,
      -393.57045612724266,
      -447906980964779.8
    ],
    "test_mae": [
      -72.25986339074123,
      -183.40787473608196,
      -191022712667754.28,
      -223.53549310911683,
      -75713727325587.3
    ],
    "best_params": {
      "check_inverse": true,
      "func": null,
      "inverse_func": null,
      "regressor__copy_X": true,
      "regressor__fit_intercept": false,
      "regressor__n_jobs": null,
      "regressor__positive": false,
      "transformer__memory": null,
      "transformer__verbose": false,
      "transformer__y scaler__copy": true,
      "transformer__y scaler__with_mean": true,
      "transformer__y scaler__with_std": true
    }
  },
  "69": {
    "fit_time": [
      0.08538985252380371,
      0.07111978530883789,
      0.07138442993164062,
      0.08124995231628418,
      0.08446097373962402
    ],
    "score_time": [
      0.03856229782104492,
      0.04063153266906738,
      0.03889727592468262,
      0.03849601745605469,
      0.0389711856842041
    ],
    "test_r": [
      0.3517503354556694,
      0.032488000178468625,
      -0.12860774130204583,
      0.0009513184148950554,
      0.01404583164664026
    ],
    "test_r2": [
      0.06562620092283589,
      -8.87800209758816e+23,
      -36.68295929463002,
      -1.5687721762401505e+25,
      -3.348448511220549e+24
    ],
    "test_rmse": [
      -132.9708270065332,
      -147668573006391.5,
      -382.61401368820606,
      -268118655130808.84,
      -245693110541450.12
    ],
    "test_mae": [
      -76.72655457955025,
      -23367981852395.836,
      -258.0449997361378,
      -63070093375960.06,
      -34403916947643.6
    ],
    "best_params": {
      "check_inverse": true,
      "func": null,
      "inverse_func": null,
      "regressor__copy_X": true,
      "regressor__fit_intercept": false,
      "regressor__n_jobs": null,
      "regressor__positive": false,
      "transformer__memory": null,
      "transformer__verbose": false,
      "transformer__y scaler__copy": true,
      "transformer__y scaler__with_mean": true,
      "transformer__y scaler__with_std": true
    }
  },
  "420": {
    "fit_time": [
      0.0684347152709961,
      0.08266711235046387,
      0.08471202850341797,
      0.08422446250915527,
      0.08546996116638184
    ],
    "score_time": [
      0.03849053382873535,
      0.03907060623168945,
      0.036855220794677734,
      0.038184165954589844,
      0.04003167152404785
    ],
    "test_r": [
      0.08898986554163915,
      0.06239942218449977,
      -0.07331245722398942,
      -0.011854687066150699,
      0.37936249139190226
    ],
    "test_r2": [
      -1.343664941958016e+25,
      -1.0641151826522473e+24,
      -1.968314901335436e+25,
      -1.3667498809788419,
      0.10560609085189476
    ],
    "test_rmse": [
      -250570898755832.28,
      -164770571196887.47,
      -611366059971974.1,
      -115.63277134326452,
      -119.54735888505479
    ],
    "test_mae": [
      -34747931677199.457,
      -31984144541629.652,
      -145986777476380.8,
      -73.09589392450877,
      -63.20972103943807
    ],
    "best_params": {
      "check_inverse": true,
      "func": null,
      "inverse_func": null,
      "regressor__copy_X": true,
      "regressor__fit_intercept": false,
      "regressor__n_jobs": null,
      "regressor__positive": false,
      "transformer__memory": null,
      "transformer__verbose": false,
      "transformer__y scaler__copy": true,
      "transformer__y scaler__with_mean": true,
      "transformer__y scaler__with_std": true
    }
  },
  "1234567890": {
    "fit_time": [
      0.08580493927001953,
      0.07151675224304199,
      0.07079362869262695,
      0.0833275318145752,
      0.08396291732788086
    ],
    "score_time": [
      0.0384829044342041,
      0.03980660438537598,
      0.039214372634887695,
      0.03810930252075195,
      0.03846549987792969
    ],
    "test_r": [
      0.06195611320140119,
      0.198101686740756,
      -0.045227828915545595,
      0.12548719182558854,
      -0.07028633596305398
    ],
    "test_r2": [
      -7.165126588394357e+25,
      -0.7087869275571266,
      -2.1457238376194712e+26,
      -0.8340431680299942,
      -4.246019298722103e+23
    ],
    "test_rmse": [
      -568251299629562.5,
      -163.93575799544985,
      -1819631603609317.0,
      -185.57497614482915,
      -85466040765645.34
    ],