{
  "6": {
    "fit_time": [
      0.23038554191589355,
      0.22998857498168945,
      0.23428797721862793,
      0.22956395149230957,
      0.2327275276184082
    ],
    "score_time": [
      0.057344675064086914,
      0.05540966987609863,
      0.056128501892089844,
      0.05584287643432617,
      0.055922508239746094
    ],
    "test_r": [
      0.16430334660860793,
      0.3560247762701329,
      0.5107848276871633,
      0.4411791387793735,
      0.5040297088229537
    ],
    "test_r2": [
      -0.010338130448024563,
      0.10042228940918141,
      -0.09999456539179552,
      0.09273300880234525,
      0.1626779296763311
    ],
    "test_rmse": [
      -165.91223902510285,
      -113.52520262370383,
      -64.61929951593201,
      -131.23563000776835,
      -63.677421276041066
    ],
    "test_mae": [
      -75.23190603476871,
      -57.64658308858802,
      -53.420090666989445,
      -70.40625606741244,
      -53.75314435504043
    ],
    "best_params": {
      "check_inverse": true,
      "func": null,
      "inverse_func": null,
      "regressor__bootstrap": true,
      "regressor__ccp_alpha": 0.0,
      "regressor__criterion": "squared_error",
      "regressor__max_depth": null,
      "regressor__max_features": "sqrt",
      "regressor__max_leaf_nodes": null,
      "regressor__max_samples": null,
      "regressor__min_impurity_decrease": 0.0,
      "regressor__min_samples_leaf": 0.05004815785402106,
      "regressor__min_samples_split": 0.06809058127558361,
      "regressor__min_weight_fraction_leaf": 0.0,
      "regressor__monotonic_cst": null,
      "regressor__n_estimators": 127,
      "regressor__n_jobs": null,
      "regressor__oob_score": false,
      "regressor__random_state": null,
      "regressor__verbose": 0,
      "regressor__warm_start": false,
      "transformer__memory": null,
      "transformer__verbose": false,
      "transformer__y scaler__copy": true,
      "transformer__y scaler__unit_variance": false,
      "transformer__y scaler__with_centering": true,
      "transformer__y scaler__with_scaling": true
    }
  },
  "13": {
    "fit_time": [
      1.1086981296539307,
      1.1774744987487793,
      1.133491039276123,
      1.125011920928955,
      1.116081953048706
    ],
    "score_time": [
      0.08018732070922852,
      0.08216381072998047,
      0.07918167114257812,
      0.08040332794189453,
      0.07913398742675781
    ],
    "test_r": [
      0.4594743600177645,
      0.456309384028112,
      0.11071808508173113,
      0.26833765062395354,
      0.5966927620008492
    ],
    "test_r2": [
      -0.3212436371347942,
      0.06763345853341918,
      0.005079984298645979,
      0.07107164698585644,
      0.2644750573963205
    ],
    "test_rmse": [
      -57.48085588020325,
      -141.8157961298247,
      -156.9064980669249,
      -118.22364156322848,
      -65.91218299498397
    ],
    "test_mae": [
      -50.602669548932795,
      -78.11811111529568,
      -65.24868803920948,
      -62.806580177039,
      -53.3002094537084
    ],
    "best_params": {
      "check_inverse": true,
      "func": null,
      "inverse_func": null,
      "regressor__bootstrap": true,
      "regressor__ccp_alpha": 0.0,
      "regressor__criterion": "squared_error",
      "regressor__max_depth": null,
      "regressor__max_features": "sqrt",
      "regressor__max_leaf_nodes": null,
      "regressor__max_samples": null,
      "regressor__min_impurity_decrease": 0.0,
      "regressor__min_samples_leaf": 0.05015965735636034,
      "regressor__min_samples_split": 0.06119120906525351,
      "regressor__min_weight_fraction_leaf": 0.0,
      "regressor__monotonic_cst": null,
      "regressor__n_estimators": 985,
      "regressor__n_jobs": null,
      "regressor__oob_score": false,
      "regressor__random_state": null,
      "regressor__verbose": 0,
      "regressor__warm_start": false,
      "transformer__memory": null,
      "transformer__verbose": false,
      "transformer__y scaler__copy": true,
      "transformer__y scaler__unit_variance": false,
      "transformer__y scaler__with_centering": true,
      "transformer__y scaler__with_scaling": true
    }
  },
  "42": {
    "fit_time": [
      0.4524233341217041,
      0.4603714942932129,
      0.4617128372192383,
      0.4451732635498047,
      0.4513285160064697
    ],
    "score_time": [
      0.061737060546875,
      0.06162428855895996,
      0.06060910224914551,
      0.06136608123779297,
      0.06108379364013672
    ],
    "test_r": [
      0.33563435925756735,
      0.4861992711311978,
      0.1537592166014908,
      0.39861871982943053,
      0.5508373332455943
    ],
    "test_r2": [
      0.08446329213909631,
      0.15881080236850809,
      0.02120915000282264,
      0.09439637697400893,
      0.17809210944751042
    ],
    "test_rmse": [
      -115.0219604748267,
      -68.15446897317423,
      -170.23974644918533,
      -124.94018815060547,
      -57.54123663523571
    ],
    "test_mae": [
      -57.4290957900012,
      -57.12856020918563,
      -73.52683031039548,
      -72.44358521502144,
      -48.79468105544325
    ],
    "best_params": {
      "check_inverse": true,
      "func": null,
      "inverse_func": null,
      "regressor__bootstrap": true,
      "regressor__ccp_alpha": 0.0,
      "regressor__criterion": "squared_error",
      "regressor__max_depth": null,
      "regressor__max_features": "sqrt",
      "regressor__max_leaf_nodes": null,
      "regressor__max_samples": null,
      "regressor__min_impurity_decrease": 0.0,
      "regressor__min_samples_leaf": 0.05121903225277908,
      "regressor__min_samples_split": 0.05812312052018236,
      "regressor__min_weight_fraction_leaf": 0.0,
      "regressor__monotonic_cst": null,
      "regressor__n_estimators": 342,
      "regressor__n_jobs": null,
      "regressor__oob_score": false,
      "regressor__random_state": null,
      "regressor__verbose": 0,
      "regressor__warm_start": false,
      "transformer__memory": null,
      "transformer__verbose": false,
      "transformer__y scaler__copy": true,
      "transformer__y scaler__unit_variance": false,
      "transformer__y scaler__with_centering": true,
      "transformer__y scaler__with_scaling": true
    }
  },
  "69": {
    "fit_time": [
      1.192173957824707,
      1.1795673370361328,
      1.2069072723388672,
      1.1928772926330566,
      1.2148582935333252
    ],
    "score_time": [
      0.08146953582763672,
      0.08218240737915039,
      0.08135461807250977,
      0.08103609085083008,
      0.07971048355102539
    ],
    "test_r": [
      0.34748620491862064,
      0.1559375683851535,
      0.5276812108561133,
      0.6132070209722842,
      0.3171479561470734
    ],
    "test_r2": [
      0.09083932003431561,
      0.01578897962500203,
      0.02111120268785993,
      0.2992917912902152,
      0.0790323081777553
    ],
    "test_rmse": [
      -131.16451759711018,
      -155.48001299131903,
      -61.66731662991396,
      -56.66510474640746,
      -128.852652626564
    ],
    "test_mae": [
      -68.55113706589344,
      -74.63328689380047,
      -52.68885360753032,
      -46.11883247726491,
      -67.24360833648333
    ],
    "best_params": {
      "check_inverse": true,
      "func": null,
      "inverse_func": null,
      "regressor__bootstrap": true,
      "regressor__ccp_alpha": 0.0,
      "regressor__criterion": "squared_error",
      "regressor__max_depth": null,
      "regressor__max_features": "sqrt",
      "regressor__max_leaf_nodes": null,
      "regressor__max_samples": null,
      "regressor__min_impurity_decrease": 0.0,
      "regressor__min_samples_leaf": 0.05,
      "regressor__min_samples_split": 0.05,
      "regressor__min_weight_fraction_leaf": 0.0,
      "regressor__monotonic_cst": null,
      "regressor__n_estimators": 1046,
      "regressor__n_jobs": null,
      "regressor__oob_score": false,
      "regressor__random_state": null,
      "regressor__verbose": 0,
      "regressor__warm_start": false,