{
  "6": {
    "fit_time": [
      30.251388788223267,
      32.32269620895386,
      31.000043153762817,
      31.546441078186035,
      32.66752576828003
    ],
    "score_time": [
      0.6141195297241211,
      0.5646505355834961,
      0.5991659164428711,
      0.5853402614593506,
      0.5446529388427734
    ],
    "test_r": [
      0.995267692511336,
      0.990508280408703,
      0.9065141749843703,
      0.9847399247395475,
      0.9214603739464502
    ],
    "test_r2": [
      0.9798935719400592,
      0.9808710429501469,
      0.8118654641058042,
      0.9666486619128873,
      0.8473422361071725
    ],
    "test_rmse": [
      -23.405208515487043,
      -16.554596077530707,
      -26.723986231575832,
      -25.161749636028443,
      -27.1893388141236
    ],
    "test_mae": [
      -13.598234813754676,
      -12.04253651488032,
      -14.181098507673191,
      -15.081938182904056,
      -16.721375280588568
    ],
    "best_params": {
      "check_inverse": true,
      "func": null,
      "inverse_func": null,
      "regressor__natural_gradient": true,
      "regressor__n_estimators": 2000,
      "regressor__learning_rate": 0.02518111054440153,
      "regressor__minibatch_frac": 1,
      "regressor__col_sample": 1.0,
      "regressor__verbose": false,
      "transformer__memory": null,
      "transformer__verbose": false,
      "transformer__y scaler__copy": true,
      "transformer__y scaler__with_mean": true,
      "transformer__y scaler__with_std": true
    }
  },
  "13": {
    "fit_time": [
      35.365238428115845,
      36.07872748374939,
      34.36667442321777,
      34.23007559776306,
      34.29645776748657
    ],
    "score_time": [
      0.557910680770874,
      0.5685079097747803,
      0.6067514419555664,
      0.6061241626739502,
      0.5892870426177979
    ],
    "test_r": [
      0.9005039015510227,
      0.9865256206139459,
      0.9786797632975162,
      0.9830673082597852,
      0.9542301152465889
    ],
    "test_r2": [
      0.8029365753106157,
      0.9646375567375666,
      0.9563974359685942,
      0.9663207311326871,
      0.9055454535305661
    ],
    "test_rmse": [
      -22.19907020385646,
      -27.618646988558606,
      -32.84754073690505,
      -22.510987696745914,
      -23.619920239175965
    ],
    "test_mae": [
      -14.135991620719704,
      -17.088197623265913,
      -15.341213469915088,
      -12.9662327341861,
      -16.498332446357566
    ],
    "best_params": {
      "check_inverse": true,
      "func": null,
      "inverse_func": null,
      "regressor__natural_gradient": true,
      "regressor__n_estimators": 2000,
      "regressor__learning_rate": 0.1,
      "regressor__minibatch_frac": 1,
      "regressor__col_sample": 1.0,
      "regressor__verbose": false,
      "transformer__memory": null,
      "transformer__verbose": false,
      "transformer__y scaler__copy": true,
      "transformer__y scaler__with_mean": true,
      "transformer__y scaler__with_std": true
    }
  },
  "42": {
    "fit_time": [
      32.625996112823486,
      32.85410666465759,
      33.471569538116455,
      31.500589847564697,
      31.539124727249146
    ],
    "score_time": [
      0.5740795135498047,
      0.5764889717102051,
      0.5398287773132324,
      0.5986485481262207,
      0.5920376777648926
    ],
    "test_r": [
      0.9885263612381674,
      0.9416716040151452,
      0.9069736376183398,
      0.9929404544231129,
      0.8947721730346035
    ],
    "test_r2": [
      0.9770510698539762,
      0.8786565069262975,
      0.81809807217091,
      0.9852838631326758,
      0.7996708473885962
    ],
    "test_rmse": [
      -18.21059377855522,
      -25.885451306570594,
      -73.38962427583368,
      -15.926853640230915,
      -28.407936811215283
    ],
    "test_mae": [
      -12.230929520296952,
      -15.886952447654714,
      -32.55212105634952,
      -10.945000971307358,
      -16.429872261869967
    ],
    "best_params": {
      "check_inverse": true,
      "func": null,
      "inverse_func": null,
      "regressor__natural_gradient": true,
      "regressor__n_estimators": 1941,
      "regressor__learning_rate": 0.0568779685733419,
      "regressor__minibatch_frac": 1,
      "regressor__col_sample": 1.0,
      "regressor__verbose": false,
      "transformer__memory": null,
      "transformer__verbose": false,
      "transformer__y scaler__copy": true,
      "transformer__y scaler__with_mean": true,
      "transformer__y scaler__with_std": true
    }
  },
  "69": {
    "fit_time": [
      16.80546760559082,
      16.65494656562805,
      17.642139673233032,
      18.1609947681427,
      16.64676022529602
    ],
    "score_time": [
      0.33112382888793945,
      0.357830286026001,
      0.3119089603424072,
      0.30458569526672363,
      0.3590846061706543
    ],
    "test_r": [
      0.9904756223537117,
      0.8452659079521162,
      0.8131302664724938,
      0.9656799494805333,
      0.9862893004850701
    ],
    "test_r2": [
      0.9718517677137508,
      0.5967135989956355,
      0.5401638209590537,
      0.9308344011115002,
      0.9685676867058025
    ],
    "test_rmse": [
      -23.079245509726643,
      -99.52615935617393,
      -42.26588244593765,
      -17.802957872521223,
      -23.804515046329694
    ],
    "test_mae": [
      -12.869238854135132,
      -34.44427689718103,
      -23.243868077015822,
      -11.416527241266799,
      -15.727488853834178
    ],
    "best_params": {
      "check_inverse": true,
      "func": null,
      "inverse_func": null,
      "regressor__natural_gradient": true,
      "regressor__n_estimators": 1062,
      "regressor__learning_rate": 0.05070459268220101,
      "regressor__minibatch_frac": 1,
      "regressor__col_sample": 1.0,
      "regressor__verbose": false,
      "transformer__memory": null,
      "transformer__verbose": false,
      "transformer__y scaler__copy": true,
      "transformer__y scaler__with_mean": true,
      "transformer__y scaler__with_std": true
    }
  },
  "420": {
    "fit_time": [
      16.897200107574463,
      16.17465114593506,
      16.508676767349243,
      15.613404989242554,
      15.699841260910034
    ],
    "score_time": [
      0.30655527114868164,
      0.3323934078216553,
      0.3099496364593506,
      0.34023451805114746,
      0.3553762435913086
    ],
    "test_r": [
      0.9372585019464946,
      0.987229545781901,
      0.9803471919944567,
      0.9392386545117888,
      0.9686027593045208
    ],
    "test_r2": [
      0.8734440592267186,
      0.9743847359660242,
      0.9554953473422039,
      0.87927692318504,
      0.9369187037191724
    ],
    "test_rmse": [
      -24.317918914831807,
      -25.564349468971017,
      -29.070783910538626,
      -26.115593512195968,
      -31.748694651832732
    ],
    "test_mae": [
      -15.68741778579336,
      -16.564733167656055,
      -16.198919039005215,
      -15.406905271672008,
      -16.973527389319447
    ],
    "best_params": {
      "check_inverse": true,
      "func": null,
      "inverse_func": null,
      "regressor__natural_gradient": true,
      "regressor__n_estimators": 1062,
      "regressor__learning_rate": 0.030755578719099105,
      "regressor__minibatch_frac": 1,
      "regressor__col_sample": 1.0,
      "regressor__verbose": false,
      "transformer__memory": null,
      "transformer__verbose": false,
      "transformer__y scaler__copy": true,
      "transformer__y scaler__with_mean": true,
      "transformer__y scaler__with_std": true
    }
  },
  "1234567890": {
    "fit_time": [
      4.340965509414673,
      4.2563910484313965,
      3.428326368331909,
      3.901458740234375,
      4.112056732177734
    ],
    "score_time": [
      0.10209321975708008,
      0.10881423950195312,
      0.11661672592163086,
      0.10666298866271973,
      0.10716843605041504
    ],
    "test_r": [
      0.9327799848363533,
      0.988655802762255,
      0.98380122728761,
      0.9937537192328693,
      0.9401338740910831
    ],