{
  "6": {
    "fit_time": [
      1.133636236190796,
      1.1752240657806396,
      1.173654317855835,
      1.1758828163146973,
      1.1534526348114014
    ],
    "score_time": [
      0.08316206932067871,
      0.08440399169921875,
      0.08742952346801758,
      0.08293390274047852,
      0.08627152442932129
    ],
    "test_r": [
      0.1973043518512007,
      0.3556371506672247,
      0.5009677723594406,
      0.4523421439032409,
      0.5036140492733908
    ],
    "test_r2": [
      0.002659593970918861,
      0.10838091882827927,
      -0.12037111201061679,
      0.1074981221859107,
      0.17266119645560052
    ],
    "test_rmse": [
      -164.84157658714,
      -113.02190410967576,
      -65.2150643712326,
      -130.1633671076052,
      -63.296674755036506
    ],
    "test_mae": [
      -74.36088503697464,
      -55.42011577335799,
      -53.654319493039495,
      -68.98267429450338,
      -53.014295398088635
    ],
    "best_params": {
      "check_inverse": true,
      "func": null,
      "inverse_func": null,
      "regressor__bootstrap": true,
      "regressor__ccp_alpha": 0.0,
      "regressor__criterion": "squared_error",
      "regressor__max_depth": null,
      "regressor__max_features": "sqrt",
      "regressor__max_leaf_nodes": null,
      "regressor__max_samples": null,
      "regressor__min_impurity_decrease": 0.0,
      "regressor__min_samples_leaf": 0.05,
      "regressor__min_samples_split": 0.05,
      "regressor__min_weight_fraction_leaf": 0.0,
      "regressor__monotonic_cst": null,
      "regressor__n_estimators": 718,
      "regressor__n_jobs": null,
      "regressor__oob_score": false,
      "regressor__random_state": null,
      "regressor__verbose": 0,
      "regressor__warm_start": false,
      "transformer__memory": null,
      "transformer__verbose": false,
      "transformer__y scaler__copy": true,
      "transformer__y scaler__with_mean": true,
      "transformer__y scaler__with_std": true
    }
  },
  "13": {
    "fit_time": [
      2.6518352031707764,
      2.634025812149048,
      2.6305294036865234,
      2.701704740524292,
      2.4764485359191895
    ],
    "score_time": [
      0.14209365844726562,
      0.1462557315826416,
      0.14247870445251465,
      0.14830780029296875,
      0.1587820053100586
    ],
    "test_r": [
      0.4498737637841533,
      0.4540377975849191,
      0.10340868553571558,
      0.27239720848288856,
      0.619798017898464
    ],
    "test_r2": [
      -0.32639468726728116,
      0.07244068234298784,
      0.001596080896449914,
      0.07308258568778292,
      0.2882496437546598
    ],
    "test_rmse": [
      -57.59279539665721,
      -141.44972695708734,
      -157.1809771016389,
      -118.0956073075204,
      -64.8381835897858
    ],
    "test_mae": [
      -50.21281032239589,
      -77.52480185703614,
      -65.57073355279213,
      -62.45728059109497,
      -51.99593001721636
    ],
    "best_params": {
      "check_inverse": true,
      "func": null,
      "inverse_func": null,
      "regressor__bootstrap": true,
      "regressor__ccp_alpha": 0.0,
      "regressor__criterion": "squared_error",
      "regressor__max_depth": null,
      "regressor__max_features": "sqrt",
      "regressor__max_leaf_nodes": null,
      "regressor__max_samples": null,
      "regressor__min_impurity_decrease": 0.0,
      "regressor__min_samples_leaf": 0.05,
      "regressor__min_samples_split": 0.15696291183278618,
      "regressor__min_weight_fraction_leaf": 0.0,
      "regressor__monotonic_cst": null,
      "regressor__n_estimators": 2000,
      "regressor__n_jobs": null,
      "regressor__oob_score": false,
      "regressor__random_state": null,
      "regressor__verbose": 0,
      "regressor__warm_start": false,
      "transformer__memory": null,
      "transformer__verbose": false,
      "transformer__y scaler__copy": true,
      "transformer__y scaler__with_mean": true,
      "transformer__y scaler__with_std": true
    }
  },
  "42": {
    "fit_time": [
      0.2231292724609375,
      0.22486066818237305,
      0.22617411613464355,
      0.22683238983154297,
      0.22623968124389648
    ],
    "score_time": [
      0.06207704544067383,
      0.06003999710083008,
      0.05863022804260254,
      0.05970168113708496,
      0.05700945854187012
    ],
    "test_r": [
      0.3334459107371957,
      0.45835942761836623,
      0.14635052312120156,
      0.4383483180324762,
      0.5367972237970335
    ],
    "test_r2": [
      0.09182889802950989,
      0.140901163737561,
      0.018546002300060982,
      0.12566553053713658,
      0.17463332866193793
    ],
    "test_rmse": [
      -114.5583431881646,
      -68.87618125206049,
      -170.4711879351728,
      -122.76424014043086,
      -57.66218302229924
    ],
    "test_mae": [
      -55.85008127260842,
      -57.546273064111844,
      -73.17169034675679,
      -70.32844950335397,
      -47.672339093081334
    ],
    "best_params": {
      "check_inverse": true,
      "func": null,
      "inverse_func": null,
      "regressor__bootstrap": true,
      "regressor__ccp_alpha": 0.0,
      "regressor__criterion": "squared_error",
      "regressor__max_depth": null,
      "regressor__max_features": "sqrt",
      "regressor__max_leaf_nodes": null,
      "regressor__max_samples": null,
      "regressor__min_impurity_decrease": 0.0,
      "regressor__min_samples_leaf": 0.05,
      "regressor__min_samples_split": 0.05,
      "regressor__min_weight_fraction_leaf": 0.0,
      "regressor__monotonic_cst": null,
      "regressor__n_estimators": 50,
      "regressor__n_jobs": null,
      "regressor__oob_score": false,
      "regressor__random_state": null,
      "regressor__verbose": 0,
      "regressor__warm_start": false,
      "transformer__memory": null,
      "transformer__verbose": false,
      "transformer__y scaler__copy": true,
      "transformer__y scaler__with_mean": true,
      "transformer__y scaler__with_std": true
    }
  },
  "69": {
    "fit_time": [
      0.27768373489379883,
      0.2812020778656006,
      0.2837963104248047,
      0.28449535369873047,
      0.27648329734802246
    ],
    "score_time": [
      0.06109428405761719,
      0.05762004852294922,
      0.060923099517822266,
      0.05951499938964844,
      0.05323958396911621
    ],
    "test_r": [
      0.3314675272661183,
      0.1812772197729579,
      0.5390775708375364,
      0.5992374346558978,
      0.32636582958214533
    ],
    "test_r2": [
      0.09043233347306823,
      0.02595674925080027,
      0.0477858659205318,
      0.30704872156820584,
      0.08589909310311394
    ],
    "test_rmse": [
      -131.1938722669397,
      -154.67480499580105,
      -60.82129792212807,
      -56.35058687533504,
      -128.37138768996272
    ],
    "test_mae": [
      -68.40384046065334,
      -73.8320240231419,
      -51.584781268978034,
      -46.012218333428365,
      -67.55186452528983
    ],
    "best_params": {
      "check_inverse": true,
      "func": null,
      "inverse_func": null,
      "regressor__bootstrap": true,
      "regressor__ccp_alpha": 0.0,
      "regressor__criterion": "squared_error",
      "regressor__max_depth": null,
      "regressor__max_features": "sqrt",
      "regressor__max_leaf_nodes": null,
      "regressor__max_samples": null,
      "regressor__min_impurity_decrease": 0.0,
      "regressor__min_samples_leaf": 0.05060581786174091,
      "regressor__min_samples_split": 0.10078772083451852,
      "regressor__min_weight_fraction_leaf": 0.0,
      "regressor__monotonic_cst": null,
      "regressor__n_estimators": 85,
      "regressor__n_jobs": null,
      "regressor__oob_score": false,
      "regressor__random_state": null,
      "regressor__verbose": 0,
      "regressor__warm_start": false,
      "transformer__memory": null,
      "transformer__verbose": false,
      "transformer__y scaler__copy": true,
      "transformer__y scaler__with_mean": true,
      "transformer__y scaler__with_std": true
    }
  },