{
  "6": {
    "fit_time": [
      0.0927724838256836,
      0.09062600135803223,
      0.09651422500610352,
      0.09549236297607422,
      0.10210227966308594
    ],
    "score_time": [
      0.035753488540649414,
      0.03462338447570801,
      0.03253579139709473,
      0.03239607810974121,
      0.034780025482177734
    ],
    "test_r": [
      0.17822404581202078,
      0.3187750716449272,
      0.5507571167718441,
      0.4003410049150296,
      0.44254384846078587
    ],
    "test_r2": [
      0.000444475886906881,
      0.08128323660332815,
      -0.0754640895265759,
      0.07053595722443062,
      0.10924023845323438
    ],
    "test_rmse": [
      -165.02453369570554,
      -114.72650487492818,
      -63.89471435229642,
      -132.83132413105469,
      -65.67793559536756
    ],
    "test_mae": [
      -74.82774965641477,
      -59.257248105956975,
      -54.54305193977542,
      -70.07991071135598,
      -55.48248768560726
    ],
    "best_params": {
      "check_inverse": true,
      "func": null,
      "inverse_func": null,
      "regressor__bootstrap": true,
      "regressor__ccp_alpha": 0.0,
      "regressor__criterion": "squared_error",
      "regressor__max_depth": null,
      "regressor__max_features": "sqrt",
      "regressor__max_leaf_nodes": null,
      "regressor__max_samples": null,
      "regressor__min_impurity_decrease": 0.0,
      "regressor__min_samples_leaf": 0.05,
      "regressor__min_samples_split": 0.0979065422449842,
      "regressor__min_weight_fraction_leaf": 0.0,
      "regressor__monotonic_cst": null,
      "regressor__n_estimators": 50,
      "regressor__n_jobs": null,
      "regressor__oob_score": false,
      "regressor__random_state": null,
      "regressor__verbose": 0,
      "regressor__warm_start": false,
      "transformer__memory": null,
      "transformer__verbose": false,
      "transformer__y scaler__copy": true,
      "transformer__y scaler__with_mean": true,
      "transformer__y scaler__with_std": true
    }
  },
  "13": {
    "fit_time": [
      0.08842229843139648,
      0.08941340446472168,
      0.09069061279296875,
      0.09680438041687012,
      0.08797025680541992
    ],
    "score_time": [
      0.029253721237182617,
      0.028133392333984375,
      0.028241395950317383,
      0.031623125076293945,
      0.026764631271362305
    ],
    "test_r": [
      0.5166579575586294,
      0.5018707859648304,
      0.10443982311700123,
      0.32780324510210535,
      0.4337889358282051
    ],
    "test_r2": [
      -0.39474558183760955,
      0.09211689192386996,
      0.0071626516451260835,
      0.09157828380294863,
      0.16059378788592504
    ],
    "test_rmse": [
      -59.05807252872478,
      -139.94140669510054,
      -156.74218574613323,
      -116.91143117104498,
      -70.41303802057236
    ],
    "test_mae": [
      -52.89239777371867,
      -77.38159888887259,
      -67.94618364310514,
      -59.20474080442038,
      -57.846848209166765
    ],
    "best_params": {
      "check_inverse": true,
      "func": null,
      "inverse_func": null,
      "regressor__bootstrap": true,
      "regressor__ccp_alpha": 0.0,
      "regressor__criterion": "squared_error",
      "regressor__max_depth": null,
      "regressor__max_features": "sqrt",
      "regressor__max_leaf_nodes": null,
      "regressor__max_samples": null,
      "regressor__min_impurity_decrease": 0.0,
      "regressor__min_samples_leaf": 0.05017811565402868,
      "regressor__min_samples_split": 0.0848922152356836,
      "regressor__min_weight_fraction_leaf": 0.0,
      "regressor__monotonic_cst": null,
      "regressor__n_estimators": 50,
      "regressor__n_jobs": null,
      "regressor__oob_score": false,
      "regressor__random_state": null,
      "regressor__verbose": 0,
      "regressor__warm_start": false,
      "transformer__memory": null,
      "transformer__verbose": false,
      "transformer__y scaler__copy": true,
      "transformer__y scaler__with_mean": true,
      "transformer__y scaler__with_std": true
    }
  },
  "42": {
    "fit_time": [
      0.332902193069458,
      0.35005903244018555,
      0.32395005226135254,
      0.32086658477783203,
      0.3242018222808838
    ],
    "score_time": [
      0.03873634338378906,
      0.04060220718383789,
      0.03920149803161621,
      0.038721561431884766,
      0.03934741020202637
    ],
    "test_r": [
      0.3611159698204824,
      0.44375650125602173,
      0.11489761745334742,
      0.4428365824491525,
      0.5681874401383054
    ],
    "test_r2": [
      0.09304834778915905,
      0.12044276304218005,
      0.010943467171403043,
      0.10324029573752835,
      0.18354802024144634
    ],
    "test_rmse": [
      -114.48140555476564,
      -69.6914576189965,
      -171.1301658793817,
      -124.32862267166914,
      -57.349936256266595
    ],
    "test_mae": [
      -58.386575730207696,
      -57.89340810622764,
      -77.8746260576803,
      -72.40078607766577,
      -48.304235485947046
    ],
    "best_params": {
      "check_inverse": true,
      "func": null,
      "inverse_func": null,
      "regressor__bootstrap": true,
      "regressor__ccp_alpha": 0.0,
      "regressor__criterion": "squared_error",
      "regressor__max_depth": null,
      "regressor__max_features": "sqrt",
      "regressor__max_leaf_nodes": null,
      "regressor__max_samples": null,
      "regressor__min_impurity_decrease": 0.0,
      "regressor__min_samples_leaf": 0.05,
      "regressor__min_samples_split": 0.05,
      "regressor__min_weight_fraction_leaf": 0.0,
      "regressor__monotonic_cst": null,
      "regressor__n_estimators": 302,
      "regressor__n_jobs": null,
      "regressor__oob_score": false,
      "regressor__random_state": null,
      "regressor__verbose": 0,
      "regressor__warm_start": false,
      "transformer__memory": null,
      "transformer__verbose": false,
      "transformer__y scaler__copy": true,
      "transformer__y scaler__with_mean": true,
      "transformer__y scaler__with_std": true
    }
  },
  "69": {
    "fit_time": [
      1.997232437133789,
      1.8916668891906738,
      1.9483263492584229,
      1.9060559272766113,
      1.8923795223236084
    ],
    "score_time": [
      0.11516332626342773,
      0.09470152854919434,
      0.10388684272766113,
      0.09339332580566406,
      0.0939638614654541
    ],
    "test_r": [
      0.355037942200344,
      0.14626740820041215,
      0.5174596938776201,
      0.5435686749961008,
      0.34247877066100824
    ],
    "test_r2": [
      0.08581155992817358,
      0.015173764669857981,
      0.03726645742256718,
      0.23232091649753006,
      0.08154732499449069
    ],
    "test_rmse": [
      -131.5266947835553,
      -155.52859946515974,
      -61.156331146189814,
      -59.31123227240748,
      -128.67659426026756
    ],
    "test_mae": [
      -68.03369204509332,
      -76.30722733763163,
      -52.453371340172254,
      -48.043813905276416,
      -66.48296141325757
    ],
    "best_params": {
      "check_inverse": true,
      "func": null,
      "inverse_func": null,
      "regressor__bootstrap": true,
      "regressor__ccp_alpha": 0.0,
      "regressor__criterion": "squared_error",
      "regressor__max_depth": null,
      "regressor__max_features": "sqrt",
      "regressor__max_leaf_nodes": null,
      "regressor__max_samples": null,
      "regressor__min_impurity_decrease": 0.0,
      "regressor__min_samples_leaf": 0.05,
      "regressor__min_samples_split": 0.05,
      "regressor__min_weight_fraction_leaf": 0.0,
      "regressor__monotonic_cst": null,
      "regressor__n_estimators": 2000,
      "regressor__n_jobs": null,
      "regressor__oob_score": false,
      "regressor__random_state": null,
      "regressor__verbose": 0,
      "regressor__warm_start": false,
      "transformer__memory": null,
      "transformer__verbose": false,
      "transformer__y scaler__copy": true,
      "transformer__y scaler__with_mean": true,
      "transformer__y scaler__with_std": true
    }
  },