{
  "6": {
    "fit_time": [
      0.04677605628967285,
      0.09170103073120117,
      0.046797752380371094,
      0.08993840217590332,
      0.09011244773864746
    ],
    "score_time": [
      0.027997255325317383,
      0.0413358211517334,
      0.02803826332092285,
      0.03603982925415039,
      0.035918235778808594
    ],
    "test_r": [
      0.28589389747529753,
      0.00663508303355724,
      -0.08544279412108217,
      0.07644439003218904,
      0.02299914455185316
    ],
    "test_r2": [
      0.051837226155493576,
      -3.0385516700732044e+23,
      -1.9252030914211776e+25,
      -5.791189648350667e+23,
      -4.1042896148574864e+23
    ],
    "test_rmse": [
      -160.7261354751953,
      -65979080009187.74,
      -270336851426384.1,
      -104849918913950.1,
      -44581861431043.35
    ],
    "test_mae": [
      -65.41697183931639,
      -12419827317698.02,
      -37854730903166.1,
      -14681925326767.867,
      -6242709267124.734
    ],
    "best_params": {
      "check_inverse": true,
      "func": null,
      "inverse_func": null,
      "regressor__copy_X": true,
      "regressor__fit_intercept": false,
      "regressor__n_jobs": null,
      "regressor__positive": false,
      "transformer__memory": null,
      "transformer__verbose": false,
      "transformer__y scaler__copy": true,
      "transformer__y scaler__with_mean": true,
      "transformer__y scaler__with_std": true
    }
  },
  "13": {
    "fit_time": [
      0.09520077705383301,
      0.10937786102294922,
      0.09003472328186035,
      0.09221601486206055,
      0.04677224159240723
    ],
    "score_time": [
      0.05514216423034668,
      0.0638728141784668,
      0.05212688446044922,
      0.055478811264038086,
      0.030188322067260742
    ],
    "test_r": [
      0.03342327455778957,
      -0.08990865827857325,
      0.15357627565323553,
      0.07474302088622768,
      0.03205010466797387
    ],
    "test_r2": [
      -5.5111763582692886e+26,
      -9.749151328083038e+23,
      -0.0015233509452352578,
      -7.638834732545752e+24,
      -6.136494097363946e+25
    ],
    "test_rmse": [
      -1173961693383241.5,
      -145015583057431.78,
      -157.42633519020436,
      -339021140207776.94,
      -602042504306830.9
    ],
    "test_mae": [
      -162799195420191.56,
      -20110043094474.645,
      -61.74227669350847,
      -47472455069796.766,
      -161763454340679.0
    ],
    "best_params": {
      "check_inverse": true,
      "func": null,
      "inverse_func": null,
      "regressor__copy_X": true,
      "regressor__fit_intercept": false,
      "regressor__n_jobs": null,
      "regressor__positive": false,
      "transformer__memory": null,
      "transformer__verbose": false,
      "transformer__y scaler__copy": true,
      "transformer__y scaler__with_mean": true,
      "transformer__y scaler__with_std": true
    }
  },
  "42": {
    "fit_time": [
      0.04761338233947754,
      0.09183478355407715,
      0.09365344047546387,
      0.08996772766113281,
      0.08743596076965332
    ],
    "score_time": [
      0.029894351959228516,
      0.041820526123046875,
      0.04780173301696777,
      0.04591846466064453,
      0.032967567443847656
    ],
    "test_r": [
      0.34883423603710756,
      0.6217751782260559,
      0.06845569775850319,
      0.5224134478745746,
      -0.10252652793259644
    ],
    "test_r2": [
      0.06051097073408096,
      0.2063983295750984,
      -5.588033775765517e+23,
      0.2717044792923339,
      -7.484080109260846e+24
    ],
    "test_rmse": [
      -116.51685165368076,
      -66.19859643892424,
      -128630964068774.45,
      -112.04356001178292,
      -173634823550852.6
    ],
    "test_mae": [
      -56.57489391431888,
      -53.5211693313209,
      -25801572448375.562,
      -55.67583351293936,
      -26413127049048.652
    ],
    "best_params": {
      "check_inverse": true,
      "func": null,
      "inverse_func": null,
      "regressor__copy_X": true,
      "regressor__fit_intercept": false,
      "regressor__n_jobs": null,
      "regressor__positive": false,
      "transformer__memory": null,
      "transformer__verbose": false,
      "transformer__y scaler__copy": true,
      "transformer__y scaler__with_mean": true,
      "transformer__y scaler__with_std": true
    }
  },
  "69": {
    "fit_time": [
      0.09093809127807617,
      0.08938455581665039,
      0.08950471878051758,
      0.08801674842834473,
      0.05159783363342285
    ],
    "score_time": [
      0.044385433197021484,
      0.047142982482910156,
      0.04829668998718262,
      0.047241926193237305,
      0.03142738342285156
    ],
    "test_r": [
      0.40420046554206995,
      0.06512310022584337,
      0.5419777924825439,
      -0.06908208281215412,
      -0.01404583164450032
    ],
    "test_r2": [
      0.16330033548639877,
      -7.967752324555549e+24,
      -0.18096974028930934,
      -4.0374430370461e+25,
      -7.444939026875002e+21
    ],
    "test_rmse": [
      -125.82902787345694,
      -442382938734687.2,
      -67.73416118345175,
      -430130557854080.75,
      -11585152065607.168
    ],
    "test_mae": [
      -61.0390104643224,
      -71335883655372.73,
      -58.14738173919338,
      -100801400618154.05,
      -1622245770846.498
    ],
    "best_params": {
      "check_inverse": true,
      "func": null,
      "inverse_func": null,
      "regressor__copy_X": true,
      "regressor__fit_intercept": false,
      "regressor__n_jobs": null,
      "regressor__positive": false,
      "transformer__memory": null,
      "transformer__verbose": false,
      "transformer__y scaler__copy": true,
      "transformer__y scaler__with_mean": true,
      "transformer__y scaler__with_std": true
    }
  },
  "420": {
    "fit_time": [
      0.08833837509155273,
      0.04757356643676758,
      0.09070205688476562,
      0.09692859649658203,
      0.09079957008361816
    ],
    "score_time": [
      0.04776906967163086,
      0.029297351837158203,
      0.05719876289367676,
      0.06404542922973633,
      0.0445406436920166
    ],
    "test_r": [
      0.6650443187498158,
      0.027904977364802026,
      0.07210673393483817,
      0.5707650283111265,
      0.27275392686652933
    ],
    "test_r2": [
      0.2427047549464616,
      -2.7262643870303866e+24,
      -8.697287866286857e+23,
      0.3183168126134611,
      0.06731581790415975
    ],
    "test_rmse": [
      -59.48640899208003,
      -263735937768176.28,
      -128512673171755.23,
      -62.05775262815851,
      -122.07953743427235
    ],
    "test_mae": [
      -47.08328469712382,
      -48351045708681.79,
      -22762674353748.793,
      -45.84362287883439,
      -53.73876521483403
    ],
    "best_params": {
      "check_inverse": true,
      "func": null,
      "inverse_func": null,
      "regressor__copy_X": true,
      "regressor__fit_intercept": false,
      "regressor__n_jobs": null,
      "regressor__positive": false,
      "transformer__memory": null,
      "transformer__verbose": false,
      "transformer__y scaler__copy": true,
      "transformer__y scaler__with_mean": true,
      "transformer__y scaler__with_std": true
    }
  },
  "1234567890": {
    "fit_time": [
      0.052285194396972656,
      0.07298636436462402,
      0.0917062759399414,
      0.09123063087463379,
      0.1201169490814209
    ],
    "score_time": [
      0.032068490982055664,
      0.02813863754272461,
      0.03153586387634277,
      0.04366803169250488,
      0.04416847229003906
    ],
    "test_r": [
      -0.06195611319334032,
      0.4472718768867992,
      0.1419820464171396,
      0.41146640800795664,
      -0.07028633596295915
    ],
    "test_r2": [
      -4.1660593791562275e+21,
      0.17457977096162847,
      -4.0937544296720664e+25,
      0.1664975951606873,
      -6.780781612046868e+23
    ],
    "test_rmse": [
      -4333025368491.603,
      -113.93765864233822,
      -794799255742978.9,
      -125.10309821524888,
      -108004657097198.06
    ],