{
  "6": {
    "fit_time": [
      11.075757026672363,
      12.561769247055054,
      10.275091409683228,
      10.152053594589233,
      10.432936906814575
    ],
    "score_time": [
      0.24820971488952637,
      0.24259352684020996,
      0.3055093288421631,
      0.24538445472717285,
      0.24615097045898438
    ],
    "test_r": [
      0.9897634250554724,
      0.9910787413148331,
      0.9210240084244462,
      0.9841236538846871,
      0.9155511693784956
    ],
    "test_r2": [
      0.9742090009745905,
      0.9820052980014515,
      0.8345845016610391,
      0.9676669818277239,
      0.8351314279775859
    ],
    "test_rmse": [
      -26.508132635211695,
      -16.05629253538929,
      -25.05850025132935,
      -24.774638629429393,
      -28.255834392552508
    ],
    "test_mae": [
      -16.471435628511873,
      -11.105297673942774,
      -13.240922455510397,
      -14.629183335061496,
      -17.497293978897357
    ],
    "best_params": {
      "check_inverse": true,
      "func": null,
      "inverse_func": null,
      "regressor__natural_gradient": true,
      "regressor__n_estimators": 554,
      "regressor__learning_rate": 0.1,
      "regressor__minibatch_frac": 1,
      "regressor__col_sample": 1.0,
      "regressor__verbose": false,
      "transformer__memory": null,
      "transformer__verbose": false,
      "transformer__y scaler__copy": true,
      "transformer__y scaler__with_mean": true,
      "transformer__y scaler__with_std": true
    }
  },
  "13": {
    "fit_time": [
      40.08716559410095,
      37.05325150489807,
      41.57244873046875,
      42.964534282684326,
      39.65973472595215
    ],
    "score_time": [
      0.7802233695983887,
      0.7660164833068848,
      0.7927684783935547,
      0.8005096912384033,
      0.8234007358551025
    ],
    "test_r": [
      0.9242251540706035,
      0.9791591617540212,
      0.9914404213427838,
      0.9812996088970223,
      0.9544821288431429
    ],
    "test_r2": [
      0.8534468683168419,
      0.9562027129511088,
      0.9807784371431859,
      0.9627891518917346,
      0.9059076552657549
    ],
    "test_rmse": [
      -19.14385178795143,
      -30.736532536062445,
      -21.80927324451933,
      -23.66181243408496,
      -23.574589475641623
    ],
    "test_mae": [
      -12.91470092236892,
      -16.48916405735047,
      -13.059922903019066,
      -13.135124988035088,
      -15.238981383670193
    ],
    "best_params": {
      "check_inverse": true,
      "func": null,
      "inverse_func": null,
      "regressor__natural_gradient": true,
      "regressor__n_estimators": 2000,
      "regressor__learning_rate": 0.1,
      "regressor__minibatch_frac": 1,
      "regressor__col_sample": 1.0,
      "regressor__verbose": false,
      "transformer__memory": null,
      "transformer__verbose": false,
      "transformer__y scaler__copy": true,
      "transformer__y scaler__with_mean": true,
      "transformer__y scaler__with_std": true
    }
  },
  "42": {
    "fit_time": [
      5.957479953765869,
      7.338014841079712,
      7.160886764526367,
      7.133065223693848,
      7.458409786224365
    ],
    "score_time": [
      0.1976609230041504,
      0.19347810745239258,
      0.19310545921325684,
      0.21658992767333984,
      0.18937325477600098
    ],
    "test_r": [
      0.9889314321083155,
      0.9371592794533501,
      0.9713750717693947,
      0.9923301546671444,
      0.8983044127699877
    ],
    "test_r2": [
      0.9776815329777604,
      0.8711855759324574,
      0.9272544776115738,
      0.9840728321329876,
      0.8054339637726774
    ],
    "test_rmse": [
      -17.958707015378174,
      -26.670413122222858,
      -46.410809860272224,
      -16.569231227539028,
      -27.9963318029056
    ],
    "test_mae": [
      -12.436729226218754,
      -16.320850120330356,
      -25.21143322820047,
      -10.575740822339345,
      -15.254645638943462
    ],
    "best_params": {
      "check_inverse": true,
      "func": null,
      "inverse_func": null,
      "regressor__natural_gradient": true,
      "regressor__n_estimators": 427,
      "regressor__learning_rate": 0.055849248932036216,
      "regressor__minibatch_frac": 1,
      "regressor__col_sample": 1.0,
      "regressor__verbose": false,
      "transformer__memory": null,
      "transformer__verbose": false,
      "transformer__y scaler__copy": true,
      "transformer__y scaler__with_mean": true,
      "transformer__y scaler__with_std": true
    }
  },
  "69": {
    "fit_time": [
      31.607481956481934,
      30.10309386253357,
      25.21621870994568,
      31.202608346939087,
      28.18089723587036
    ],
    "score_time": [
      0.7081997394561768,
      0.7492663860321045,
      0.7460687160491943,
      0.7094817161560059,
      0.7415115833282471
    ],
    "test_r": [
      0.9939883308424761,
      0.8446527940529498,
      0.8633175313465195,
      0.9681503163198072,
      0.9909346224065309
    ],
    "test_r2": [
      0.9803429967844005,
      0.5812463024405186,
      0.6732594474148422,
      0.9327998736589945,
      0.9815005414576194
    ],
    "test_rmse": [
      -19.286556696186263,
      -101.41677214578883,
      -35.62787266969983,
      -17.548182325368572,
      -18.262098238370914
    ],
    "test_mae": [
      -11.777430246045888,
      -38.83879591860544,
      -19.624282490760606,
      -10.806695413162293,
      -12.735153359876552
    ],
    "best_params": {
      "check_inverse": true,
      "func": null,
      "inverse_func": null,
      "regressor__natural_gradient": true,
      "regressor__n_estimators": 2000,
      "regressor__learning_rate": 0.03969149993869657,
      "regressor__minibatch_frac": 1,
      "regressor__col_sample": 1.0,
      "regressor__verbose": false,
      "transformer__memory": null,
      "transformer__verbose": false,
      "transformer__y scaler__copy": true,
      "transformer__y scaler__with_mean": true,
      "transformer__y scaler__with_std": true
    }
  },
  "420": {
    "fit_time": [
      30.48856544494629,
      29.54517388343811,
      29.678733348846436,
      31.86435866355896,
      31.185230255126953
    ],
    "score_time": [
      0.7731552124023438,
      0.8097822666168213,
      0.7594475746154785,
      0.718292236328125,
      0.6946151256561279
    ],
    "test_r": [
      0.9653934559206027,
      0.9800616712904572,
      0.9790937691113215,
      0.8581386518085901,
      0.9777913874214794
    ],
    "test_r2": [
      0.9309858099955185,
      0.9552765217028766,
      0.9529587991371783,
      0.7138883441320976,
      0.9536693296842983
    ],
    "test_rmse": [
      -17.957849822607262,
      -33.77949197779416,
      -29.88775089847785,
      -40.204302116139964,
      -27.208829623425487
    ],
    "test_mae": [
      -12.299981034065354,
      -19.089160651927155,
      -16.63064102073967,
      -18.531866898038274,
      -15.629473994311505
    ],
    "best_params": {
      "check_inverse": true,
      "func": null,
      "inverse_func": null,
      "regressor__natural_gradient": true,
      "regressor__n_estimators": 2000,
      "regressor__learning_rate": 0.06477709811297372,
      "regressor__minibatch_frac": 1,
      "regressor__col_sample": 1.0,
      "regressor__verbose": false,
      "transformer__memory": null,
      "transformer__verbose": false,
      "transformer__y scaler__copy": true,
      "transformer__y scaler__with_mean": true,
      "transformer__y scaler__with_std": true
    }
  },
  "1234567890": {
    "fit_time": [
      1.0361428260803223,
      1.0427780151367188,
      1.024630069732666,
      1.0468008518218994,
      1.0603413581848145
    ],
    "score_time": [
      0.07083344459533691,
      0.06809782981872559,
      0.0704338550567627,
      0.07103085517883301,
      0.06980681419372559
    ],
    "test_r": [
      0.9463149994993555,
      0.9888363942418539,
      0.9821247539131941,
      0.99315771498556,
      0.9224441782289832
    ],