{
  "6": {
    "fit_time": [
      31.646514177322388,
      31.73474621772766,
      31.027745485305786,
      30.32110285758972,
      31.800089120864868
    ],
    "score_time": [
      0.7252027988433838,
      0.7710597515106201,
      0.769913911819458,
      0.7686765193939209,
      0.7934780120849609
    ],
    "test_r": [
      0.9892304351068404,
      0.9905680277699238,
      0.9768765279552691,
      0.9769798200171457,
      0.9290556393121658
    ],
    "test_r2": [
      0.977934327450687,
      0.9801437452141739,
      0.9490897948926408,
      0.9535052398680546,
      0.8609577069615615
    ],
    "test_rmse": [
      -17.969103821525103,
      -18.14688385451946,
      -30.211884054736853,
      -28.570354295169196,
      -25.279490995255674
    ],
    "test_mae": [
      -10.881901089022142,
      -12.823106372475092,
      -15.07950221824222,
      -17.19602277929081,
      -14.913173375947844
    ],
    "best_params": {
      "check_inverse": true,
      "func": null,
      "inverse_func": null,
      "regressor__natural_gradient": true,
      "regressor__n_estimators": 2000,
      "regressor__learning_rate": 0.1,
      "regressor__minibatch_frac": 1,
      "regressor__col_sample": 1.0,
      "regressor__verbose": false,
      "transformer__memory": null,
      "transformer__verbose": false,
      "transformer__y scaler__copy": true,
      "transformer__y scaler__with_mean": true,
      "transformer__y scaler__with_std": true
    }
  },
  "13": {
    "fit_time": [
      27.799845457077026,
      31.29261302947998,
      31.88206720352173,
      27.645084619522095,
      28.130645513534546
    ],
    "score_time": [
      0.750999927520752,
      0.8008251190185547,
      0.7458808422088623,
      0.7562427520751953,
      0.7689006328582764
    ],
    "test_r": [
      0.9184185097396873,
      0.9868259228971393,
      0.9588937098484623,
      0.9660706246566398,
      0.9545750890641407
    ],
    "test_r2": [
      0.832946879472762,
      0.9718093476278526,
      0.9094789529248684,
      0.9298369511861639,
      0.9063748997670242
    ],
    "test_rmse": [
      -21.864405040745346,
      -29.2121554790232,
      -33.600504378417796,
      -35.41438771274155,
      -23.170646243458506
    ],
    "test_mae": [
      -13.637542021461268,
      -17.30371871533403,
      -14.383708374224126,
      -19.625013221225093,
      -15.34813999475753
    ],
    "best_params": {
      "check_inverse": true,
      "func": null,
      "inverse_func": null,
      "regressor__natural_gradient": true,
      "regressor__n_estimators": 2000,
      "regressor__learning_rate": 0.018326034676220446,
      "regressor__minibatch_frac": 1,
      "regressor__col_sample": 1.0,
      "regressor__verbose": false,
      "transformer__memory": null,
      "transformer__verbose": false,
      "transformer__y scaler__copy": true,
      "transformer__y scaler__with_mean": true,
      "transformer__y scaler__with_std": true
    }
  },
  "42": {
    "fit_time": [
      4.53796124458313,
      5.232057571411133,
      4.352335691452026,
      5.075130224227905,
      5.329278230667114
    ],
    "score_time": [
      0.15444517135620117,
      0.15431475639343262,
      0.15532135963439941,
      0.15530967712402344,
      0.1526961326599121
    ],
    "test_r": [
      0.9146865283625378,
      0.9894600269255678,
      0.9654462984326109,
      0.9871938718978166,
      0.9174064690142544
    ],
    "test_r2": [
      0.8200771617229472,
      0.9752953567818881,
      0.9296707883000493,
      0.9693971910247687,
      0.8400114361244657
    ],
    "test_rmse": [
      -29.69259872249956,
      -26.31873130005756,
      -43.16942046152013,
      -15.138598840323361,
      -25.629159447525744
    ],
    "test_mae": [
      -19.162990154646888,
      -15.451917461339944,
      -22.071411211201163,
      -10.034556233671287,
      -15.021465645182907
    ],
    "best_params": {
      "check_inverse": true,
      "func": null,
      "inverse_func": null,
      "regressor__natural_gradient": true,
      "regressor__n_estimators": 346,
      "regressor__learning_rate": 0.09929860199748047,
      "regressor__minibatch_frac": 1,
      "regressor__col_sample": 1.0,
      "regressor__verbose": false,
      "transformer__memory": null,
      "transformer__verbose": false,
      "transformer__y scaler__copy": true,
      "transformer__y scaler__with_mean": true,
      "transformer__y scaler__with_std": true
    }
  },
  "69": {
    "fit_time": [
      3.1976375579833984,
      2.949509859085083,
      3.1907756328582764,
      2.52479887008667,
      3.212938070297241
    ],
    "score_time": [
      0.12300705909729004,
      0.1211082935333252,
      0.11627054214477539,
      0.12572216987609863,
      0.12346410751342773
    ],
    "test_r": [
      0.9798725819946179,
      0.760608545023457,
      0.8444713797304666,
      0.9515801932910738,
      0.9861171509615129
    ],
    "test_r2": [
      0.9518388037770366,
      0.35881172612609713,
      0.6494112688673882,
      0.9027110544015147,
      0.9709791735829807
    ],
    "test_rmse": [
      -30.546432161999434,
      -96.9120233001728,
      -37.719729295546074,
      -20.429853273962053,
      -28.548662874153106
    ],
    "test_mae": [
      -15.942836579887905,
      -33.20456369967629,
      -20.462818601964692,
      -12.338531225194487,
      -18.798257414961967
    ],
    "best_params": {
      "check_inverse": true,
      "func": null,
      "inverse_func": null,
      "regressor__natural_gradient": true,
      "regressor__n_estimators": 248,
      "regressor__learning_rate": 0.06663737466377855,
      "regressor__minibatch_frac": 1,
      "regressor__col_sample": 1.0,
      "regressor__verbose": false,
      "transformer__memory": null,
      "transformer__verbose": false,
      "transformer__y scaler__copy": true,
      "transformer__y scaler__with_mean": true,
      "transformer__y scaler__with_std": true
    }
  },
  "420": {
    "fit_time": [
      4.084022521972656,
      3.704599380493164,
      3.583571195602417,
      4.0241310596466064,
      4.541149616241455
    ],
    "score_time": [
      0.1575927734375,
      0.15339875221252441,
      0.1587357521057129,
      0.1558220386505127,
      0.16388607025146484
    ],
    "test_r": [
      0.9452743146634165,
      0.9660860106226346,
      0.9489651318406835,
      0.9757364093737171,
      0.9758618836661902
    ],
    "test_r2": [
      0.8885237004945167,
      0.931957018709552,
      0.8992418372463179,
      0.9461235713490045,
      0.9510587924621465
    ],
    "test_rmse": [
      -23.471446629448128,
      -34.12080284718057,
      -40.73776390152518,
      -32.02522452366365,
      -26.203134495625246
    ],
    "test_mae": [
      -14.90393646558643,
      -19.858878160466805,
      -22.937839997097615,
      -17.636382289861178,
      -14.620004486747595
    ],
    "best_params": {
      "check_inverse": true,
      "func": null,
      "inverse_func": null,
      "regressor__natural_gradient": true,
      "regressor__n_estimators": 353,
      "regressor__learning_rate": 0.04334995772364443,
      "regressor__minibatch_frac": 1,
      "regressor__col_sample": 1.0,
      "regressor__verbose": false,
      "transformer__memory": null,
      "transformer__verbose": false,
      "transformer__y scaler__copy": true,
      "transformer__y scaler__with_mean": true,
      "transformer__y scaler__with_std": true
    }
  },
  "1234567890": {
    "fit_time": [
      9.201685905456543,
      9.059758424758911,
      9.16016960144043,
      8.735279083251953,
      9.121063232421875
    ],
    "score_time": [
      0.23568153381347656,
      0.23082542419433594,
      0.23063349723815918,
      0.23893356323242188,
      0.23220491409301758
    ],
    "test_r": [
      0.9553178173441024,
      0.9786597873902301,
      0.9781151937861494,
      0.9921555531612248,
      0.9566789943061672
    ],