{
  "6": {
    "fit_time": [
      3.5394134521484375,
      3.9936537742614746,
      3.867849349975586,
      4.004119873046875,
      4.090826511383057
    ],
    "score_time": [
      0.08308720588684082,
      0.08864831924438477,
      0.08169293403625488,
      0.07941842079162598,
      0.08113503456115723
    ],
    "test_r": [
      0.9925090155119621,
      0.9883649348612272,
      0.9094949769948026,
      0.9852971991983384,
      0.9174799271327475
    ],
    "test_r2": [
      0.9801895744455691,
      0.9767799340439384,
      0.8051099126886718,
      0.9691503063692474,
      0.840342240514877
    ],
    "test_rmse": [
      -23.232286504967178,
      -18.239153030150057,
      -27.19955828355298,
      -24.199680544325492,
      -27.805724376638253
    ],
    "test_mae": [
      -14.678720729567273,
      -12.855726500073967,
      -13.623970344255353,
      -15.237444280358863,
      -16.94227517502054
    ],
    "best_params": {
      "check_inverse": true,
      "func": null,
      "inverse_func": null,
      "regressor__natural_gradient": true,
      "regressor__n_estimators": 217,
      "regressor__learning_rate": 0.1,
      "regressor__minibatch_frac": 1,
      "regressor__col_sample": 1.0,
      "regressor__verbose": false,
      "transformer__memory": null,
      "transformer__verbose": false,
      "transformer__y scaler__copy": true,
      "transformer__y scaler__with_mean": true,
      "transformer__y scaler__with_std": true
    }
  },
  "13": {
    "fit_time": [
      3.232128620147705,
      3.6876723766326904,
      3.3362457752227783,
      3.1632864475250244,
      3.5173354148864746
    ],
    "score_time": [
      0.07424092292785645,
      0.07828903198242188,
      0.07092857360839844,
      0.07370233535766602,
      0.07301163673400879
    ],
    "test_r": [
      0.9027285773777222,
      0.9858685408741992,
      0.9591111087833138,
      0.9771135542596927,
      0.9514683768702668
    ],
    "test_r2": [
      0.8080027768620388,
      0.9642992108507966,
      0.9122507169764338,
      0.9543528573431246,
      0.9020445405749822
    ],
    "test_rmse": [
      -21.911860049621787,
      -27.750459283724663,
      -46.598145592785805,
      -26.20716372381379,
      -24.053668210182447
    ],
    "test_mae": [
      -14.62286393727898,
      -17.551108685758802,
      -19.76067502191226,
      -13.75429725205584,
      -16.000865165925298
    ],
    "best_params": {
      "check_inverse": true,
      "func": null,
      "inverse_func": null,
      "regressor__natural_gradient": true,
      "regressor__n_estimators": 185,
      "regressor__learning_rate": 0.09941645343206422,
      "regressor__minibatch_frac": 1,
      "regressor__col_sample": 1.0,
      "regressor__verbose": false,
      "transformer__memory": null,
      "transformer__verbose": false,
      "transformer__y scaler__copy": true,
      "transformer__y scaler__with_mean": true,
      "transformer__y scaler__with_std": true
    }
  },
  "42": {
    "fit_time": [
      43.44721603393555,
      44.843892335891724,
      42.75257754325867,
      43.97607111930847,
      42.883785247802734
    ],
    "score_time": [
      0.5933139324188232,
      0.5716948509216309,
      0.5834593772888184,
      0.5935482978820801,
      0.5904343128204346
    ],
    "test_r": [
      0.9906017931903488,
      0.9401791203578308,
      0.9651733868892917,
      0.9937815198163762,
      0.8875996844636899
    ],
    "test_r2": [
      0.9812799787811287,
      0.8789731715535944,
      0.9146509476426146,
      0.9869340837254273,
      0.7868092122745187
    ],
    "test_rmse": [
      -16.447354496723396,
      -25.851653195886836,
      -50.27075005837375,
      -15.007315589550446,
      -29.30568204888562
    ],
    "test_mae": [
      -11.6233130553364,
      -15.784590958573263,
      -26.589025932033007,
      -9.685354077680431,
      -16.68670656111515
    ],
    "best_params": {
      "check_inverse": true,
      "func": null,
      "inverse_func": null,
      "regressor__natural_gradient": true,
      "regressor__n_estimators": 2000,
      "regressor__learning_rate": 0.03761978498717955,
      "regressor__minibatch_frac": 1,
      "regressor__col_sample": 1.0,
      "regressor__verbose": false,
      "transformer__memory": null,
      "transformer__verbose": false,
      "transformer__y scaler__copy": true,
      "transformer__y scaler__with_mean": true,
      "transformer__y scaler__with_std": true
    }
  },
  "69": {
    "fit_time": [
      33.13153886795044,
      32.731590270996094,
      33.76178479194641,
      33.76511216163635,
      34.28564739227295
    ],
    "score_time": [
      0.4551057815551758,
      0.4647371768951416,
      0.46004414558410645,
      0.4438948631286621,
      0.4425184726715088
    ],
    "test_r": [
      0.9943406511647149,
      0.9228808112466085,
      0.8474030736700733,
      0.9653592873996277,
      0.9899756976533517
    ],
    "test_r2": [
      0.9830540823994518,
      0.8135468717094765,
      0.6288094234683059,
      0.9296767168294182,
      0.9765868921668465
    ],
    "test_rmse": [
      -17.90723731378822,
      -67.67297881737706,
      -37.9740434537653,
      -17.951331315658948,
      -20.544742327531903
    ],
    "test_mae": [
      -11.001351222713351,
      -30.09142104268305,
      -22.361155338956138,
      -10.98439768343166,
      -14.504061677437127
    ],
    "best_params": {
      "check_inverse": true,
      "func": null,
      "inverse_func": null,
      "regressor__natural_gradient": true,
      "regressor__n_estimators": 1606,
      "regressor__learning_rate": 0.031579364625671326,
      "regressor__minibatch_frac": 1,
      "regressor__col_sample": 1.0,
      "regressor__verbose": false,
      "transformer__memory": null,
      "transformer__verbose": false,
      "transformer__y scaler__copy": true,
      "transformer__y scaler__with_mean": true,
      "transformer__y scaler__with_std": true
    }
  },
  "420": {
    "fit_time": [
      27.094765663146973,
      28.82963466644287,
      28.197792053222656,
      28.92969012260437,
      28.75923204421997
    ],
    "score_time": [
      0.40241098403930664,
      0.4015181064605713,
      0.383638858795166,
      0.3839273452758789,
      0.37769103050231934
    ],
    "test_r": [
      0.9600392295931072,
      0.9875098523069463,
      0.9731529558260785,
      0.951225970239667,
      0.9770219048587773
    ],
    "test_r2": [
      0.9192726690676384,
      0.9739756390940334,
      0.9444463558149008,
      0.9029637667217829,
      0.9505703039532494
    ],
    "test_rmse": [
      -19.422066402863177,
      -25.767682697240836,
      -32.47957302807298,
      -23.4137899217951,
      -28.10409076009515
    ],
    "test_mae": [
      -12.372350466515833,
      -16.73332231206418,
      -17.555009386730752,
      -13.44114624700279,
      -15.462093587783373
    ],
    "best_params": {
      "check_inverse": true,
      "func": null,
      "inverse_func": null,
      "regressor__natural_gradient": true,
      "regressor__n_estimators": 1293,
      "regressor__learning_rate": 0.1,
      "regressor__minibatch_frac": 1,
      "regressor__col_sample": 1.0,
      "regressor__verbose": false,
      "transformer__memory": null,
      "transformer__verbose": false,
      "transformer__y scaler__copy": true,
      "transformer__y scaler__with_mean": true,
      "transformer__y scaler__with_std": true
    }
  },
  "1234567890": {
    "fit_time": [
      34.271872758865356,
      33.07029676437378,
      31.30354142189026,
      33.67140245437622,
      34.53691816329956
    ],
    "score_time": [
      0.46134114265441895,
      0.42859625816345215,
      0.43578529357910156,
      0.43081021308898926,
      0.4225950241088867
    ],
    "test_r": [
      0.9328863252395587,
      0.9875376895598655,
      0.9850194432272072,
      0.9953734718139141,
      0.9408617407710977
    ],