{
  "6": {
    "fit_time": [
      6.629534959793091,
      5.957833528518677,
      7.044666290283203,
      6.6155548095703125,
      6.839830160140991
    ],
    "score_time": [
      0.14275670051574707,
      0.14529895782470703,
      0.14345860481262207,
      0.15958905220031738,
      0.14497804641723633
    ],
    "test_r": [
      0.9882573623908232,
      0.987341045284829,
      0.9779106874895458,
      0.9770638041184931,
      0.9298793198096083
    ],
    "test_r2": [
      0.9758975778658732,
      0.9741106509359717,
      0.9472838114225344,
      0.9530738138803608,
      0.861607334446179
    ],
    "test_rmse": [
      -18.78011198767038,
      -20.721154874478252,
      -30.7430808634254,
      -28.702600723409166,
      -25.22036697418684
    ],
    "test_mae": [
      -10.941237305876584,
      -13.441974975190343,
      -15.568714651782365,
      -18.910120156997777,
      -14.432825619214832
    ],
    "best_params": {
      "check_inverse": true,
      "func": null,
      "inverse_func": null,
      "regressor__natural_gradient": true,
      "regressor__n_estimators": 240,
      "regressor__learning_rate": 0.1,
      "regressor__minibatch_frac": 1,
      "regressor__col_sample": 1.0,
      "regressor__verbose": false,
      "transformer__memory": null,
      "transformer__verbose": false,
      "transformer__y scaler__copy": true,
      "transformer__y scaler__with_mean": true,
      "transformer__y scaler__with_std": true
    }
  },
  "13": {
    "fit_time": [
      27.615289449691772,
      29.807382345199585,
      31.075140953063965,
      25.096150398254395,
      29.441898822784424
    ],
    "score_time": [
      0.511223316192627,
      0.5221753120422363,
      0.5260524749755859,
      0.4984164237976074,
      0.5374710559844971
    ],
    "test_r": [
      0.8976283556065332,
      0.9912898196248688,
      0.9690391756443424,
      0.9734900491250126,
      0.9513951854211277
    ],
    "test_r2": [
      0.7895967609890671,
      0.9808511931384968,
      0.9272747367756397,
      0.9446079655640435,
      0.8950238758152157
    ],
    "test_rmse": [
      -24.537854018410766,
      -24.075865017856795,
      -30.117135515850638,
      -31.466552910005785,
      -24.535067998494082
    ],
    "test_mae": [
      -15.417306385235639,
      -15.192021511997295,
      -15.985109913377833,
      -18.179030601571622,
      -17.201590027406247
    ],
    "best_params": {
      "check_inverse": true,
      "func": null,
      "inverse_func": null,
      "regressor__natural_gradient": true,
      "regressor__n_estimators": 1119,
      "regressor__learning_rate": 0.01719231073258668,
      "regressor__minibatch_frac": 1,
      "regressor__col_sample": 1.0,
      "regressor__verbose": false,
      "transformer__memory": null,
      "transformer__verbose": false,
      "transformer__y scaler__copy": true,
      "transformer__y scaler__with_mean": true,
      "transformer__y scaler__with_std": true
    }
  },
  "42": {
    "fit_time": [
      2.2264437675476074,
      2.218937873840332,
      2.3396050930023193,
      2.426398992538452,
      2.355497121810913
    ],
    "score_time": [
      0.0796198844909668,
      0.07987236976623535,
      0.07829856872558594,
      0.0868525505065918,
      0.07515716552734375
    ],
    "test_r": [
      0.897324699564308,
      0.9906716280084827,
      0.9394351509127854,
      0.9774124557942182,
      0.8881332344409867
    ],
    "test_r2": [
      0.7828575735779054,
      0.9775133699230354,
      0.8756914858281178,
      0.9489644253693742,
      0.7884334114825537
    ],
    "test_rmse": [
      -32.61950794816269,
      -25.109487281204135,
      -57.39298082919129,
      -19.54976492099633,
      -29.472259643462575
    ],
    "test_mae": [
      -21.922001407498147,
      -14.014849343264828,
      -25.38918347262964,
      -12.901118419831118,
      -16.384030544398755
    ],
    "best_params": {
      "check_inverse": true,
      "func": null,
      "inverse_func": null,
      "regressor__natural_gradient": true,
      "regressor__n_estimators": 99,
      "regressor__learning_rate": 0.07783117565097246,
      "regressor__minibatch_frac": 1,
      "regressor__col_sample": 1.0,
      "regressor__verbose": false,
      "transformer__memory": null,
      "transformer__verbose": false,
      "transformer__y scaler__copy": true,
      "transformer__y scaler__with_mean": true,
      "transformer__y scaler__with_std": true
    }
  },
  "69": {
    "fit_time": [
      10.64258885383606,
      9.683456182479858,
      9.95029330253601,
      9.710428476333618,
      9.84962511062622
    ],
    "score_time": [
      0.20310330390930176,
      0.20261311531066895,
      0.20392918586730957,
      0.20688915252685547,
      0.20328211784362793
    ],
    "test_r": [
      0.9934130039328039,
      0.908113736799904,
      0.8753392780089079,
      0.9621179228372769,
      0.9797922688882877
    ],
    "test_r2": [
      0.9775307613875773,
      0.7931789870718101,
      0.7056914929511571,
      0.922138248276246,
      0.9592707847666075
    ],
    "test_rmse": [
      -20.864406582930187,
      -55.04047908868138,
      -34.55978235566721,
      -18.2766074633917,
      -33.82080227742699
    ],
    "test_mae": [
      -12.57560929088628,
      -23.73018317099274,
      -18.96821015659801,
      -11.550526333803026,
      -20.510575173342676
    ],
    "best_params": {
      "check_inverse": true,
      "func": null,
      "inverse_func": null,
      "regressor__natural_gradient": true,
      "regressor__n_estimators": 390,
      "regressor__learning_rate": 0.06560965764907056,
      "regressor__minibatch_frac": 1,
      "regressor__col_sample": 1.0,
      "regressor__verbose": false,
      "transformer__memory": null,
      "transformer__verbose": false,
      "transformer__y scaler__copy": true,
      "transformer__y scaler__with_mean": true,
      "transformer__y scaler__with_std": true
    }
  },
  "420": {
    "fit_time": [
      53.82870030403137,
      53.83449983596802,
      52.54401135444641,
      56.941718339920044,
      57.521066427230835
    ],
    "score_time": [
      0.8645999431610107,
      0.8791041374206543,
      0.8862833976745605,
      0.8875598907470703,
      0.880476713180542
    ],
    "test_r": [
      0.9627294427775005,
      0.9822672954013963,
      0.961685159569505,
      0.9794715058930468,
      0.975952603544169
    ],
    "test_r2": [
      0.9236476371633978,
      0.9648335457873761,
      0.9245502008061202,
      0.9534593870564597,
      0.9511283096989137
    ],
    "test_rmse": [
      -19.424946280181043,
      -24.529679001847974,
      -35.25219071980216,
      -29.765201899115418,
      -26.184518109697652
    ],
    "test_mae": [
      -12.576780616516073,
      -15.069442251517739,
      -20.508411641070882,
      -17.932041697535197,
      -13.405423576080256
    ],
    "best_params": {
      "check_inverse": true,
      "func": null,
      "inverse_func": null,
      "regressor__natural_gradient": true,
      "regressor__n_estimators": 2000,
      "regressor__learning_rate": 0.05179068709571134,
      "regressor__minibatch_frac": 1,
      "regressor__col_sample": 1.0,
      "regressor__verbose": false,
      "transformer__memory": null,
      "transformer__verbose": false,
      "transformer__y scaler__copy": true,
      "transformer__y scaler__with_mean": true,
      "transformer__y scaler__with_std": true
    }
  },
  "1234567890": {
    "fit_time": [
      55.428494453430176,
      58.58187556266785,
      55.17462682723999,
      60.19236397743225,
      56.321632385253906
    ],
    "score_time": [
      0.8910255432128906,
      0.8801169395446777,
      0.8912043571472168,
      0.8995463848114014,
      0.9194338321685791
    ],
    "test_r": [
      0.9529431063340985,
      0.9797689999223872,
      0.9698030507528497,
      0.9917148568323951,
      0.9036272070406178
    ],