{
  "6": {
    "fit_time": [
      0.058782339096069336,
      0.05925559997558594,
      0.05913114547729492,
      0.0591428279876709,
      0.05997633934020996
    ],
    "score_time": [
      0.031127214431762695,
      0.030981779098510742,
      0.031185626983642578,
      0.031655073165893555,
      0.03226518630981445
    ],
    "test_r": [
      0.2734000869064734,
      0.0059315852162932624,
      -0.08429193480147804,
      0.07644485443902332,
      0.5756595200295871
    ],
    "test_r2": [
      0.046096119559005166,
      -11.651478625452132,
      -254761.32976175903,
      -326693523013.4727,
      0.16644950615012
    ],
    "test_rmse": [
      -161.21199787822383,
      -425.73914702813425,
      -31098.15200538071,
      -78750708.0838348,
      -63.53384729882799
    ],
    "test_mae": [
      -69.04089104564875,
      -120.54134455941613,
      -4401.736104608481,
      -11027360.452566383,
      -47.53134917817974
    ],
    "best_params": {
      "check_inverse": true,
      "func": null,
      "inverse_func": null,
      "regressor__copy_X": true,
      "regressor__fit_intercept": true,
      "regressor__n_jobs": null,
      "regressor__positive": false,
      "transformer__memory": null,
      "transformer__verbose": false,
      "transformer__y scaler__copy": true,
      "transformer__y scaler__with_mean": true,
      "transformer__y scaler__with_std": true
    }
  },
  "13": {
    "fit_time": [
      0.05903887748718262,
      0.059258222579956055,
      0.05817747116088867,
      0.05866289138793945,
      0.05973505973815918
    ],
    "score_time": [
      0.03095531463623047,
      0.03127551078796387,
      0.030731678009033203,
      0.031357765197753906,
      0.032269954681396484
    ],
    "test_r": [
      0.345553641178731,
      -0.08856292473849958,
      0.20366758796446804,
      0.07474302089122083,
      -0.004991602409593603
    ],
    "test_r2": [
      -0.7613373590293089,
      -35073.25324597712,
      0.024287332600414824,
      -1.2194193316556508e+21,
      -69.17691860302875
    ],
    "test_rmse": [
      -66.36713119138138,
      -27505.87619919962,
      -155.384543891549,
      -4283411131555.1313,
      -643.8195210214125
    ],
    "test_mae": [
      -49.179522171830335,
      -3875.5256342659286,
      -63.609653802267005,
      -599797529974.7616,
      -151.44390270927983
    ],
    "best_params": {
      "check_inverse": true,
      "func": null,
      "inverse_func": null,
      "regressor__copy_X": true,
      "regressor__fit_intercept": true,
      "regressor__n_jobs": null,
      "regressor__positive": false,
      "transformer__memory": null,
      "transformer__verbose": false,
      "transformer__y scaler__copy": true,
      "transformer__y scaler__with_mean": true,
      "transformer__y scaler__with_std": true
    }
  },
  "42": {
    "fit_time": [
      0.058858633041381836,
      0.05920004844665527,
      0.05839228630065918,
      0.058664560317993164,
      0.05976581573486328
    ],
    "score_time": [
      0.030924320220947266,
      0.03132343292236328,
      0.031143903732299805,
      0.03146100044250488,
      0.03193092346191406
    ],
    "test_r": [
      0.37898647689620324,
      0.6145785039637935,
      -0.0590917261418231,
      0.5382133737645267,
      0.10099884076925858
    ],
    "test_r2": [
      0.12089826001797654,
      0.17807558866842554,
      -9302.405108843739,
      0.2870605421080855,
      -2817156459382.196
    ],
    "test_rmse": [
      -112.71000123468839,
      -67.36951712069289,
      -16597.28224951433,
      -110.85605150789489,
      -106530287.73894034
    ],
    "test_mae": [
      -55.733351268056026,
      -51.805289238665,
      -2443.8779355581623,
      -54.62248886733037,
      -14917276.024283176
    ],
    "best_params": {
      "check_inverse": true,
      "func": null,
      "inverse_func": null,
      "regressor__copy_X": true,
      "regressor__fit_intercept": true,
      "regressor__n_jobs": null,
      "regressor__positive": false,
      "transformer__memory": null,
      "transformer__verbose": false,
      "transformer__y scaler__copy": true,
      "transformer__y scaler__with_mean": true,
      "transformer__y scaler__with_std": true
    }
  },
  "69": {
    "fit_time": [
      0.059236764907836914,
      0.059173583984375,
      0.05956625938415527,
      0.058718204498291016,
      0.058717966079711914
    ],
    "score_time": [
      0.03135418891906738,
      0.03129100799560547,
      0.03098893165588379,
      0.031317949295043945,
      0.0313410758972168
    ],
    "test_r": [
      0.435890526593733,
      0.07076859769871434,
      0.5359559621207569,
      0.007540854734771795,
      0.04335408134220781
    ],
    "test_r2": [
      0.18273387265699725,
      -243997541830.93402,
      -0.33350530629031416,
      -15.328200129700694,
      -10.654486856810198
    ],
    "test_rmse": [
      -124.35916393569981,
      -77414654.8717174,
      -71.97567492692487,
      -273.5371077995759,
      -458.3716450385335
    ],
    "test_mae": [
      -58.594741971354935,
      -10769991.54367728,
      -58.55319864920479,
      -104.65771254040422,
      -125.43729945542987
    ],
    "best_params": {
      "check_inverse": true,
      "func": null,
      "inverse_func": null,
      "regressor__copy_X": true,
      "regressor__fit_intercept": true,
      "regressor__n_jobs": null,
      "regressor__positive": false,
      "transformer__memory": null,
      "transformer__verbose": false,
      "transformer__y scaler__copy": true,
      "transformer__y scaler__with_mean": true,
      "transformer__y scaler__with_std": true
    }
  },
  "420": {
    "fit_time": [
      0.058760881423950195,
      0.05864310264587402,
      0.05958986282348633,
      0.05892443656921387,
      0.05954742431640625
    ],
    "score_time": [
      0.03128194808959961,
      0.03097820281982422,
      0.031099319458007812,
      0.031026601791381836,
      0.03197622299194336
    ],
    "test_r": [
      0.6026131372057917,
      -0.0748368093023487,
      0.06348831505433775,
      0.5298221614797712,
      0.3180654976843968
    ],
    "test_r2": [
      0.051106356567577005,
      -11276.581188886941,
      -629516443435.3058,
      0.21866083901239197,
      0.09571029145019072
    ],
    "test_rmse": [
      -66.58768346953944,
      -16962.63466683453,
      -109334588.39691804,
      -66.43922354601462,
      -120.20689063633353
    ],
    "test_mae": [
      -50.54479476300877,
      -2455.9201818312954,
      -15309978.12007905,
      -49.448480358592484,
      -56.92657170183178
    ],
    "best_params": {
      "check_inverse": true,
      "func": null,
      "inverse_func": null,
      "regressor__copy_X": true,
      "regressor__fit_intercept": true,
      "regressor__n_jobs": null,
      "regressor__positive": false,
      "transformer__memory": null,
      "transformer__verbose": false,
      "transformer__y scaler__copy": true,
      "transformer__y scaler__with_mean": true,
      "transformer__y scaler__with_std": true
    }
  },
  "1234567890": {
    "fit_time": [
      0.05927753448486328,
      0.059470415115356445,
      0.060079336166381836,
      0.05881857872009277,
      0.05853271484375
    ],
    "score_time": [
      0.031207799911499023,
      0.03106069564819336,
      0.03244805335998535,
      0.03136730194091797,
      0.031316518783569336
    ],
    "test_r": [
      0.026077506061982607,
      0.45471934302103906,
      -0.07722171566008844,
      0.4448236948823585,
      0.07028665568528357
    ],
    "test_r2": [
      -32.968860345159335,
      0.20187254825651013,
      -25396.395299407635,
      0.19711418091212796,
      -318520000673.0416
    ],
    "test_rmse": [
      -391.2631906140689,
      -112.03813243743618,
      -19796.62458774517,
      -122.78393010674347,
      -74023728.74817128
    ],