{
  "6": {
    "fit_time": [
      0.12122678756713867,
      0.07244348526000977,
      0.06791806221008301,
      0.062494754791259766,
      0.11654424667358398
    ],
    "score_time": [
      0.0450894832611084,
      0.06144857406616211,
      0.06392645835876465,
      0.06378555297851562,
      0.04772830009460449
    ],
    "test_r": [
      0.38610749162169794,
      0.10628450843155908,
      0.4649316052461745,
      0.10675239300753764,
      0.5565139934202225
    ],
    "test_r2": [
      -15.666252679676841,
      -10.05903751009522,
      -2.240761785057813,
      -1.3449220742830059e+23,
      0.18752158647729578
    ],
    "test_rmse": [
      -21.492413970848922,
      -25.571310922870467,
      -14.926343008047088,
      -2173066081005.7864,
      -24.60554653009931
    ],
    "test_mae": [
      -8.236833149730804,
      -9.277537583743994,
      -5.320345080169752,
      -336087643715.9853,
      -9.445089047966817
    ],
    "best_params": {
      "check_inverse": true,
      "func": null,
      "inverse_func": null,
      "regressor__copy_X": true,
      "regressor__fit_intercept": false,
      "regressor__n_jobs": null,
      "regressor__positive": false,
      "transformer__memory": null,
      "transformer__verbose": false,
      "transformer__y scaler__copy": true,
      "transformer__y scaler__with_mean": true,
      "transformer__y scaler__with_std": true
    }
  },
  "13": {
    "fit_time": [
      0.0720515251159668,
      0.07139873504638672,
      0.07086992263793945,
      0.12178874015808105,
      0.11799025535583496
    ],
    "score_time": [
      0.054422616958618164,
      0.05309629440307617,
      0.04425978660583496,
      0.036673784255981445,
      0.0385439395904541
    ],
    "test_r": [
      0.5129675037601971,
      0.25868733568666646,
      0.4420689012728188,
      -0.1576931191630466,
      -0.22413549900482707
    ],
    "test_r2": [
      -1.4121636835860794e+22,
      -10.134048942830926,
      -3.9490800853386663,
      -5.105623997348997e+21,
      -1.7199455940520982e+23
    ],
    "test_rmse": [
      -683701143097.4889,
      -26.14375133969996,
      -17.90761657444034,
      -1919293377713.1165,
      -3422764495221.9253
    ],
    "test_mae": [
      -101920148820.2881,
      -12.254105557755322,
      -6.01393144664,
      -383515338207.4714,
      -984911080824.4446
    ],
    "best_params": {
      "check_inverse": true,
      "func": null,
      "inverse_func": null,
      "regressor__copy_X": true,
      "regressor__fit_intercept": false,
      "regressor__n_jobs": null,
      "regressor__positive": false,
      "transformer__memory": null,
      "transformer__verbose": false,
      "transformer__y scaler__copy": true,
      "transformer__y scaler__with_mean": true,
      "transformer__y scaler__with_std": true
    }
  },
  "42": {
    "fit_time": [
      0.06398272514343262,
      0.11977887153625488,
      0.06247591972351074,
      0.11226654052734375,
      0.06159615516662598
    ],
    "score_time": [
      0.05643939971923828,
      0.04612922668457031,
      0.04506802558898926,
      0.0427248477935791,
      0.03443574905395508
    ],
    "test_r": [
      0.9585167549709698,
      0.2461001204604409,
      0.6519316413258907,
      0.7312582155094237,
      0.17704427013669974
    ],
    "test_r2": [
      0.9127355483423626,
      -9.896602674773714,
      -0.1936369398378841,
      0.5096177029176174,
      -7.379136611477673
    ],
    "test_rmse": [
      -5.595449918047212,
      -26.011055081542537,
      -22.633690891270646,
      -5.3143836272133,
      -21.667790743978085
    ],
    "test_mae": [
      -3.7117930181179934,
      -9.361822893519124,
      -8.185443581244447,
      -3.5892142555001385,
      -8.974672423530855
    ],
    "best_params": {
      "check_inverse": true,
      "func": null,
      "inverse_func": null,
      "regressor__copy_X": true,
      "regressor__fit_intercept": false,
      "regressor__n_jobs": null,
      "regressor__positive": false,
      "transformer__memory": null,
      "transformer__verbose": false,
      "transformer__y scaler__copy": true,
      "transformer__y scaler__with_mean": true,
      "transformer__y scaler__with_std": true
    }
  },
  "69": {
    "fit_time": [
      0.06497764587402344,
      0.06479024887084961,
      0.06637930870056152,
      0.13041162490844727,
      0.1134955883026123
    ],
    "score_time": [
      0.06436276435852051,
      0.06045389175415039,
      0.05488324165344238,
      0.04419231414794922,
      0.042305707931518555
    ],
    "test_r": [
      0.3786962040764982,
      0.7380721163410693,
      0.6821262043147103,
      0.17704685600409706,
      0.8002280679420826
    ],
    "test_r2": [
      -2.030060552201907,
      0.41853328498922404,
      -0.40534186623014246,
      -1.6600385305774444e+20,
      0.6180632459622128
    ],
    "test_rmse": [
      -15.920186576226966,
      -15.317625130690159,
      -23.148747980905735,
      -65796535839.59968,
      -4.813486013076484
    ],
    "test_mae": [
      -6.152528499400969,
      -7.645431278102882,
      -8.203814324050832,
      -9808368459.645266,
      -3.0554160419327507
    ],
    "best_params": {
      "check_inverse": true,
      "func": null,
      "inverse_func": null,
      "regressor__copy_X": true,
      "regressor__fit_intercept": false,
      "regressor__n_jobs": null,
      "regressor__positive": false,
      "transformer__memory": null,
      "transformer__verbose": false,
      "transformer__y scaler__copy": true,
      "transformer__y scaler__with_mean": true,
      "transformer__y scaler__with_std": true
    }
  },
  "420": {
    "fit_time": [
      0.061550140380859375,
      0.06707000732421875,
      0.06764054298400879,
      0.11235189437866211,
      0.11499762535095215
    ],
    "score_time": [
      0.040570735931396484,
      0.03915047645568848,
      0.04001665115356445,
      0.04081416130065918,
      0.0518491268157959
    ],
    "test_r": [
      0.30832642505770724,
      -0.09709951932621873,
      0.01711563557367285,
      0.23443903002624955,
      0.209040539441286
    ],
    "test_r2": [
      -4.615692860850247,
      -1.1661098967754501e+21,
      -4.239553635863927e+20,
      -11.268691637080988,
      -13.855952473966036
    ],
    "test_rmse": [
      -15.04915426468224,
      -703480407636.0475,
      -416981498835.7166,
      -13.906171586932235,
      -27.401426686008012
    ],
    "test_mae": [
      -4.998326268042397,
      -235882417392.34393,
      -79462115522.89937,
      -6.990152917207177,
      -8.722681995716302
    ],
    "best_params": {
      "check_inverse": true,
      "func": null,
      "inverse_func": null,
      "regressor__copy_X": true,
      "regressor__fit_intercept": false,
      "regressor__n_jobs": null,
      "regressor__positive": false,
      "transformer__memory": null,
      "transformer__verbose": false,
      "transformer__y scaler__copy": true,
      "transformer__y scaler__with_mean": true,
      "transformer__y scaler__with_std": true
    }
  },
  "1234567890": {
    "fit_time": [
      0.09759402275085449,
      0.0643157958984375,
      0.06625556945800781,
      0.0600428581237793,
      0.09908413887023926
    ],
    "score_time": [
      0.04482603073120117,
      0.03740549087524414,
      0.03805088996887207,
      0.03655052185058594,
      0.03992772102355957
    ],
    "test_r": [
      0.7785293866721342,
      0.6712830925601986,
      0.12170182845134488,
      0.5720780992845645,
      0.5487299946611561
    ],
    "test_r2": [
      0.4359458213294439,
      -0.3125618887894117,
      -6.968107152113529e+18,
      -2.2985608669738394e+23,
      -5.217686893527359
    ],
    "test_rmse": [
      -15.038853045990837,
      -22.71496736344082,
      -17951872305.594177,
      -4249359685202.871,
      -18.316636042133
    ],