{
  "6": {
    "fit_time": [
      0.11873769760131836,
      0.06380128860473633,
      0.06624889373779297,
      0.05998635292053223,
      0.1127462387084961
    ],
    "score_time": [
      0.040453195571899414,
      0.04783129692077637,
      0.03910541534423828,
      0.05028820037841797,
      0.03921771049499512
    ],
    "test_r": [
      0.41132942959221663,
      -0.1848036419161182,
      0.3954692002644896,
      0.04887079928845677,
      -0.09647844282463351
    ],
    "test_r2": [
      -6.804265527147327,
      -7.231310355230661e+23,
      -5.411021891003611,
      -2.1090585444868537e+22,
      -1.1533865826035303e+23
    ],
    "test_rmse": [
      -14.707275731035583,
      -6538871877071.974,
      -20.993917823321905,
      -860535299204.601,
      -9270743125181.223
    ],
    "test_mae": [
      -6.364607005828083,
      -1419349536747.165,
      -6.308417670786538,
      -138319280215.8449,
      -2673199370142.781
    ],
    "best_params": {
      "check_inverse": true,
      "func": null,
      "inverse_func": null,
      "regressor__copy_X": true,
      "regressor__fit_intercept": false,
      "regressor__n_jobs": null,
      "regressor__positive": false,
      "transformer__memory": null,
      "transformer__verbose": false,
      "transformer__y scaler__copy": true,
      "transformer__y scaler__with_mean": true,
      "transformer__y scaler__with_std": true
    }
  },
  "13": {
    "fit_time": [
      0.06871914863586426,
      0.1218106746673584,
      0.08623957633972168,
      0.08692812919616699,
      0.12894701957702637
    ],
    "score_time": [
      0.041510820388793945,
      0.04862499237060547,
      0.04041910171508789,
      0.04369020462036133,
      0.042951107025146484
    ],
    "test_r": [
      0.8436487935903579,
      -0.02164318323461506,
      -0.17790329376370598,
      -0.05899832440572374,
      0.05661173478466384
    ],
    "test_r2": [
      0.6320013450844735,
      -1.7916145326072822e+24,
      -1.2286680302440619e+22,
      -0.11654353572905563,
      -2.308913066675706e+23
    ],
    "test_rmse": [
      -3.490172580885973,
      -10487298498303.252,
      -892262878938.9307,
      -28.382770237179155,
      -3965732846763.014
    ],
    "test_mae": [
      -2.247004880828133,
      -3722240450884.997,
      -183892928295.54977,
      -9.793255778387463,
      -1007194699668.4238
    ],
    "best_params": {
      "check_inverse": true,
      "func": null,
      "inverse_func": null,
      "regressor__copy_X": true,
      "regressor__fit_intercept": false,
      "regressor__n_jobs": null,
      "regressor__positive": false,
      "transformer__memory": null,
      "transformer__verbose": false,
      "transformer__y scaler__copy": true,
      "transformer__y scaler__with_mean": true,
      "transformer__y scaler__with_std": true
    }
  },
  "42": {
    "fit_time": [
      0.07035613059997559,
      0.12420511245727539,
      0.06738424301147461,
      0.11579203605651855,
      0.062087059020996094
    ],
    "score_time": [
      0.037732839584350586,
      0.03982400894165039,
      0.03782320022583008,
      0.04010009765625,
      0.04050779342651367
    ],
    "test_r": [
      0.9267479348370143,
      0.0538558833938928,
      0.13954047782472373,
      0.2617030372879257,
      0.0521112042089349
    ],
    "test_r2": [
      0.8037293517688251,
      -8.015995663372651e+22,
      -7.008088222477827e+22,
      -0.19865570437356306,
      -9.86072753844342
    ],
    "test_rmse": [
      -8.391585219374987,
      -2230956733754.157,
      -5484272621856.154,
      -8.308693487199532,
      -24.6685973639473
    ],
    "test_mae": [
      -4.297892470509612,
      -526373195851.44794,
      -1339754759145.549,
      -4.308007959465072,
      -9.240044377948854
    ],
    "best_params": {
      "check_inverse": true,
      "func": null,
      "inverse_func": null,
      "regressor__copy_X": true,
      "regressor__fit_intercept": false,
      "regressor__n_jobs": null,
      "regressor__positive": false,
      "transformer__memory": null,
      "transformer__verbose": false,
      "transformer__y scaler__copy": true,
      "transformer__y scaler__with_mean": true,
      "transformer__y scaler__with_std": true
    }
  },
  "69": {
    "fit_time": [
      0.07247352600097656,
      0.07469701766967773,
      0.13036346435546875,
      0.07014083862304688,
      0.12803196907043457
    ],
    "score_time": [
      0.04480695724487305,
      0.04432368278503418,
      0.0479586124420166,
      0.04968142509460449,
      0.04774212837219238
    ],
    "test_r": [
      0.20233400055129097,
      0.696904741541135,
      0.6141013493563844,
      0.4841639653921739,
      0.6316239205915625
    ],
    "test_r2": [
      -2.6132335920812457e+22,
      0.45115236957027394,
      0.13318237944000622,
      -21.529121281122944,
      -0.6474175725800349
    ],
    "test_rmse": [
      -1478466932559.9978,
      -14.881780818245405,
      -18.180272149887777,
      -24.23907659594088,
      -9.996911210576867
    ],
    "test_mae": [
      -381664892616.70624,
      -7.051062818145897,
      -8.673574304796142,
      -7.936562590162159,
      -4.288855630438076
    ],
    "best_params": {
      "check_inverse": true,
      "func": null,
      "inverse_func": null,
      "regressor__copy_X": true,
      "regressor__fit_intercept": false,
      "regressor__n_jobs": null,
      "regressor__positive": false,
      "transformer__memory": null,
      "transformer__verbose": false,
      "transformer__y scaler__copy": true,
      "transformer__y scaler__with_mean": true,
      "transformer__y scaler__with_std": true
    }
  },
  "420": {
    "fit_time": [
      0.043961286544799805,
      0.0770578384399414,
      0.04265785217285156,
      0.04359841346740723,
      0.07250285148620605
    ],
    "score_time": [
      0.02683401107788086,
      0.02793264389038086,
      0.028059720993041992,
      0.028563499450683594,
      0.02778029441833496
    ],
    "test_r": [
      0.39143548578072046,
      -0.2821728142652839,
      -0.022974994200757357,
      -0.00024228626799883057,
      0.39878113336619875
    ],
    "test_r2": [
      -0.5721449313949687,
      -9.45978056584483e+22,
      -2.966795091894746e+23,
      -1.8555811465469605e+22,
      -2.216473955761673
    ],
    "test_rmse": [
      -7.962633203596854,
      -6336111295570.258,
      -11030634512984.516,
      -540814632998.3247,
      -12.750081016075303
    ],
    "test_mae": [
      -4.254741537286008,
      -1567242407465.3706,
      -2066907509344.5813,
      -114013735484.81738,
      -5.698896476290347
    ],
    "best_params": {
      "check_inverse": true,
      "func": null,
      "inverse_func": null,
      "regressor__copy_X": true,
      "regressor__fit_intercept": false,
      "regressor__n_jobs": null,
      "regressor__positive": false,
      "transformer__memory": null,
      "transformer__verbose": false,
      "transformer__y scaler__copy": true,
      "transformer__y scaler__with_mean": true,
      "transformer__y scaler__with_std": true
    }
  },
  "1234567890": {
    "fit_time": [
      0.0627126693725586,
      0.06711530685424805,
      0.06523585319519043,
      0.11543655395507812,
      0.10705304145812988
    ],
    "score_time": [
      0.040791988372802734,
      0.04282331466674805,
      0.04102683067321777,
      0.03806948661804199,
      0.0371091365814209
    ],
    "test_r": [
      0.8089988260825938,
      0.05490622123599391,
      0.43507870263099047,
      0.5856854999970916,
      0.5264242129403571
    ],
    "test_r2": [
      0.6469947627193084,
      -1.073752087084204e+24,
      -1.88658634413353,
      -3.930664069856645e+23,
      -0.9236784017715993
    ],
    "test_rmse": [
      -11.897203206743407,
      -20544909504548.324,
      -11.554325993165003,
      -5556847181835.435,
      -10.188201511144483
    ],