{
  "6": {
    "fit_time": [
      1.1769752502441406,
      1.2306909561157227,
      1.1553640365600586,
      1.148425579071045,
      1.1339154243469238
    ],
    "score_time": [
      0.06229352951049805,
      0.06531262397766113,
      0.06266474723815918,
      0.0673832893371582,
      0.08001470565795898
    ],
    "test_r": [
      0.5990246782565014,
      0.47442703866859925,
      0.6408334907253146,
      0.599155402254005,
      0.6829118128114384
    ],
    "test_r2": [
      0.307713228458418,
      0.207811485612323,
      0.2606525181376914,
      0.30121429512497255,
      0.4032396042094233
    ],
    "test_rmse": [
      -6.2110590498548355,
      -7.158657308144862,
      -7.94513976770401,
      -4.910604739443052,
      -5.322078193499036
    ],
    "test_mae": [
      -3.784640000636723,
      -4.207992049861819,
      -4.733348100816777,
      -3.676243242999723,
      -3.6188949402604353
    ],
    "best_params": {
      "check_inverse": true,
      "func": null,
      "inverse_func": null,
      "regressor__bootstrap": true,
      "regressor__ccp_alpha": 0.0,
      "regressor__criterion": "squared_error",
      "regressor__max_depth": null,
      "regressor__max_features": "sqrt",
      "regressor__max_leaf_nodes": null,
      "regressor__max_samples": null,
      "regressor__min_impurity_decrease": 0.0,
      "regressor__min_samples_leaf": 0.051639825680045964,
      "regressor__min_samples_split": 0.06504108448753901,
      "regressor__min_weight_fraction_leaf": 0.0,
      "regressor__monotonic_cst": null,
      "regressor__n_estimators": 1286,
      "regressor__n_jobs": null,
      "regressor__oob_score": false,
      "regressor__random_state": null,
      "regressor__verbose": 0,
      "regressor__warm_start": false,
      "transformer__memory": null,
      "transformer__verbose": false,
      "transformer__y scaler__copy": true,
      "transformer__y scaler__with_mean": true,
      "transformer__y scaler__with_std": true
    }
  },
  "13": {
    "fit_time": [
      1.8846375942230225,
      1.8336613178253174,
      1.8437330722808838,
      1.8825466632843018,
      1.873443841934204
    ],
    "score_time": [
      0.08062553405761719,
      0.08323502540588379,
      0.0797874927520752,
      0.07912158966064453,
      0.0808413028717041
    ],
    "test_r": [
      0.5879903055751255,
      0.6221284648546935,
      0.6153117046454979,
      0.6769044649974174,
      0.5400530072977475
    ],
    "test_r2": [
      0.30589200688521034,
      0.3335655595122402,
      0.3190436939879868,
      0.41337850373098495,
      0.2456464941907105
    ],
    "test_rmse": [
      -6.317829573089287,
      -5.591751816825527,
      -6.8246225172910435,
      -4.842107974609803,
      -7.588873078344141
    ],
    "test_mae": [
      -4.135297401234027,
      -3.384641576597267,
      -3.8888570968806935,
      -3.537537684149527,
      -4.644874138489424
    ],
    "best_params": {
      "check_inverse": true,
      "func": null,
      "inverse_func": null,
      "regressor__bootstrap": true,
      "regressor__ccp_alpha": 0.0,
      "regressor__criterion": "squared_error",
      "regressor__max_depth": null,
      "regressor__max_features": "sqrt",
      "regressor__max_leaf_nodes": null,
      "regressor__max_samples": null,
      "regressor__min_impurity_decrease": 0.0,
      "regressor__min_samples_leaf": 0.05,
      "regressor__min_samples_split": 0.07873614982584211,
      "regressor__min_weight_fraction_leaf": 0.0,
      "regressor__monotonic_cst": null,
      "regressor__n_estimators": 2000,
      "regressor__n_jobs": null,
      "regressor__oob_score": false,
      "regressor__random_state": null,
      "regressor__verbose": 0,
      "regressor__warm_start": false,
      "transformer__memory": null,
      "transformer__verbose": false,
      "transformer__y scaler__copy": true,
      "transformer__y scaler__with_mean": true,
      "transformer__y scaler__with_std": true
    }
  },
  "42": {
    "fit_time": [
      0.07641077041625977,
      0.08508110046386719,
      0.08140325546264648,
      0.08212709426879883,
      0.08198118209838867
    ],
    "score_time": [
      0.027679443359375,
      0.037299156188964844,
      0.027091026306152344,
      0.026180267333984375,
      0.02730846405029297
    ],
    "test_r": [
      0.6301162215142978,
      0.7656203050309535,
      0.5024340771434171,
      0.6239254277072337,
      0.6085993164513117
    ],
    "test_r2": [
      0.2559050148675188,
      0.4557248438489888,
      0.24726412340621984,
      0.3489989663935985,
      0.338336325292258
    ],
    "test_rmse": [
      -8.896646049706291,
      -5.1514553354075785,
      -5.957026328428862,
      -5.302839895461778,
      -5.3491457401971
    ],
    "test_mae": [
      -4.897503327005234,
      -3.458011086536468,
      -3.4133340508884706,
      -3.5112394824230293,
      -3.9569204132656934
    ],
    "best_params": {
      "check_inverse": true,
      "func": null,
      "inverse_func": null,
      "regressor__bootstrap": true,
      "regressor__ccp_alpha": 0.0,
      "regressor__criterion": "squared_error",
      "regressor__max_depth": null,
      "regressor__max_features": "sqrt",
      "regressor__max_leaf_nodes": null,
      "regressor__max_samples": null,
      "regressor__min_impurity_decrease": 0.0,
      "regressor__min_samples_leaf": 0.05,
      "regressor__min_samples_split": 0.09655401027793478,
      "regressor__min_weight_fraction_leaf": 0.0,
      "regressor__monotonic_cst": null,
      "regressor__n_estimators": 50,
      "regressor__n_jobs": null,
      "regressor__oob_score": false,
      "regressor__random_state": null,
      "regressor__verbose": 0,
      "regressor__warm_start": false,
      "transformer__memory": null,
      "transformer__verbose": false,
      "transformer__y scaler__copy": true,
      "transformer__y scaler__with_mean": true,
      "transformer__y scaler__with_std": true
    }
  },
  "69": {
    "fit_time": [
      0.09962129592895508,
      0.09812283515930176,
      0.09745192527770996,
      0.09792160987854004,
      0.09990239143371582
    ],
    "score_time": [
      0.02686166763305664,
      0.028087377548217773,
      0.026888370513916016,
      0.026578426361083984,
      0.026417016983032227
    ],
    "test_r": [
      0.5244996550892242,
      0.6185122623762203,
      0.6325066415182113,
      0.6046117075246165,
      0.489046591080812
    ],
    "test_r2": [
      0.26107185771807495,
      0.3328488248404171,
      0.3188439477576541,
      0.22159006187241703,
      0.20496121784762422
    ],
    "test_rmse": [
      -5.0410554992564025,
      -5.706452053745085,
      -6.95278963742257,
      -8.028934827636148,
      -6.268635065055599
    ],
    "test_mae": [
      -3.74983743674141,
      -3.3907007481238187,
      -4.3787775120424,
      -4.694500046025903,
      -3.7887852738474197
    ],
    "best_params": {
      "check_inverse": true,
      "func": null,
      "inverse_func": null,
      "regressor__bootstrap": true,
      "regressor__ccp_alpha": 0.0,
      "regressor__criterion": "squared_error",
      "regressor__max_depth": null,
      "regressor__max_features": "sqrt",
      "regressor__max_leaf_nodes": null,
      "regressor__max_samples": null,
      "regressor__min_impurity_decrease": 0.0,
      "regressor__min_samples_leaf": 0.05052487869631694,
      "regressor__min_samples_split": 0.05334616294107733,
      "regressor__min_weight_fraction_leaf": 0.0,
      "regressor__monotonic_cst": null,
      "regressor__n_estimators": 73,
      "regressor__n_jobs": null,
      "regressor__oob_score": false,
      "regressor__random_state": null,
      "regressor__verbose": 0,
      "regressor__warm_start": false,
      "transformer__memory": null,
      "transformer__verbose": false,
      "transformer__y scaler__copy": true,
      "transformer__y scaler__with_mean": true,
      "transformer__y scaler__with_std": true
    }
  },