{
  "6": {
    "fit_time": [
      0.08693957328796387,
      0.0972139835357666,
      0.08484792709350586,
      0.085479736328125,
      0.08230924606323242
    ],
    "score_time": [
      0.02794933319091797,
      0.048307180404663086,
      0.027563810348510742,
      0.027010202407836914,
      0.027130126953125
    ],
    "test_r": [
      0.6516052498980917,
      0.5256475900663605,
      0.7325373564565363,
      0.6734398687452993,
      0.7718895598040142
    ],
    "test_r2": [
      0.37946248510944114,
      0.26651481735334204,
      0.3359420301278455,
      0.4040357265796708,
      0.5219855585158636
    ],
    "test_rmse": [
      -5.880397208237114,
      -6.888314612151859,
      -7.529744487398416,
      -4.5349560809834175,
      -4.763232308751779
    ],
    "test_mae": [
      -3.5009153941926376,
      -3.9841709444309292,
      -4.438181333860692,
      -3.26655944014004,
      -3.1598909823335863
    ],
    "best_params": {
      "check_inverse": true,
      "func": null,
      "inverse_func": null,
      "regressor__bootstrap": true,
      "regressor__ccp_alpha": 0.0,
      "regressor__criterion": "squared_error",
      "regressor__max_depth": null,
      "regressor__max_features": "sqrt",
      "regressor__max_leaf_nodes": null,
      "regressor__max_samples": null,
      "regressor__min_impurity_decrease": 0.0,
      "regressor__min_samples_leaf": 0.05,
      "regressor__min_samples_split": 0.1258574262899405,
      "regressor__min_weight_fraction_leaf": 0.0,
      "regressor__monotonic_cst": null,
      "regressor__n_estimators": 50,
      "regressor__n_jobs": null,
      "regressor__oob_score": false,
      "regressor__random_state": null,
      "regressor__verbose": 0,
      "regressor__warm_start": false,
      "transformer__memory": null,
      "transformer__verbose": false,
      "transformer__y scaler__copy": true,
      "transformer__y scaler__with_mean": true,
      "transformer__y scaler__with_std": true
    }
  },
  "13": {
    "fit_time": [
      0.10443496704101562,
      0.10642242431640625,
      0.10663270950317383,
      0.1069493293762207,
      0.10705184936523438
    ],
    "score_time": [
      0.027599811553955078,
      0.03798103332519531,
      0.02766251564025879,
      0.027711868286132812,
      0.028462648391723633
    ],
    "test_r": [
      0.5788088154346315,
      0.5678568444340764,
      0.6476115061161867,
      0.6341531951368468,
      0.5627978462287091
    ],
    "test_r2": [
      0.3071720497156646,
      0.2952459056926975,
      0.3502893133613254,
      0.3801714781153792,
      0.27490999004402816
    ],
    "test_rmse": [
      -6.3120013558417405,
      -5.750266528065634,
      -6.666210400318606,
      -4.977270698265907,
      -7.440220279730635
    ],
    "test_mae": [
      -4.027624654761404,
      -3.4340159184607164,
      -3.8178403632882003,
      -3.627029461815542,
      -4.445030478101916
    ],
    "best_params": {
      "check_inverse": true,
      "func": null,
      "inverse_func": null,
      "regressor__bootstrap": true,
      "regressor__ccp_alpha": 0.0,
      "regressor__criterion": "squared_error",
      "regressor__max_depth": null,
      "regressor__max_features": "sqrt",
      "regressor__max_leaf_nodes": null,
      "regressor__max_samples": null,
      "regressor__min_impurity_decrease": 0.0,
      "regressor__min_samples_leaf": 0.0506123654445674,
      "regressor__min_samples_split": 0.07197078550245575,
      "regressor__min_weight_fraction_leaf": 0.0,
      "regressor__monotonic_cst": null,
      "regressor__n_estimators": 69,
      "regressor__n_jobs": null,
      "regressor__oob_score": false,
      "regressor__random_state": null,
      "regressor__verbose": 0,
      "regressor__warm_start": false,
      "transformer__memory": null,
      "transformer__verbose": false,
      "transformer__y scaler__copy": true,
      "transformer__y scaler__with_mean": true,
      "transformer__y scaler__with_std": true
    }
  },
  "42": {
    "fit_time": [
      0.4465522766113281,
      0.402005672454834,
      0.4018900394439697,
      0.4269075393676758,
      0.40784144401550293
    ],
    "score_time": [
      0.04135012626647949,
      0.038178443908691406,
      0.03705334663391113,
      0.03853344917297363,
      0.03817868232727051
    ],
    "test_r": [
      0.6111232877863504,
      0.7861819316151893,
      0.45408689673234126,
      0.6740284414925731,
      0.5403585149850476
    ],
    "test_r2": [
      0.24923564935599385,
      0.4841404768761921,
      0.20497487143638993,
      0.4030000008657807,
      0.2872197072551568
    ],
    "test_rmse": [
      -8.936427678622056,
      -5.015178665466566,
      -6.1220749134060926,
      -5.078142003734745,
      -5.551925453708797
    ],
    "test_mae": [
      -4.916683847325888,
      -3.327101417894672,
      -3.2728563683442,
      -3.418632275293187,
      -4.093734908464179
    ],
    "best_params": {
      "check_inverse": true,
      "func": null,
      "inverse_func": null,
      "regressor__bootstrap": true,
      "regressor__ccp_alpha": 0.0,
      "regressor__criterion": "squared_error",
      "regressor__max_depth": null,
      "regressor__max_features": "sqrt",
      "regressor__max_leaf_nodes": null,
      "regressor__max_samples": null,
      "regressor__min_impurity_decrease": 0.0,
      "regressor__min_samples_leaf": 0.051305233124002,
      "regressor__min_samples_split": 0.0898044874129466,
      "regressor__min_weight_fraction_leaf": 0.0,
      "regressor__monotonic_cst": null,
      "regressor__n_estimators": 407,
      "regressor__n_jobs": null,
      "regressor__oob_score": false,
      "regressor__random_state": null,
      "regressor__verbose": 0,
      "regressor__warm_start": false,
      "transformer__memory": null,
      "transformer__verbose": false,
      "transformer__y scaler__copy": true,
      "transformer__y scaler__with_mean": true,
      "transformer__y scaler__with_std": true
    }
  },
  "69": {
    "fit_time": [
      1.9273478984832764,
      1.9050936698913574,
      1.8655545711517334,
      1.9079616069793701,
      1.8271243572235107
    ],
    "score_time": [
      0.09088635444641113,
      0.08498454093933105,
      0.08312606811523438,
      0.08265972137451172,
      0.08394765853881836
    ],
    "test_r": [
      0.5938905957813636,
      0.70199456445553,
      0.6753417884322084,
      0.6598765705721484,
      0.5133047331634762
    ],
    "test_r2": [
      0.3364874309875232,
      0.4473864941771891,
      0.3917294208728189,
      0.2980159493079131,
      0.24605204538889835
    ],
    "test_rmse": [
      -4.776886828734803,
      -5.193555683816721,
      -6.5702846493699,
      -7.6246053436346335,
      -6.104491794204065
    ],
    "test_mae": [
      -3.561669198215684,
      -3.084649996974939,
      -4.153784766952101,
      -4.421239274156154,
      -3.4066918191465207
    ],
    "best_params": {
      "check_inverse": true,
      "func": null,
      "inverse_func": null,
      "regressor__bootstrap": true,
      "regressor__ccp_alpha": 0.0,
      "regressor__criterion": "squared_error",
      "regressor__max_depth": null,
      "regressor__max_features": "sqrt",
      "regressor__max_leaf_nodes": null,
      "regressor__max_samples": null,
      "regressor__min_impurity_decrease": 0.0,
      "regressor__min_samples_leaf": 0.05,
      "regressor__min_samples_split": 0.07280135344831978,
      "regressor__min_weight_fraction_leaf": 0.0,
      "regressor__monotonic_cst": null,
      "regressor__n_estimators": 2000,
      "regressor__n_jobs": null,
      "regressor__oob_score": false,
      "regressor__random_state": null,
      "regressor__verbose": 0,
      "regressor__warm_start": false,
      "transformer__memory": null,
      "transformer__verbose": false,
      "transformer__y scaler__copy": true,
      "transformer__y scaler__with_mean": true,
      "transformer__y scaler__with_std": true
    }
  },