{
  "6": {
    "fit_time": [
      51.46654677391052,
      52.63546133041382,
      51.58388376235962,
      52.19749736785889,
      51.4030876159668
    ],
    "score_time": [
      1.3805463314056396,
      1.4697959423065186,
      1.4088728427886963,
      1.5103929042816162,
      1.4741055965423584
    ],
    "test_r2": [
      [
        -0.07212874554161397,
        0.3511366919877228,
        -1.2106830742237635
      ],
      [
        0.16874768209733593,
        0.05583174850087458,
        -0.016560589067499576
      ],
      [
        0.16804344030420582,
        0.23098855475212587,
        0.5213453665738479
      ],
      [
        0.2737797650321241,
        0.146521058202298,
        -1.9410666581907559
      ],
      [
        0.1661394091139562,
        0.24498017233240765,
        -3.636713764913427
      ]
    ],
    "test_rmse": [
      [
        6.706922519647523,
        114.79820309813668,
        25527.778880813014
      ],
      [
        7.979014954646121,
        132.8315225636594,
        336861.3830373465
      ],
      [
        8.048156503730471,
        162.44979077256005,
        16629.706448771787
      ],
      [
        8.214702482929061,
        154.18044520523407,
        22185.066862126434
      ],
      [
        8.756751350614415,
        140.13739175057148,
        42219.26692560149
      ]
    ],
    "test_mae": [
      [
        4.988031159186391,
        83.61136047241213,
        8593.927462632346
      ],
      [
        6.007578064663538,
        91.0685225954997,
        54867.20169571235
      ],
      [
        5.5601930695265915,
        108.33718791511059,
        5603.868934840216
      ],
      [
        5.802393755152365,
        98.03176015639268,
        7940.094733646928
      ],
      [
        6.420607255305762,
        98.16850199869289,
        10407.574790154104
      ]
    ],
    "best_params": {
      "check_inverse": true,
      "func": null,
      "inverse_func": null,
      "regressor__estimator__natural_gradient": true,
      "regressor__estimator__n_estimators": 2000,
      "regressor__estimator__learning_rate": 0.0008091299196126802,
      "regressor__estimator__minibatch_frac": 1,
      "regressor__estimator__col_sample": 1.0,
      "regressor__estimator__verbose": false,
      "regressor__n_jobs": null,
      "transformer__memory": null,
      "transformer__verbose": false,
      "transformer__y scaler__copy": true,
      "transformer__y scaler__with_mean": true,
      "transformer__y scaler__with_std": true
    }
  },
  "13": {
    "fit_time": [
      3.4939589500427246,
      3.4228954315185547,
      3.5811007022857666,
      3.449002981185913,
      3.3781914710998535
    ],
    "score_time": [
      0.11803603172302246,
      0.1174781322479248,
      0.11151552200317383,
      0.11837148666381836,
      0.11876082420349121
    ],
    "test_r2": [
      [
        0.25490917449818573,
        0.22515965598860288,
        -30.586528541060513
      ],
      [
        0.2720951412497217,
        0.33613824909537016,
        0.5512070915029407
      ],
      [
        0.13316883809718139,
        0.17700002571965823,
        0.04917569299099822
      ],
      [
        -0.061321139856700624,
        0.25245255977241743,
        0.004820676630470477
      ],
      [
        0.22943456143054397,
        0.17621576261476402,
        0.713193569363601
      ]
    ],
    "test_rmse": [
      [
        8.472748470751299,
        159.64957113799022,
        49264.74535460022
      ],
      [
        7.629990452219264,
        131.68522497389642,
        18526.921000233942
      ],
      [
        8.845597473020366,
        136.5558014253524,
        91270.86468190009
      ],
      [
        6.6369462957230425,
        133.8265257873872,
        321514.9306076339
      ],
      [
        7.678433962482878,
        131.30538912061854,
        7922.127079025192
      ]
    ],
    "test_mae": [
      [
        5.737659736337437,
        99.01895150851422,
        13790.41564075246
      ],
      [
        5.449499866849492,
        89.54095239362537,
        6976.265509388393
      ],
      [
        6.281804092441779,
        92.84330372142078,
        13706.414267177805
      ],
      [
        4.894459114937792,
        86.97116644329651,
        44627.77744054784
      ],
      [
        5.396282673789637,
        96.9596107146497,
        4543.885721345922
      ]
    ],
    "best_params": {
      "check_inverse": true,
      "func": null,
      "inverse_func": null,
      "regressor__estimator__natural_gradient": true,
      "regressor__estimator__n_estimators": 134,
      "regressor__estimator__learning_rate": 0.017286976261198052,
      "regressor__estimator__minibatch_frac": 1,
      "regressor__estimator__col_sample": 1.0,
      "regressor__estimator__verbose": false,
      "regressor__n_jobs": null,
      "transformer__memory": null,
      "transformer__verbose": false,
      "transformer__y scaler__copy": true,
      "transformer__y scaler__with_mean": true,
      "transformer__y scaler__with_std": true
    }
  },
  "42": {
    "fit_time": [
      3.664175510406494,
      3.73098087310791,
      3.617415189743042,
      3.622764825820923,
      3.6108884811401367
    ],
    "score_time": [
      0.12418031692504883,
      0.12297701835632324,
      0.1258254051208496,
      0.12394404411315918,
      0.12134194374084473
    ],
    "test_r2": [
      [
        0.27590652051547127,
        0.0719824761750375,
        0.5577466380795422
      ],
      [
        0.16143101756581102,
        0.28713285018027845,
        0.33938856082882096
      ],
      [
        0.18443713158636,
        0.10145138238837603,
        -0.01268836822549324
      ],
      [
        0.16651386398197365,
        0.3583740587134058,
        -2.447124180825919
      ],
      [
        0.10371165627172763,
        0.2659314722327949,
        -7.823048312050243
      ]
    ],
    "test_rmse": [
      [
        7.6716045128095125,
        149.6563917182976,
        15597.339085462974
      ],
      [
        7.9678893774119635,
        140.85031948199722,
        48675.12555807166
      ],
      [
        5.852577805391689,
        154.7820666002732,
        331981.79023751494
      ],
      [
        9.311632198539266,
        141.27098379416108,
        25614.995183322735
      ],
      [
        8.492291872679703,
        115.06938966284913,
        57866.848508255665
      ]
    ],
    "test_mae": [
      [
        5.562682766907573,
        106.49593315743766,
        5817.080889581767
      ],
      [
        5.310836364394011,
        87.95740639649736,
        9256.950716675934
      ],
      [
        4.396754207649164,
        108.37931094221865,
        48897.954987214216
      ],
      [
        6.226066119264896,
        88.84843426130858,
        8908.92883088473
      ],
      [
        6.061525135066065,
        74.6590221565771,
        12937.54262433435
      ]
    ],
    "best_params": {
      "check_inverse": true,
      "func": null,
      "inverse_func": null,
      "regressor__estimator__natural_gradient": true,
      "regressor__estimator__n_estimators": 144,
      "regressor__estimator__learning_rate": 0.02343883654024424,
      "regressor__estimator__minibatch_frac": 1,
      "regressor__estimator__col_sample": 1.0,
      "regressor__estimator__verbose": false,
      "regressor__n_jobs": null,
      "transformer__memory": null,
      "transformer__verbose": false,
      "transformer__y scaler__copy": true,
      "transformer__y scaler__with_mean": true,
      "transformer__y scaler__with_std": true
    }
  },
  "69": {
    "fit_time": [
      2.5751543045043945,
      2.6754977703094482,
      2.569763422012329,
      2.5837159156799316,
      2.6768908500671387
    ],
    "score_time": [
      0.09275937080383301,
      0.09652948379516602,
      0.09299802780151367,
      0.0925753116607666,
      0.08970403671264648
    ],