{
  "6": {
    "fit_time": [
      0.07563161849975586,
      0.07589483261108398,
      0.04085588455200195,
      0.07330870628356934,
      0.07265067100524902
    ],
    "score_time": [
      0.04815816879272461,
      0.047213077545166016,
      0.025311946868896484,
      0.048914194107055664,
      0.04648566246032715
    ],
    "test_r": [
      0.14321956186062496,
      0.0998927552710348,
      0.16129678674278825,
      0.1276972705551149,
      0.21017483608913734
    ],
    "test_r2": [
      -0.10992133034064144,
      -0.006769681412833517,
      -0.001997506737840752,
      -0.016255091455015247,
      -0.1392240084329636
    ],
    "test_rmse": [
      -10192.62203452797,
      -114066.37044706638,
      -21693.07947995777,
      -33746.00169520463,
      -8354.809696997358
    ],
    "test_mae": [
      -7330.1927781597615,
      -16282.44501293017,
      -8694.311637540473,
      -9601.257986207533,
      -6638.327333829841
    ],
    "best_params": {
      "check_inverse": true,
      "func": null,
      "inverse_func": null,
      "regressor__estimator__ccp_alpha": 0.5542472734190033,
      "regressor__estimator__criterion": "squared_error",
      "regressor__estimator__max_depth": null,
      "regressor__estimator__max_features": null,
      "regressor__estimator__max_leaf_nodes": null,
      "regressor__estimator__min_impurity_decrease": 0.0,
      "regressor__estimator__min_samples_leaf": 0.8352487625519375,
      "regressor__estimator__min_samples_split": 0.7851304478916721,
      "regressor__estimator__min_weight_fraction_leaf": 0.0,
      "regressor__estimator__monotonic_cst": null,
      "regressor__estimator__random_state": null,
      "regressor__estimator__splitter": "best",
      "regressor__n_jobs": null,
      "transformer__memory": null,
      "transformer__verbose": false,
      "transformer__y scaler__copy": true,
      "transformer__y scaler__unit_variance": false,
      "transformer__y scaler__with_centering": true,
      "transformer__y scaler__with_scaling": true
    }
  },
  "13": {
    "fit_time": [
      0.0736083984375,
      0.07409000396728516,
      0.07551217079162598,
      0.040724992752075195,
      0.09666919708251953
    ],
    "score_time": [
      0.046066999435424805,
      0.046610116958618164,
      0.046723127365112305,
      0.025146007537841797,
      0.025562047958374023
    ],
    "test_r": [
      0.2338556661051805,
      0.1089210943079135,
      0.1646395015881239,
      0.1244674979587572,
      0.13903844785837888
    ],
    "test_r2": [
      -0.06736917313336625,
      -0.012646543016992492,
      -0.4570907254370349,
      -0.029376697647462684,
      -0.392337544133807
    ],
    "test_rmse": [
      -10587.363923285428,
      -33282.843905958965,
      -7422.104644682461,
      -116952.17923638596,
      -7778.204116373173
    ],
    "test_mae": [
      -7177.471762826858,
      -9125.07047856794,
      -6633.55992376752,
      -19379.94725778195,
      -6732.211265130137
    ],
    "best_params": {
      "check_inverse": true,
      "func": null,
      "inverse_func": null,
      "regressor__estimator__ccp_alpha": 0.9543130570009525,
      "regressor__estimator__criterion": "squared_error",
      "regressor__estimator__max_depth": null,
      "regressor__estimator__max_features": "sqrt",
      "regressor__estimator__max_leaf_nodes": null,
      "regressor__estimator__min_impurity_decrease": 0.0,
      "regressor__estimator__min_samples_leaf": 0.8121712698189169,
      "regressor__estimator__min_samples_split": 0.24267006739132307,
      "regressor__estimator__min_weight_fraction_leaf": 0.0,
      "regressor__estimator__monotonic_cst": null,
      "regressor__estimator__random_state": null,
      "regressor__estimator__splitter": "best",
      "regressor__n_jobs": null,
      "transformer__memory": null,
      "transformer__verbose": false,
      "transformer__y scaler__copy": true,
      "transformer__y scaler__unit_variance": false,
      "transformer__y scaler__with_centering": true,
      "transformer__y scaler__with_scaling": true
    }
  },
  "42": {
    "fit_time": [
      0.07250571250915527,
      0.07369494438171387,
      0.07453370094299316,
      0.07499480247497559,
      0.07175874710083008
    ],
    "score_time": [
      0.046625375747680664,
      0.046007633209228516,
      0.057474374771118164,
      0.047638654708862305,
      0.04602384567260742
    ],
    "test_r": [
      0.09975597456088557,
      0.15680103709612112,
      0.21668052234268975,
      0.16752462600599818,
      0.1637118595112353
    ],
    "test_r2": [
      -0.002979708256725111,
      -0.006095584611280384,
      -0.08691892219263053,
      -0.08264833531062821,
      -0.17754110824340832
    ],
    "test_rmse": [
      -114070.3411850434,
      -38896.666971420236,
      -9033.81791532143,
      -10073.420974793347,
      -8618.573229848223
    ],
    "test_mae": [
      -16385.259852974476,
      -11335.42512968406,
      -6834.767060883428,
      -6991.796961628718,
      -7033.698510036894
    ],
    "best_params": {
      "check_inverse": true,
      "func": null,
      "inverse_func": null,
      "regressor__estimator__ccp_alpha": 0.8371450542200873,
      "regressor__estimator__criterion": "squared_error",
      "regressor__estimator__max_depth": null,
      "regressor__estimator__max_features": null,
      "regressor__estimator__max_leaf_nodes": null,
      "regressor__estimator__min_impurity_decrease": 0.0,
      "regressor__estimator__min_samples_leaf": 0.9441504721977296,
      "regressor__estimator__min_samples_split": 0.8622802405370537,
      "regressor__estimator__min_weight_fraction_leaf": 0.0,
      "regressor__estimator__monotonic_cst": null,
      "regressor__estimator__random_state": null,
      "regressor__estimator__splitter": "best",
      "regressor__n_jobs": null,
      "transformer__memory": null,
      "transformer__verbose": false,
      "transformer__y scaler__copy": true,
      "transformer__y scaler__unit_variance": false,
      "transformer__y scaler__with_centering": true,
      "transformer__y scaler__with_scaling": true
    }
  },
  "69": {
    "fit_time": [
      0.07331180572509766,
      0.07911920547485352,
      0.07431149482727051,
      0.07526683807373047,
      0.07410049438476562
    ],
    "score_time": [
      0.046898603439331055,
      0.042236328125,
      0.04364657402038574,
      0.04529881477355957,
      0.0466609001159668
    ],
    "test_r": [
      0.31980725893610423,
      0.312203967641985,
      0.375014955603204,
      0.2704119711245285,
      0.0670054133984084
    ],
    "test_r2": [
      -0.07832076224894569,
      -0.05771743139711508,
      -0.7834832176091228,
      -0.49850333750081627,
      -2.9737956651865196
    ],
    "test_rmse": [
      -118049.6904002896,
      -22745.393657424454,
      -16643.847605003273,
      -12714.113911862887,
      -13194.35921973952
    ],
    "test_mae": [
      -19204.544638281826,
      -9572.573628121821,
      -7845.97574908406,
      -6820.039940744635,
      -5443.844466161128
    ],
    "best_params": {
      "check_inverse": true,
      "func": null,
      "inverse_func": null,
      "regressor__estimator__ccp_alpha": 0.9567970339654663,
      "regressor__estimator__criterion": "squared_error",
      "regressor__estimator__max_depth": null,
      "regressor__estimator__max_features": "log2",
      "regressor__estimator__max_leaf_nodes": null,
      "regressor__estimator__min_impurity_decrease": 0.0,
      "regressor__estimator__min_samples_leaf": 0.05390048413396255,
      "regressor__estimator__min_samples_split": 0.3077425938633771,
      "regressor__estimator__min_weight_fraction_leaf": 0.0,
      "regressor__estimator__monotonic_cst": null,
      "regressor__estimator__random_state": null,
      "regressor__estimator__splitter": "best",
      "regressor__n_jobs": null,
      "transformer__memory": null,
      "transformer__verbose": false,