{
  "6": {
    "fit_time": [
      3.0442779064178467,
      3.169268846511841,
      3.018935203552246,
      3.1954166889190674,
      3.179105520248413
    ],
    "score_time": [
      0.1396796703338623,
      0.16485977172851562,
      0.13259267807006836,
      0.134979248046875,
      0.13725733757019043
    ],
    "test_r": [
      -0.10515764462710395,
      0.1926370875225116,
      0.09515134532797694,
      0.14648430827833758,
      0.060722870651635674
    ],
    "test_r2": [
      -0.083582761890586,
      -0.01425398896849428,
      -0.01770576964124615,
      -0.014701360695354326,
      -0.1824189466788424
    ],
    "test_rmse": [
      -662.3632116615129,
      -354934.75054559775,
      -68410.58380497033,
      -153997.89703059115,
      -1566.729765429212
    ],
    "test_mae": [
      -246.01742810997888,
      -42168.05891548693,
      -9108.03349298952,
      -18623.436605482002,
      -678.9752540015505
    ],
    "best_params": {
      "check_inverse": true,
      "func": null,
      "inverse_func": null,
      "regressor__bootstrap": true,
      "regressor__ccp_alpha": 0.0,
      "regressor__criterion": "squared_error",
      "regressor__max_depth": null,
      "regressor__max_features": "sqrt",
      "regressor__max_leaf_nodes": null,
      "regressor__max_samples": null,
      "regressor__min_impurity_decrease": 0.0,
      "regressor__min_samples_leaf": 0.05,
      "regressor__min_samples_split": 0.05,
      "regressor__min_weight_fraction_leaf": 0.0,
      "regressor__monotonic_cst": null,
      "regressor__n_estimators": 2000,
      "regressor__n_jobs": null,
      "regressor__oob_score": false,
      "regressor__random_state": null,
      "regressor__verbose": 0,
      "regressor__warm_start": false,
      "transformer__memory": null,
      "transformer__verbose": false,
      "transformer__log transform__accept_sparse": false,
      "transformer__log transform__check_inverse": true,
      "transformer__log transform__feature_names_out": null,
      "transformer__log transform__inv_kw_args": null,
      "transformer__log transform__kw_args": null,
      "transformer__log transform__validate": false,
      "transformer__y scaler__copy": true,
      "transformer__y scaler__with_mean": true,
      "transformer__y scaler__with_std": true
    }
  },
  "13": {
    "fit_time": [
      0.15979528427124023,
      0.23137211799621582,
      0.2064957618713379,
      0.1436779499053955,
      0.15004825592041016
    ],
    "score_time": [
      0.04048299789428711,
      0.04461073875427246,
      0.03973579406738281,
      0.03908967971801758,
      0.03922605514526367
    ],
    "test_r": [
      -0.13978114867051875,
      0.07390093157119335,
      -0.1228071476162296,
      0.18112490821698934,
      0.2004783285192298
    ],
    "test_r2": [
      -0.26205217860857877,
      -0.01437869270167269,
      -0.0757419647733395,
      -0.020282033998798576,
      -0.0572622083389398
    ],
    "test_rmse": [
      -1602.4143899483252,
      -152936.71849322825,
      -700.6020389870114,
      -363880.35784783686,
      -1614.711494752379
    ],
    "test_mae": [
      -753.2711718673594,
      -18278.540120262078,
      -274.07067377505183,
      -51378.109935336484,
      -479.49451934786714
    ],
    "best_params": {
      "check_inverse": true,
      "func": null,
      "inverse_func": null,
      "regressor__bootstrap": true,
      "regressor__ccp_alpha": 0.0,
      "regressor__criterion": "squared_error",
      "regressor__max_depth": null,
      "regressor__max_features": "sqrt",
      "regressor__max_leaf_nodes": null,
      "regressor__max_samples": null,
      "regressor__min_impurity_decrease": 0.0,
      "regressor__min_samples_leaf": 0.05,
      "regressor__min_samples_split": 0.05,
      "regressor__min_weight_fraction_leaf": 0.0,
      "regressor__monotonic_cst": null,
      "regressor__n_estimators": 50,
      "regressor__n_jobs": null,
      "regressor__oob_score": false,
      "regressor__random_state": null,
      "regressor__verbose": 0,
      "regressor__warm_start": false,
      "transformer__memory": null,
      "transformer__verbose": false,
      "transformer__log transform__accept_sparse": false,
      "transformer__log transform__check_inverse": true,
      "transformer__log transform__feature_names_out": null,
      "transformer__log transform__inv_kw_args": null,
      "transformer__log transform__kw_args": null,
      "transformer__log transform__validate": false,
      "transformer__y scaler__copy": true,
      "transformer__y scaler__with_mean": true,
      "transformer__y scaler__with_std": true
    }
  },
  "42": {
    "fit_time": [
      0.12885570526123047,
      0.18737411499023438,
      0.2008676528930664,
      0.13069605827331543,
      0.1767873764038086
    ],
    "score_time": [
      0.03855395317077637,
      0.03857707977294922,
      0.043959856033325195,
      0.038865089416503906,
      0.037471771240234375
    ],
    "test_r": [
      0.18520345409950292,
      0.16630197334798358,
      0.003453547790717386,
      -0.015826944214097385,
      0.09934131122449351
    ],
    "test_r2": [
      -0.014259706344392553,
      -0.02635791583181102,
      -0.11472246959855359,
      -0.16223293548892825,
      -0.02595021218412552
    ],
    "test_rmse": [
      -354933.9742983885,
      -167343.9624930255,
      -1816.268057222446,
      -1123.418780479797,
      -899.7532362261754
    ],
    "test_mae": [
      -42195.16386358996,
      -26883.85303374775,
      -650.077057067296,
      -480.20782681512327,
      -243.8412165176943
    ],
    "best_params": {
      "check_inverse": true,
      "func": null,
      "inverse_func": null,
      "regressor__bootstrap": true,
      "regressor__ccp_alpha": 0.0,
      "regressor__criterion": "squared_error",
      "regressor__max_depth": null,
      "regressor__max_features": "sqrt",
      "regressor__max_leaf_nodes": null,
      "regressor__max_samples": null,
      "regressor__min_impurity_decrease": 0.0,
      "regressor__min_samples_leaf": 0.05209354893074913,
      "regressor__min_samples_split": 0.22507009508202935,
      "regressor__min_weight_fraction_leaf": 0.0,
      "regressor__monotonic_cst": null,
      "regressor__n_estimators": 51,
      "regressor__n_jobs": null,
      "regressor__oob_score": false,
      "regressor__random_state": null,
      "regressor__verbose": 0,
      "regressor__warm_start": false,
      "transformer__memory": null,
      "transformer__verbose": false,
      "transformer__log transform__accept_sparse": false,
      "transformer__log transform__check_inverse": true,
      "transformer__log transform__feature_names_out": null,
      "transformer__log transform__inv_kw_args": null,
      "transformer__log transform__kw_args": null,
      "transformer__log transform__validate": false,
      "transformer__y scaler__copy": true,
      "transformer__y scaler__with_mean": true,
      "transformer__y scaler__with_std": true
    }
  },
  "69": {
    "fit_time": [
      0.19918107986450195,
      0.1735973358154297,
      0.17327475547790527,
      0.1682267189025879,
      0.19780731201171875
    ],
    "score_time": [
      0.039058685302734375,
      0.0408177375793457,
      0.03951716423034668,
      0.03835344314575195,
      0.039708614349365234
    ],
    "test_r": [
      -0.006127122936363821,
      0.14567596324549173,
      0.03999620406323625,
      -0.07706752238922474,
      0.0212498640386624
    ],
    "test_r2": [
      -0.025092640848130898,
      -0.017167735234685733,
      -0.10151722196403345,
      -0.09331175979546424,
      -0.027487296257055815
    ],
    "test_rmse": [
      -386527.4189745384,
      -67716.74586895412,
      -1027.3516858072026,
      -1562.6156254005782,
      -513.7431543746721
    ],
    "test_mae": [
      -60533.08436430903,
      -8852.591577483772,
      -374.2698713735381,
      -508.44185591066565,
      -194.77538145747056
    ],