{
  "6": {
    "fit_time": [
      171.5764455795288,
      164.27567195892334,
      177.34542608261108,
      181.45395016670227,
      182.59689450263977
    ],
    "score_time": [
      8.548173427581787,
      9.232185125350952,
      6.467910528182983,
      5.197447776794434,
      6.014504671096802
    ],
    "test_r": [
      0.1419872894286312,
      0.23544760305900903,
      0.10494895256033937,
      0.33140148376780093,
      0.1811489152596313
    ],
    "test_r2": [
      -0.06780854696146577,
      0.05029429053512702,
      -0.004645810795050664,
      0.0998683475591825,
      -0.00661670508681933
    ],
    "test_rmse": [
      -0.8278395007781228,
      -1.0813587450258626,
      -1.001797738701861,
      -0.943506877502226,
      -0.8886004053441261
    ],
    "test_mae": [
      -0.6319251482110733,
      -0.8117692477235922,
      -0.7603126025292576,
      -0.6939381260607269,
      -0.7151089520863555
    ],
    "best_params": {
      "check_inverse": true,
      "func": null,
      "inverse_func": null,
      "regressor__natural_gradient": true,
      "regressor__n_estimators": 2000,
      "regressor__learning_rate": 0.0006388822827922444,
      "regressor__minibatch_frac": 1,
      "regressor__col_sample": 1.0,
      "regressor__verbose": false,
      "transformer__memory": null,
      "transformer__verbose": false,
      "transformer__y scaler__copy": true,
      "transformer__y scaler__with_mean": true,
      "transformer__y scaler__with_std": true
    }
  },
  "13": {
    "fit_time": [
      176.45321989059448,
      154.63533425331116,
      172.74376702308655,
      151.32639026641846,
      176.82075357437134
    ],
    "score_time": [
      7.2398223876953125,
      7.782457113265991,
      5.583567142486572,
      7.814992189407349,
      7.162182569503784
    ],
    "test_r": [
      0.008561576220966108,
      0.2967189787452727,
      0.08942075742267667,
      0.2687750635481844,
      0.25745564031476575
    ],
    "test_r2": [
      -0.26149014086560185,
      0.0878677656109611,
      -0.30892660326796983,
      0.048515174330642785,
      0.019417366642106026
    ],
    "test_rmse": [
      -0.9557306149287382,
      -0.9251029031436578,
      -0.9495022736712986,
      -1.1497030700123074,
      -0.8524120165844243
    ],
    "test_mae": [
      -0.7599608492511714,
      -0.6651431873054651,
      -0.7585903315079269,
      -0.8378967999962048,
      -0.6545416780908779
    ],
    "best_params": {
      "check_inverse": true,
      "func": null,
      "inverse_func": null,
      "regressor__natural_gradient": true,
      "regressor__n_estimators": 2000,
      "regressor__learning_rate": 0.001,
      "regressor__minibatch_frac": 1,
      "regressor__col_sample": 1.0,
      "regressor__verbose": false,
      "transformer__memory": null,
      "transformer__verbose": false,
      "transformer__y scaler__copy": true,
      "transformer__y scaler__with_mean": true,
      "transformer__y scaler__with_std": true
    }
  },
  "42": {
    "fit_time": [
      76.78466176986694,
      77.22123694419861,
      81.11095404624939,
      81.07707166671753,
      83.55577659606934
    ],
    "score_time": [
      2.094822645187378,
      2.408400297164917,
      2.0484938621520996,
      2.0742716789245605,
      2.0554726123809814
    ],
    "test_r": [
      0.2557474988688108,
      0.13870442968316063,
      0.2889417659800618,
      0.36966377769242986,
      0.052661949090427485
    ],
    "test_r2": [
      0.05837212842485573,
      -0.006395127078723917,
      0.07420199217800894,
      0.12761633526191374,
      -0.19794256589693182
    ],
    "test_rmse": [
      -1.0293001659964198,
      -1.145269914742614,
      -0.911291806671555,
      -0.8037237581406491,
      -0.8152517827673467
    ],
    "test_mae": [
      -0.7686103447322412,
      -0.8379709116153381,
      -0.7409552449921686,
      -0.64470932068541,
      -0.6039452117806063
    ],
    "best_params": {
      "check_inverse": true,
      "func": null,
      "inverse_func": null,
      "regressor__natural_gradient": true,
      "regressor__n_estimators": 1410,
      "regressor__learning_rate": 0.0006805781996577594,
      "regressor__minibatch_frac": 1,
      "regressor__col_sample": 1.0,
      "regressor__verbose": false,
      "transformer__memory": null,
      "transformer__verbose": false,
      "transformer__y scaler__copy": true,
      "transformer__y scaler__with_mean": true,
      "transformer__y scaler__with_std": true
    }
  },
  "69": {
    "fit_time": [
      33.87157869338989,
      34.77640962600708,
      28.318546295166016,
      27.99615168571472,
      33.46481680870056
    ],
    "score_time": [
      0.8845741748809814,
      0.8518304824829102,
      0.8672358989715576,
      0.8851063251495361,
      0.8723313808441162
    ],
    "test_r": [
      0.17399821244820252,
      0.27135784613567915,
      0.303240674346289,
      0.26172399596617846,
      0.0757037745920128
    ],
    "test_r2": [
      0.002642575684234094,
      -0.017959037431102942,
      0.08832934307408302,
      0.05746757770310107,
      -0.3163074511531865
    ],
    "test_rmse": [
      -1.1780582390745074,
      -1.0468812999788009,
      -0.7480634201572132,
      -0.8527305383888679,
      -0.9088720852002559
    ],
    "test_mae": [
      -0.8913265633853048,
      -0.7966042807129856,
      -0.5965741125155168,
      -0.6322705988671699,
      -0.7056697018414761
    ],
    "best_params": {
      "check_inverse": true,
      "func": null,
      "inverse_func": null,
      "regressor__natural_gradient": true,
      "regressor__n_estimators": 556,
      "regressor__learning_rate": 0.001,
      "regressor__minibatch_frac": 1,
      "regressor__col_sample": 1.0,
      "regressor__verbose": false,
      "transformer__memory": null,
      "transformer__verbose": false,
      "transformer__y scaler__copy": true,
      "transformer__y scaler__with_mean": true,
      "transformer__y scaler__with_std": true
    }
  },
  "420": {
    "fit_time": [
      35.59825611114502,
      35.0560507774353,
      40.798229694366455,
      42.52376198768616,
      43.87642741203308
    ],
    "score_time": [
      1.0810675621032715,
      1.084507703781128,
      1.0495107173919678,
      1.059107780456543,
      1.043459177017212
    ],
    "test_r": [
      0.23400675293558004,
      0.051103820857466585,
      0.36510467269319546,
      0.10611485286969985,
      0.1465852346620433
    ],
    "test_r2": [
      0.03285241941321304,
      -0.02578485540227926,
      0.06768068633366109,
      -0.04643552482394675,
      0.015055085263071089
    ],
    "test_rmse": [
      -0.7913819711733655,
      -0.990642671464273,
      -0.9806988934645088,
      -1.1441566362704783,
      -0.876647007845655
    ],
    "test_mae": [
      -0.6163571167625825,
      -0.7296010255483454,
      -0.7985580926161708,
      -0.8313661713911569,
      -0.666779983639016
    ],
    "best_params": {
      "check_inverse": true,
      "func": null,
      "inverse_func": null,
      "regressor__natural_gradient": true,
      "regressor__n_estimators": 707,
      "regressor__learning_rate": 0.0008955552073195916,
      "regressor__minibatch_frac": 1,
      "regressor__col_sample": 1.0,
      "regressor__verbose": false,
      "transformer__memory": null,
      "transformer__verbose": false,
      "transformer__y scaler__copy": true,
      "transformer__y scaler__with_mean": true,
      "transformer__y scaler__with_std": true
    }
  },
  "1234567890": {
    "fit_time": [
      37.1934711933136,
      36.61511158943176,
      29.533910274505615,
      31.176965475082397,
      36.69934129714966
    ],
    "score_time": [
      0.9366455078125,
      0.9301900863647461,
      0.9420926570892334,
      0.9493446350097656,
      0.9700517654418945
    ],