{
  "6": {
    "fit_time": [
      49.53963112831116,
      48.955543518066406,
      42.19145083427429,
      48.46286177635193,
      49.70108079910278
    ],
    "score_time": [
      1.5854456424713135,
      1.698410987854004,
      1.3688766956329346,
      1.422370433807373,
      1.6465380191802979
    ],
    "test_r": [
      0.2095757361889794,
      0.2519920161590327,
      0.11357188230650486,
      0.3157701152879028,
      0.18514679854465316
    ],
    "test_r2": [
      -0.021528511115614712,
      0.04935142305428086,
      0.008655765923345937,
      0.07961285263463902,
      0.0048065217724032605
    ],
    "test_rmse": [
      -0.8097010360598318,
      -1.0818953981448394,
      -0.9951437063273636,
      -0.9540635986849999,
      -0.8835440386158897
    ],
    "test_mae": [
      -0.6216373716236053,
      -0.8177271600337385,
      -0.756337691797928,
      -0.7046569025868343,
      -0.7106770455112505
    ],
    "best_params": {
      "check_inverse": true,
      "func": null,
      "inverse_func": null,
      "regressor__natural_gradient": true,
      "regressor__n_estimators": 929,
      "regressor__learning_rate": 0.0006135046748258128,
      "regressor__minibatch_frac": 1,
      "regressor__col_sample": 1.0,
      "regressor__verbose": false,
      "transformer__memory": null,
      "transformer__verbose": false,
      "transformer__y scaler__copy": true,
      "transformer__y scaler__with_mean": true,
      "transformer__y scaler__with_std": true
    }
  },
  "13": {
    "fit_time": [
      92.54257130622864,
      90.26976227760315,
      90.17286372184753,
      88.95705199241638,
      89.05854511260986
    ],
    "score_time": [
      2.432541608810425,
      2.843918561935425,
      2.959543466567993,
      2.8167991638183594,
      2.7333433628082275
    ],
    "test_r": [
      0.011512808789775484,
      0.3073917186183995,
      0.12116370247491932,
      0.26368997279072715,
      0.2584147156530417
    ],
    "test_r2": [
      -0.2517160992340419,
      0.09432469408635369,
      -0.27051715913393326,
      0.046050219242342316,
      0.021397563495119676
    ],
    "test_rmse": [
      -0.9520209087723802,
      -0.9218227142450554,
      -0.9354673391090441,
      -1.1511913403886065,
      -0.8515508976135863
    ],
    "test_mae": [
      -0.7561922221999363,
      -0.661919650227232,
      -0.7488364281838924,
      -0.8380224705310442,
      -0.6532690864421604
    ],
    "best_params": {
      "check_inverse": true,
      "func": null,
      "inverse_func": null,
      "regressor__natural_gradient": true,
      "regressor__n_estimators": 1804,
      "regressor__learning_rate": 0.0009238315378331921,
      "regressor__minibatch_frac": 1,
      "regressor__col_sample": 1.0,
      "regressor__verbose": false,
      "transformer__memory": null,
      "transformer__verbose": false,
      "transformer__y scaler__copy": true,
      "transformer__y scaler__with_mean": true,
      "transformer__y scaler__with_std": true
    }
  },
  "42": {
    "fit_time": [
      60.94609785079956,
      61.79185628890991,
      60.048200845718384,
      60.84922242164612,
      60.035345792770386
    ],
    "score_time": [
      1.9081697463989258,
      1.7304856777191162,
      1.9186933040618896,
      1.6826953887939453,
      1.8712830543518066
    ],
    "test_r": [
      0.268440805039124,
      0.13782408821666814,
      0.28904135442053414,
      0.37004431869282445,
      0.11023633250340426
    ],
    "test_r2": [
      0.060093987428156415,
      -0.005582195387423328,
      0.07455408308726064,
      0.12623134395603386,
      -0.14727236698059887
    ],
    "test_rmse": [
      -1.0283586471843378,
      -1.1448072662894782,
      -0.9111185031699874,
      -0.8043614987385548,
      -0.797823869465116
    ],
    "test_mae": [
      -0.7647356799543025,
      -0.8364922656067237,
      -0.7407096799970674,
      -0.645598842701998,
      -0.5925254799554143
    ],
    "best_params": {
      "check_inverse": true,
      "func": null,
      "inverse_func": null,
      "regressor__natural_gradient": true,
      "regressor__n_estimators": 1246,
      "regressor__learning_rate": 0.0007352481813242629,
      "regressor__minibatch_frac": 1,
      "regressor__col_sample": 1.0,
      "regressor__verbose": false,
      "transformer__memory": null,
      "transformer__verbose": false,
      "transformer__y scaler__copy": true,
      "transformer__y scaler__with_mean": true,
      "transformer__y scaler__with_std": true
    }
  },
  "69": {
    "fit_time": [
      57.02878713607788,
      55.407554149627686,
      54.16693425178528,
      55.81835389137268,
      55.152090072631836
    ],
    "score_time": [
      1.5666532516479492,
      1.9292161464691162,
      1.5552895069122314,
      1.6278557777404785,
      1.7916679382324219
    ],
    "test_r": [
      0.17402815861306634,
      0.3130933028782304,
      0.2981873156356528,
      0.27592719177071984,
      0.1309716289316567
    ],
    "test_r2": [
      0.0020804238827170085,
      -0.010301696742335498,
      0.08463501684477981,
      0.05750708993322873,
      -0.27365733365110056
    ],
    "test_rmse": [
      -1.1783901934240817,
      -1.0429364168119906,
      -0.749577561396228,
      -0.8527126643945113,
      -0.8940265068142866
    ],
    "test_mae": [
      -0.8929203032374421,
      -0.7914985888988346,
      -0.598151217589726,
      -0.6315718067650982,
      -0.6967197027071368
    ],
    "best_params": {
      "check_inverse": true,
      "func": null,
      "inverse_func": null,
      "regressor__natural_gradient": true,
      "regressor__n_estimators": 1093,
      "regressor__learning_rate": 0.00046500498159432875,
      "regressor__minibatch_frac": 1,
      "regressor__col_sample": 1.0,
      "regressor__verbose": false,
      "transformer__memory": null,
      "transformer__verbose": false,
      "transformer__y scaler__copy": true,
      "transformer__y scaler__with_mean": true,
      "transformer__y scaler__with_std": true
    }
  },
  "420": {
    "fit_time": [
      62.79407525062561,
      64.60233998298645,
      59.45547819137573,
      64.47429537773132,
      56.492560148239136
    ],
    "score_time": [
      1.7641851902008057,
      1.891716718673706,
      1.6414570808410645,
      1.7844583988189697,
      1.6654658317565918
    ],
    "test_r": [
      0.27264642226743524,
      0.04189944085752789,
      0.36266541756896437,
      0.17545277357942748,
      0.14325318432512374
    ],
    "test_r2": [
      0.053730871932082036,
      -0.033430787859864086,
      0.07264092720158877,
      -0.009485914996195666,
      0.010985182936084859
    ],
    "test_rmse": [
      -0.7827933238712823,
      -0.9943278130896449,
      -0.9780865963089139,
      -1.1237750310826506,
      -0.8784563423232603
    ],
    "test_mae": [
      -0.6118264202677769,
      -0.7325794755134548,
      -0.7938599441427708,
      -0.8191811090748072,
      -0.6665217090027739
    ],
    "best_params": {
      "check_inverse": true,
      "func": null,
      "inverse_func": null,
      "regressor__natural_gradient": true,
      "regressor__n_estimators": 1234,
      "regressor__learning_rate": 0.0006101180733751979,
      "regressor__minibatch_frac": 1,
      "regressor__col_sample": 1.0,
      "regressor__verbose": false,
      "transformer__memory": null,
      "transformer__verbose": false,
      "transformer__y scaler__copy": true,
      "transformer__y scaler__with_mean": true,
      "transformer__y scaler__with_std": true
    }
  },
  "1234567890": {
    "fit_time": [
      27.461745738983154,
      27.489486694335938,
      29.892611026763916,
      30.080881595611572,
      30.173941612243652
    ],
    "score_time": [
      0.8159639835357666,
      0.8066515922546387,
      0.8964536190032959,
      0.8213646411895752,
      0.8532910346984863
    ],