{
  "6": {
    "fit_time": [
      0.0412137508392334,
      0.044830322265625,
      0.037799835205078125,
      0.04515409469604492,
      0.039392948150634766
    ],
    "score_time": [
      0.0220181941986084,
      0.02627253532409668,
      0.02319622039794922,
      0.022997379302978516,
      0.025251150131225586
    ],
    "test_r": [
      0.13880148886234656,
      0.5938161130404209,
      0.3754236594802382,
      0.5054518239033038,
      0.5062202925050532
    ],
    "test_r2": [
      -3.2758984190996685,
      -0.17421042226518657,
      0.053171141131548194,
      -0.6539497512471848,
      -0.5745886774318747
    ],
    "test_rmse": [
      -15.436055497209663,
      -8.715459066777541,
      -8.991103267382398,
      -7.554820118776012,
      -8.644996394383902
    ],
    "test_mae": [
      -5.601094296149788,
      -4.305844981354095,
      -4.387798974035684,
      -3.611597281931542,
      -4.556587044462147
    ],
    "best_params": {
      "check_inverse": true,
      "func": null,
      "inverse_func": null,
      "regressor__copy_X": true,
      "regressor__fit_intercept": false,
      "regressor__n_jobs": null,
      "regressor__positive": false,
      "transformer__memory": null,
      "transformer__verbose": false,
      "transformer__y scaler__copy": true,
      "transformer__y scaler__with_mean": true,
      "transformer__y scaler__with_std": true
    }
  },
  "13": {
    "fit_time": [
      0.04485821723937988,
      0.04393815994262695,
      0.03694295883178711,
      0.0372166633605957,
      0.043924808502197266
    ],
    "score_time": [
      0.025905132293701172,
      0.023306846618652344,
      0.0234830379486084,
      0.023011445999145508,
      0.022855520248413086
    ],
    "test_r": [
      0.024202380564653885,
      0.2941228824144588,
      0.18413499583788787,
      0.3209317289177113,
      0.5279685821369259
    ],
    "test_r2": [
      -4.5537907606073265e+20,
      -2.5103990550626123,
      -3.1260637964001425,
      -0.811152874087411,
      0.14252640186601095
    ],
    "test_rmse": [
      -161823250092.3395,
      -12.833567986343326,
      -16.799137355558862,
      -8.508108852633036,
      -8.09096292934566
    ],
    "test_mae": [
      -24123185839.242992,
      -5.0604741499033175,
      -6.613564501811743,
      -4.258242614179964,
      -4.238458991831852
    ],
    "best_params": {
      "check_inverse": true,
      "func": null,
      "inverse_func": null,
      "regressor__copy_X": true,
      "regressor__fit_intercept": false,
      "regressor__n_jobs": null,
      "regressor__positive": false,
      "transformer__memory": null,
      "transformer__verbose": false,
      "transformer__y scaler__copy": true,
      "transformer__y scaler__with_mean": true,
      "transformer__y scaler__with_std": true
    }
  },
  "42": {
    "fit_time": [
      0.0655825138092041,
      0.03813457489013672,
      0.04741621017456055,
      0.04707813262939453,
      0.0339961051940918
    ],
    "score_time": [
      0.021821022033691406,
      0.022289514541625977,
      0.022537708282470703,
      0.02143573760986328,
      0.02101898193359375
    ],
    "test_r": [
      0.5216833558315775,
      0.26163200054054747,
      0.3497152845991958,
      0.30557178066677554,
      0.5473343776930799
    ],
    "test_r2": [
      -1.7147043312727124e+22,
      -3.24217493343755,
      -6.788974530869643e+20,
      -0.4844401953371187,
      -0.2251955792615734
    ],
    "test_rmse": [
      -1350537806774.1743,
      -14.381857122205401,
      -178899983873.73367,
      -8.007538376706078,
      -7.278945956429086
    ],
    "test_mae": [
      -284465507121.2474,
      -5.3895582722648525,
      -50963421794.796455,
      -3.8430790415673353,
      -3.7877452584303324
    ],
    "best_params": {
      "check_inverse": true,
      "func": null,
      "inverse_func": null,
      "regressor__copy_X": true,
      "regressor__fit_intercept": false,
      "regressor__n_jobs": null,
      "regressor__positive": false,
      "transformer__memory": null,
      "transformer__verbose": false,
      "transformer__y scaler__copy": true,
      "transformer__y scaler__with_mean": true,
      "transformer__y scaler__with_std": true
    }
  },
  "69": {
    "fit_time": [
      0.03267550468444824,
      0.039904117584228516,
      0.033334970474243164,
      0.03675580024719238,
      0.03799796104431152
    ],
    "score_time": [
      0.020450115203857422,
      0.02273726463317871,
      0.020711421966552734,
      0.020589113235473633,
      0.01999640464782715
    ],
    "test_r": [
      0.48776879791357514,
      0.3895164492887478,
      0.48338290655126837,
      0.5119019501548742,
      0.864691788269579
    ],
    "test_r2": [
      -0.6191498972279232,
      -4.801484242328569e+23,
      -0.2638409207892394,
      0.15197944200385527,
      0.010390227395790985
    ],
    "test_rmse": [
      -7.462148777081259,
      -4841074865577.172,
      -9.470697957742212,
      -8.38024927249915,
      -6.99376150500794
    ],
    "test_mae": [
      -3.3366303345937163,
      -1107693848834.0356,
      -4.762053180535275,
      -4.093924661744094,
      -3.1105322655028442
    ],
    "best_params": {
      "check_inverse": true,
      "func": null,
      "inverse_func": null,
      "regressor__copy_X": true,
      "regressor__fit_intercept": false,
      "regressor__n_jobs": null,
      "regressor__positive": false,
      "transformer__memory": null,
      "transformer__verbose": false,
      "transformer__y scaler__copy": true,
      "transformer__y scaler__with_mean": true,
      "transformer__y scaler__with_std": true
    }
  },
  "420": {
    "fit_time": [
      0.03825664520263672,
      0.03525900840759277,
      0.03850078582763672,
      0.039449214935302734,
      0.03377246856689453
    ],
    "score_time": [
      0.019881010055541992,
      0.02010345458984375,
      0.0199434757232666,
      0.021744728088378906,
      0.020714521408081055
    ],
    "test_r": [
      0.2211182566373391,
      0.25708577398510807,
      0.36599988162021324,
      -0.04381197901392063,
      0.48805157822990886
    ],
    "test_r2": [
      -0.6615458509358414,
      -0.5988873260623284,
      -0.9402851290520184,
      -3.541068178127365e+22,
      -0.7754146127398518
    ],
    "test_rmse": [
      -7.221725304920112,
      -12.543578247508675,
      -10.116844953541692,
      -1290400911634.158,
      -9.680819719586154
    ],
    "test_mae": [
      -3.5372969126981504,
      -6.058000702917635,
      -4.9463898875198025,
      -398121839256.03516,
      -4.588793977479428
    ],
    "best_params": {
      "check_inverse": true,
      "func": null,
      "inverse_func": null,
      "regressor__copy_X": true,
      "regressor__fit_intercept": false,
      "regressor__n_jobs": null,
      "regressor__positive": false,
      "transformer__memory": null,
      "transformer__verbose": false,
      "transformer__y scaler__copy": true,
      "transformer__y scaler__with_mean": true,
      "transformer__y scaler__with_std": true
    }
  },
  "1234567890": {
    "fit_time": [
      0.03294658660888672,
      0.04210257530212402,
      0.038375139236450195,
      0.03837323188781738,
      0.03922247886657715
    ],
    "score_time": [
      0.02138066291809082,
      0.019618511199951172,
      0.02078986167907715,
      0.020962953567504883,
      0.02021336555480957
    ],
    "test_r": [
      0.15890297101263418,
      0.7148826493882023,
      0.41701628833019877,
      0.1380643312737832,
      0.6595810519363141
    ],
    "test_r2": [
      -0.7815666368328569,
      0.46758511582029305,
      -0.40833173416774704,
      -3.1414365472073813,
      0.33616818070128973
    ],
    "test_rmse": [
      -9.845225930753841,
      -6.859883558432026,
      -9.15698425347971,
      -13.273268620174061,
      -5.179758258051293
    ],