{
  "6": {
    "fit_time": [
      5.00468111038208,
      4.358177900314331,
      4.505825519561768,
      5.4800519943237305,
      4.970309019088745
    ],
    "score_time": [
      0.13591241836547852,
      0.12015938758850098,
      0.11736392974853516,
      0.14612531661987305,
      0.12864947319030762
    ],
    "test_pearson_r": [
      0.5871354800581863,
      0.5197073084186965,
      0.34996419764347925,
      0.527972160454651,
      0.4543550481447015
    ],
    "test_spearman_r": [
      0.6194955416459673,
      0.5156176362326406,
      0.3111495337704007,
      0.528190968286427,
      0.4315977590961762
    ],
    "test_rmse": [
      -0.547100875190995,
      -0.5520939770474472,
      -0.6418331894786606,
      -0.5388934463290027,
      -0.4951797438288404
    ],
    "test_mae": [
      -0.44273789403329944,
      -0.4353038507409045,
      -0.49414850090159834,
      -0.4406118477728235,
      -0.37646834344939506
    ],
    "test_r2": [
      0.3142442131398233,
      0.2382765654545208,
      -0.04568033927690207,
      0.2605103926562,
      0.19664018621338997
    ],
    "best_params": {
      "check_inverse": true,
      "func": null,
      "inverse_func": null,
      "regressor__bootstrap": true,
      "regressor__ccp_alpha": 0.0,
      "regressor__criterion": "squared_error",
      "regressor__max_depth": null,
      "regressor__max_features": null,
      "regressor__max_leaf_nodes": null,
      "regressor__max_samples": null,
      "regressor__min_impurity_decrease": 0.0,
      "regressor__min_samples_leaf": 0.001,
      "regressor__min_samples_split": 0.15818280859174064,
      "regressor__min_weight_fraction_leaf": 0.0,
      "regressor__monotonic_cst": null,
      "regressor__n_estimators": 2000,
      "regressor__n_jobs": null,
      "regressor__oob_score": false,
      "regressor__random_state": null,
      "regressor__verbose": 0,
      "regressor__warm_start": false,
      "transformer__memory": null,
      "transformer__verbose": false,
      "transformer__y scaler__copy": true,
      "transformer__y scaler__with_mean": true,
      "transformer__y scaler__with_std": true
    }
  },
  "13": {
    "fit_time": [
      5.730547189712524,
      4.8992297649383545,
      4.890601396560669,
      5.539831876754761,
      4.992963790893555
    ],
    "score_time": [
      0.13262081146240234,
      0.12280392646789551,
      0.12338495254516602,
      0.12336587905883789,
      0.12865948677062988
    ],
    "test_pearson_r": [
      0.3845108667075308,
      0.7071141270685195,
      0.3761931183395722,
      0.35849884211094674,
      0.5024716105555052
    ],
    "test_spearman_r": [
      0.41633906035032736,
      0.6871996188448387,
      0.41802980454069577,
      0.3765711001276043,
      0.47636929668831146
    ],
    "test_rmse": [
      -0.5979936667750578,
      -0.479279171924625,
      -0.5859259642381516,
      -0.6109141473055602,
      -0.5122539023458372
    ],
    "test_mae": [
      -0.5061940634822257,
      -0.38200675036704035,
      -0.43648463518636377,
      -0.45865341855275,
      -0.41800625199332087
    ],
    "test_r2": [
      0.09096996120088174,
      0.45661546644813444,
      0.11908559995308576,
      0.09973708502878209,
      0.18041248802399767
    ],
    "best_params": {
      "check_inverse": true,
      "func": null,
      "inverse_func": null,
      "regressor__bootstrap": true,
      "regressor__ccp_alpha": 0.0,
      "regressor__criterion": "squared_error",
      "regressor__max_depth": null,
      "regressor__max_features": null,
      "regressor__max_leaf_nodes": null,
      "regressor__max_samples": null,
      "regressor__min_impurity_decrease": 0.0,
      "regressor__min_samples_leaf": 0.001,
      "regressor__min_samples_split": 0.06930904286286775,
      "regressor__min_weight_fraction_leaf": 0.0,
      "regressor__monotonic_cst": null,
      "regressor__n_estimators": 2000,
      "regressor__n_jobs": null,
      "regressor__oob_score": false,
      "regressor__random_state": null,
      "regressor__verbose": 0,
      "regressor__warm_start": false,
      "transformer__memory": null,
      "transformer__verbose": false,
      "transformer__y scaler__copy": true,
      "transformer__y scaler__with_mean": true,
      "transformer__y scaler__with_std": true
    }
  },
  "42": {
    "fit_time": [
      0.044098615646362305,
      0.04007863998413086,
      0.04094862937927246,
      0.053139448165893555,
      0.04512810707092285
    ],
    "score_time": [
      0.02097773551940918,
      0.017602205276489258,
      0.01787590980529785,
      0.020251989364624023,
      0.019374608993530273
    ],
    "test_pearson_r": [
      0.4737172303177343,
      0.32555081762480836,
      0.5987430007293486,
      0.6444920328551206,
      0.4413934239950033
    ],
    "test_spearman_r": [
      0.4621311120173359,
      0.3285426915497628,
      0.5239614567542118,
      0.5842943695314705,
      0.3795979952587477
    ],
    "test_rmse": [
      -0.5914047161415007,
      -0.6481342229774676,
      -0.3996124778209028,
      -0.49369121641433084,
      -0.5994170808437413
    ],
    "test_mae": [
      -0.49835342957615697,
      -0.4443237626124756,
      -0.3294025837592545,
      -0.38172710245057595,
      -0.5019915854421018
    ],
    "test_r2": [
      0.212074262009035,
      0.025071514739907208,
      0.3566310660030203,
      0.40845740727475055,
      0.13805785598723674
    ],
    "best_params": {
      "check_inverse": true,
      "func": null,
      "inverse_func": null,
      "regressor__bootstrap": true,
      "regressor__ccp_alpha": 0.0,
      "regressor__criterion": "squared_error",
      "regressor__max_depth": null,
      "regressor__max_features": "sqrt",
      "regressor__max_leaf_nodes": null,
      "regressor__max_samples": null,
      "regressor__min_impurity_decrease": 0.0,
      "regressor__min_samples_leaf": 0.001,
      "regressor__min_samples_split": 0.03727662003151384,
      "regressor__min_weight_fraction_leaf": 0.0,
      "regressor__monotonic_cst": null,
      "regressor__n_estimators": 10,
      "regressor__n_jobs": null,
      "regressor__oob_score": false,
      "regressor__random_state": null,
      "regressor__verbose": 0,
      "regressor__warm_start": false,
      "transformer__memory": null,
      "transformer__verbose": false,
      "transformer__y scaler__copy": true,
      "transformer__y scaler__with_mean": true,
      "transformer__y scaler__with_std": true
    }
  },
  "69": {
    "fit_time": [
      0.05470991134643555,
      0.05583810806274414,
      0.058976173400878906,
      0.05588579177856445,
      0.05999040603637695
    ],
    "score_time": [
      0.016806840896606445,
      0.017656326293945312,
      0.02036309242248535,
      0.018316268920898438,
      0.019778013229370117
    ],
    "test_pearson_r": [
      0.5931980684848723,
      0.3475489659660645,
      0.4976892646174519,
      0.4698737465459863,
      0.45415285892007723
    ],
    "test_spearman_r": [
      0.6060218219948449,
      0.2932883727875066,
      0.49704834038163825,
      0.46904153940491167,
      0.4382077890368849
    ],
    "test_rmse": [
      -0.5109934683467688,
      -0.578219136815948,
      -0.5480057118731887,
      -0.5332626195997793,
      -0.6160569665168149
    ],
    "test_mae": [
      -0.4079987055404202,
      -0.4269461483089489,
      -0.4427612895616383,
      -0.4374047343739301,
      -0.4753630508369425
    ],
    "test_r2": [
      0.32313322159694036,
      0.04897571521019739,
      0.23483910008116837,
      0.19728695486147962,
      0.19318860957617046
    ],
    "best_params": {
      "check_inverse": true,
      "func": null,
      "inverse_func": null,
      "regressor__bootstrap": true,
      "regressor__ccp_alpha": 0.0,
      "regressor__criterion": "squared_error",
      "regressor__max_depth": null,
      "regressor__max_features": null,
      "regressor__max_leaf_nodes": null,