{
  "6": {
    "fit_time": [
      2.860281229019165,
      2.9049105644226074,
      2.8972859382629395,
      2.783783197402954,
      2.804452657699585
    ],
    "score_time": [
      0.11664509773254395,
      0.12985491752624512,
      0.12160587310791016,
      0.11791348457336426,
      0.11414957046508789
    ],
    "test_pearson_r": [
      0.5586491680173491,
      0.48663741724152343,
      0.3492388764412368,
      0.5118809418509533,
      0.43826711203178464
    ],
    "test_spearman_r": [
      0.6649381364300166,
      0.4814496351193604,
      0.3405847782435342,
      0.5595548634674689,
      0.39147182700766686
    ],
    "test_rmse": [
      -0.5575225201043887,
      -0.5626263050863913,
      -0.6401303919115064,
      -0.5441320458256824,
      -0.5028757927021628
    ],
    "test_mae": [
      -0.45512196001901095,
      -0.4515818775205297,
      -0.5081464297978626,
      -0.4384399347044713,
      -0.37668195288607753
    ],
    "test_r2": [
      0.2878696563057911,
      0.20893646620922712,
      -0.0401392734505428,
      0.24606331035546458,
      0.17147460953381322
    ],
    "best_params": {
      "check_inverse": true,
      "func": null,
      "inverse_func": null,
      "regressor__bootstrap": true,
      "regressor__ccp_alpha": 0.0,
      "regressor__criterion": "squared_error",
      "regressor__max_depth": null,
      "regressor__max_features": null,
      "regressor__max_leaf_nodes": null,
      "regressor__max_samples": null,
      "regressor__min_impurity_decrease": 0.0,
      "regressor__min_samples_leaf": 0.001,
      "regressor__min_samples_split": 0.038739658156470645,
      "regressor__min_weight_fraction_leaf": 0.0,
      "regressor__monotonic_cst": null,
      "regressor__n_estimators": 2000,
      "regressor__n_jobs": null,
      "regressor__oob_score": false,
      "regressor__random_state": null,
      "regressor__verbose": 0,
      "regressor__warm_start": false,
      "transformer__memory": null,
      "transformer__verbose": false,
      "transformer__y scaler__copy": true,
      "transformer__y scaler__with_mean": true,
      "transformer__y scaler__with_std": true
    }
  },
  "13": {
    "fit_time": [
      0.6403758525848389,
      0.637047529220581,
      0.625452995300293,
      0.6357073783874512,
      0.6691617965698242
    ],
    "score_time": [
      0.03319859504699707,
      0.034670114517211914,
      0.036594390869140625,
      0.038872718811035156,
      0.03944230079650879
    ],
    "test_pearson_r": [
      0.3696289437115359,
      0.7016079440082555,
      0.3409892402873944,
      0.3292925081067301,
      0.46569479209469106
    ],
    "test_spearman_r": [
      0.2769051722070246,
      0.7329195187724539,
      0.389491031001467,
      0.4164813100474261,
      0.4299558149686082
    ],
    "test_rmse": [
      -0.5985150850121639,
      -0.47865738379725953,
      -0.5946724548711552,
      -0.6177947674372616,
      -0.5229434161919289
    ],
    "test_mae": [
      -0.5076009228791828,
      -0.3872387080418194,
      -0.44849147210598933,
      -0.47527464445957174,
      -0.4321407894440727
    ],
    "test_r2": [
      0.08938401970595766,
      0.4580244610597879,
      0.09258935956717018,
      0.07934387526061926,
      0.14584993030554305
    ],
    "best_params": {
      "check_inverse": true,
      "func": null,
      "inverse_func": null,
      "regressor__bootstrap": true,
      "regressor__ccp_alpha": 0.0,
      "regressor__criterion": "squared_error",
      "regressor__max_depth": null,
      "regressor__max_features": null,
      "regressor__max_leaf_nodes": null,
      "regressor__max_samples": null,
      "regressor__min_impurity_decrease": 0.0,
      "regressor__min_samples_leaf": 0.001,
      "regressor__min_samples_split": 0.001,
      "regressor__min_weight_fraction_leaf": 0.0,
      "regressor__monotonic_cst": null,
      "regressor__n_estimators": 417,
      "regressor__n_jobs": null,
      "regressor__oob_score": false,
      "regressor__random_state": null,
      "regressor__verbose": 0,
      "regressor__warm_start": false,
      "transformer__memory": null,
      "transformer__verbose": false,
      "transformer__y scaler__copy": true,
      "transformer__y scaler__with_mean": true,
      "transformer__y scaler__with_std": true
    }
  },
  "42": {
    "fit_time": [
      2.5553674697875977,
      2.5388054847717285,
      2.517749786376953,
      2.567526340484619,
      2.6810359954833984
    ],
    "score_time": [
      0.10706782341003418,
      0.11230945587158203,
      0.11489677429199219,
      0.11283683776855469,
      0.12317514419555664
    ],
    "test_pearson_r": [
      0.42400745415210506,
      0.21918202580754229,
      0.5317143021740224,
      0.6172781376571231,
      0.4447112677090324
    ],
    "test_spearman_r": [
      0.39146559077052023,
      0.27007305073561705,
      0.5643850658223053,
      0.5838507648735122,
      0.4434488086597719
    ],
    "test_rmse": [
      -0.603915843570399,
      -0.6708291665851417,
      -0.4220799812011684,
      -0.5232477124321558,
      -0.5977726358959575
    ],
    "test_mae": [
      -0.5170169801715699,
      -0.5003141407118247,
      -0.3621923474367419,
      -0.45003884773945857,
      -0.5061377653823094
    ],
    "test_r2": [
      0.17838460750320373,
      -0.044399669326333324,
      0.2822527874709784,
      0.3355077865148871,
      0.14278068479634942
    ],
    "best_params": {
      "check_inverse": true,
      "func": null,
      "inverse_func": null,
      "regressor__bootstrap": true,
      "regressor__ccp_alpha": 0.0,
      "regressor__criterion": "squared_error",
      "regressor__max_depth": null,
      "regressor__max_features": null,
      "regressor__max_leaf_nodes": null,
      "regressor__max_samples": null,
      "regressor__min_impurity_decrease": 0.0,
      "regressor__min_samples_leaf": 0.04744074545157282,
      "regressor__min_samples_split": 0.05684750153314114,
      "regressor__min_weight_fraction_leaf": 0.0,
      "regressor__monotonic_cst": null,
      "regressor__n_estimators": 2000,
      "regressor__n_jobs": null,
      "regressor__oob_score": false,
      "regressor__random_state": null,
      "regressor__verbose": 0,
      "regressor__warm_start": false,
      "transformer__memory": null,
      "transformer__verbose": false,
      "transformer__y scaler__copy": true,
      "transformer__y scaler__with_mean": true,
      "transformer__y scaler__with_std": true
    }
  },
  "69": {
    "fit_time": [
      0.03116321563720703,
      0.03064441680908203,
      0.030913829803466797,
      0.030910968780517578,
      0.032381296157836914
    ],
    "score_time": [
      0.013452529907226562,
      0.013457298278808594,
      0.014372825622558594,
      0.01328897476196289,
      0.01453542709350586
    ],
    "test_pearson_r": [
      0.5934765052792437,
      0.37121138732419495,
      0.48430688144019834,
      0.4492957567149538,
      0.4232317059112894
    ],
    "test_spearman_r": [
      0.5855644936070893,
      0.34643740833723363,
      0.48639942595015695,
      0.4459486300144387,
      0.4013558671756525
    ],
    "test_rmse": [
      -0.5074056873527866,
      -0.5669105185601625,
      -0.5514767249115966,
      -0.5411990053532271,
      -0.6287614394811243
    ],
    "test_mae": [
      -0.41211254449544643,
      -0.4280437232552414,
      -0.451611205178365,
      -0.454348542997649,
      -0.4858716232443799
    ],
    "test_r2": [
      0.33260467128173965,
      0.08581158172196335,
      0.22511549884244741,
      0.17321608886244588,
      0.15956897958637195
    ],
    "best_params": {
      "check_inverse": true,
      "func": null,
      "inverse_func": null,
      "regressor__bootstrap": true,
      "regressor__ccp_alpha": 0.0,
      "regressor__criterion": "squared_error",
      "regressor__max_depth": null,
      "regressor__max_features": null,
      "regressor__max_leaf_nodes": null,