{
  "6": {
    "fit_time": [
      0.1316394805908203,
      0.13066911697387695,
      0.1335740089416504,
      0.13534903526306152,
      0.12878894805908203
    ],
    "score_time": [
      0.04741692543029785,
      0.04463553428649902,
      0.04264187812805176,
      0.035330772399902344,
      0.038230180740356445
    ],
    "test_r": [
      0.19329527168398386,
      0.39180043738161,
      0.5154488017821174,
      0.4562243133192837,
      0.5156518509074658
    ],
    "test_r2": [
      0.0005547297545370755,
      0.11943605434471993,
      -0.08435863576694191,
      0.10192167156881715,
      0.17917282662010803
    ],
    "test_rmse": [
      -165.01543210284171,
      -112.31904246946296,
      -64.15838855593174,
      -130.56937147463003,
      -63.047092156658096
    ],
    "test_mae": [
      -74.98145678812907,
      -58.07065232247073,
      -52.980158885874204,
      -68.65074876322427,
      -52.895975937310745
    ],
    "best_params": {
      "check_inverse": true,
      "func": null,
      "inverse_func": null,
      "regressor__bootstrap": true,
      "regressor__ccp_alpha": 0.0,
      "regressor__criterion": "squared_error",
      "regressor__max_depth": null,
      "regressor__max_features": "sqrt",
      "regressor__max_leaf_nodes": null,
      "regressor__max_samples": null,
      "regressor__min_impurity_decrease": 0.0,
      "regressor__min_samples_leaf": 0.05058970952715951,
      "regressor__min_samples_split": 0.05010800616254286,
      "regressor__min_weight_fraction_leaf": 0.0,
      "regressor__monotonic_cst": null,
      "regressor__n_estimators": 93,
      "regressor__n_jobs": null,
      "regressor__oob_score": false,
      "regressor__random_state": null,
      "regressor__verbose": 0,
      "regressor__warm_start": false,
      "transformer__memory": null,
      "transformer__verbose": false,
      "transformer__y scaler__copy": true,
      "transformer__y scaler__with_mean": true,
      "transformer__y scaler__with_std": true
    }
  },
  "13": {
    "fit_time": [
      0.13032007217407227,
      0.1268138885498047,
      0.12645816802978516,
      0.12815165519714355,
      0.12905001640319824
    ],
    "score_time": [
      0.04510498046875,
      0.04542660713195801,
      0.042848825454711914,
      0.03849196434020996,
      0.03767275810241699
    ],
    "test_r": [
      0.4757422671350904,
      0.4763592199718337,
      0.12699144036493473,
      0.28558705190488864,
      0.5851413362787352
    ],
    "test_r2": [
      -0.28121747835613853,
      0.0774216402786454,
      0.010464776591176284,
      0.07949365690151644,
      0.2553982520710245
    ],
    "test_rmse": [
      -56.60348865766509,
      -141.06942591690785,
      -156.48131050681894,
      -117.6864915397854,
      -66.31763328266503
    ],
    "test_mae": [
      -49.867323662542965,
      -77.54816131324296,
      -66.47242879918683,
      -60.681375983788804,
      -53.65868390458552
    ],
    "best_params": {
      "check_inverse": true,
      "func": null,
      "inverse_func": null,
      "regressor__bootstrap": true,
      "regressor__ccp_alpha": 0.0,
      "regressor__criterion": "squared_error",
      "regressor__max_depth": null,
      "regressor__max_features": "sqrt",
      "regressor__max_leaf_nodes": null,
      "regressor__max_samples": null,
      "regressor__min_impurity_decrease": 0.0,
      "regressor__min_samples_leaf": 0.050620677847642764,
      "regressor__min_samples_split": 0.05,
      "regressor__min_weight_fraction_leaf": 0.0,
      "regressor__monotonic_cst": null,
      "regressor__n_estimators": 67,
      "regressor__n_jobs": null,
      "regressor__oob_score": false,
      "regressor__random_state": null,
      "regressor__verbose": 0,
      "regressor__warm_start": false,
      "transformer__memory": null,
      "transformer__verbose": false,
      "transformer__y scaler__copy": true,
      "transformer__y scaler__with_mean": true,
      "transformer__y scaler__with_std": true
    }
  },
  "42": {
    "fit_time": [
      2.302419424057007,
      1.9924516677856445,
      2.2940993309020996,
      2.3623228073120117,
      2.3028957843780518
    ],
    "score_time": [
      0.10867905616760254,
      0.12238025665283203,
      0.10736632347106934,
      0.11216473579406738,
      0.10559487342834473
    ],
    "test_r": [
      0.3407140705908083,
      0.5162724843857648,
      0.1350155284246772,
      0.4228067495034502,
      0.5523495065739654
    ],
    "test_r2": [
      0.0862087703531309,
      0.17712355314647454,
      0.01565086598956067,
      0.11052879430742524,
      0.16832007543561012
    ],
    "test_rmse": [
      -114.9122630113823,
      -67.40852290421715,
      -170.72243450328858,
      -123.82234560087656,
      -57.882292759554744
    ],
    "test_mae": [
      -57.434518799311874,
      -56.60564528263437,
      -74.03781166220766,
      -71.3313969867716,
      -48.55800609737857
    ],
    "best_params": {
      "check_inverse": true,
      "func": null,
      "inverse_func": null,
      "regressor__bootstrap": true,
      "regressor__ccp_alpha": 0.0,
      "regressor__criterion": "squared_error",
      "regressor__max_depth": null,
      "regressor__max_features": "sqrt",
      "regressor__max_leaf_nodes": null,
      "regressor__max_samples": null,
      "regressor__min_impurity_decrease": 0.0,
      "regressor__min_samples_leaf": 0.05,
      "regressor__min_samples_split": 0.09930359706776909,
      "regressor__min_weight_fraction_leaf": 0.0,
      "regressor__monotonic_cst": null,
      "regressor__n_estimators": 2000,
      "regressor__n_jobs": null,
      "regressor__oob_score": false,
      "regressor__random_state": null,
      "regressor__verbose": 0,
      "regressor__warm_start": false,
      "transformer__memory": null,
      "transformer__verbose": false,
      "transformer__y scaler__copy": true,
      "transformer__y scaler__with_mean": true,
      "transformer__y scaler__with_std": true
    }
  },
  "69": {
    "fit_time": [
      2.2870843410491943,
      2.2856712341308594,
      2.2394447326660156,
      2.276468276977539,
      2.3039205074310303
    ],
    "score_time": [
      0.11745834350585938,
      0.1159060001373291,
      0.10952329635620117,
      0.11128354072570801,
      0.11178231239318848
    ],
    "test_r": [
      0.33986552572724144,
      0.16382001482778505,
      0.5369082654056005,
      0.5924509217002539,
      0.3493435312818463
    ],
    "test_r2": [
      0.08981738674879713,
      0.01967874088169097,
      0.03181181354454754,
      0.28801060180872895,
      0.09240132307525883
    ],
    "test_rmse": [
      -131.23821399838306,
      -155.17246773468264,
      -61.329335835193355,
      -57.1194289211992,
      -127.9140038609308
    ],
    "test_mae": [
      -67.5631415572244,
      -74.56825235317629,
      -52.83623605542501,
      -46.22202324554095,
      -65.38397886006975
    ],
    "best_params": {
      "check_inverse": true,
      "func": null,
      "inverse_func": null,
      "regressor__bootstrap": true,
      "regressor__ccp_alpha": 0.0,
      "regressor__criterion": "squared_error",
      "regressor__max_depth": null,
      "regressor__max_features": "sqrt",
      "regressor__max_leaf_nodes": null,
      "regressor__max_samples": null,
      "regressor__min_impurity_decrease": 0.0,
      "regressor__min_samples_leaf": 0.05,
      "regressor__min_samples_split": 0.1001821918073465,
      "regressor__min_weight_fraction_leaf": 0.0,
      "regressor__monotonic_cst": null,
      "regressor__n_estimators": 2000,
      "regressor__n_jobs": null,
      "regressor__oob_score": false,
      "regressor__random_state": null,
      "regressor__verbose": 0,
      "regressor__warm_start": false,
      "transformer__memory": null,
      "transformer__verbose": false,
      "transformer__y scaler__copy": true,
      "transformer__y scaler__with_mean": true,