{
  "6": {
    "fit_time": [
      0.23769354820251465,
      0.23953604698181152,
      0.2392895221710205,
      0.2410728931427002,
      0.24182987213134766
    ],
    "score_time": [
      0.08857154846191406,
      0.08553290367126465,
      0.0844120979309082,
      0.08131241798400879,
      0.07958769798278809
    ],
    "test_r": [
      0.17710145261469573,
      0.36143819614774336,
      0.5135921623846355,
      0.44046046392363464,
      0.5168123706448353
    ],
    "test_r2": [
      -0.010661635499863209,
      0.09123718304263806,
      -0.1458715559073469,
      0.07561281183181645,
      0.16145964238045196
    ],
    "test_rmse": [
      -165.93879902025034,
      -114.1033032336064,
      -65.95305931534301,
      -132.46805633349297,
      -63.72372914145778
    ],
    "test_mae": [
      -76.64084666910951,
      -56.9170733580542,
      -56.706903857487106,
      -72.17101639843978,
      -53.49818812128654
    ],
    "best_params": {
      "check_inverse": true,
      "func": null,
      "inverse_func": null,
      "regressor__bootstrap": true,
      "regressor__ccp_alpha": 0.0,
      "regressor__criterion": "squared_error",
      "regressor__max_depth": null,
      "regressor__max_features": "sqrt",
      "regressor__max_leaf_nodes": null,
      "regressor__max_samples": null,
      "regressor__min_impurity_decrease": 0.0,
      "regressor__min_samples_leaf": 0.05058970952715951,
      "regressor__min_samples_split": 0.05010800616254286,
      "regressor__min_weight_fraction_leaf": 0.0,
      "regressor__monotonic_cst": null,
      "regressor__n_estimators": 93,
      "regressor__n_jobs": null,
      "regressor__oob_score": false,
      "regressor__random_state": null,
      "regressor__verbose": 0,
      "regressor__warm_start": false,
      "transformer__memory": null,
      "transformer__verbose": false,
      "transformer__y scaler__copy": true,
      "transformer__y scaler__with_mean": true,
      "transformer__y scaler__with_std": true
    }
  },
  "13": {
    "fit_time": [
      0.18829727172851562,
      0.1884305477142334,
      0.18819165229797363,
      0.1900496482849121,
      0.19362998008728027
    ],
    "score_time": [
      0.07884550094604492,
      0.07740545272827148,
      0.07638120651245117,
      0.07399582862854004,
      0.07578659057617188
    ],
    "test_r": [
      0.5484030849670748,
      0.43328390447482673,
      0.1007572193858253,
      0.2782557944952708,
      0.6854372811176634
    ],
    "test_r2": [
      -0.2391865460520457,
      0.039635193184558104,
      0.004168250816471986,
      0.06744674771188996,
      0.26117738153409986
    ],
    "test_rmse": [
      -55.667294743502325,
      -143.92935713142768,
      -156.97837527648704,
      -118.45408534825839,
      -66.0597741374418
    ],
    "test_mae": [
      -49.753842339181226,
      -80.8739562907467,
      -66.4784934882342,
      -61.7405268303084,
      -54.089864607744914
    ],
    "best_params": {
      "check_inverse": true,
      "func": null,
      "inverse_func": null,
      "regressor__bootstrap": true,
      "regressor__ccp_alpha": 0.0,
      "regressor__criterion": "squared_error",
      "regressor__max_depth": null,
      "regressor__max_features": "sqrt",
      "regressor__max_leaf_nodes": null,
      "regressor__max_samples": null,
      "regressor__min_impurity_decrease": 0.0,
      "regressor__min_samples_leaf": 0.05,
      "regressor__min_samples_split": 0.05,
      "regressor__min_weight_fraction_leaf": 0.0,
      "regressor__monotonic_cst": null,
      "regressor__n_estimators": 50,
      "regressor__n_jobs": null,
      "regressor__oob_score": false,
      "regressor__random_state": null,
      "regressor__verbose": 0,
      "regressor__warm_start": false,
      "transformer__memory": null,
      "transformer__verbose": false,
      "transformer__y scaler__copy": true,
      "transformer__y scaler__with_mean": true,
      "transformer__y scaler__with_std": true
    }
  },
  "42": {
    "fit_time": [
      0.23564910888671875,
      0.23833680152893066,
      0.23821449279785156,
      0.2377002239227295,
      0.24280261993408203
    ],
    "score_time": [
      0.08548808097839355,
      0.08157896995544434,
      0.08045792579650879,
      0.08051276206970215,
      0.07641768455505371
    ],
    "test_r": [
      0.3701039946651264,
      0.5081156910991735,
      0.1226687217139668,
      0.39015237532910985,
      0.6045648574144535
    ],
    "test_r2": [
      0.08170596561400967,
      0.12766360317178282,
      0.013484640744128362,
      0.07172610558831305,
      0.19247489925150463
    ],
    "test_rmse": [
      -115.1950363689307,
      -69.40479749668397,
      -170.91018293211008,
      -126.49435604987922,
      -57.035549705024124
    ],
    "test_mae": [
      -58.12770388704656,
      -57.06125119983245,
      -77.40185970574159,
      -73.72711284527026,
      -48.58165530043995
    ],
    "best_params": {
      "check_inverse": true,
      "func": null,
      "inverse_func": null,
      "regressor__bootstrap": true,
      "regressor__ccp_alpha": 0.0,
      "regressor__criterion": "squared_error",
      "regressor__max_depth": null,
      "regressor__max_features": "sqrt",
      "regressor__max_leaf_nodes": null,
      "regressor__max_samples": null,
      "regressor__min_impurity_decrease": 0.0,
      "regressor__min_samples_leaf": 0.051205555303130965,
      "regressor__min_samples_split": 0.054716484092241384,
      "regressor__min_weight_fraction_leaf": 0.0,
      "regressor__monotonic_cst": null,
      "regressor__n_estimators": 91,
      "regressor__n_jobs": null,
      "regressor__oob_score": false,
      "regressor__random_state": null,
      "regressor__verbose": 0,
      "regressor__warm_start": false,
      "transformer__memory": null,
      "transformer__verbose": false,
      "transformer__y scaler__copy": true,
      "transformer__y scaler__with_mean": true,
      "transformer__y scaler__with_std": true
    }
  },
  "69": {
    "fit_time": [
      1.7381093502044678,
      1.757246494293213,
      1.7619566917419434,
      1.7680556774139404,
      1.817077398300171
    ],
    "score_time": [
      0.1403968334197998,
      0.13613128662109375,
      0.13843107223510742,
      0.13819479942321777,
      0.137908935546875
    ],
    "test_r": [
      0.38788002995615906,
      0.14607088748559172,
      0.5500106690123177,
      0.6551205623771436,
      0.32111057378493163
    ],
    "test_r2": [
      0.08314337148986561,
      0.010426761715994104,
      0.010302326726218891,
      0.24327661674304812,
      0.06434140602242422
    ],
    "test_rmse": [
      -131.71849458019008,
      -155.90298387983123,
      -62.0068467411932,
      -58.88649026110874,
      -129.8762891803778
    ],
    "test_mae": [
      -68.31306666709358,
      -76.21342713579068,
      -53.22281604623986,
      -47.70342880497532,
      -69.12887784639798
    ],
    "best_params": {
      "check_inverse": true,
      "func": null,
      "inverse_func": null,
      "regressor__bootstrap": true,
      "regressor__ccp_alpha": 0.0,
      "regressor__criterion": "squared_error",
      "regressor__max_depth": null,
      "regressor__max_features": "sqrt",
      "regressor__max_leaf_nodes": null,
      "regressor__max_samples": null,
      "regressor__min_impurity_decrease": 0.0,
      "regressor__min_samples_leaf": 0.0506073815406447,
      "regressor__min_samples_split": 0.10325507884554447,
      "regressor__min_weight_fraction_leaf": 0.0,
      "regressor__monotonic_cst": null,
      "regressor__n_estimators": 1361,
      "regressor__n_jobs": null,
      "regressor__oob_score": false,
      "regressor__random_state": null,
      "regressor__verbose": 0,
      "regressor__warm_start": false,
      "transformer__memory": null,
      "transformer__verbose": false,
      "transformer__y scaler__copy": true,
      "transformer__y scaler__with_mean": true,