{
  "6": {
    "fit_time": [
      0.8597147464752197,
      0.910609245300293,
      0.9356143474578857,
      0.8587827682495117,
      0.9205896854400635
    ],
    "score_time": [
      0.09719443321228027,
      0.06982612609863281,
      0.07012581825256348,
      0.09733700752258301,
      0.07008671760559082
    ],
    "test_r": [
      0.9759242170338298,
      0.9503850005966542,
      0.852221367523506,
      0.9612770811992992,
      0.8452561401129355
    ],
    "test_r2": [
      0.9477231197830375,
      0.8999461654483717,
      0.6980313834346659,
      0.9223253823613742,
      0.7115784179336662
    ],
    "test_rmse": [
      -37.73982511568623,
      -37.8608021856176,
      -33.85695379109325,
      -38.399340658179376,
      -37.372579609071884
    ],
    "test_mae": [
      -21.56636159788682,
      -21.76465294523611,
      -15.589771211436286,
      -21.344861602137698,
      -23.38024920240202
    ],
    "best_params": {
      "check_inverse": true,
      "func": null,
      "inverse_func": null,
      "regressor__natural_gradient": true,
      "regressor__n_estimators": 51,
      "regressor__learning_rate": 0.09576245410325862,
      "regressor__minibatch_frac": 1,
      "regressor__col_sample": 1.0,
      "regressor__verbose": false,
      "transformer__memory": null,
      "transformer__verbose": false,
      "transformer__y scaler__copy": true,
      "transformer__y scaler__with_mean": true,
      "transformer__y scaler__with_std": true
    }
  },
  "13": {
    "fit_time": [
      1.5566883087158203,
      1.5511903762817383,
      1.56512451171875,
      1.649240255355835,
      1.774442195892334
    ],
    "score_time": [
      0.09408116340637207,
      0.09336090087890625,
      0.0903632640838623,
      0.10101175308227539,
      0.09587550163269043
    ],
    "test_r": [
      0.6818787541332256,
      0.9557146746184934,
      0.9797497686660285,
      0.9613740920972448,
      0.899900929870814
    ],
    "test_r2": [
      0.16115542094730606,
      0.9055773878903673,
      0.956958520273847,
      0.9189520278002477,
      0.7849642341629647
    ],
    "test_rmse": [
      -45.80074293979967,
      -45.13040932935517,
      -32.63551289713951,
      -34.920809281269555,
      -35.638740159508224
    ],
    "test_mae": [
      -22.991500856943546,
      -24.845897370771393,
      -19.05086656609414,
      -20.22086783144583,
      -22.474087232672062
    ],
    "best_params": {
      "check_inverse": true,
      "func": null,
      "inverse_func": null,
      "regressor__natural_gradient": true,
      "regressor__n_estimators": 98,
      "regressor__learning_rate": 0.09932373206995392,
      "regressor__minibatch_frac": 1,
      "regressor__col_sample": 1.0,
      "regressor__verbose": false,
      "transformer__memory": null,
      "transformer__verbose": false,
      "transformer__y scaler__copy": true,
      "transformer__y scaler__with_mean": true,
      "transformer__y scaler__with_std": true
    }
  },
  "42": {
    "fit_time": [
      43.42537999153137,
      39.76354217529297,
      37.91576433181763,
      36.290581941604614,
      44.31648874282837
    ],
    "score_time": [
      1.0971977710723877,
      1.0763399600982666,
      1.081120252609253,
      1.0912010669708252,
      1.1100897789001465
    ],
    "test_r": [
      0.957867370467586,
      0.8481943641342581,
      0.9725465614097747,
      0.9675368901485423,
      0.8849280252736493
    ],
    "test_r2": [
      0.9157497015304811,
      0.6957115283320292,
      0.9376082510068572,
      0.9346382402690836,
      0.7583925164048676
    ],
    "test_rmse": [
      -34.89222053618526,
      -40.99116338104405,
      -42.98130460781806,
      -33.565641213882294,
      -31.1977165070475
    ],
    "test_mae": [
      -20.398105147725587,
      -22.682782379222107,
      -24.498805212838985,
      -18.201124789309738,
      -17.717932360521598
    ],
    "best_params": {
      "check_inverse": true,
      "func": null,
      "inverse_func": null,
      "regressor__natural_gradient": true,
      "regressor__n_estimators": 2000,
      "regressor__learning_rate": 0.030752114585051823,
      "regressor__minibatch_frac": 1,
      "regressor__col_sample": 1.0,
      "regressor__verbose": false,
      "transformer__memory": null,
      "transformer__verbose": false,
      "transformer__y scaler__copy": true,
      "transformer__y scaler__with_mean": true,
      "transformer__y scaler__with_std": true
    }
  },
  "69": {
    "fit_time": [
      26.336986780166626,
      23.06098484992981,
      23.975083112716675,
      28.007283449172974,
      28.064070224761963
    ],
    "score_time": [
      0.7159976959228516,
      0.6904988288879395,
      0.69769287109375,
      0.7202968597412109,
      0.7028951644897461
    ],
    "test_r": [
      0.9789226336672187,
      0.8709505595091603,
      0.7235986964053199,
      0.8549867767985814,
      0.9753596461996702
    ],
    "test_r2": [
      0.9440757160655063,
      0.6570466106848821,
      0.3046405578641861,
      0.7236652820917768,
      0.9495313099773105
    ],
    "test_rmse": [
      -32.530913580055184,
      -91.77999000552552,
      -51.974826712235576,
      -35.58482375794054,
      -30.163531183112582
    ],
    "test_mae": [
      -17.278517524704494,
      -36.61587465935144,
      -25.925057239134,
      -19.86943521793712,
      -18.568109492671066
    ],
    "best_params": {
      "check_inverse": true,
      "func": null,
      "inverse_func": null,
      "regressor__natural_gradient": true,
      "regressor__n_estimators": 1251,
      "regressor__learning_rate": 0.06653287202212751,
      "regressor__minibatch_frac": 1,
      "regressor__col_sample": 1.0,
      "regressor__verbose": false,
      "transformer__memory": null,
      "transformer__verbose": false,
      "transformer__y scaler__copy": true,
      "transformer__y scaler__with_mean": true,
      "transformer__y scaler__with_std": true
    }
  },
  "420": {
    "fit_time": [
      10.962854146957397,
      11.974175453186035,
      8.999385595321655,
      9.66065764427185,
      9.690030336380005
    ],
    "score_time": [
      0.3342409133911133,
      0.3284916877746582,
      0.35707855224609375,
      0.3646223545074463,
      0.3598191738128662
    ],
    "test_r": [
      0.9212818356954955,
      0.974315260615388,
      0.9454206859401992,
      0.8611568878919613,
      0.9781909187797181
    ],
    "test_r2": [
      0.8225991586613198,
      0.9453777985981154,
      0.8900441927871466,
      0.7414556029435801,
      0.9551980067867234
    ],
    "test_rmse": [
      -28.791412734855243,
      -37.331026072226415,
      -45.694414884363525,
      -38.218383825172594,
      -26.75618790728069
    ],
    "test_mae": [
      -15.590259904346443,
      -21.344359740120787,
      -24.26529118732057,
      -23.037233405180416,
      -14.602159632637125
    ],
    "best_params": {
      "check_inverse": true,
      "func": null,
      "inverse_func": null,
      "regressor__natural_gradient": true,
      "regressor__n_estimators": 607,
      "regressor__learning_rate": 0.060000394444955835,
      "regressor__minibatch_frac": 1,
      "regressor__col_sample": 1.0,
      "regressor__verbose": false,
      "transformer__memory": null,
      "transformer__verbose": false,
      "transformer__y scaler__copy": true,
      "transformer__y scaler__with_mean": true,
      "transformer__y scaler__with_std": true
    }
  },
  "1234567890": {
    "fit_time": [
      5.765201807022095,
      5.854108810424805,
      5.627265453338623,
      5.910654306411743,
      5.850248575210571
    ],
    "score_time": [
      0.23356914520263672,
      0.2383716106414795,
      0.24192023277282715,
      0.23329663276672363,
      0.2310647964477539
    ],
    "test_r": [
      0.8857764951804314,
      0.9584659420618662,
      0.9476289412800368,
      0.9622095188735544,
      0.9400672179011671
    ],