{
  "6": {
    "fit_time": [
      0.10760641098022461,
      0.1968519687652588,
      0.17609691619873047,
      0.16457176208496094,
      0.18304753303527832
    ],
    "score_time": [
      0.0608370304107666,
      0.04933905601501465,
      0.0507049560546875,
      0.05745959281921387,
      0.04887032508850098
    ],
    "test_r": [
      -0.0748954100622993,
      -0.06044671667752762,
      0.08544279412123841,
      0.07644439003197011,
      0.02299914455182504
    ],
    "test_r2": [
      -6.094971071072657e+23,
      -4.7364089566330925e+24,
      -2.4197600607955295e+26,
      -1.1273291026396366e+25,
      -3.377237330494191e+23
    ],
    "test_rmse": [
      -128863783042984.52,
      -260493888998760.2,
      -958413954128621.1,
      -462604192755968.94,
      -40440823340349.87
    ],
    "test_mae": [
      -17870191435144.566,
      -48079293824151.375,
      -134204797222164.38,
      -64777543790508.766,
      -5662847950567.843
    ],
    "best_params": {
      "check_inverse": true,
      "func": null,
      "inverse_func": null,
      "regressor__copy_X": true,
      "regressor__fit_intercept": false,
      "regressor__n_jobs": null,
      "regressor__positive": false,
      "transformer__memory": null,
      "transformer__verbose": false,
      "transformer__y scaler__copy": true,
      "transformer__y scaler__with_mean": true,
      "transformer__y scaler__with_std": true
    }
  },
  "13": {
    "fit_time": [
      0.11106085777282715,
      0.11053276062011719,
      0.11581254005432129,
      0.11207699775695801,
      0.10840439796447754
    ],
    "score_time": [
      0.053269386291503906,
      0.05411338806152344,
      0.05539131164550781,
      0.051645755767822266,
      0.0508270263671875
    ],
    "test_r": [
      0.033423274557936644,
      -0.0899086582786573,
      0.2963180761255401,
      0.07474302088667062,
      -0.04644474492809817
    ],
    "test_r2": [
      -3.8152363313614537e+24,
      -2.3802496873619727e+24,
      0.05357287459771454,
      -1.6955127133562297e+23,
      -1.7404840318972486e+26
    ],
    "test_rmse": [
      -97677040880543.6,
      -226590931956596.6,
      -153.03488276489261,
      -50508415958735.016,
      -1013916089534012.9
    ],
    "test_mae": [
      -13545368436037.379,
      -31422508604879.086,
      -65.38882275844624,
      -7072592894345.8955,
      -251849022889800.72
    ],
    "best_params": {
      "check_inverse": true,
      "func": null,
      "inverse_func": null,
      "regressor__copy_X": true,
      "regressor__fit_intercept": false,
      "regressor__n_jobs": null,
      "regressor__positive": false,
      "transformer__memory": null,
      "transformer__verbose": false,
      "transformer__y scaler__copy": true,
      "transformer__y scaler__with_mean": true,
      "transformer__y scaler__with_std": true
    }
  },
  "42": {
    "fit_time": [
      0.1103663444519043,
      0.11626482009887695,
      0.10606026649475098,
      0.10991382598876953,
      0.1265869140625
    ],
    "score_time": [
      0.05823373794555664,
      0.05213212966918945,
      0.05592226982116699,
      0.049863576889038086,
      0.04696035385131836
    ],
    "test_r": [
      0.1862059698371672,
      0.2924895090351485,
      -0.03206494039598231,
      0.3880870753763616,
      -0.08221647004393319
    ],
    "test_r2": [
      -0.6852731069679219,
      -0.8755111161861806,
      -6.387134846648872e+24,
      -0.03657319711303386,
      -3.2431581431322246e+25
    ],
    "test_rmse": [
      -156.0551228771862,
      -101.76708062128543,
      -434879620416363.06,
      -133.66972896888868,
      -361452871635966.94
    ],
    "test_mae": [
      -107.13581478655365,
      -75.81434065377516,
      -80683915339227.8,
      -77.55461304281431,
      -67451122461385.69
    ],
    "best_params": {
      "check_inverse": true,
      "func": null,
      "inverse_func": null,
      "regressor__copy_X": true,
      "regressor__fit_intercept": false,
      "regressor__n_jobs": null,
      "regressor__positive": false,
      "transformer__memory": null,
      "transformer__verbose": false,
      "transformer__y scaler__copy": true,
      "transformer__y scaler__with_mean": true,
      "transformer__y scaler__with_std": true
    }
  },
  "69": {
    "fit_time": [
      0.10639095306396484,
      0.10682868957519531,
      0.10341167449951172,
      0.17771601676940918,
      0.17441296577453613
    ],
    "score_time": [
      0.05518603324890137,
      0.04639148712158203,
      0.04888319969177246,
      0.04579305648803711,
      0.04451799392700195
    ],
    "test_r": [
      0.20442162950326298,
      0.06693979107726136,
      0.2831755043899582,
      -0.05415396826720557,
      -0.014045831646552457
    ],
    "test_r2": [
      -0.19163106982203093,
      -1.2516772767477743e+25,
      -2.6258005573700953,
      -5.742404520243007e+26,
      -5.698416094518622e+25
    ],
    "test_rmse": [
      -150.16438889275327,
      -554468196203021.94,
      -118.68349517923622,
      -1622161107705645.2,
      -1013557157802345.4
    ],
    "test_mae": [
      -103.30600224289452,
      -123011934940911.06,
      -84.22490483597197,
      -408939456993078.9,
      -141926390209547.8
    ],
    "best_params": {
      "check_inverse": true,
      "func": null,
      "inverse_func": null,
      "regressor__copy_X": true,
      "regressor__fit_intercept": false,
      "regressor__n_jobs": null,
      "regressor__positive": false,
      "transformer__memory": null,
      "transformer__verbose": false,
      "transformer__y scaler__copy": true,
      "transformer__y scaler__with_mean": true,
      "transformer__y scaler__with_std": true
    }
  },
  "420": {
    "fit_time": [
      0.0993340015411377,
      0.0991508960723877,
      0.17923498153686523,
      0.1719532012939453,
      0.1723623275756836
    ],
    "score_time": [
      0.05590081214904785,
      0.04290962219238281,
      0.04199695587158203,
      0.047087669372558594,
      0.04253220558166504
    ],
    "test_r": [
      -0.08898986554157114,
      -0.05347391339229082,
      0.07473339601107108,
      -0.11173919450108613,
      0.33163535031460956
    ],
    "test_r2": [
      -2.4184324415874653e+25,
      -3.5284274590674785e+23,
      -1.374356751353916e+24,
      -2.2374254184588493,
      -0.10943068668114009
    ],
    "test_rmse": [
      -336164708238072.5,
      -94880272644543.72,
      -161548814398215.78,
      -135.2398369653226,
      -133.14524356651168
    ],
    "test_mae": [
      -46617657406025.32,
      -18596219426665.914,
      -28893323321582.965,
      -98.6897477028715,
      -76.99858117695784
    ],
    "best_params": {
      "check_inverse": true,
      "func": null,
      "inverse_func": null,
      "regressor__copy_X": true,
      "regressor__fit_intercept": false,
      "regressor__n_jobs": null,
      "regressor__positive": false,
      "transformer__memory": null,
      "transformer__verbose": false,
      "transformer__y scaler__copy": true,
      "transformer__y scaler__with_mean": true,
      "transformer__y scaler__with_std": true
    }
  },
  "1234567890": {
    "fit_time": [
      0.10857248306274414,
      0.18035006523132324,
      0.10688042640686035,
      0.1056053638458252,
      0.1755213737487793
    ],
    "score_time": [
      0.06499338150024414,
      0.04438066482543945,
      0.04994058609008789,
      0.049573659896850586,
      0.04550457000732422
    ],
    "test_r": [
      0.06195611320136773,
      0.38604408266457724,
      0.007748241814800097,
      0.4236573719701875,
      -0.07028633596306398
    ],
    "test_r2": [
      -1.49561520705264e+26,
      -0.08089996704877422,
      -1.8629211509588984e+25,
      0.13713836650105804,
      -6.419112402353354e+24
    ],
    "test_rmse": [
      -820991082714513.5,
      -130.38345598699638,
      -536159240029305.06,
      -127.28734152618934,
      -332307462368878.5
    ],