{
  "6": {
    "fit_time": [
      16.49489736557007,
      18.218077182769775,
      17.022535800933838,
      18.341747045516968,
      18.07191753387451
    ],
    "score_time": [
      0.6106774806976318,
      0.5849120616912842,
      0.6076428890228271,
      0.6192750930786133,
      0.6071515083312988
    ],
    "test_r": [
      0.9920978746817337,
      0.9904200445378053,
      0.9047548417605087,
      0.9785571550263464,
      0.9200422770024401
    ],
    "test_r2": [
      0.9696103425235482,
      0.9802444321941352,
      0.8068889218320451,
      0.9562980290760051,
      0.8447853205402236
    ],
    "test_rmse": [
      -28.774511206937138,
      -16.823552234536766,
      -27.075131239286712,
      -28.80280055486817,
      -27.416094884953687
    ],
    "test_mae": [
      -16.949285859541956,
      -12.338227989985272,
      -13.889801837705328,
      -16.68465577041921,
      -17.047478122172258
    ],
    "best_params": {
      "check_inverse": true,
      "func": null,
      "inverse_func": null,
      "regressor__natural_gradient": true,
      "regressor__n_estimators": 1031,
      "regressor__learning_rate": 0.011929003660726035,
      "regressor__minibatch_frac": 1,
      "regressor__col_sample": 1.0,
      "regressor__verbose": false,
      "transformer__memory": null,
      "transformer__verbose": false,
      "transformer__y scaler__copy": true,
      "transformer__y scaler__with_mean": true,
      "transformer__y scaler__with_std": true
    }
  },
  "13": {
    "fit_time": [
      43.16436004638672,
      43.59890651702881,
      42.50843381881714,
      43.046934604644775,
      41.0954270362854
    ],
    "score_time": [
      1.0915637016296387,
      1.1043922901153564,
      1.099517583847046,
      1.1462550163269043,
      1.0968043804168701
    ],
    "test_r": [
      0.8969992589922874,
      0.9861731406337816,
      0.9829135765160245,
      0.9800258760813738,
      0.9507419407047649
    ],
    "test_r2": [
      0.8003048701428428,
      0.9600054006310421,
      0.9653612716399391,
      0.9603301248589248,
      0.8963586076444297
    ],
    "test_rmse": [
      -22.34680855438774,
      -29.37189335227367,
      -29.277083790187923,
      -24.431134797348122,
      -24.741932207927263
    ],
    "test_mae": [
      -14.333643791665363,
      -17.62347147555691,
      -15.217379897997763,
      -14.006431337112428,
      -17.251370224077203
    ],
    "best_params": {
      "check_inverse": true,
      "func": null,
      "inverse_func": null,
      "regressor__natural_gradient": true,
      "regressor__n_estimators": 2000,
      "regressor__learning_rate": 0.026090304199340567,
      "regressor__minibatch_frac": 1,
      "regressor__col_sample": 1.0,
      "regressor__verbose": false,
      "transformer__memory": null,
      "transformer__verbose": false,
      "transformer__y scaler__copy": true,
      "transformer__y scaler__with_mean": true,
      "transformer__y scaler__with_std": true
    }
  },
  "42": {
    "fit_time": [
      32.93770909309387,
      32.08512783050537,
      31.389939546585083,
      33.90955972671509,
      32.35866618156433
    ],
    "score_time": [
      1.1338350772857666,
      1.136019229888916,
      1.1304068565368652,
      1.0837476253509521,
      1.0912294387817383
    ],
    "test_r": [
      0.9890579622464241,
      0.9250329053360273,
      0.9579432939004852,
      0.9854167122174589,
      0.9224506262073292
    ],
    "test_r2": [
      0.9781308319967407,
      0.8497261560937549,
      0.8884718935435064,
      0.9695481166138072,
      0.8487191496676665
    ],
    "test_rmse": [
      -17.777022217149163,
      -28.806413644086252,
      -57.46563072649585,
      -22.910794978506658,
      -24.686504196978166
    ],
    "test_mae": [
      -11.98269629249841,
      -17.25639181142045,
      -30.622594329378167,
      -14.547084331919494,
      -14.651809032952507
    ],
    "best_params": {
      "check_inverse": true,
      "func": null,
      "inverse_func": null,
      "regressor__natural_gradient": true,
      "regressor__n_estimators": 2000,
      "regressor__learning_rate": 0.007375241393508738,
      "regressor__minibatch_frac": 1,
      "regressor__col_sample": 1.0,
      "regressor__verbose": false,
      "transformer__memory": null,
      "transformer__verbose": false,
      "transformer__y scaler__copy": true,
      "transformer__y scaler__with_mean": true,
      "transformer__y scaler__with_std": true
    }
  },
  "69": {
    "fit_time": [
      8.952223062515259,
      9.330860376358032,
      9.86113715171814,
      9.924174070358276,
      9.88360047340393
    ],
    "score_time": [
      0.2886321544647217,
      0.2858717441558838,
      0.2886631488800049,
      0.29197216033935547,
      0.2787816524505615
    ],
    "test_r": [
      0.989830006614562,
      0.9418510981949724,
      0.8072743550201907,
      0.966832936250212,
      0.9881378677795832
    ],
    "test_r2": [
      0.972651083179086,
      0.8677398125629042,
      0.5360398297189538,
      0.9316881320634716,
      0.9721849104592627
    ],
    "test_rmse": [
      -22.749198967479114,
      -56.99608472416229,
      -42.45498790635062,
      -17.69274318963229,
      -22.39295447605133
    ],
    "test_mae": [
      -13.258556715868643,
      -27.679397328207184,
      -22.82967474539653,
      -10.770934387547616,
      -16.020381545304012
    ],
    "best_params": {
      "check_inverse": true,
      "func": null,
      "inverse_func": null,
      "regressor__natural_gradient": true,
      "regressor__n_estimators": 459,
      "regressor__learning_rate": 0.0746244954360652,
      "regressor__minibatch_frac": 1,
      "regressor__col_sample": 1.0,
      "regressor__verbose": false,
      "transformer__memory": null,
      "transformer__verbose": false,
      "transformer__y scaler__copy": true,
      "transformer__y scaler__with_mean": true,
      "transformer__y scaler__with_std": true
    }
  },
  "420": {
    "fit_time": [
      44.57220482826233,
      41.912593364715576,
      43.60285949707031,
      45.19617938995361,
      44.32640337944031
    ],
    "score_time": [
      1.0660455226898193,
      1.1205189228057861,
      1.1016159057617188,
      1.124298095703125,
      1.1096241474151611
    ],
    "test_r": [
      0.940031446103282,
      0.9885226861230472,
      0.9825943621210568,
      0.931742080784975,
      0.9786814253088097
    ],
    "test_r2": [
      0.87917199288611,
      0.9718486176988641,
      0.9604980947907673,
      0.8636411569326978,
      0.9544159648546473
    ],
    "test_rmse": [
      -23.761231413398928,
      -26.800024416921474,
      -27.388172607728407,
      -27.755330705748012,
      -26.98869918559153
    ],
    "test_mae": [
      -15.33533027056902,
      -16.620690132881585,
      -15.599385536988002,
      -14.459800684978381,
      -15.369285808067811
    ],
    "best_params": {
      "check_inverse": true,
      "func": null,
      "inverse_func": null,
      "regressor__natural_gradient": true,
      "regressor__n_estimators": 2000,
      "regressor__learning_rate": 0.06256669971513874,
      "regressor__minibatch_frac": 1,
      "regressor__col_sample": 1.0,
      "regressor__verbose": false,
      "transformer__memory": null,
      "transformer__verbose": false,
      "transformer__y scaler__copy": true,
      "transformer__y scaler__with_mean": true,
      "transformer__y scaler__with_std": true
    }
  },
  "1234567890": {
    "fit_time": [
      13.30608320236206,
      13.508928775787354,
      12.143708944320679,
      13.583076238632202,
      11.064848184585571
    ],
    "score_time": [
      0.36779332160949707,
      0.3624870777130127,
      0.3677647113800049,
      0.36893653869628906,
      0.3689589500427246
    ],
    "test_r": [
      0.9385499905807144,
      0.9874550656629796,
      0.9758054067223322,
      0.992785826034632,
      0.941665782613835
    ],