{
  "6": {
    "fit_time": [
      0.24264907836914062,
      0.22214770317077637,
      0.22641682624816895,
      0.2073359489440918,
      0.22480392456054688
    ],
    "score_time": [
      0.07827901840209961,
      0.07789754867553711,
      0.07670736312866211,
      0.09313535690307617,
      0.07674551010131836
    ],
    "test_r": [
      0.07489541006264798,
      -0.009231588468523077,
      0.08544279412365158,
      -0.07644439003180707,
      -0.02299914455031158
    ],
    "test_r2": [
      -2.5009795377342076e+23,
      -2.4120083850293944e+25,
      -5.442255877009874e+22,
      -1.9266893407053244e+25,
      -4.526402468771531e+23
    ],
    "test_rmse": [
      -82546777105460.81,
      -587844351221369.8,
      -14373298820600.14,
      -604769739652548.9,
      -46818315269241.32
    ],
    "test_mae": [
      -11447178364612.816,
      -111930262044250.14,
      -2012664408086.1335,
      -84684702185888.92,
      -6555875443977.628
    ],
    "best_params": {
      "check_inverse": true,
      "func": null,
      "inverse_func": null,
      "regressor__copy_X": true,
      "regressor__fit_intercept": false,
      "regressor__n_jobs": null,
      "regressor__positive": false,
      "transformer__memory": null,
      "transformer__verbose": false,
      "transformer__y scaler__copy": true,
      "transformer__y scaler__with_mean": true,
      "transformer__y scaler__with_std": true
    }
  },
  "13": {
    "fit_time": [
      0.3913748264312744,
      0.3995323181152344,
      0.3656175136566162,
      0.37293052673339844,
      0.21288061141967773
    ],
    "score_time": [
      0.07999277114868164,
      0.08064770698547363,
      0.07876300811767578,
      0.07842755317687988,
      0.08290863037109375
    ],
    "test_r": [
      0.033423274557783995,
      -0.08990865827762816,
      0.21116072590210921,
      -0.0747430208861452,
      0.13040296124260828
    ],
    "test_r2": [
      -1.5272021183863036e+26,
      -6.7932127433166084e+22,
      -0.17633125965254104,
      -1.9816700764841337e+25,
      -5.89165146530788e+24
    ],
    "test_rmse": [
      -617987983573907.4,
      -38279730809172.29,
      -170.6128213107962,
      -546045583591603.8,
      -186545817728916.66
    ],
    "test_mae": [
      -85699513938375.62,
      -5308443547914.685,
      -99.72220745438435,
      -76461675567583.39,
      -52639436260806.58
    ],
    "best_params": {
      "check_inverse": true,
      "func": null,
      "inverse_func": null,
      "regressor__copy_X": true,
      "regressor__fit_intercept": true,
      "regressor__n_jobs": null,
      "regressor__positive": false,
      "transformer__memory": null,
      "transformer__verbose": false,
      "transformer__y scaler__copy": true,
      "transformer__y scaler__with_mean": true,
      "transformer__y scaler__with_std": true
    }
  },
  "42": {
    "fit_time": [
      0.22171998023986816,
      0.22011590003967285,
      0.21092629432678223,
      0.36343932151794434,
      0.35929393768310547
    ],
    "score_time": [
      0.08469033241271973,
      0.08139634132385254,
      0.08530139923095703,
      0.07857751846313477,
      0.07972502708435059
    ],
    "test_r": [
      0.18007060508648828,
      0.33042732609509956,
      -0.013880275645462353,
      0.44287272637332814,
      -0.10195177498966343
    ],
    "test_r2": [
      -0.896976365648938,
      -0.9832107986127716,
      -7.420239830613452e+24,
      0.12452255625020359,
      -1.2388584064300744e+26
    ],
    "test_rmse": [
      -165.56702482487728,
      -104.64824131433083,
      -468732411300302.3,
      -122.84445574871218,
      -706445157278114.0
    ],
    "test_mae": [
      -113.29844269406416,
      -80.41680349730797,
      -102394559113163.33,
      -64.23940819850303,
      -127749020990887.88
    ],
    "best_params": {
      "check_inverse": true,
      "func": null,
      "inverse_func": null,
      "regressor__copy_X": true,
      "regressor__fit_intercept": false,
      "regressor__n_jobs": null,
      "regressor__positive": false,
      "transformer__memory": null,
      "transformer__verbose": false,
      "transformer__y scaler__copy": true,
      "transformer__y scaler__with_mean": true,
      "transformer__y scaler__with_std": true
    }
  },
  "69": {
    "fit_time": [
      0.27553248405456543,
      0.3844594955444336,
      0.2227938175201416,
      0.23060989379882812,
      0.3475527763366699
    ],
    "score_time": [
      0.0834498405456543,
      0.08328771591186523,
      0.10446691513061523,
      0.0962531566619873,
      0.08558177947998047
    ],
    "test_r": [
      0.20652939516386123,
      -0.032376134192360156,
      0.1195335792481547,
      -0.11724817620853954,
      0.4231745367499303
    ],
    "test_r2": [
      -0.2336965168515177,
      -1.1995025899262346e+23,
      -21.833740375793955,
      -5.539047354316198e+26,
      0.1778162516661258
    ],
    "test_rmse": [
      -152.79185839548188,
      -54278901707979.37,
      -297.83580160661126,
      -1593179216610082.5,
      -121.74625476744808
    ],
    "test_mae": [
      -96.9786512183071,
      -12609683405770.004,
      -156.93167105737572,
      -347434651705145.3,
      -65.24033943121252
    ],
    "best_params": {
      "check_inverse": true,
      "func": null,
      "inverse_func": null,
      "regressor__copy_X": true,
      "regressor__fit_intercept": false,
      "regressor__n_jobs": null,
      "regressor__positive": false,
      "transformer__memory": null,
      "transformer__verbose": false,
      "transformer__y scaler__copy": true,
      "transformer__y scaler__with_mean": true,
      "transformer__y scaler__with_std": true
    }
  },
  "420": {
    "fit_time": [
      0.22463417053222656,
      0.22998690605163574,
      0.22979259490966797,
      0.20882391929626465,
      0.37650108337402344
    ],
    "score_time": [
      0.08203339576721191,
      0.08238697052001953,
      0.08327746391296387,
      0.08573341369628906,
      0.0802161693572998
    ],
    "test_r": [
      -0.0889898655415042,
      -0.024285271045055668,
      -0.058324424447369676,
      0.0909401083348362,
      0.34875995311789637
    ],
    "test_r2": [
      -5.672711455193472e+24,
      -2.6440079461435882e+23,
      -1.311985718486826e+25,
      -1.6023205563657594,
      0.10674745634873384
    ],
    "test_rmse": [
      -162809778151410.84,
      -82132814511630.89,
      -499135648842104.2,
      -121.25094961283766,
      -119.47105537478278
    ],
    "test_mae": [
      -22577653972087.383,
      -14078702525626.371,
      -89817371135782.8,
      -76.80115717215286,
      -61.43530696846798
    ],
    "best_params": {
      "check_inverse": true,
      "func": null,
      "inverse_func": null,
      "regressor__copy_X": true,
      "regressor__fit_intercept": false,
      "regressor__n_jobs": null,
      "regressor__positive": false,
      "transformer__memory": null,
      "transformer__verbose": false,
      "transformer__y scaler__copy": true,
      "transformer__y scaler__with_mean": true,
      "transformer__y scaler__with_std": true
    }
  },
  "1234567890": {
    "fit_time": [
      0.22546958923339844,
      0.2179105281829834,
      0.3470139503479004,
      0.2158501148223877,
      0.3566882610321045
    ],
    "score_time": [
      0.08468008041381836,
      0.08876562118530273,
      0.07969522476196289,
      0.07843375205993652,
      0.07527637481689453
    ],
    "test_r": [
      -0.06195611320126358,
      0.38705581892162966,
      0.02977703921873807,
      0.455372645259931,
      0.0702863359631929
    ],
    "test_r2": [
      -4.951992570842682e+25,
      -0.515327952851707,
      -6.744080215172304e+25,
      0.16944908834520223,
      -4.093950101806492e+25
    ],
    "test_rmse": [
      -472409362441597.7,
      -154.37716239990363,
      -1020135642730129.4,
      -124.88140215477638,
      -839216233839216.9
    ],