{
  "6": {
    "fit_time": [
      2.2950806617736816,
      2.33211612701416,
      2.3880977630615234,
      2.360485792160034,
      2.4219179153442383
    ],
    "score_time": [
      0.1609950065612793,
      0.1321868896484375,
      0.13421010971069336,
      0.1377701759338379,
      0.14169025421142578
    ],
    "test_r": [
      0.2664304461598771,
      0.4127099634391452,
      0.5115147030106395,
      0.5098900145442069,
      0.5581367711826345
    ],
    "test_r2": [
      0.023431113045588314,
      0.12028410209514917,
      -0.07942337108847419,
      0.1216209892595157,
      0.1925966376764393
    ],
    "test_rmse": [
      -163.11597421467894,
      -112.26494369761154,
      -64.01221932664197,
      -129.12941396816683,
      -62.52943076733265
    ],
    "test_mae": [
      -73.14408528273694,
      -56.057971399205016,
      -53.092067833228704,
      -67.81374849928227,
      -52.52343577542611
    ],
    "best_params": {
      "check_inverse": true,
      "func": null,
      "inverse_func": null,
      "regressor__bootstrap": true,
      "regressor__ccp_alpha": 0.0,
      "regressor__criterion": "squared_error",
      "regressor__max_depth": null,
      "regressor__max_features": "sqrt",
      "regressor__max_leaf_nodes": null,
      "regressor__max_samples": null,
      "regressor__min_impurity_decrease": 0.0,
      "regressor__min_samples_leaf": 0.05,
      "regressor__min_samples_split": 0.0875748465635296,
      "regressor__min_weight_fraction_leaf": 0.0,
      "regressor__monotonic_cst": null,
      "regressor__n_estimators": 2000,
      "regressor__n_jobs": null,
      "regressor__oob_score": false,
      "regressor__random_state": null,
      "regressor__verbose": 0,
      "regressor__warm_start": false,
      "transformer__memory": null,
      "transformer__verbose": false,
      "transformer__y scaler__copy": true,
      "transformer__y scaler__with_mean": true,
      "transformer__y scaler__with_std": true
    }
  },
  "13": {
    "fit_time": [
      2.33311128616333,
      2.3324434757232666,
      2.3438920974731445,
      2.3658926486968994,
      2.4026381969451904
    ],
    "score_time": [
      0.13628053665161133,
      0.13573384284973145,
      0.13747453689575195,
      0.13577771186828613,
      0.13912105560302734
    ],
    "test_r": [
      0.5634020559621538,
      0.4962610823462126,
      0.16618558976658715,
      0.3543345792501008,
      0.6315996813695789
    ],
    "test_r2": [
      -0.20198084074465972,
      0.07977027313433382,
      0.024596968445073197,
      0.10384620236361874,
      0.2718287028609948
    ],
    "test_rmse": [
      -54.82524034794027,
      -140.88974935244804,
      -155.3598868158737,
      -116.11932373836714,
      -65.58186626174049
    ],
    "test_mae": [
      -48.61812932498356,
      -77.9861817180701,
      -65.0068201219026,
      -60.068107238146204,
      -52.94197963322667
    ],
    "best_params": {
      "check_inverse": true,
      "func": null,
      "inverse_func": null,
      "regressor__bootstrap": true,
      "regressor__ccp_alpha": 0.0,
      "regressor__criterion": "squared_error",
      "regressor__max_depth": null,
      "regressor__max_features": "sqrt",
      "regressor__max_leaf_nodes": null,
      "regressor__max_samples": null,
      "regressor__min_impurity_decrease": 0.0,
      "regressor__min_samples_leaf": 0.05,
      "regressor__min_samples_split": 0.05,
      "regressor__min_weight_fraction_leaf": 0.0,
      "regressor__monotonic_cst": null,
      "regressor__n_estimators": 2000,
      "regressor__n_jobs": null,
      "regressor__oob_score": false,
      "regressor__random_state": null,
      "regressor__verbose": 0,
      "regressor__warm_start": false,
      "transformer__memory": null,
      "transformer__verbose": false,
      "transformer__y scaler__copy": true,
      "transformer__y scaler__with_mean": true,
      "transformer__y scaler__with_std": true
    }
  },
  "42": {
    "fit_time": [
      2.310903549194336,
      2.3408424854278564,
      2.339470148086548,
      2.354402542114258,
      2.39849591255188
    ],
    "score_time": [
      0.14157366752624512,
      0.1331157684326172,
      0.13390374183654785,
      0.13627934455871582,
      0.13721752166748047
    ],
    "test_r": [
      0.41653745618425353,
      0.5306576310199875,
      0.18407847146475764,
      0.4843414202396242,
      0.6220860926055378
    ],
    "test_r2": [
      0.11679959687723007,
      0.18593115430089446,
      0.030555406124608164,
      0.1279288899296619,
      0.22854058919183473
    ],
    "test_rmse": [
      -112.97244135127366,
      -67.04680115220944,
      -169.42500610347008,
      -122.60523940318116,
      -55.747340921808394
    ],
    "test_mae": [
      -55.478313899522696,
      -54.35595038934782,
      -73.66574984784447,
      -70.01986945948633,
      -46.435716437736865
    ],
    "best_params": {
      "check_inverse": true,
      "func": null,
      "inverse_func": null,
      "regressor__bootstrap": true,
      "regressor__ccp_alpha": 0.0,
      "regressor__criterion": "squared_error",
      "regressor__max_depth": null,
      "regressor__max_features": "sqrt",
      "regressor__max_leaf_nodes": null,
      "regressor__max_samples": null,
      "regressor__min_impurity_decrease": 0.0,
      "regressor__min_samples_leaf": 0.05,
      "regressor__min_samples_split": 0.05,
      "regressor__min_weight_fraction_leaf": 0.0,
      "regressor__monotonic_cst": null,
      "regressor__n_estimators": 2000,
      "regressor__n_jobs": null,
      "regressor__oob_score": false,
      "regressor__random_state": null,
      "regressor__verbose": 0,
      "regressor__warm_start": false,
      "transformer__memory": null,
      "transformer__verbose": false,
      "transformer__y scaler__copy": true,
      "transformer__y scaler__with_mean": true,
      "transformer__y scaler__with_std": true
    }
  },
  "69": {
    "fit_time": [
      0.3438684940338135,
      0.34273266792297363,
      0.34782910346984863,
      0.34838223457336426,
      0.35259056091308594
    ],
    "score_time": [
      0.05131101608276367,
      0.05129194259643555,
      0.048667192459106445,
      0.04924464225769043,
      0.04935169219970703
    ],
    "test_r": [
      0.4267424189546988,
      0.20447309674352152,
      0.5771179419511007,
      0.6485513620659149,
      0.4122369551522406
    ],
    "test_r2": [
      0.11697036820786633,
      0.0319448922307598,
      0.07733525579365541,
      0.291061166650754,
      0.10891586349123039
    ],
    "test_rmse": [
      -129.265813201291,
      -154.19862348821943,
      -59.87014845256499,
      -56.99693161600193,
      -126.74490848063317
    ],
    "test_mae": [
      -64.863084049588,
      -74.11439320909666,
      -50.90353574553721,
      -45.88836670535312,
      -66.45865902012288
    ],
    "best_params": {
      "check_inverse": true,
      "func": null,
      "inverse_func": null,
      "regressor__bootstrap": true,
      "regressor__ccp_alpha": 0.0,
      "regressor__criterion": "squared_error",
      "regressor__max_depth": null,
      "regressor__max_features": "sqrt",
      "regressor__max_leaf_nodes": null,
      "regressor__max_samples": null,
      "regressor__min_impurity_decrease": 0.0,
      "regressor__min_samples_leaf": 0.05160139326027296,
      "regressor__min_samples_split": 0.07063909478422781,
      "regressor__min_weight_fraction_leaf": 0.0,
      "regressor__monotonic_cst": null,
      "regressor__n_estimators": 256,
      "regressor__n_jobs": null,
      "regressor__oob_score": false,
      "regressor__random_state": null,
      "regressor__verbose": 0,
      "regressor__warm_start": false,
      "transformer__memory": null,
      "transformer__verbose": false,
      "transformer__y scaler__copy": true,
      "transformer__y scaler__with_mean": true,
      "transformer__y scaler__with_std": true
    }
  },