{
  "6": {
    "fit_time": [
      0.045747995376586914,
      0.04645586013793945,
      0.04544496536254883,
      0.04621148109436035,
      0.046518564224243164
    ],
    "score_time": [
      0.04902982711791992,
      0.08129215240478516,
      0.279355525970459,
      0.03754830360412598,
      0.03478741645812988
    ],
    "test_r": [
      0.27828961643726047,
      0.1363497536557646,
      0.6547917552526793,
      0.2676297549672425,
      -0.006173618329511025
    ],
    "test_r2": [
      -0.28707687148501093,
      -3.2608191141192322e+25,
      0.37974006802708216,
      0.04950116919120695,
      -2.8468037399704957e+23
    ],
    "test_rmse": [
      -72.83971358517127,
      -408244080847846.0,
      -66.13353498313428,
      -188.78019569308753,
      -71971314037844.12
    ],
    "test_mae": [
      -57.48713130864451,
      -83487866825472.17,
      -53.01911323573306,
      -81.7748063758185,
      -17683240179531.67
    ],
    "best_params": {
      "check_inverse": true,
      "func": null,
      "inverse_func": null,
      "regressor__copy_X": true,
      "regressor__fit_intercept": false,
      "regressor__n_jobs": null,
      "regressor__positive": false,
      "transformer__memory": null,
      "transformer__verbose": false,
      "transformer__y scaler__copy": true,
      "transformer__y scaler__with_mean": true,
      "transformer__y scaler__with_std": true
    }
  },
  "13": {
    "fit_time": [
      0.044644832611083984,
      0.046003103256225586,
      0.04560256004333496,
      0.04492378234863281,
      0.04569745063781738
    ],
    "score_time": [
      0.03227877616882324,
      0.02815842628479004,
      0.027333736419677734,
      0.027293682098388672,
      0.027401447296142578
    ],
    "test_r": [
      -0.04410072694142761,
      -0.07217660731578156,
      0.7047626051472929,
      -0.03942345332240185,
      -0.050575281332303074
    ],
    "test_r2": [
      -1.0222172283292142e+24,
      -6.85048494160819e+23,
      0.39858101240685007,
      -7.543288647777127e+25,
      -1.4410604235131158e+22
    ],
    "test_rmse": [
      -55604432770626.01,
      -142738513723515.56,
      -60.917428435830836,
      -556621182186472.75,
      -19812862736118.984
    ],
    "test_mae": [
      -7637856243470.805,
      -19606642742335.895,
      -46.72841644720151,
      -114320293734911.11,
      -3156721051442.567
    ],
    "best_params": {
      "check_inverse": true,
      "func": null,
      "inverse_func": null,
      "regressor__copy_X": true,
      "regressor__fit_intercept": false,
      "regressor__n_jobs": null,
      "regressor__positive": false,
      "transformer__memory": null,
      "transformer__verbose": false,
      "transformer__y scaler__copy": true,
      "transformer__y scaler__with_mean": true,
      "transformer__y scaler__with_std": true
    }
  },
  "42": {
    "fit_time": [
      0.04472780227661133,
      0.04588150978088379,
      0.04485058784484863,
      0.04565024375915527,
      0.04554271697998047
    ],
    "score_time": [
      0.03048419952392578,
      0.027626752853393555,
      0.02807903289794922,
      0.027394533157348633,
      0.02748584747314453
    ],
    "test_r": [
      0.08740918791795975,
      0.0174931556677057,
      0.4038261129486145,
      0.7124654396540173,
      -0.10269658695893978
    ],
    "test_r2": [
      -6.314574475402908e+21,
      -3.172899450336064e+24,
      0.1601382937869359,
      0.47951011799700416,
      -1.1356524772514623e+24
    ],
    "test_rmse": [
      -9990233617968.264,
      -231234875115932.75,
      -118.74286068272528,
      -69.00780273138412,
      -126477827232445.53
    ],
    "test_mae": [
      -1372264123807.0369,
      -38231340518644.06,
      -58.328036486250966,
      -54.180019059659955,
      -30479254574938.504
    ],
    "best_params": {
      "check_inverse": true,
      "func": null,
      "inverse_func": null,
      "regressor__copy_X": true,
      "regressor__fit_intercept": false,
      "regressor__n_jobs": null,
      "regressor__positive": false,
      "transformer__memory": null,
      "transformer__verbose": false,
      "transformer__y scaler__copy": true,
      "transformer__y scaler__with_mean": true,
      "transformer__y scaler__with_std": true
    }
  },
  "69": {
    "fit_time": [
      0.044709205627441406,
      0.04508614540100098,
      0.04591512680053711,
      0.04548811912536621,
      0.04566621780395508
    ],
    "score_time": [
      0.03170156478881836,
      0.028448104858398438,
      0.027750253677368164,
      0.02743244171142578,
      0.027370929718017578
    ],
    "test_r": [
      -0.05309321175974822,
      0.0771724145211876,
      0.6238294915844629,
      0.09217103910790352,
      -0.024307511981311637
    ],
    "test_r2": [
      -1.5241310051141769e+24,
      -6.572870990383791e+23,
      0.37831827725141876,
      -1.0193347922363438e+24,
      -2.5539141662126767e+25
    ],
    "test_rmse": [
      -163979544474017.38,
      -129230062988902.97,
      -68.1328969921595,
      -65332375194457.2,
      -667366385108048.8
    ],
    "test_mae": [
      -22908516455180.664,
      -25041800718519.96,
      -54.151128180974744,
      -9059970335092.826,
      -175233861732614.0
    ],
    "best_params": {
      "check_inverse": true,
      "func": null,
      "inverse_func": null,
      "regressor__copy_X": true,
      "regressor__fit_intercept": false,
      "regressor__n_jobs": null,
      "regressor__positive": false,
      "transformer__memory": null,
      "transformer__verbose": false,
      "transformer__y scaler__copy": true,
      "transformer__y scaler__with_mean": true,
      "transformer__y scaler__with_std": true
    }
  },
  "420": {
    "fit_time": [
      0.04465746879577637,
      0.044913291931152344,
      0.044913530349731445,
      0.04571127891540527,
      0.04551410675048828
    ],
    "score_time": [
      0.02695918083190918,
      0.026824474334716797,
      0.026815414428710938,
      0.02732086181640625,
      0.027257919311523438
    ],
    "test_r": [
      0.6283262721769539,
      -0.06708212880671616,
      -0.032804747858855225,
      0.5659634984142742,
      0.0648683286773649
    ],
    "test_r2": [
      0.24917439407181496,
      -3.7994445277766563e+24,
      -1.5248056948059725e+23,
      0.2622689273970721,
      -4.215508997181712e+25
    ],
    "test_rmse": [
      -66.34033194569417,
      -318728266571136.4,
      -67159539916056.24,
      -63.03577603317789,
      -459749759820922.4
    ],
    "test_mae": [
      -53.0091083427537,
      -67560943182347.27,
      -11286949319258.803,
      -47.87542442244622,
      -114045344229363.16
    ],
    "best_params": {
      "check_inverse": true,
      "func": null,
      "inverse_func": null,
      "regressor__copy_X": true,
      "regressor__fit_intercept": false,
      "regressor__n_jobs": null,
      "regressor__positive": false,
      "transformer__memory": null,
      "transformer__verbose": false,
      "transformer__y scaler__copy": true,
      "transformer__y scaler__with_mean": true,
      "transformer__y scaler__with_std": true
    }
  },
  "1234567890": {
    "fit_time": [
      0.04576420783996582,
      0.04565620422363281,
      0.045252084732055664,
      0.05337405204772949,
      0.05194973945617676
    ],
    "score_time": [
      0.027710676193237305,
      0.027547359466552734,
      0.028185129165649414,
      0.03147149085998535,
      0.03075242042541504
    ],
    "test_r": [
      -0.01685935754270358,
      0.6197206239875194,
      -0.08886430195054099,
      0.03899672673111499,
      0.08188890058864458
    ],
    "test_r2": [
      -1.558407623423389e+24,
      0.25982356089950687,
      -1.0589668399522048e+24,
      -1.4424619369317452e+23,
      -1.1430975752791602e+25
    ],
    "test_rmse": [
      -172497267764786.6,
      -54.17276541669284,
      -162571052674897.2,
      -47781506839584.76,
      -293116496388344.56
    ],