{
  "6": {
    "fit_time": [
      3.1617674827575684,
      2.756985902786255,
      2.7980844974517822,
      3.4205522537231445,
      2.8077774047851562
    ],
    "score_time": [
      0.08002519607543945,
      0.14654779434204102,
      0.08666682243347168,
      0.07668709754943848,
      0.08232450485229492
    ],
    "test_r": [
      0.9782513784113512,
      0.9483154409069053,
      0.8574675225295445,
      0.9686943260831357,
      0.8346506187353927
    ],
    "test_r2": [
      0.9554086191381167,
      0.8913282533629112,
      0.7069744432660783,
      0.9375479866611426,
      0.6902434246673119
    ],
    "test_rmse": [
      -34.855435477492726,
      -39.457654557351475,
      -33.3518344203517,
      -34.431617663543314,
      -38.73017553784495
    ],
    "test_mae": [
      -19.729864352065064,
      -22.639869997539275,
      -15.046171441077378,
      -18.776366605871548,
      -23.248616953167012
    ],
    "best_params": {
      "check_inverse": true,
      "func": null,
      "inverse_func": null,
      "regressor__natural_gradient": true,
      "regressor__n_estimators": 133,
      "regressor__learning_rate": 0.1,
      "regressor__minibatch_frac": 1,
      "regressor__col_sample": 1.0,
      "regressor__verbose": false,
      "transformer__memory": null,
      "transformer__verbose": false,
      "transformer__y scaler__copy": true,
      "transformer__y scaler__with_mean": true,
      "transformer__y scaler__with_std": true
    }
  },
  "13": {
    "fit_time": [
      2.2160749435424805,
      2.2382559776306152,
      2.268808364868164,
      2.411597728729248,
      2.177001953125
    ],
    "score_time": [
      0.07775545120239258,
      0.07051444053649902,
      0.06949257850646973,
      0.06631731986999512,
      0.09850859642028809
    ],
    "test_r": [
      0.6751767225583969,
      0.9534387128886807,
      0.9710631207855673,
      0.9591094061244124,
      0.9127892987434174
    ],
    "test_r2": [
      0.1588417884419937,
      0.8985418519161011,
      0.9398344546026498,
      0.9149395303443408,
      0.791905510553337
    ],
    "test_rmse": [
      -45.863861379209325,
      -46.78156353225912,
      -38.585201680522665,
      -35.77479149747978,
      -35.058819068698554
    ],
    "test_mae": [
      -23.374471512764224,
      -26.254936398207487,
      -21.42618811676623,
      -20.845243690341018,
      -21.854109938742468
    ],
    "best_params": {
      "check_inverse": true,
      "func": null,
      "inverse_func": null,
      "regressor__natural_gradient": true,
      "regressor__n_estimators": 107,
      "regressor__learning_rate": 0.06328348914612972,
      "regressor__minibatch_frac": 1,
      "regressor__col_sample": 1.0,
      "regressor__verbose": false,
      "transformer__memory": null,
      "transformer__verbose": false,
      "transformer__y scaler__copy": true,
      "transformer__y scaler__with_mean": true,
      "transformer__y scaler__with_std": true
    }
  },
  "42": {
    "fit_time": [
      53.87364149093628,
      53.60714626312256,
      50.15694570541382,
      54.594316244125366,
      57.48497915267944
    ],
    "score_time": [
      0.7668678760528564,
      0.8538236618041992,
      0.7839629650115967,
      0.7224302291870117,
      0.7136712074279785
    ],
    "test_r": [
      0.958429616496739,
      0.8500126304243455,
      0.905985245716894,
      0.9674121061794118,
      0.9070428460315838
    ],
    "test_r2": [
      0.9145323829899413,
      0.6971275123447961,
      0.8103693451379704,
      0.9344037410017975,
      0.7813920556975991
    ],
    "test_rmse": [
      -35.143392448386656,
      -40.89567748607355,
      -74.93251094560378,
      -33.62579925667146,
      -29.675673654122573
    ],
    "test_mae": [
      -21.263254758849772,
      -22.4070159679327,
      -33.45534586257283,
      -18.42369892637325,
      -16.543360931964212
    ],
    "best_params": {
      "check_inverse": true,
      "func": null,
      "inverse_func": null,
      "regressor__natural_gradient": true,
      "regressor__n_estimators": 2000,
      "regressor__learning_rate": 0.06395595022222841,
      "regressor__minibatch_frac": 1,
      "regressor__col_sample": 1.0,
      "regressor__verbose": false,
      "transformer__memory": null,
      "transformer__verbose": false,
      "transformer__y scaler__copy": true,
      "transformer__y scaler__with_mean": true,
      "transformer__y scaler__with_std": true
    }
  },
  "69": {
    "fit_time": [
      2.3196001052856445,
      2.2023403644561768,
      2.3247733116149902,
      2.2120721340179443,
      2.276005268096924
    ],
    "score_time": [
      0.06944656372070312,
      0.08072423934936523,
      0.06919670104980469,
      0.07370972633361816,
      0.06994009017944336
    ],
    "test_r": [
      0.9785878845675902,
      0.8550509055594826,
      0.7327692642787922,
      0.8535802312603106,
      0.9753764778171159
    ],
    "test_r2": [
      0.9403126917048547,
      0.6301835098848745,
      0.3561724883720573,
      0.7226493173985018,
      0.9478186628672163
    ],
    "test_rmse": [
      -33.607564511629796,
      -95.30673518619722,
      -50.01187503098768,
      -35.650178839016355,
      -30.671058746276586
    ],
    "test_mae": [
      -18.006132711760138,
      -38.47628968764699,
      -25.82316880964768,
      -20.135898073314728,
      -18.951745803973754
    ],
    "best_params": {
      "check_inverse": true,
      "func": null,
      "inverse_func": null,
      "regressor__natural_gradient": true,
      "regressor__n_estimators": 106,
      "regressor__learning_rate": 0.06445071058753782,
      "regressor__minibatch_frac": 1,
      "regressor__col_sample": 1.0,
      "regressor__verbose": false,
      "transformer__memory": null,
      "transformer__verbose": false,
      "transformer__y scaler__copy": true,
      "transformer__y scaler__with_mean": true,
      "transformer__y scaler__with_std": true
    }
  },
  "420": {
    "fit_time": [
      31.730321884155273,
      30.32219171524048,
      31.22334861755371,
      29.155604124069214,
      27.378455638885498
    ],
    "score_time": [
      0.44690847396850586,
      0.47786498069763184,
      0.43861818313598633,
      0.46721506118774414,
      0.48996782302856445
    ],
    "test_r": [
      0.9197956781623098,
      0.9738608545242644,
      0.945162571422728,
      0.8616026132628511,
      0.9741239232824905
    ],
    "test_r2": [
      0.8217545316654855,
      0.9455440883178905,
      0.8889295606094739,
      0.7419341853169976,
      0.9472473154765056
    ],
    "test_rmse": [
      -28.859871057030183,
      -37.27415819084133,
      -45.92543514512648,
      -38.18299509275027,
      -29.033396956718402
    ],
    "test_mae": [
      -16.425104095736458,
      -21.13341413255853,
      -24.35973671387555,
      -23.651491390021448,
      -16.64032715139233
    ],
    "best_params": {
      "check_inverse": true,
      "func": null,
      "inverse_func": null,
      "regressor__natural_gradient": true,
      "regressor__n_estimators": 1207,
      "regressor__learning_rate": 0.023010251179293503,
      "regressor__minibatch_frac": 1,
      "regressor__col_sample": 1.0,
      "regressor__verbose": false,
      "transformer__memory": null,
      "transformer__verbose": false,
      "transformer__y scaler__copy": true,
      "transformer__y scaler__with_mean": true,
      "transformer__y scaler__with_std": true
    }
  },
  "1234567890": {
    "fit_time": [
      1.6046664714813232,
      1.820826768875122,
      1.4752354621887207,
      1.5692200660705566,
      1.5551459789276123
    ],
    "score_time": [
      0.05589795112609863,
      0.0558927059173584,
      0.08459258079528809,
      0.05875587463378906,
      0.05750727653503418
    ],
    "test_r": [
      0.8800682556307576,
      0.9571377057261928,
      0.9462324545832358,
      0.9614840416135801,
      0.9313075487474222
    ],