{
  "6": {
    "fit_time": [
      54.79830026626587,
      51.7737717628479,
      55.6610689163208,
      51.95957326889038,
      54.90994143486023
    ],
    "score_time": [
      0.7219512462615967,
      0.7635316848754883,
      0.7318847179412842,
      0.7304599285125732,
      0.734503984451294
    ],
    "test_r": [
      0.9880474499433131,
      0.989017541036703,
      0.974048164790871,
      0.9799671670941598,
      0.9347832268938564
    ],
    "test_r2": [
      0.9757836321966986,
      0.9778880898799318,
      0.9414434707019996,
      0.9591463921292736,
      0.8734095839431417
    ],
    "test_rmse": [
      -18.82445170661745,
      -19.149900482833136,
      -32.401345852063415,
      -26.781125723276094,
      -24.120998299805468
    ],
    "test_mae": [
      -12.021662812545815,
      -13.061792832755357,
      -16.033273483928827,
      -17.72992875261403,
      -14.083827711965492
    ],
    "best_params": {
      "check_inverse": true,
      "func": null,
      "inverse_func": null,
      "regressor__natural_gradient": true,
      "regressor__n_estimators": 2000,
      "regressor__learning_rate": 0.048834488604689835,
      "regressor__minibatch_frac": 1,
      "regressor__col_sample": 1.0,
      "regressor__verbose": false,
      "transformer__memory": null,
      "transformer__verbose": false,
      "transformer__y scaler__copy": true,
      "transformer__y scaler__with_mean": true,
      "transformer__y scaler__with_std": true
    }
  },
  "13": {
    "fit_time": [
      28.613810062408447,
      28.383947372436523,
      28.05665874481201,
      27.205389499664307,
      27.75480628013611
    ],
    "score_time": [
      0.41909313201904297,
      0.43486833572387695,
      0.4180488586425781,
      0.40700387954711914,
      0.4288475513458252
    ],
    "test_r": [
      0.9058778811259507,
      0.9872480840871463,
      0.9659004730498072,
      0.9722892694299229,
      0.9489645610264911
    ],
    "test_r2": [
      0.8117521941808712,
      0.9733275537773085,
      0.9242920680234809,
      0.943009204756055,
      0.8940098637759419
    ],
    "test_rmse": [
      -23.210010089078505,
      -28.41466004365938,
      -30.728524267108742,
      -31.917426724005644,
      -24.65328089650251
    ],
    "test_mae": [
      -15.069438983961145,
      -16.885335467603404,
      -13.796198006894743,
      -17.876537151043927,
      -16.44203112759771
    ],
    "best_params": {
      "check_inverse": true,
      "func": null,
      "inverse_func": null,
      "regressor__natural_gradient": true,
      "regressor__n_estimators": 1069,
      "regressor__learning_rate": 0.04972103782311225,
      "regressor__minibatch_frac": 1,
      "regressor__col_sample": 1.0,
      "regressor__verbose": false,
      "transformer__memory": null,
      "transformer__verbose": false,
      "transformer__y scaler__copy": true,
      "transformer__y scaler__with_mean": true,
      "transformer__y scaler__with_std": true
    }
  },
  "42": {
    "fit_time": [
      2.465912103652954,
      2.216867208480835,
      2.204793930053711,
      2.3329620361328125,
      2.241983652114868
    ],
    "score_time": [
      0.07611441612243652,
      0.07208704948425293,
      0.06997013092041016,
      0.07324051856994629,
      0.07022738456726074
    ],
    "test_r": [
      0.9318604929525568,
      0.9927964038452246,
      0.9565664725007147,
      0.9875653121608016,
      0.9244047292002744
    ],
    "test_r2": [
      0.8535870317409352,
      0.9813875730501688,
      0.9111477752755542,
      0.9710936009610088,
      0.8509751627734815
    ],
    "test_rmse": [
      -26.785196390745106,
      -22.844263460461235,
      -48.52242492997978,
      -14.71302699539583,
      -24.73541613237184
    ],
    "test_mae": [
      -17.78455532808275,
      -13.796085560464304,
      -23.188413373267043,
      -10.029463279913173,
      -14.862532796775872
    ],
    "best_params": {
      "check_inverse": true,
      "func": null,
      "inverse_func": null,
      "regressor__natural_gradient": true,
      "regressor__n_estimators": 111,
      "regressor__learning_rate": 0.1,
      "regressor__minibatch_frac": 1,
      "regressor__col_sample": 1.0,
      "regressor__verbose": false,
      "transformer__memory": null,
      "transformer__verbose": false,
      "transformer__y scaler__copy": true,
      "transformer__y scaler__with_mean": true,
      "transformer__y scaler__with_std": true
    }
  },
  "69": {
    "fit_time": [
      30.206961631774902,
      29.485151767730713,
      29.990246057510376,
      29.85949182510376,
      30.76572561264038
    ],
    "score_time": [
      0.42339086532592773,
      0.412198543548584,
      0.4245264530181885,
      0.405961275100708,
      0.41211628913879395
    ],
    "test_r": [
      0.9923547787259475,
      0.7470130333190453,
      0.8886554753336442,
      0.9321021701854957,
      0.9753976133509046
    ],
    "test_r2": [
      0.9741003687261373,
      0.3099520657996008,
      0.7222692004981024,
      0.8586822025635095,
      0.9512447311495055
    ],
    "test_rmse": [
      -22.40054834813264,
      -100.53667203272056,
      -33.57234003221517,
      -24.622487703694187,
      -37.0034027079002
    ],
    "test_mae": [
      -13.633096508898504,
      -34.51645453801663,
      -20.802919703023292,
      -15.647093357317786,
      -20.17596385799682
    ],
    "best_params": {
      "check_inverse": true,
      "func": null,
      "inverse_func": null,
      "regressor__natural_gradient": true,
      "regressor__n_estimators": 1119,
      "regressor__learning_rate": 0.1,
      "regressor__minibatch_frac": 1,
      "regressor__col_sample": 1.0,
      "regressor__verbose": false,
      "transformer__memory": null,
      "transformer__verbose": false,
      "transformer__y scaler__copy": true,
      "transformer__y scaler__with_mean": true,
      "transformer__y scaler__with_std": true
    }
  },
  "420": {
    "fit_time": [
      23.872480392456055,
      23.352932691574097,
      25.49649739265442,
      25.57684087753296,
      25.02226710319519
    ],
    "score_time": [
      0.36092591285705566,
      0.3503403663635254,
      0.34573960304260254,
      0.3631901741027832,
      0.3709893226623535
    ],
    "test_r": [
      0.9615116216769792,
      0.9836628920996676,
      0.9662551846621021,
      0.9832886573785211,
      0.9706583478297769
    ],
    "test_r2": [
      0.9204255356640819,
      0.9675424533745798,
      0.9329136772573665,
      0.9631611180430919,
      0.9402474024718235
    ],
    "test_rmse": [
      -19.830581418187673,
      -23.56597535915786,
      -33.2409984836931,
      -26.481708697059965,
      -28.95304867148314
    ],
    "test_mae": [
      -12.989062512221885,
      -15.072188863495384,
      -20.2794434821313,
      -16.878088194902034,
      -13.504353753882576
    ],
    "best_params": {
      "check_inverse": true,
      "func": null,
      "inverse_func": null,
      "regressor__natural_gradient": true,
      "regressor__n_estimators": 925,
      "regressor__learning_rate": 0.1,
      "regressor__minibatch_frac": 1,
      "regressor__col_sample": 1.0,
      "regressor__verbose": false,
      "transformer__memory": null,
      "transformer__verbose": false,
      "transformer__y scaler__copy": true,
      "transformer__y scaler__with_mean": true,
      "transformer__y scaler__with_std": true
    }
  },
  "1234567890": {
    "fit_time": [
      51.81542181968689,
      55.279361724853516,
      49.758050203323364,
      53.01319622993469,
      52.8876097202301
    ],
    "score_time": [
      0.6801247596740723,
      0.7045607566833496,
      0.6864922046661377,
      0.6980037689208984,
      0.7011346817016602
    ],
    "test_r": [
      0.9329428390031391,
      0.9804951887284316,
      0.9632321404782358,
      0.9904976406880981,
      0.9025986643074306
    ],