{
  "6": {
    "fit_time": [
      0.26859498023986816,
      0.21234607696533203,
      0.2217874526977539,
      0.2181396484375,
      0.24257969856262207
    ],
    "score_time": [
      0.05317401885986328,
      0.05339479446411133,
      0.04108548164367676,
      0.046276092529296875,
      0.042456865310668945
    ],
    "test_r": [
      0.3996025278949877,
      0.5099918007730696,
      0.5070953392018246,
      0.6248288358293086,
      0.6182621601597174
    ],
    "test_r2": [
      0.09799130084688501,
      0.21069920344908333,
      -0.08949785158311219,
      0.23728865495277485,
      0.3104599639492255
    ],
    "test_rmse": [
      -156.7654723665004,
      -106.33940187280142,
      -64.31024516667229,
      -120.32733787822848,
      -57.785508845580644
    ],
    "test_mae": [
      -67.49493709510138,
      -52.28244917551255,
      -50.002259440556294,
      -61.99934816741236,
      -46.08586956614206
    ],
    "best_params": {
      "check_inverse": true,
      "func": null,
      "inverse_func": null,
      "regressor__bootstrap": true,
      "regressor__ccp_alpha": 0.0,
      "regressor__criterion": "squared_error",
      "regressor__max_depth": null,
      "regressor__max_features": "sqrt",
      "regressor__max_leaf_nodes": null,
      "regressor__max_samples": null,
      "regressor__min_impurity_decrease": 0.0,
      "regressor__min_samples_leaf": 0.05058970952715951,
      "regressor__min_samples_split": 0.05010800616254286,
      "regressor__min_weight_fraction_leaf": 0.0,
      "regressor__monotonic_cst": null,
      "regressor__n_estimators": 93,
      "regressor__n_jobs": null,
      "regressor__oob_score": false,
      "regressor__random_state": null,
      "regressor__verbose": 0,
      "regressor__warm_start": false,
      "transformer__memory": null,
      "transformer__verbose": false,
      "transformer__y scaler__copy": true,
      "transformer__y scaler__with_mean": true,
      "transformer__y scaler__with_std": true
    }
  },
  "13": {
    "fit_time": [
      1.1909644603729248,
      1.2818901538848877,
      1.569854497909546,
      1.5156307220458984,
      1.2704005241394043
    ],
    "score_time": [
      0.0838918685913086,
      0.07816600799560547,
      0.0909264087677002,
      0.1326155662536621,
      0.07560896873474121
    ],
    "test_r": [
      0.5673960244401542,
      0.5751812390202194,
      0.2880116797018687,
      0.4611336091777428,
      0.6529191606699778
    ],
    "test_r2": [
      -0.07346376782886321,
      0.17475730420429092,
      0.0770053990093037,
      0.1838221725765412,
      0.3743209125531224
    ],
    "test_rmse": [
      -51.8114166233903,
      -133.42036112254615,
      -151.12851883152007,
      -110.81680362935359,
      -60.79149347928156
    ],
    "test_mae": [
      -41.449491076573594,
      -72.45391754351229,
      -60.5129818680958,
      -57.984493842433885,
      -46.844002441749446
    ],
    "best_params": {
      "check_inverse": true,
      "func": null,
      "inverse_func": null,
      "regressor__bootstrap": true,
      "regressor__ccp_alpha": 0.0,
      "regressor__criterion": "squared_error",
      "regressor__max_depth": null,
      "regressor__max_features": "sqrt",
      "regressor__max_leaf_nodes": null,
      "regressor__max_samples": null,
      "regressor__min_impurity_decrease": 0.0,
      "regressor__min_samples_leaf": 0.05,
      "regressor__min_samples_split": 0.05,
      "regressor__min_weight_fraction_leaf": 0.0,
      "regressor__monotonic_cst": null,
      "regressor__n_estimators": 890,
      "regressor__n_jobs": null,
      "regressor__oob_score": false,
      "regressor__random_state": null,
      "regressor__verbose": 0,
      "regressor__warm_start": false,
      "transformer__memory": null,
      "transformer__verbose": false,
      "transformer__y scaler__copy": true,
      "transformer__y scaler__with_mean": true,
      "transformer__y scaler__with_std": true
    }
  },
  "42": {
    "fit_time": [
      0.17332100868225098,
      0.16457200050354004,
      0.1743333339691162,
      0.1274256706237793,
      0.16532397270202637
    ],
    "score_time": [
      0.048165082931518555,
      0.05330491065979004,
      0.04326009750366211,
      0.08206987380981445,
      0.0416412353515625
    ],
    "test_r": [
      0.49640347361003123,
      0.5177361175905573,
      0.3041717278804209,
      0.5588174444701417,
      0.5591821023148761
    ],
    "test_r2": [
      0.19530669711198,
      0.21076783732619575,
      0.0784137665186323,
      0.21018755818900126,
      0.2181196602629747
    ],
    "test_rmse": [
      -107.83458670695825,
      -66.01610278682921,
      -165.19009492527246,
      -116.67963594130282,
      -56.12259745992165
    ],
    "test_mae": [
      -50.503751286746414,
      -51.23456953335609,
      -69.09440770163037,
      -62.865988014927595,
      -45.03761780369227
    ],
    "best_params": {
      "check_inverse": true,
      "func": null,
      "inverse_func": null,
      "regressor__bootstrap": true,
      "regressor__ccp_alpha": 0.0,
      "regressor__criterion": "squared_error",
      "regressor__max_depth": null,
      "regressor__max_features": "sqrt",
      "regressor__max_leaf_nodes": null,
      "regressor__max_samples": null,
      "regressor__min_impurity_decrease": 0.0,
      "regressor__min_samples_leaf": 0.05,
      "regressor__min_samples_split": 0.08317540931090506,
      "regressor__min_weight_fraction_leaf": 0.0,
      "regressor__monotonic_cst": null,
      "regressor__n_estimators": 50,
      "regressor__n_jobs": null,
      "regressor__oob_score": false,
      "regressor__random_state": null,
      "regressor__verbose": 0,
      "regressor__warm_start": false,
      "transformer__memory": null,
      "transformer__verbose": false,
      "transformer__y scaler__copy": true,
      "transformer__y scaler__with_mean": true,
      "transformer__y scaler__with_std": true
    }
  },
  "69": {
    "fit_time": [
      0.14232635498046875,
      0.21253108978271484,
      0.21053004264831543,
      0.17851662635803223,
      0.20354604721069336
    ],
    "score_time": [
      0.03639817237854004,
      0.040346384048461914,
      0.04010152816772461,
      0.050454139709472656,
      0.049352407455444336
    ],
    "test_r": [
      0.4907062544327331,
      0.34510554599029164,
      0.5760924948110484,
      0.7037444001276446,
      0.4520561494581844
    ],
    "test_r2": [
      0.17610633877739335,
      0.09916910300527149,
      0.12708772663084777,
      0.46608384280596127,
      0.15781609176825706
    ],
    "test_rmse": [
      -124.8623845855163,
      -148.74832812413712,
      -58.23360440161467,
      -49.463361231137675,
      -123.21813625026756
    ],
    "test_mae": [
      -60.207128826340984,
      -68.96149273331659,
      -45.7887984452076,
      -36.18209637703246,
      -64.74219095064299
    ],
    "best_params": {
      "check_inverse": true,
      "func": null,
      "inverse_func": null,
      "regressor__bootstrap": true,
      "regressor__ccp_alpha": 0.0,
      "regressor__criterion": "squared_error",
      "regressor__max_depth": null,
      "regressor__max_features": "sqrt",
      "regressor__max_leaf_nodes": null,
      "regressor__max_samples": null,
      "regressor__min_impurity_decrease": 0.0,
      "regressor__min_samples_leaf": 0.05232655702045952,
      "regressor__min_samples_split": 0.10986088916905878,
      "regressor__min_weight_fraction_leaf": 0.0,
      "regressor__monotonic_cst": null,
      "regressor__n_estimators": 71,
      "regressor__n_jobs": null,
      "regressor__oob_score": false,
      "regressor__random_state": null,
      "regressor__verbose": 0,
      "regressor__warm_start": false,
      "transformer__memory": null,
      "transformer__verbose": false,
      "transformer__y scaler__copy": true,
      "transformer__y scaler__with_mean": true,
      "transformer__y scaler__with_std": true
    }
  },