{
  "6": {
    "fit_time": [
      5.7089684009552,
      5.110000133514404,
      5.953002452850342,
      5.338075637817383,
      6.336639642715454
    ],
    "score_time": [
      0.18462777137756348,
      0.18983769416809082,
      0.19616389274597168,
      0.18942832946777344,
      0.18909335136413574
    ],
    "test_pearson_r": [
      0.8419668920256225,
      0.8886606402986,
      0.8175263469181551,
      0.7641534497773107,
      0.7768603787469006
    ],
    "test_spearman_r": [
      0.8543855434586427,
      0.8888035108303014,
      0.8311167243467628,
      0.7802003816794694,
      0.8148139975103108
    ],
    "test_rmse": [
      -0.36190011350903495,
      -0.2946959055304746,
      -0.37784488118668363,
      -0.41512574628066456,
      -0.3629871980504154
    ],
    "test_mae": [
      -0.21198137937993083,
      -0.1750225797317745,
      -0.1864584668536245,
      -0.2641340276003762,
      -0.219946844686483
    ],
    "test_r2": [
      0.6999372392042669,
      0.7829701341286924,
      0.6376054257461801,
      0.5611808119374853,
      0.5683149797068471
    ],
    "best_params": {
      "check_inverse": true,
      "func": null,
      "inverse_func": null,
      "regressor__natural_gradient": true,
      "regressor__n_estimators": 412,
      "regressor__learning_rate": 0.045391279290676545,
      "regressor__minibatch_frac": 1.0,
      "regressor__col_sample": 1.0,
      "regressor__verbose": false,
      "transformer__memory": null,
      "transformer__verbose": false,
      "transformer__y scaler__copy": true,
      "transformer__y scaler__with_mean": true,
      "transformer__y scaler__with_std": true
    }
  },
  "13": {
    "fit_time": [
      35.724891662597656,
      34.870922327041626,
      35.13617491722107,
      35.25575566291809,
      34.99012756347656
    ],
    "score_time": [
      0.8057184219360352,
      0.7957704067230225,
      0.8152892589569092,
      0.8413534164428711,
      0.8068363666534424
    ],
    "test_pearson_r": [
      0.9026573002641564,
      0.9502284765837793,
      0.7608593229916255,
      0.7884418820457315,
      0.7747730666068362
    ],
    "test_spearman_r": [
      0.8848157608034372,
      0.9549559185308027,
      0.8250064421865604,
      0.8091568167222758,
      0.781119186770297
    ],
    "test_rmse": [
      -0.271223867347552,
      -0.2185611944572775,
      -0.4163216721372754,
      -0.402156361355147,
      -0.36558168239248723
    ],
    "test_mae": [
      -0.16351116320964246,
      -0.14079756690446849,
      -0.2028531878880415,
      -0.24293514370368444,
      -0.22671785816796117
    ],
    "test_r2": [
      0.8130003153563305,
      0.8870005651746873,
      0.5552599291231561,
      0.6098794021658087,
      0.582560409604258
    ],
    "best_params": {
      "check_inverse": true,
      "func": null,
      "inverse_func": null,
      "regressor__natural_gradient": true,
      "regressor__n_estimators": 1886,
      "regressor__learning_rate": 0.09998261027570338,
      "regressor__minibatch_frac": 1.0,
      "regressor__col_sample": 1.0,
      "regressor__verbose": false,
      "transformer__memory": null,
      "transformer__verbose": false,
      "transformer__y scaler__copy": true,
      "transformer__y scaler__with_mean": true,
      "transformer__y scaler__with_std": true
    }
  },
  "42": {
    "fit_time": [
      3.686124801635742,
      3.8093276023864746,
      3.2884936332702637,
      3.533980131149292,
      3.424957275390625
    ],
    "score_time": [
      0.11217999458312988,
      0.1140298843383789,
      0.11369895935058594,
      0.11202883720397949,
      0.11134576797485352
    ],
    "test_pearson_r": [
      0.9304230890547314,
      0.6942592655167052,
      0.8461066173269859,
      0.9372421521200694,
      0.8367251798472984
    ],
    "test_spearman_r": [
      0.9330444137162153,
      0.72488953796154,
      0.842537843964525,
      0.940483320008144,
      0.8309027883370714
    ],
    "test_rmse": [
      -0.26973638603196537,
      -0.47804948440351613,
      -0.2687307017378994,
      -0.23075590804044097,
      -0.35855711866658263
    ],
    "test_mae": [
      -0.17946173067937315,
      -0.2490178807896292,
      -0.17989256020661243,
      -0.14417937150739474,
      -0.180483865309629
    ],
    "test_r2": [
      0.8360940236460733,
      0.4696182641633815,
      0.7090511949176238,
      0.870764782602552,
      0.6915842234989378
    ],
    "best_params": {
      "check_inverse": true,
      "func": null,
      "inverse_func": null,
      "regressor__natural_gradient": true,
      "regressor__n_estimators": 233,
      "regressor__learning_rate": 0.1,
      "regressor__minibatch_frac": 1.0,
      "regressor__col_sample": 1.0,
      "regressor__verbose": false,
      "transformer__memory": null,
      "transformer__verbose": false,
      "transformer__y scaler__copy": true,
      "transformer__y scaler__with_mean": true,
      "transformer__y scaler__with_std": true
    }
  },
  "69": {
    "fit_time": [
      6.126780271530151,
      6.140171051025391,
      7.37408185005188,
      8.194384574890137,
      7.161251544952393
    ],
    "score_time": [
      0.22395777702331543,
      0.22260141372680664,
      0.22153806686401367,
      0.21585941314697266,
      0.23263335227966309
    ],
    "test_pearson_r": [
      0.8989198892594432,
      0.8629097600263468,
      0.9172798481850745,
      0.769522083802363,
      0.884766491649288
    ],
    "test_spearman_r": [
      0.9015095152228433,
      0.8831449496533341,
      0.9345403611722951,
      0.8025874857451851,
      0.9014390451803962
    ],
    "test_rmse": [
      -0.2744333379933467,
      -0.3020219155523458,
      -0.2557269420421875,
      -0.40061780154304505,
      -0.33095283193147906
    ],
    "test_mae": [
      -0.18853339541923975,
      -0.1761288522243121,
      -0.16216195647271586,
      -0.22137890710565727,
      -0.20613442775508517
    ],
    "test_r2": [
      0.8047701425621288,
      0.7405321218433515,
      0.8333767620480024,
      0.5469579392844477,
      0.7671573796330191
    ],
    "best_params": {
      "check_inverse": true,
      "func": null,
      "inverse_func": null,
      "regressor__natural_gradient": true,
      "regressor__n_estimators": 486,
      "regressor__learning_rate": 0.04867687109405373,
      "regressor__minibatch_frac": 1.0,
      "regressor__col_sample": 1.0,
      "regressor__verbose": false,
      "transformer__memory": null,
      "transformer__verbose": false,
      "transformer__y scaler__copy": true,
      "transformer__y scaler__with_mean": true,
      "transformer__y scaler__with_std": true
    }
  },
  "420": {
    "fit_time": [
      14.969714164733887,
      14.03627872467041,
      15.402498960494995,
      13.80284571647644,
      14.405870199203491
    ],
    "score_time": [
      0.3570723533630371,
      0.3508422374725342,
      0.35079264640808105,
      0.3387761116027832,
      0.35578179359436035
    ],
    "test_pearson_r": [
      0.899002163580966,
      0.8489498219115842,
      0.8856970085437341,
      0.8737720985975278,
      0.7753540994575701
    ],
    "test_spearman_r": [
      0.8097731094502537,
      0.8430849362605563,
      0.8535430156250003,
      0.9057530253753889,
      0.8357432277357211
    ],
    "test_rmse": [
      -0.27646090027330905,
      -0.33048583729245035,
      -0.26605829351454385,
      -0.32565237332586566,
      -0.4153577414584478
    ],
    "test_mae": [
      -0.17039942414571804,
      -0.20011364216352617,
      -0.18981154088162072,
      -0.18785190264451013,
      -0.2085901397867085
    ],
    "test_r2": [
      0.7899985957844448,
      0.7201265075223144,
      0.7807428115957461,
      0.7550139388489787,
      0.5962206237436412
    ],
    "best_params": {
      "check_inverse": true,
      "func": null,
      "inverse_func": null,
      "regressor__natural_gradient": true,
      "regressor__n_estimators": 791,