{
  "6": {
    "fit_time": [
      8.044861793518066,
      8.720328569412231,
      7.60929536819458,
      6.585830450057983,
      7.825009107589722
    ],
    "score_time": [
      0.1448652744293213,
      0.16201448440551758,
      0.1643238067626953,
      0.16791915893554688,
      0.1723473072052002
    ],
    "test_pearson_r": [
      0.9855432924883732,
      0.9667721115681367,
      0.8579423441315313,
      0.9633201479129555,
      0.9466611457041234
    ],
    "test_pearson_p": [
      -3.1994875292244138e-40,
      -2.791239738101884e-31,
      -4.480233423545424e-16,
      -3.172011375362966e-30,
      -9.498052323473952e-26
    ],
    "test_spearman_r": [
      0.9677825917655944,
      0.9587584931134178,
      0.8773135955962847,
      0.9540563838262291,
      0.9261924165515648
    ],
    "test_spearman_p": [
      -1.3050742319078904e-31,
      -5.632859554343372e-29,
      -1.4554414629442054e-17,
      -7.9240333250855595e-28,
      -2.1386549559858184e-22
    ],
    "test_kendall_r": [
      0.8796389072693344,
      0.8318866371153635,
      0.8052958258128408,
      0.8320747597055526,
      0.8051848517320505
    ],
    "test_kendall_p": [
      -4.5984012931682326e-20,
      -3.63691367465215e-18,
      -4.235896174008106e-17,
      -3.852384442247517e-18,
      -8.336292919132974e-17
    ],
    "test_rmse": [
      -0.11577705252401971,
      -0.16435001609986838,
      -0.33238099230517676,
      -0.16990098440948423,
      -0.18129068360485012
    ],
    "test_mae": [
      -0.07926071366730143,
      -0.11764518358367576,
      -0.12858088895465639,
      -0.11167109202199876,
      -0.11113645476479038
    ],
    "test_r2": [
      0.9692900124657744,
      0.9324989077630808,
      0.719568392888323,
      0.9264948004037056,
      0.8923199285843403
    ],
    "best_params": {
      "check_inverse": true,
      "func": null,
      "inverse_func": null,
      "regressor__natural_gradient": true,
      "regressor__n_estimators": 480,
      "regressor__learning_rate": 0.09991264365517946,
      "regressor__minibatch_frac": 1,
      "regressor__col_sample": 1.0,
      "regressor__verbose": false,
      "transformer__memory": null,
      "transformer__verbose": false,
      "transformer__y scaler__copy": true,
      "transformer__y scaler__with_mean": true,
      "transformer__y scaler__with_std": true
    }
  },
  "13": {
    "fit_time": [
      36.612141609191895,
      37.13031244277954,
      36.99255609512329,
      34.48509073257446,
      36.00008273124695
    ],
    "score_time": [
      0.6866977214813232,
      0.5897164344787598,
      0.5934047698974609,
      0.5870826244354248,
      0.6045899391174316
    ],
    "test_pearson_r": [
      0.9869287162804743,
      0.9636358100261926,
      0.8567837001418629,
      0.9463044706388826,
      0.9559623205372886
    ],
    "test_pearson_p": [
      -2.619924160114487e-41,
      -2.5650885546848027e-30,
      -5.411030651228836e-16,
      -3.5645608365008163e-26,
      -9.669784450363992e-28
    ],
    "test_spearman_r": [
      0.9724571064598029,
      0.9448808820839723,
      0.8919444372863985,
      0.9311927841577226,
      0.9382721674853163
    ],
    "test_spearman_p": [
      -2.7375560498801314e-33,
      -6.742034636647433e-26,
      -7.272977437659838e-19,
      -1.4671129383263115e-23,
      -3.087409923344781e-24
    ],
    "test_kendall_r": [
      0.8779418687688129,
      0.8287335185861647,
      0.8009120744505617,
      0.8007589479209374,
      0.806287397114346
    ],
    "test_kendall_p": [
      -6.118050225469626e-20,
      -5.119240789706182e-18,
      -6.698893331331879e-17,
      -6.316316271655913e-17,
      -7.753368965293558e-17
    ],
    "test_rmse": [
      -0.10187297975337149,
      -0.18212062123359232,
      -0.33466563471748134,
      -0.2093938589607902,
      -0.17252989293927093
    ],
    "test_mae": [
      -0.07077466531148506,
      -0.1123760049023777,
      -0.13736101818419338,
      -0.12045910585961525,
      -0.1081193773221563
    ],
    "test_r2": [
      0.9736182813572828,
      0.9215399814396804,
      0.7126107887850417,
      0.8942362412650239,
      0.90702771881444
    ],
    "best_params": {
      "check_inverse": true,
      "func": null,
      "inverse_func": null,
      "regressor__natural_gradient": true,
      "regressor__n_estimators": 1939,
      "regressor__learning_rate": 0.09612080086975651,
      "regressor__minibatch_frac": 1,
      "regressor__col_sample": 1.0,
      "regressor__verbose": false,
      "transformer__memory": null,
      "transformer__verbose": false,
      "transformer__y scaler__copy": true,
      "transformer__y scaler__with_mean": true,
      "transformer__y scaler__with_std": true
    }
  },
  "42": {
    "fit_time": [
      8.903931379318237,
      8.2058424949646,
      8.923471212387085,
      7.850757122039795,
      9.715403079986572
    ],
    "score_time": [
      0.19634628295898438,
      0.1749403476715088,
      0.19195151329040527,
      0.18358063697814941,
      0.1701040267944336
    ],
    "test_pearson_r": [
      0.9743156228470576,
      0.9804315849206461,
      0.9164653259510851,
      0.9910390434099423,
      0.8780765538502254
    ],
    "test_pearson_p": [
      -4.8784239078747e-34,
      -5.840065851639895e-37,
      -1.569579123184633e-21,
      -2.187233374777159e-45,
      -2.652845780376118e-17
    ],
    "test_spearman_r": [
      0.9659515443012219,
      0.9729775889335296,
      0.9120133196721312,
      0.9843953573452906,
      0.8846871694295632
    ],
    "test_spearman_p": [
      -5.087294758508296e-31,
      -1.709495505975476e-33,
      -5.448850585209527e-21,
      -2.132546124073708e-39,
      -7.325989680651833e-18
    ],
    "test_kendall_r": [
      0.8526079533070853,
      0.8724530786623574,
      0.7915407854984893,
      0.9070318103901573,
      0.8240643796053496
    ],
    "test_kendall_p": [
      -5.436671304529034e-19,
      -7.33078564132598e-20,
      -1.3297683890212965e-16,
      -2.7649431139475773e-21,
      -2.3889126438403652e-17
    ],
    "test_rmse": [
      -0.1610138832425643,
      -0.13146567749714116,
      -0.2028436250554978,
      -0.0886798592962008,
      -0.3119824039997756
    ],
    "test_mae": [
      -0.10936710147591493,
      -0.09781630518344023,
      -0.12877127642278033,
      -0.06337728709861203,
      -0.11269581083228018
    ],
    "test_r2": [
      0.941596030079501,
      0.9598886185209905,
      0.8342304600955159,
      0.9809135477424833,
      0.766503654605883
    ],
    "best_params": {
      "check_inverse": true,
      "func": null,
      "inverse_func": null,
      "regressor__natural_gradient": true,
      "regressor__n_estimators": 558,
      "regressor__learning_rate": 0.0997823504985455,
      "regressor__minibatch_frac": 1,
      "regressor__col_sample": 1.0,
      "regressor__verbose": false,
      "transformer__memory": null,
      "transformer__verbose": false,
      "transformer__y scaler__copy": true,
      "transformer__y scaler__with_mean": true,
      "transformer__y scaler__with_std": true
    }
  },
  "69": {
    "fit_time": [
      22.624401807785034,
      22.692160844802856,
      20.72906994819641,
      23.251203298568726,
      22.478918313980103
    ],
    "score_time": [
      0.4217102527618408,
      0.42769551277160645,
      0.41144227981567383,
      0.3756682872772217,
      0.4108848571777344
    ],
    "test_pearson_r": [
      0.9829599788196525,
      0.8666925235053328,
      0.9721693631069793,
      0.8482593439124028,
      0.9626627587102259
    ],
    "test_pearson_p": [
      -1.8925975499855847e-38,
      -1.0182987232405778e-16,
      -3.537870147405324e-33,
      -2.0662263248698146e-15,
      -1.8309862073721043e-29
    ],
    "test_spearman_r": [
      0.9810430643167645,
      0.8645337208158148,
      0.9743830666555099,
      0.8880254577075258,
      0.9576903932304629
    ],