{
  "6": {
    "fit_time": [
      4.413800954818726,
      4.086153984069824,
      4.351126194000244,
      4.980817079544067,
      3.4398398399353027
    ],
    "score_time": [
      0.03264284133911133,
      0.03847098350524902,
      0.03395366668701172,
      0.032341957092285156,
      0.03483414649963379
    ],
    "test_r": [
      0.3501902549955649,
      0.2945903934405213,
      0.25137551652599915,
      0.4409237286695064,
      0.5914100380067097
    ],
    "test_r2": [
      0.09793537855148315,
      0.05924808979034424,
      0.05835050344467163,
      0.13861244916915894,
      0.2808350920677185
    ],
    "test_rmse": [
      -114.89117491777154,
      -124.90819676393173,
      -129.93317360087667,
      -122.97390353355647,
      -57.492222924247116
    ],
    "test_mae": [
      -58.085850010286215,
      -56.87191212495093,
      -59.52961870200363,
      -67.92336210673014,
      -44.74045013427136
    ],
    "best_params": {
      "check_inverse": true,
      "func": null,
      "inverse_func": null,
      "regressor__kernel": "rbf",
      "regressor__lr": 0.01,
      "regressor__n_epoch": 200,
      "transformer__memory": null,
      "transformer__verbose": false,
      "transformer__y scaler__copy": true,
      "transformer__y scaler__unit_variance": false,
      "transformer__y scaler__with_centering": true,
      "transformer__y scaler__with_scaling": true
    }
  },
  "13": {
    "fit_time": [
      3.9936063289642334,
      6.206313610076904,
      5.479717254638672,
      5.754537582397461,
      4.162808418273926
    ],
    "score_time": [
      0.033812761306762695,
      0.03133106231689453,
      0.035193443298339844,
      0.03508639335632324,
      0.03553891181945801
    ],
    "test_r": [
      0.3583169612542555,
      0.3785649994202541,
      0.16030519176707303,
      0.24615769430902623,
      0.6892004932332545
    ],
    "test_r2": [
      -0.19695591926574707,
      -0.0014899969100952148,
      0.006330549716949463,
      0.05860060453414917,
      0.39380818605422974
    ],
    "test_rmse": [
      -58.526087279685996,
      -174.11424669768914,
      -111.32480904950206,
      -129.721647712037,
      -58.958583092358204
    ],
    "test_mae": [
      -48.02398415275424,
      -87.50479239506141,
      -50.35633766943838,
      -61.5766212427416,
      -47.249114465511546
    ],
    "best_params": {
      "check_inverse": true,
      "func": null,
      "inverse_func": null,
      "regressor__kernel": "rbf",
      "regressor__lr": 0.01,
      "regressor__n_epoch": 200,
      "transformer__memory": null,
      "transformer__verbose": false,
      "transformer__y scaler__copy": true,
      "transformer__y scaler__unit_variance": false,
      "transformer__y scaler__with_centering": true,
      "transformer__y scaler__with_scaling": true
    }
  },
  "42": {
    "fit_time": [
      3.4935858249664307,
      3.6767427921295166,
      3.8443679809570312,
      5.065647602081299,
      3.715670347213745
    ],
    "score_time": [
      0.0377507209777832,
      0.032268524169921875,
      0.030304670333862305,
      0.030851125717163086,
      0.03738665580749512
    ],
    "test_r": [
      0.5638602841653688,
      0.27763565182111255,
      0.20886959745167066,
      0.6749070395331875,
      0.3608126366351478
    ],
    "test_r2": [
      0.22298377752304077,
      0.04051405191421509,
      0.02412581443786621,
      0.36991870403289795,
      0.053532183170318604
    ],
    "test_rmse": [
      -61.70496190897876,
      -164.01930912439968,
      -160.80710373726723,
      -68.69155465442638,
      -62.336559556263346
    ],
    "test_mae": [
      -51.39307539785349,
      -65.16675421627866,
      -66.08042968292237,
      -52.63766575061275,
      -52.54536393075382
    ],
    "best_params": {
      "check_inverse": true,
      "func": null,
      "inverse_func": null,
      "regressor__kernel": "rbf",
      "regressor__lr": 0.01,
      "regressor__n_epoch": 200,
      "transformer__memory": null,
      "transformer__verbose": false,
      "transformer__y scaler__copy": true,
      "transformer__y scaler__unit_variance": false,
      "transformer__y scaler__with_centering": true,
      "transformer__y scaler__with_scaling": true
    }
  },
  "69": {
    "fit_time": [
      3.6081111431121826,
      4.212054014205933,
      5.8817219734191895,
      5.506067991256714,
      4.330703973770142
    ],
    "score_time": [
      0.0363163948059082,
      0.03576827049255371,
      0.03160595893859863,
      0.03145885467529297,
      0.03420901298522949
    ],
    "test_r": [
      0.35318520930468317,
      0.3496395628180112,
      0.6021366887152413,
      0.5767201889178614,
      0.25176667048284873
    ],
    "test_r2": [
      0.10084390640258789,
      0.11658668518066406,
      0.2506980299949646,
      0.3146258592605591,
      0.0222318172454834
    ],
    "test_rmse": [
      -131.98646293176088,
      -113.75403463208909,
      -55.143971550312244,
      -54.22472013093088,
      -165.71003772430973
    ],
    "test_mae": [
      -65.05865116404814,
      -55.23324170428706,
      -43.966778456157606,
      -42.60231589975394,
      -77.77289672838398
    ],
    "best_params": {
      "check_inverse": true,
      "func": null,
      "inverse_func": null,
      "regressor__kernel": "rbf",
      "regressor__lr": 0.01,
      "regressor__n_epoch": 200,
      "transformer__memory": null,
      "transformer__verbose": false,
      "transformer__y scaler__copy": true,
      "transformer__y scaler__unit_variance": false,
      "transformer__y scaler__with_centering": true,
      "transformer__y scaler__with_scaling": true
    }
  },
  "420": {
    "fit_time": [
      4.418445110321045,
      4.430859088897705,
      4.922621011734009,
      3.559596300125122,
      3.699335813522339
    ],
    "score_time": [
      0.037703514099121094,
      0.032073020935058594,
      0.03154706954956055,
      0.046044111251831055,
      0.040546417236328125
    ],
    "test_r": [
      0.7127075720808725,
      0.2809319190806784,
      0.4013724734571684,
      0.2759231034930254,
      0.22394465421108725
    ],
    "test_r2": [
      0.4394768476486206,
      0.07264608144760132,
      0.1241227388381958,
      0.06302869319915771,
      0.04892987012863159
    ],
    "test_rmse": [
      -52.63145704274666,
      -125.9651303367654,
      -120.10986702472273,
      -133.5537035827052,
      -115.51069727037738
    ],
    "test_mae": [
      -42.306402563889435,
      -62.05016389990714,
      -63.39870491629805,
      -66.15785528106092,
      -54.17305045589072
    ],
    "best_params": {
      "check_inverse": true,
      "func": null,
      "inverse_func": null,
      "regressor__kernel": "rbf",
      "regressor__lr": 0.01,
      "regressor__n_epoch": 200,
      "transformer__memory": null,
      "transformer__verbose": false,
      "transformer__y scaler__copy": true,
      "transformer__y scaler__unit_variance": false,
      "transformer__y scaler__with_centering": true,
      "transformer__y scaler__with_scaling": true
    }
  },
  "1234567890": {
    "fit_time": [
      4.640953779220581,
      4.9795897006988525,
      3.384140729904175,
      6.532209634780884,
      3.3477795124053955
    ],
    "score_time": [
      0.03148627281188965,
      0.03553032875061035,
      0.035162925720214844,
      0.031169414520263672,
      0.032182931900024414
    ],
    "test_r": [
      0.6555552300304922,
      0.2528352290113236,
      0.4433639573513333,
      0.3471684627852973,
      0.21168396466025124
    ],
    "test_r2": [
      0.3673561215400696,
      0.04078316688537598,
      0.08036994934082031,
      0.1153191328048706,
      0.020582616329193115
    ],
    "test_rmse": [
      -65.62146194757351,
      -129.50318872288446,
      -60.175298672377906,
      -116.30459243104286,
      -164.11221720705902
    ],