{
  "6": {
    "fit_time": [
      7.61800479888916,
      7.619641304016113,
      7.6340696811676025,
      7.640573740005493,
      7.623583078384399
    ],
    "score_time": [
      0.025796890258789062,
      0.026250362396240234,
      0.02543473243713379,
      0.028237342834472656,
      0.03383779525756836
    ],
    "test_r": [
      0.3287680017969412,
      0.2619016455071512,
      0.2167839556944261,
      0.40461142847491105,
      0.6195443880108766
    ],
    "test_r2": [
      0.08498448133468628,
      0.05330502986907959,
      0.033039212226867676,
      0.06633472442626953,
      0.12181621789932251
    ],
    "test_rmse": [
      -115.71297052266159,
      -125.30211947906005,
      -131.66787113044188,
      -128.02926767488614,
      -63.53127688212508
    ],
    "test_mae": [
      -61.44591708986768,
      -61.60645031695198,
      -66.24208815824622,
      -75.92457762635473,
      -54.99749977335612
    ],
    "best_params": {
      "check_inverse": true,
      "func": null,
      "inverse_func": null,
      "regressor__kernel": "tanimoto",
      "regressor__lr": 0.01,
      "regressor__n_epoch": 1000,
      "transformer__memory": null,
      "transformer__verbose": false,
      "transformer__y scaler__copy": true,
      "transformer__y scaler__with_mean": true,
      "transformer__y scaler__with_std": true
    }
  },
  "13": {
    "fit_time": [
      6.70675802230835,
      6.588303565979004,
      6.633054733276367,
      6.671653509140015,
      6.506221294403076
    ],
    "score_time": [
      0.026725053787231445,
      0.02703547477722168,
      0.029355287551879883,
      0.02722311019897461,
      0.026964187622070312
    ],
    "test_r": [
      0.36944370408853294,
      0.2752691355023787,
      0.12459643363507127,
      0.21358397441652074,
      0.7726586019861462
    ],
    "test_r2": [
      -0.34306907653808594,
      -0.04035604000091553,
      -0.0175018310546875,
      0.04502600431442261,
      0.23342424631118774
    ],
    "test_rmse": [
      -61.99541218952874,
      -177.46062860961527,
      -112.65191867515941,
      -130.65357005803406,
      -66.3009154791112
    ],
    "test_mae": [
      -55.44561977302103,
      -96.26281072789808,
      -56.01848671728993,
      -66.17955852597703,
      -55.33088987797755
    ],
    "best_params": {
      "check_inverse": true,
      "func": null,
      "inverse_func": null,
      "regressor__kernel": "tanimoto",
      "regressor__lr": 0.01,
      "regressor__n_epoch": 1000,
      "transformer__memory": null,
      "transformer__verbose": false,
      "transformer__y scaler__copy": true,
      "transformer__y scaler__with_mean": true,
      "transformer__y scaler__with_std": true
    }
  },
  "42": {
    "fit_time": [
      6.1085827350616455,
      5.731381893157959,
      5.697099924087524,
      6.083872318267822,
      5.58400297164917
    ],
    "score_time": [
      0.02597832679748535,
      0.025164127349853516,
      0.024545907974243164,
      0.02562427520751953,
      0.02402472496032715
    ],
    "test_r": [
      0.624333146534128,
      0.22315309652295182,
      0.17084316917764178,
      0.567242672829018,
      0.42673714450452543
    ],
    "test_r2": [
      0.15369784832000732,
      0.030829787254333496,
      0.02034968137741089,
      0.11755269765853882,
      0.006269633769989014
    ],
    "test_rmse": [
      -64.39731768948987,
      -164.84495983328986,
      -161.11792864013688,
      -81.29230795243153,
      -63.87401211157161
    ],
    "test_mae": [
      -56.97492978053673,
      -71.46703984114103,
      -69.86927860849417,
      -65.95996033739277,
      -56.25830253492169
    ],
    "best_params": {
      "check_inverse": true,
      "func": null,
      "inverse_func": null,
      "regressor__kernel": "tanimoto",
      "regressor__lr": 0.01,
      "regressor__n_epoch": 1000,
      "transformer__memory": null,
      "transformer__verbose": false,
      "transformer__y scaler__copy": true,
      "transformer__y scaler__with_mean": true,
      "transformer__y scaler__with_std": true
    }
  },
  "69": {
    "fit_time": [
      6.295185804367065,
      6.384864330291748,
      6.67894434928894,
      6.210183382034302,
      5.921832084655762
    ],
    "score_time": [
      0.02649235725402832,
      0.0272674560546875,
      0.028080224990844727,
      0.02602362632751465,
      0.02501654624938965
    ],
    "test_r": [
      0.34605295484277104,
      0.3092461022140488,
      0.6054422617240278,
      0.6168822768964437,
      0.22570797393200506
    ],
    "test_r2": [
      0.08244413137435913,
      0.08437728881835938,
      0.03627443313598633,
      0.18728280067443848,
      0.01957237720489502
    ],
    "test_rmse": [
      -133.33007091068293,
      -115.8092228053104,
      -62.53833067954856,
      -59.04773322452251,
      -165.93525614934532
    ],
    "test_mae": [
      -70.45844998738606,
      -62.249833142879716,
      -54.40783449450923,
      -50.76665820405847,
      -79.6184185355871
    ],
    "best_params": {
      "check_inverse": true,
      "func": null,
      "inverse_func": null,
      "regressor__kernel": "tanimoto",
      "regressor__lr": 0.01,
      "regressor__n_epoch": 1000,
      "transformer__memory": null,
      "transformer__verbose": false,
      "transformer__y scaler__copy": true,
      "transformer__y scaler__with_mean": true,
      "transformer__y scaler__with_std": true
    }
  },
  "420": {
    "fit_time": [
      7.981915712356567,
      8.393689632415771,
      8.59462571144104,
      7.902595520019531,
      7.876944065093994
    ],
    "score_time": [
      0.027345657348632812,
      0.028812170028686523,
      0.029385805130004883,
      0.027418136596679688,
      0.03152203559875488
    ],
    "test_r": [
      0.6612949718673802,
      0.27393630681184133,
      0.3573903797553567,
      0.24606898768643046,
      0.19694596612264914
    ],
    "test_r2": [
      0.16425800323486328,
      0.05945521593093872,
      0.06893157958984375,
      0.051387906074523926,
      0.03792649507522583
    ],
    "test_rmse": [
      -64.26650588255957,
      -126.85784100122565,
      -123.83626788231322,
      -134.38077272623963,
      -116.17697304934998
    ],
    "test_mae": [
      -54.327797237405214,
      -67.86511323474362,
      -71.11382722594017,
      -69.76668948414522,
      -58.570138538148164
    ],
    "best_params": {
      "check_inverse": true,
      "func": null,
      "inverse_func": null,
      "regressor__kernel": "tanimoto",
      "regressor__lr": 0.01,
      "regressor__n_epoch": 1000,
      "transformer__memory": null,
      "transformer__verbose": false,
      "transformer__y scaler__copy": true,
      "transformer__y scaler__with_mean": true,
      "transformer__y scaler__with_std": true
    }
  },
  "1234567890": {
    "fit_time": [
      7.753070592880249,
      6.966948747634888,
      6.992692947387695,
      6.478403568267822,
      6.588233470916748
    ],
    "score_time": [
      0.03013300895690918,
      0.026926755905151367,
      0.02936697006225586,
      0.037862300872802734,
      0.0353853702545166
    ],
    "test_r": [
      0.6324715167348952,
      0.23502679590433512,
      0.5351925364722387,
      0.2828707447906423,
      0.17069098984333084
    ],
    "test_r2": [
      0.11875629425048828,
      0.04095578193664551,
      -0.0477449893951416,
      0.06933075189590454,
      0.01275259256362915
    ],
    "test_rmse": [
      -77.44872744336297,
      -129.49153836137918,
      -64.23022719521416,
      -119.28921627536718,
      -164.76691113529617
    ],
    "test_mae": [
      -60.75187857852712,
      -63.63340721491795,
      -59.631267373453774,
      -66.29144581241383,
      -75.58210788382735
    ],
    "best_params": {
      "check_inverse": true,
      "func": null,
      "inverse_func": null,
      "regressor__kernel": "tanimoto",
      "regressor__lr": 0.01,
      "regressor__n_epoch": 1000,