{
  "6": {
    "fit_time": [
      30.786951065063477,
      30.749905347824097,
      30.48113441467285,
      30.84169864654541,
      29.136895179748535
    ],
    "score_time": [
      0.8479657173156738,
      0.8139855861663818,
      0.8230552673339844,
      0.8236842155456543,
      0.8678891658782959
    ],
    "test_r": [
      0.23957664113549446,
      0.2942081502473819,
      0.6545217221667251,
      0.44064938280366894,
      0.6007297526713976
    ],
    "test_r2": [
      0.01229650880483557,
      0.07433292456602436,
      0.08749274266634388,
      0.1895923154613881,
      0.2926727397692419
    ],
    "test_rmse": [
      -164.04324319061112,
      -115.15965392326002,
      -58.85524063772879,
      -124.0326379677012,
      -58.526074569164805
    ],
    "test_mae": [
      -71.33493837397151,
      -54.60799906173755,
      -47.87386533646322,
      -61.073628748388586,
      -46.884309909308385
    ],
    "best_params": {
      "check_inverse": true,
      "func": null,
      "inverse_func": null,
      "regressor__natural_gradient": true,
      "regressor__n_estimators": 2000,
      "regressor__learning_rate": 0.0006733801824283594,
      "regressor__minibatch_frac": 1,
      "regressor__col_sample": 1.0,
      "regressor__verbose": false,
      "transformer__memory": null,
      "transformer__verbose": false,
      "transformer__y scaler__copy": true,
      "transformer__y scaler__with_mean": true,
      "transformer__y scaler__with_std": true
    }
  },
  "13": {
    "fit_time": [
      24.547608852386475,
      23.646018266677856,
      24.57121515274048,
      24.283542156219482,
      24.18100881576538
    ],
    "score_time": [
      0.6941864490509033,
      0.8685595989227295,
      0.6915876865386963,
      0.6960535049438477,
      0.6909565925598145
    ],
    "test_r": [
      0.3250651575160484,
      0.47456071984482473,
      0.08586114444366207,
      0.27087127012858436,
      0.6598272964644091
    ],
    "test_r2": [
      -0.3564504705381779,
      0.2073613716982763,
      -0.007878955556168687,
      0.06743882845697813,
      0.41727644251747553
    ],
    "test_rmse": [
      -58.24165962750391,
      -130.75818507185767,
      -157.9250540753971,
      -118.45458830404317,
      -58.66759441558475
    ],
    "test_mae": [
      -47.603423368304895,
      -60.578878974766035,
      -62.909408460711894,
      -61.577434868722065,
      -46.41811307992839
    ],
    "best_params": {
      "check_inverse": true,
      "func": null,
      "inverse_func": null,
      "regressor__natural_gradient": true,
      "regressor__n_estimators": 1671,
      "regressor__learning_rate": 0.001,
      "regressor__minibatch_frac": 1,
      "regressor__col_sample": 1.0,
      "regressor__verbose": false,
      "transformer__memory": null,
      "transformer__verbose": false,
      "transformer__y scaler__copy": true,
      "transformer__y scaler__with_mean": true,
      "transformer__y scaler__with_std": true
    }
  },
  "42": {
    "fit_time": [
      24.850817441940308,
      26.42595410346985,
      23.689260959625244,
      23.96739435195923,
      26.98133087158203
    ],
    "score_time": [
      0.6975793838500977,
      0.7064335346221924,
      0.719048023223877,
      0.9299314022064209,
      0.6813983917236328
    ],
    "test_r": [
      0.2872117820895857,
      0.7014330393898667,
      0.20988538012815766,
      0.4842487476769356,
      0.3778860471169591
    ],
    "test_r2": [
      0.05707147329427442,
      0.40746714502528125,
      0.03546949238637287,
      0.22929024651119556,
      0.04921573435961424
    ],
    "test_rmse": [
      -116.72994263842445,
      -57.20101207928489,
      -168.99505536167203,
      -115.25997140989467,
      -61.88830798434199
    ],
    "test_mae": [
      -56.83307500466034,
      -45.367553105724255,
      -64.64049704435584,
      -59.36581082998545,
      -52.0872280533981
    ],
    "best_params": {
      "check_inverse": true,
      "func": null,
      "inverse_func": null,
      "regressor__natural_gradient": true,
      "regressor__n_estimators": 1675,
      "regressor__learning_rate": 0.001,
      "regressor__minibatch_frac": 1,
      "regressor__col_sample": 1.0,
      "regressor__verbose": false,
      "transformer__memory": null,
      "transformer__verbose": false,
      "transformer__y scaler__copy": true,
      "transformer__y scaler__with_mean": true,
      "transformer__y scaler__with_std": true
    }
  },
  "69": {
    "fit_time": [
      30.350919246673584,
      28.680622100830078,
      29.274455070495605,
      29.171064615249634,
      29.26081418991089
    ],
    "score_time": [
      0.8271586894989014,
      0.8892793655395508,
      0.8844413757324219,
      0.9670281410217285,
      0.8819561004638672
    ],
    "test_r": [
      0.32596898563647136,
      0.1952580676053416,
      0.6737102311275733,
      0.6821885052029463,
      0.3667488493728464
    ],
    "test_r2": [
      0.10262531974547273,
      0.02016165300550332,
      0.19590747976849232,
      0.4634691977082843,
      0.1319897270669509
    ],
    "test_rmse": [
      -130.31156175217345,
      -155.1342435832405,
      -55.89093603863906,
      -49.58432702795754,
      -125.09317011915687
    ],
    "test_mae": [
      -64.33527229879185,
      -70.47383789519843,
      -45.723750348876685,
      -37.107607627782784,
      -62.5158547733316
    ],
    "best_params": {
      "check_inverse": true,
      "func": null,
      "inverse_func": null,
      "regressor__natural_gradient": true,
      "regressor__n_estimators": 2000,
      "regressor__learning_rate": 0.000865860028851471,
      "regressor__minibatch_frac": 1,
      "regressor__col_sample": 1.0,
      "regressor__verbose": false,
      "transformer__memory": null,
      "transformer__verbose": false,
      "transformer__y scaler__copy": true,
      "transformer__y scaler__with_mean": true,
      "transformer__y scaler__with_std": true
    }
  },
  "420": {
    "fit_time": [
      27.495410919189453,
      28.848421096801758,
      28.40616750717163,
      28.758275985717773,
      29.327926874160767
    ],
    "score_time": [
      0.847820520401001,
      0.8701272010803223,
      0.8302223682403564,
      0.8339829444885254,
      0.8620243072509766
    ],
    "test_r": [
      0.7750244820827035,
      0.27977415240872355,
      0.35235609992921413,
      0.6345419614933804,
      0.20596137243495025
    ],
    "test_r2": [
      0.4841895670670514,
      0.04985934180456453,
      0.12283247897995453,
      0.38104357268508393,
      0.04084007466355766
    ],
    "test_rmse": [
      -49.09420127341462,
      -155.69665374619262,
      -129.0610833545369,
      -59.1336642265045,
      -123.80012465046062
    ],
    "test_mae": [
      -39.488195904239966,
      -72.9774403128301,
      -57.829606321670525,
      -45.481648013024426,
      -58.588705393916364
    ],
    "best_params": {
      "check_inverse": true,
      "func": null,
      "inverse_func": null,
      "regressor__natural_gradient": true,
      "regressor__n_estimators": 2000,
      "regressor__learning_rate": 0.001,
      "regressor__minibatch_frac": 1,
      "regressor__col_sample": 1.0,
      "regressor__verbose": false,
      "transformer__memory": null,
      "transformer__verbose": false,
      "transformer__y scaler__copy": true,
      "transformer__y scaler__with_mean": true,
      "transformer__y scaler__with_std": true
    }
  },
  "1234567890": {
    "fit_time": [
      29.177659511566162,
      29.045331478118896,
      28.047613620758057,
      29.18987727165222,
      29.213629961013794
    ],
    "score_time": [
      0.8541109561920166,
      0.8487794399261475,
      0.9287278652191162,
      0.8560373783111572,
      0.8407046794891357
    ],
    "test_r": [
      0.6437123529126163,
      0.3977368968681943,
      0.32816822129936185,
      0.3501831677219926,
      0.3009628669910669
    ],