{
  "6": {
    "fit_time": [
      4.018624305725098,
      4.010361909866333,
      3.7933969497680664,
      3.800806760787964,
      3.5620689392089844
    ],
    "score_time": [
      0.01612401008605957,
      0.015407562255859375,
      0.014519214630126953,
      0.014500141143798828,
      0.014531135559082031
    ],
    "test_r": [
      0.3436582973314288,
      0.27102728282098054,
      0.23419611173573252,
      0.41854498585546335,
      0.6082033599431969
    ],
    "test_r2": [
      0.09047585725784302,
      0.056975364685058594,
      0.04746061563491821,
      0.10185188055038452,
      0.23697751760482788
    ],
    "test_rmse": [
      -115.36522959706218,
      -125.05898755091832,
      -130.68232461906427,
      -125.57048874965922,
      -59.21933648188996
    ],
    "test_mae": [
      -58.56238676107967,
      -59.06731625397925,
      -61.98105208858715,
      -70.6377718700334,
      -48.37266791922775
    ],
    "best_params": {
      "check_inverse": true,
      "func": null,
      "inverse_func": null,
      "regressor__kernel": "tanimoto",
      "regressor__lr": 0.01,
      "regressor__n_epoch": 1000,
      "transformer__memory": null,
      "transformer__verbose": false,
      "transformer__y scaler__copy": true,
      "transformer__y scaler__unit_variance": false,
      "transformer__y scaler__with_centering": true,
      "transformer__y scaler__with_scaling": true
    }
  },
  "13": {
    "fit_time": [
      4.5036914348602295,
      4.563760042190552,
      4.577749729156494,
      4.629991054534912,
      4.8179030418396
    ],
    "score_time": [
      0.0172121524810791,
      0.016916275024414062,
      0.016594409942626953,
      0.015962839126586914,
      0.015292882919311523
    ],
    "test_r": [
      0.38191508542400937,
      0.3372676827539926,
      0.14275452541507422,
      0.23776013254211067,
      0.7094164060450909
    ],
    "test_r2": [
      -0.19309425354003906,
      -0.02142941951751709,
      -0.006288290023803711,
      0.056433141231536865,
      0.3226456642150879
    ],
    "test_rmse": [
      -58.431600985350194,
      -175.83899836152978,
      -112.02945660565044,
      -129.87090667417684,
      -62.323228688566665
    ],
    "test_mae": [
      -49.82762636090447,
      -90.86801131216012,
      -53.31881887736002,
      -62.75283807507085,
      -50.28484812753714
    ],
    "best_params": {
      "check_inverse": true,
      "func": null,
      "inverse_func": null,
      "regressor__kernel": "tanimoto",
      "regressor__lr": 0.01,
      "regressor__n_epoch": 1000,
      "transformer__memory": null,
      "transformer__verbose": false,
      "transformer__y scaler__copy": true,
      "transformer__y scaler__unit_variance": false,
      "transformer__y scaler__with_centering": true,
      "transformer__y scaler__with_scaling": true
    }
  },
  "42": {
    "fit_time": [
      5.094321250915527,
      5.246524095535278,
      5.205228805541992,
      5.119319915771484,
      5.247602462768555
    ],
    "score_time": [
      0.01809525489807129,
      0.017855167388916016,
      0.01739048957824707,
      0.01811981201171875,
      0.017244815826416016
    ],
    "test_r": [
      0.5823335794192883,
      0.2537383527358897,
      0.18248834853816615,
      0.5872617099044876,
      0.43445447402425497
    ],
    "test_r2": [
      0.206121563911438,
      0.035424768924713135,
      0.02052462100982666,
      0.23828184604644775,
      0.08271533250808716
    ],
    "test_rmse": [
      -62.370906619102115,
      -164.45372393607138,
      -161.10354622517255,
      -75.52699431987976,
      -61.36799906374724
    ],
    "test_mae": [
      -53.508272590774844,
      -67.62774753577138,
      -68.12088586760876,
      -57.69833942315794,
      -52.55959985362334
    ],
    "best_params": {
      "check_inverse": true,
      "func": null,
      "inverse_func": null,
      "regressor__kernel": "tanimoto",
      "regressor__lr": 0.01,
      "regressor__n_epoch": 1000,
      "transformer__memory": null,
      "transformer__verbose": false,
      "transformer__y scaler__copy": true,
      "transformer__y scaler__unit_variance": false,
      "transformer__y scaler__with_centering": true,
      "transformer__y scaler__with_scaling": true
    }
  },
  "69": {
    "fit_time": [
      4.675160884857178,
      4.7965614795684814,
      4.72327995300293,
      4.73067569732666,
      3.981433391571045
    ],
    "score_time": [
      0.016016006469726562,
      0.015788555145263672,
      0.01632213592529297,
      0.016745805740356445,
      0.015230178833007812
    ],
    "test_r": [
      0.35428865137546584,
      0.3364055475524145,
      0.603632664307685,
      0.5518113991187508,
      0.2316906451276792
    ],
    "test_r2": [
      0.08893692493438721,
      0.10434496402740479,
      0.19488561153411865,
      0.2581445574760437,
      0.016267597675323486
    ],
    "test_rmse": [
      -132.8574976928766,
      -114.53949315143498,
      -57.160810561798364,
      -56.41481149122985,
      -166.21466799242387
    ],
    "test_mae": [
      -67.00782611982757,
      -57.59405201405245,
      -47.77334622043984,
      -45.87630522937252,
      -78.30409612006693
    ],
    "best_params": {
      "check_inverse": true,
      "func": null,
      "inverse_func": null,
      "regressor__kernel": "tanimoto",
      "regressor__lr": 0.01,
      "regressor__n_epoch": 1000,
      "transformer__memory": null,
      "transformer__verbose": false,
      "transformer__y scaler__copy": true,
      "transformer__y scaler__unit_variance": false,
      "transformer__y scaler__with_centering": true,
      "transformer__y scaler__with_scaling": true
    }
  },
  "420": {
    "fit_time": [
      5.057268142700195,
      5.0771379470825195,
      5.065826892852783,
      5.063564777374268,
      5.071805477142334
    ],
    "score_time": [
      0.01897287368774414,
      0.018595457077026367,
      0.018767833709716797,
      0.01883411407470703,
      0.018300771713256836
    ],
    "test_r": [
      0.6461797105683361,
      0.2970603417453856,
      0.3836429697727858,
      0.2520209066263476,
      0.2157315775883868
    ],
    "test_r2": [
      0.3145425319671631,
      0.07581126689910889,
      0.10181456804275513,
      0.05096346139907837,
      0.04632312059402466
    ],
    "test_rmse": [
      -58.20212725270904,
      -125.74997051190859,
      -121.6298238708986,
      -134.41082468959,
      -115.66888203958212
    ],
    "test_mae": [
      -46.793362376577335,
      -63.382683281561164,
      -65.47905966581456,
      -68.36932402627384,
      -55.40823246407302
    ],
    "best_params": {
      "check_inverse": true,
      "func": null,
      "inverse_func": null,
      "regressor__kernel": "tanimoto",
      "regressor__lr": 0.01,
      "regressor__n_epoch": 1000,
      "transformer__memory": null,
      "transformer__verbose": false,
      "transformer__y scaler__copy": true,
      "transformer__y scaler__unit_variance": false,
      "transformer__y scaler__with_centering": true,
      "transformer__y scaler__with_scaling": true
    }
  },
  "1234567890": {
    "fit_time": [
      3.893657922744751,
      4.326629161834717,
      3.95906138420105,
      4.023701429367065,
      3.822011709213257
    ],
    "score_time": [
      0.015375852584838867,
      0.015396833419799805,
      0.017009496688842773,
      0.015498876571655273,
      0.015354394912719727
    ],
    "test_r": [
      0.6216596221377716,
      0.2523924332745713,
      0.46739035973566617,
      0.32437125486453483,
      0.19586186845090295
    ],
    "test_r2": [
      0.27662044763565063,
      0.043896257877349854,
      0.03727596998214722,
      0.0969916582107544,
      0.016901791095733643
    ],
    "test_rmse": [
      -70.16965850167948,
      -129.292878428142,
      -61.56906480306228,
      -117.50312570923818,
      -164.42031359532538
    ],