{
  "6": {
    "fit_time": [
      0.828819990158081,
      0.866072416305542,
      0.854588508605957,
      0.8008146286010742,
      0.7868797779083252
    ],
    "score_time": [
      0.0429387092590332,
      0.04495596885681152,
      0.04351305961608887,
      0.050620079040527344,
      0.05543398857116699
    ],
    "test_r": [
      0.13197429478818143,
      0.2555615984472279,
      0.49566202324734604,
      0.35579281418316044,
      0.5011210461976731
    ],
    "test_r2": [
      -0.020464291286817815,
      0.06272967849765532,
      -0.13524573543690654,
      0.0678422969473148,
      0.16062797738939016
    ],
    "test_rmse": [
      -166.7415976954274,
      -115.87916986843676,
      -65.64655130994194,
      -133.02366271809055,
      -63.7553219324857
    ],
    "test_mae": [
      -75.42970276074135,
      -56.64850567193142,
      -54.785905630399576,
      -71.44769265817119,
      -53.49753179187578
    ],
    "best_params": {
      "check_inverse": true,
      "func": null,
      "inverse_func": null,
      "regressor__bootstrap": true,
      "regressor__ccp_alpha": 0.0,
      "regressor__criterion": "squared_error",
      "regressor__max_depth": null,
      "regressor__max_features": "sqrt",
      "regressor__max_leaf_nodes": null,
      "regressor__max_samples": null,
      "regressor__min_impurity_decrease": 0.0,
      "regressor__min_samples_leaf": 0.05,
      "regressor__min_samples_split": 0.05,
      "regressor__min_weight_fraction_leaf": 0.0,
      "regressor__monotonic_cst": null,
      "regressor__n_estimators": 522,
      "regressor__n_jobs": null,
      "regressor__oob_score": false,
      "regressor__random_state": null,
      "regressor__verbose": 0,
      "regressor__warm_start": false,
      "transformer__memory": null,
      "transformer__verbose": false,
      "transformer__y scaler__copy": true,
      "transformer__y scaler__with_mean": true,
      "transformer__y scaler__with_std": true
    }
  },
  "13": {
    "fit_time": [
      0.1813030242919922,
      0.0931706428527832,
      0.16730713844299316,
      0.1610560417175293,
      0.16469287872314453
    ],
    "score_time": [
      0.030991554260253906,
      0.025286197662353516,
      0.023488759994506836,
      0.023871898651123047,
      0.02323436737060547
    ],
    "test_r": [
      0.443337359038075,
      0.3631523749433882,
      0.010721420939869514,
      0.1908474954934568,
      0.6517600765488052
    ],
    "test_r2": [
      -0.3461638090690131,
      0.02983186037724539,
      -0.034372965364405594,
      0.03438545561383266,
      0.28238948826288046
    ],
    "test_rmse": [
      -58.020401122147824,
      -144.66210203577344,
      -159.98726945230004,
      -120.53554126867716,
      -65.10455714271396
    ],
    "test_mae": [
      -51.3828440503368,
      -80.04558511197517,
      -67.8420672330588,
      -62.71085013641694,
      -53.03347586491593
    ],
    "best_params": {
      "check_inverse": true,
      "func": null,
      "inverse_func": null,
      "regressor__bootstrap": true,
      "regressor__ccp_alpha": 0.0,
      "regressor__criterion": "squared_error",
      "regressor__max_depth": null,
      "regressor__max_features": "sqrt",
      "regressor__max_leaf_nodes": null,
      "regressor__max_samples": null,
      "regressor__min_impurity_decrease": 0.0,
      "regressor__min_samples_leaf": 0.05020420672656482,
      "regressor__min_samples_split": 0.23278827406992325,
      "regressor__min_weight_fraction_leaf": 0.0,
      "regressor__monotonic_cst": null,
      "regressor__n_estimators": 61,
      "regressor__n_jobs": null,
      "regressor__oob_score": false,
      "regressor__random_state": null,
      "regressor__verbose": 0,
      "regressor__warm_start": false,
      "transformer__memory": null,
      "transformer__verbose": false,
      "transformer__y scaler__copy": true,
      "transformer__y scaler__with_mean": true,
      "transformer__y scaler__with_std": true
    }
  },
  "42": {
    "fit_time": [
      2.8708572387695312,
      2.912033796310425,
      2.9495649337768555,
      3.152799129486084,
      3.485295057296753
    ],
    "score_time": [
      0.1269979476928711,
      0.12356138229370117,
      0.11784744262695312,
      0.13872766494750977,
      0.11966323852539062
    ],
    "test_r": [
      0.24925183158656916,
      0.5168348236967002,
      0.06478989097777646,
      0.33258792317004987,
      0.5185905497425534
    ],
    "test_r2": [
      0.04588132901497044,
      0.18496857904284503,
      -0.006773238158396255,
      0.07421257833374217,
      0.12618638284750194
    ],
    "test_rmse": [
      -117.4205423519891,
      -67.08642834456448,
      -172.65606740433782,
      -126.32482867515274,
      -59.33036504322265
    ],
    "test_mae": [
      -58.43020772825244,
      -54.56971997631551,
      -74.67519097229051,
      -72.82868328595539,
      -50.010411101264324
    ],
    "best_params": {
      "check_inverse": true,
      "func": null,
      "inverse_func": null,
      "regressor__bootstrap": true,
      "regressor__ccp_alpha": 0.0,
      "regressor__criterion": "squared_error",
      "regressor__max_depth": null,
      "regressor__max_features": "sqrt",
      "regressor__max_leaf_nodes": null,
      "regressor__max_samples": null,
      "regressor__min_impurity_decrease": 0.0,
      "regressor__min_samples_leaf": 0.05,
      "regressor__min_samples_split": 0.05,
      "regressor__min_weight_fraction_leaf": 0.0,
      "regressor__monotonic_cst": null,
      "regressor__n_estimators": 2000,
      "regressor__n_jobs": null,
      "regressor__oob_score": false,
      "regressor__random_state": null,
      "regressor__verbose": 0,
      "regressor__warm_start": false,
      "transformer__memory": null,
      "transformer__verbose": false,
      "transformer__y scaler__copy": true,
      "transformer__y scaler__with_mean": true,
      "transformer__y scaler__with_std": true
    }
  },
  "69": {
    "fit_time": [
      1.5736968517303467,
      1.5717358589172363,
      1.8628933429718018,
      1.625067949295044,
      1.6610748767852783
    ],
    "score_time": [
      0.07574462890625,
      0.07051849365234375,
      0.08504986763000488,
      0.07452774047851562,
      0.07683324813842773
    ],
    "test_r": [
      0.2562873778822881,
      0.08812761844521781,
      0.5472298084761515,
      0.6176828800818297,
      0.2481611274232528
    ],
    "test_r2": [
      0.05708984230964964,
      -0.009798290118456343,
      0.016441852586825956,
      0.29621394174619076,
      0.05207387252613205
    ],
    "test_rmse": [
      -133.57685102353727,
      -157.48811030316844,
      -61.81421979643979,
      -56.78941866516309,
      -130.72492848835677
    ],
    "test_mae": [
      -68.573967954912,
      -75.50736580095896,
      -52.76318779763638,
      -45.597109401223726,
      -68.58718192874028
    ],
    "best_params": {
      "check_inverse": true,
      "func": null,
      "inverse_func": null,
      "regressor__bootstrap": true,
      "regressor__ccp_alpha": 0.0,
      "regressor__criterion": "squared_error",
      "regressor__max_depth": null,
      "regressor__max_features": "sqrt",
      "regressor__max_leaf_nodes": null,
      "regressor__max_samples": null,
      "regressor__min_impurity_decrease": 0.0,
      "regressor__min_samples_leaf": 0.05,
      "regressor__min_samples_split": 0.05,
      "regressor__min_weight_fraction_leaf": 0.0,
      "regressor__monotonic_cst": null,
      "regressor__n_estimators": 1124,
      "regressor__n_jobs": null,
      "regressor__oob_score": false,
      "regressor__random_state": null,
      "regressor__verbose": 0,
      "regressor__warm_start": false,
      "transformer__memory": null,
      "transformer__verbose": false,
      "transformer__y scaler__copy": true,
      "transformer__y scaler__with_mean": true,
      "transformer__y scaler__with_std": true
    }
  },