{
  "6": {
    "fit_time": [
      0.16581940650939941,
      0.1596674919128418,
      0.16159391403198242,
      0.15192675590515137,
      0.1524040699005127
    ],
    "score_time": [
      0.05252957344055176,
      0.05218052864074707,
      0.05207943916320801,
      0.05202674865722656,
      0.05126476287841797
    ],
    "test_r": [
      0.7954747791113344,
      0.5884574286159153,
      0.6126262935505394,
      0.6099990785365647,
      0.5894495353637399
    ],
    "test_r2": [
      0.6225521142790186,
      0.3340868006749912,
      0.37274259387871567,
      0.3497170573654613,
      0.3406514037982956
    ],
    "test_rmse": [
      -2.1304852687115554,
      -2.8430376614557753,
      -2.7080242366564513,
      -2.9014281485045164,
      -2.9031006437791422
    ],
    "test_mae": [
      -1.5219993067972102,
      -1.9905024642771816,
      -1.962195755407563,
      -2.0184827995319554,
      -2.132940870883731
    ],
    "best_params": {
      "check_inverse": true,
      "func": null,
      "inverse_func": null,
      "regressor__objective": "reg:squarederror",
      "regressor__base_score": null,
      "regressor__booster": null,
      "regressor__callbacks": null,
      "regressor__colsample_bylevel": null,
      "regressor__colsample_bynode": null,
      "regressor__colsample_bytree": null,
      "regressor__device": null,
      "regressor__early_stopping_rounds": null,
      "regressor__enable_categorical": false,
      "regressor__eval_metric": null,
      "regressor__feature_types": null,
      "regressor__gamma": null,
      "regressor__grow_policy": null,
      "regressor__importance_type": null,
      "regressor__interaction_constraints": null,
      "regressor__learning_rate": 0.037829974718478966,
      "regressor__max_bin": null,
      "regressor__max_cat_threshold": null,
      "regressor__max_cat_to_onehot": null,
      "regressor__max_delta_step": null,
      "regressor__max_depth": 10,
      "regressor__max_leaves": null,
      "regressor__min_child_weight": null,
      "regressor__missing": NaN,
      "regressor__monotone_constraints": null,
      "regressor__multi_strategy": null,
      "regressor__n_estimators": 50,
      "regressor__n_jobs": -2,
      "regressor__num_parallel_tree": null,
      "regressor__random_state": null,
      "regressor__reg_alpha": null,
      "regressor__reg_lambda": null,
      "regressor__sampling_method": null,
      "regressor__scale_pos_weight": null,
      "regressor__subsample": null,
      "regressor__tree_method": null,
      "regressor__validate_parameters": null,
      "regressor__verbosity": null,
      "transformer__memory": null,
      "transformer__verbose": false,
      "transformer__y scaler": null
    }
  },
  "13": {
    "fit_time": [
      0.1609644889831543,
      0.15667319297790527,
      0.14521121978759766,
      0.1516895294189453,
      0.15341591835021973
    ],
    "score_time": [
      0.05277752876281738,
      0.05358147621154785,
      0.05507302284240723,
      0.05347299575805664,
      0.052419185638427734
    ],
    "test_r": [
      0.6746761620240507,
      0.5410242589894124,
      0.6323355545612757,
      0.7135867439243443,
      0.6914908684726288
    ],
    "test_r2": [
      0.43919937954686195,
      0.286049085121592,
      0.3901025878667054,
      0.4843851509104883,
      0.4676573364565967
    ],
    "test_rmse": [
      -2.5700382398694486,
      -2.898448922003349,
      -2.7931394603313766,
      -2.5184189686727696,
      -2.579069780818715
    ],
    "test_mae": [
      -2.037665278861027,
      -2.2365171254677114,
      -2.235074967577504,
      -2.0917219323568195,
      -1.9681018030237303
    ],
    "best_params": {
      "check_inverse": true,
      "func": null,
      "inverse_func": null,
      "regressor__objective": "reg:squarederror",
      "regressor__base_score": null,
      "regressor__booster": null,
      "regressor__callbacks": null,
      "regressor__colsample_bylevel": null,
      "regressor__colsample_bynode": null,
      "regressor__colsample_bytree": null,
      "regressor__device": null,
      "regressor__early_stopping_rounds": null,
      "regressor__enable_categorical": false,
      "regressor__eval_metric": null,
      "regressor__feature_types": null,
      "regressor__gamma": null,
      "regressor__grow_policy": null,
      "regressor__importance_type": null,
      "regressor__interaction_constraints": null,
      "regressor__learning_rate": 0.02594241952633509,
      "regressor__max_bin": null,
      "regressor__max_cat_threshold": null,
      "regressor__max_cat_to_onehot": null,
      "regressor__max_delta_step": null,
      "regressor__max_depth": 10,
      "regressor__max_leaves": null,
      "regressor__min_child_weight": null,
      "regressor__missing": NaN,
      "regressor__monotone_constraints": null,
      "regressor__multi_strategy": null,
      "regressor__n_estimators": 50,
      "regressor__n_jobs": -2,
      "regressor__num_parallel_tree": null,
      "regressor__random_state": null,
      "regressor__reg_alpha": null,
      "regressor__reg_lambda": null,
      "regressor__sampling_method": null,
      "regressor__scale_pos_weight": null,
      "regressor__subsample": null,
      "regressor__tree_method": null,
      "regressor__validate_parameters": null,
      "regressor__verbosity": null,
      "transformer__memory": null,
      "transformer__verbose": false,
      "transformer__y scaler": null
    }
  },
  "42": {
    "fit_time": [
      0.5974440574645996,
      0.5163872241973877,
      0.5540604591369629,
      0.5721035003662109,
      0.5195837020874023
    ],
    "score_time": [
      0.05200958251953125,
      0.053555965423583984,
      0.05394935607910156,
      0.052356719970703125,
      0.0528261661529541
    ],
    "test_r": [
      0.5421491167144192,
      0.5969689026087331,
      0.6400240122370228,
      0.6710050140259691,
      0.701494704193006
    ],
    "test_r2": [
      0.2760209955254983,
      0.343540305081809,
      0.40714529250340303,
      0.4079725120557429,
      0.4770356736577147
    ],
    "test_rmse": [
      -2.9614646078777156,
      -2.9021773263757265,
      -2.7386518428260676,
      -2.7400813516694664,
      -2.4415315723188207
    ],
    "test_mae": [
      -2.1411614154908998,
      -2.0274824389496096,
      -1.9527463130559315,
      -1.9309780350104073,
      -1.8216396873368998
    ],
    "best_params": {
      "check_inverse": true,
      "func": null,
      "inverse_func": null,
      "regressor__objective": "reg:squarederror",
      "regressor__base_score": null,
      "regressor__booster": null,
      "regressor__callbacks": null,
      "regressor__colsample_bylevel": null,
      "regressor__colsample_bynode": null,
      "regressor__colsample_bytree": null,
      "regressor__device": null,
      "regressor__early_stopping_rounds": null,
      "regressor__enable_categorical": false,
      "regressor__eval_metric": null,
      "regressor__feature_types": null,
      "regressor__gamma": null,
      "regressor__grow_policy": null,
      "regressor__importance_type": null,
      "regressor__interaction_constraints": null,
      "regressor__learning_rate": 0.005931756942223677,
      "regressor__max_bin": null,
      "regressor__max_cat_threshold": null,
      "regressor__max_cat_to_onehot": null,
      "regressor__max_delta_step": null,
      "regressor__max_depth": 10,
      "regressor__max_leaves": null,
      "regressor__min_child_weight": null,
      "regressor__missing": NaN,
      "regressor__monotone_constraints": null,
      "regressor__multi_strategy": null,
      "regressor__n_estimators": 294,
      "regressor__n_jobs": -2,
      "regressor__num_parallel_tree": null,
      "regressor__random_state": null,
      "regressor__reg_alpha": null,
      "regressor__reg_lambda": null,
      "regressor__sampling_method": null,
      "regressor__scale_pos_weight": null,
      "regressor__subsample": null,