{
  "6": {
    "fit_time": [
      0.04309511184692383,
      0.04587960243225098,
      0.04515862464904785,
      0.042635202407836914,
      0.042154788970947266
    ],
    "score_time": [
      0.0161440372467041,
      0.017021894454956055,
      0.016685962677001953,
      0.015714406967163086,
      0.016028404235839844
    ],
    "test_r": [
      -0.028336649553953947,
      0.15594129937728068,
      0.5181548817967824,
      0.9310805156180715,
      0.9929745726488302
    ],
    "test_r2": [
      -0.08630480526791762,
      -0.017591034023364482,
      -0.787486176924796,
      0.8445861734351329,
      0.42713690589723563
    ],
    "test_rmse": [
      -205572.9723159315,
      -670533.9364634466,
      -16710.371271812517,
      -13084.48811101631,
      -91199.05015826032
    ],
    "test_mae": [
      -73089.7709670139,
      -186820.96555879703,
      -11007.053630225235,
      -9374.907410863609,
      -28420.689445772063
    ],
    "best_params": {
      "check_inverse": true,
      "func": null,
      "inverse_func": null,
      "regressor__objective": "reg:squarederror",
      "regressor__base_score": null,
      "regressor__booster": null,
      "regressor__callbacks": null,
      "regressor__colsample_bylevel": null,
      "regressor__colsample_bynode": null,
      "regressor__colsample_bytree": null,
      "regressor__device": null,
      "regressor__early_stopping_rounds": null,
      "regressor__enable_categorical": false,
      "regressor__eval_metric": null,
      "regressor__feature_types": null,
      "regressor__gamma": null,
      "regressor__grow_policy": null,
      "regressor__importance_type": null,
      "regressor__interaction_constraints": null,
      "regressor__learning_rate": 0.034049152701648704,
      "regressor__max_bin": null,
      "regressor__max_cat_threshold": null,
      "regressor__max_cat_to_onehot": null,
      "regressor__max_delta_step": null,
      "regressor__max_depth": 10,
      "regressor__max_leaves": null,
      "regressor__min_child_weight": null,
      "regressor__missing": NaN,
      "regressor__monotone_constraints": null,
      "regressor__multi_strategy": null,
      "regressor__n_estimators": 81,
      "regressor__n_jobs": -2,
      "regressor__num_parallel_tree": null,
      "regressor__random_state": null,
      "regressor__reg_alpha": null,
      "regressor__reg_lambda": null,
      "regressor__sampling_method": null,
      "regressor__scale_pos_weight": null,
      "regressor__subsample": null,
      "regressor__tree_method": null,
      "regressor__validate_parameters": null,
      "regressor__verbosity": null,
      "transformer": null
    }
  },
  "13": {
    "fit_time": [
      0.18892383575439453,
      0.2117161750793457,
      0.18864226341247559,
      0.18883180618286133,
      0.19639229774475098
    ],
    "score_time": [
      0.017882823944091797,
      0.01750493049621582,
      0.017832517623901367,
      0.016889095306396484,
      0.01763916015625
    ],
    "test_r": [
      0.12984233633254433,
      0.7723189282855398,
      0.5521939879273562,
      0.05127027126395481,
      0.8843901919642629
    ],
    "test_r2": [
      -0.2438321251951978,
      0.04120843311893729,
      0.10333583663519774,
      -0.013779465340665098,
      0.736249520818403
    ],
    "test_rmse": [
      -218693.4620604467,
      -658924.843875512,
      -30843.288566249717,
      -21267.060538477468,
      -27184.726469068908
    ],
    "test_mae": [
      -82475.76857662843,
      -186026.10989474825,
      -18639.44636739079,
      -11875.785183655702,
      -16547.40559834559
    ],
    "best_params": {
      "check_inverse": true,
      "func": null,
      "inverse_func": null,
      "regressor__objective": "reg:squarederror",
      "regressor__base_score": null,
      "regressor__booster": null,
      "regressor__callbacks": null,
      "regressor__colsample_bylevel": null,
      "regressor__colsample_bynode": null,
      "regressor__colsample_bytree": null,
      "regressor__device": null,
      "regressor__early_stopping_rounds": null,
      "regressor__enable_categorical": false,
      "regressor__eval_metric": null,
      "regressor__feature_types": null,
      "regressor__gamma": null,
      "regressor__grow_policy": null,
      "regressor__importance_type": null,
      "regressor__interaction_constraints": null,
      "regressor__learning_rate": 0.00332397908904126,
      "regressor__max_bin": null,
      "regressor__max_cat_threshold": null,
      "regressor__max_cat_to_onehot": null,
      "regressor__max_delta_step": null,
      "regressor__max_depth": 10000,
      "regressor__max_leaves": null,
      "regressor__min_child_weight": null,
      "regressor__missing": NaN,
      "regressor__monotone_constraints": null,
      "regressor__multi_strategy": null,
      "regressor__n_estimators": 845,
      "regressor__n_jobs": -2,
      "regressor__num_parallel_tree": null,
      "regressor__random_state": null,
      "regressor__reg_alpha": null,
      "regressor__reg_lambda": null,
      "regressor__sampling_method": null,
      "regressor__scale_pos_weight": null,
      "regressor__subsample": null,
      "regressor__tree_method": null,
      "regressor__validate_parameters": null,
      "regressor__verbosity": null,
      "transformer": null
    }
  },
  "42": {
    "fit_time": [
      0.062393903732299805,
      0.06602716445922852,
      0.0658416748046875,
      0.06403017044067383,
      0.06385684013366699
    ],
    "score_time": [
      0.016878843307495117,
      0.01749706268310547,
      0.017823219299316406,
      0.017904996871948242,
      0.017374515533447266
    ],
    "test_r": [
      0.22441550749763214,
      0.8075567664602229,
      0.9834612824292276,
      0.6526044373215351,
      0.07352931125114592
    ],
    "test_r2": [
      -0.019364847695526377,
      -0.21497725612543928,
      0.1781293590691757,
      -0.26938170281546925,
      -0.0029411976416817698
    ],
    "test_rmse": [
      -673547.4814623321,
      -42635.7257626532,
      -106925.6218507244,
      -54887.449960525904,
      -200676.737388788
    ],
    "test_mae": [
      -181581.17647916666,
      -41492.96047567509,
      -60634.97935937499,
      -50550.15486631945,
      -81077.36227811656
    ],
    "best_params": {
      "check_inverse": true,
      "func": null,
      "inverse_func": null,
      "regressor__objective": "reg:squarederror",
      "regressor__base_score": null,
      "regressor__booster": null,
      "regressor__callbacks": null,
      "regressor__colsample_bylevel": null,
      "regressor__colsample_bynode": null,
      "regressor__colsample_bytree": null,
      "regressor__device": null,
      "regressor__early_stopping_rounds": null,
      "regressor__enable_categorical": false,
      "regressor__eval_metric": null,
      "regressor__feature_types": null,
      "regressor__gamma": null,
      "regressor__grow_policy": null,
      "regressor__importance_type": null,
      "regressor__interaction_constraints": null,
      "regressor__learning_rate": 0.00242416742650334,
      "regressor__max_bin": null,
      "regressor__max_cat_threshold": null,
      "regressor__max_cat_to_onehot": null,
      "regressor__max_delta_step": null,
      "regressor__max_depth": 160,
      "regressor__max_leaves": null,
      "regressor__min_child_weight": null,
      "regressor__missing": NaN,
      "regressor__monotone_constraints": null,
      "regressor__multi_strategy": null,
      "regressor__n_estimators": 226,
      "regressor__n_jobs": -2,
      "regressor__num_parallel_tree": null,
      "regressor__random_state": null,
      "regressor__reg_alpha": null,
      "regressor__reg_lambda": null,
      "regressor__sampling_method": null,
      "regressor__scale_pos_weight": null,
      "regressor__subsample": null,
      "regressor__tree_method": null,
      "regressor__validate_parameters": null,
      "regressor__verbosity": null,