{
  "6": {
    "fit_time": [
      77.01561307907104,
      77.34097909927368,
      76.68701839447021,
      73.55626034736633,
      78.11645197868347
    ],
    "score_time": [
      0.9926295280456543,
      0.9659888744354248,
      0.9799497127532959,
      0.9718523025512695,
      0.9795827865600586
    ],
    "test_r2": [
      [
        -0.3285626340752916,
        0.11990288631640966,
        -3.4192782332960814
      ],
      [
        -0.02178105652959972,
        -0.22643116879271274,
        -0.015214062523664529
      ],
      [
        0.050855147235122966,
        0.17056548950957395,
        -1.587955844415612
      ],
      [
        0.22165661699607375,
        0.059789248029140984,
        -3.869706793391895
      ],
      [
        -0.005789820673256507,
        -0.0376774732070988,
        -2.376942200537835
      ]
    ],
    "test_rmse": [
      [
        7.466049001276238,
        133.6976520558569,
        36093.20588890507
      ],
      [
        8.846302128120868,
        151.39029802845582,
        336638.2074074444
      ],
      [
        8.596315298581025,
        168.7111575520213,
        38668.01518390956
      ],
      [
        8.504392287122835,
        161.8249557826924,
        28546.950013154034
      ],
      [
        9.61722798322265,
        164.2880769551208,
        36030.25688130882
      ]
    ],
    "test_mae": [
      [
        5.480096914603586,
        96.32558571986488,
        17949.79638006349
      ],
      [
        6.476971136207541,
        105.80497886364249,
        56221.88436942531
      ],
      [
        6.191560193838508,
        102.59322026167244,
        19065.30044509967
      ],
      [
        6.514172316133676,
        99.69352498009955,
        13022.46184622761
      ],
      [
        7.011923470862398,
        104.48204277429922,
        18312.964926906574
      ]
    ]
  },
  "13": {
    "fit_time": [
      76.42079639434814,
      74.60317206382751,
      76.7212610244751,
      75.13862371444702,
      76.22529458999634
    ],
    "score_time": [
      0.9623525142669678,
      0.9873905181884766,
      0.9872961044311523,
      0.9804189205169678,
      0.9716267585754395
    ],
    "test_r2": [
      [
        0.23874354586092494,
        0.04263543229848388,
        -12.65738930694745
      ],
      [
        0.017323448239193517,
        0.05571395806873347,
        -0.7968491270114237
      ],
      [
        -0.06542974657332179,
        0.19031859005031238,
        0.06355183484847704
      ],
      [
        -0.37317630902534216,
        0.0400061461272766,
        0.00036302815090782925
      ],
      [
        0.1519190510426094,
        -0.033675061180854726,
        -3.339196065382488
      ]
    ],
    "test_rmse": [
      [
        8.56416842602649,
        177.45993522407554,
        32394.340129635304
      ],
      [
        8.865270305799799,
        157.05436514036506,
        37071.15038655834
      ],
      [
        9.806687217848678,
        135.44635700178543,
        90578.24436566539
      ],
      [
        7.549323694081541,
        151.65511074211153,
        322234.19756762154
      ],
      [
        8.055389492663846,
        147.0848125689341,
        30814.278212095378
      ]
    ],
    "test_mae": [
      [
        6.2066663137022795,
        111.40968609489457,
        15203.800458566366
      ],
      [
        6.639300154673181,
        103.96395891123183,
        18113.185700266313
      ],
      [
        7.598930353050633,
        87.11385563673313,
        22391.051130375454
      ],
      [
        5.8662883356314035,
        97.64396762422209,
        50790.264140236126
      ],
      [
        5.8510983940633094,
        102.63351238266833,
        13982.555199782839
      ]
    ]
  },
  "42": {
    "fit_time": [
      77.87271022796631,
      75.7030656337738,
      73.65523886680603,
      76.03664326667786,
      77.66436958312988
    ],
    "score_time": [
      0.9653291702270508,
      0.9770200252532959,
      0.9834456443786621,
      0.9723217487335205,
      0.9871668815612793
    ],
    "test_r2": [
      [
        -0.06250813317157822,
        -0.08720453227281011,
        -2.2370780013292637
      ],
      [
        0.054073161581752904,
        0.18406541003286303,
        0.039055004510513025
      ],
      [
        -0.42284889086011934,
        0.09159905392499945,
        -0.004303603867081396
      ],
      [
        0.23140113337297685,
        0.13721997373341388,
        -6.567141855177242
      ],
      [
        -0.06120929352457338,
        -0.01547275322035846,
        -0.9601133921059715
      ]
    ],
    "test_rmse": [
      [
        9.292980357693642,
        161.98425712571108,
        42197.966642108935
      ],
      [
        8.462577765166463,
        150.68888092350113,
        58706.10950062416
      ],
      [
        7.73032696705368,
        155.62832371660875,
        330604.5773783183
      ],
      [
        8.941831733576477,
        163.81816374479126,
        37951.745217417345
      ],
      [
        9.24062955281462,
        135.33983565369243,
        27274.770199284452
      ]
    ],
    "test_mae": [
      [
        6.790378925425934,
        103.37005589465824,
        22455.077566479755
      ],
      [
        6.049903589630327,
        97.94102874356929,
        21687.20034718555
      ],
      [
        5.877663445886492,
        107.01958618827533,
        50076.85081647303
      ],
      [
        6.494891881657609,
        103.9873686250374,
        19161.51694083212
      ],
      [
        6.645736752960788,
        90.81516764022871,
        12460.051804179768
      ]
    ]
  },
  "69": {
    "fit_time": [
      75.34733128547668,
      78.410475730896,
      75.83665657043457,
      75.1748640537262,
      76.6929759979248
    ],
    "score_time": [
      1.0269763469696045,
      0.9718799591064453,
      1.0059499740600586,
      0.9999516010284424,
      0.998206615447998
    ],
    "test_r2": [
      [
        -0.015376274055424188,
        0.11587581763055699,
        0.001516331382545033
      ],
      [
        0.17770675299918992,
        -0.03717179413533156,
        0.06447356304154728
      ],
      [
        0.08855000645900635,
        0.16075785343706706,
        -0.7888493805742611
      ],
      [
        -0.1641067611341369,
        0.07932499100935075,
        -2.7016048026657478
      ],
      [
        0.024384062267684414,
        0.05122060001577733,
        -8.477560291242563
      ]
    ],
    "test_rmse": [
      [
        7.946151119953137,
        154.73734258480908,
        321810.3385632538
      ],
      [
        7.717655449419159,
        157.2140576737241,
        90474.23007234455
      ],
      [
        9.702242669892486,
        135.44153986239118,
        41878.47914271016
      ],
      [
        10.115109771244324,
        149.12479091863543,
        24869.766805607138
      ],
      [
        7.75322594635281,
        170.27643641361067,
        36142.643226979024
      ]
    ],
    "test_mae": [
      [
        6.070628748130391,
        108.30143527694979,
        48949.07182674607
      ],
      [
        5.747292930523678,
        99.8902437977271,
        22464.204597576336
      ],
      [
        7.009951260835239,
        84.12846906183242,
        22436.470534169366
      ],
      [
        7.297838056657088,
        100.04866855130955,
        10714.300038036217
      ],
      [
        6.042863921226798,
        110.04865689373004,
        17695.489478914937
      ]
    ]
  },
  "420": {
    "fit_time": [
      75.88979029655457,
      78.46581077575684,
      70.3882884979248,
      78.48079895973206,
      77.50476288795471
    ],
    "score_time": [
      1.0210108757019043,
      0.9832959175109863,
      1.0080299377441406,
      0.9619176387786865,
      0.9796521663665771
    ],