{
  "6": {
    "fit_time": [
      54.988232374191284,
      52.456846714019775,
      54.01620149612427,
      52.66243243217468,
      51.88139462471008
    ],
    "score_time": [
      0.9752063751220703,
      1.1990644931793213,
      1.035921573638916,
      1.1294238567352295,
      1.246835708618164
    ],
    "test_r": [
      0.30182551427894466,
      -0.003514094035054964,
      0.33062229473275795,
      0.11885347926342738,
      0.6593623690492801
    ],
    "test_r2": [
      0.04779903292617649,
      -0.014185314970748708,
      -0.016126617045732594,
      -0.0137973706186032,
      0.3221499600736074
    ],
    "test_rmse": [
      -621.1011935606522,
      -354922.7342256545,
      -68357.48756929747,
      -103027.15043291195,
      -1185.6318148197417
    ],
    "test_mae": [
      -219.31735374038175,
      -42008.184718836594,
      -9057.432572080577,
      -12502.011674459733,
      -483.72404768618514
    ],
    "best_params": {
      "check_inverse": true,
      "func": null,
      "inverse_func": null,
      "regressor__natural_gradient": true,
      "regressor__n_estimators": 2000,
      "regressor__learning_rate": 0.001,
      "regressor__minibatch_frac": 1,
      "regressor__col_sample": 1.0,
      "regressor__verbose": false,
      "transformer__memory": null,
      "transformer__verbose": false,
      "transformer__log transform__accept_sparse": false,
      "transformer__log transform__check_inverse": true,
      "transformer__log transform__feature_names_out": null,
      "transformer__log transform__inv_kw_args": null,
      "transformer__log transform__kw_args": null,
      "transformer__log transform__validate": false,
      "transformer__y scaler__copy": true,
      "transformer__y scaler__with_mean": true,
      "transformer__y scaler__with_std": true
    }
  },
  "13": {
    "fit_time": [
      51.38299059867859,
      41.381407737731934,
      50.09939908981323,
      47.9739830493927,
      51.6494779586792
    ],
    "score_time": [
      1.1219661235809326,
      1.0396041870117188,
      1.2651543617248535,
      1.2067699432373047,
      0.9817245006561279
    ],
    "test_r": [
      0.35026479267183125,
      0.097417823599354,
      0.4644092933328319,
      0.009649760097146161,
      0.7913809381918121
    ],
    "test_r2": [
      -0.2129108584662598,
      -0.013331646361507188,
      0.09111375671258637,
      -0.020159181988555375,
      0.4684420253902978
    ],
    "test_rmse": [
      -1570.9075353511519,
      -102310.71819502192,
      -644.1820242136514,
      -363857.59513132914,
      -1144.4816521149528
    ],
    "test_mae": [
      -667.6671082646192,
      -12237.958096292306,
      -225.14002545313298,
      -51238.451746276405,
      -341.5874712018003
    ],
    "best_params": {
      "check_inverse": true,
      "func": null,
      "inverse_func": null,
      "regressor__natural_gradient": true,
      "regressor__n_estimators": 2000,
      "regressor__learning_rate": 0.001,
      "regressor__minibatch_frac": 1,
      "regressor__col_sample": 1.0,
      "regressor__verbose": false,
      "transformer__memory": null,
      "transformer__verbose": false,
      "transformer__log transform__accept_sparse": false,
      "transformer__log transform__check_inverse": true,
      "transformer__log transform__feature_names_out": null,
      "transformer__log transform__inv_kw_args": null,
      "transformer__log transform__kw_args": null,
      "transformer__log transform__validate": false,
      "transformer__y scaler__copy": true,
      "transformer__y scaler__with_mean": true,
      "transformer__y scaler__with_std": true
    }
  },
  "42": {
    "fit_time": [
      49.47782826423645,
      49.678868770599365,
      42.92254376411438,
      48.128758907318115,
      45.51602602005005
    ],
    "score_time": [
      1.1760172843933105,
      1.0112764835357666,
      2.041445732116699,
      1.0610225200653076,
      1.0347511768341064
    ],
    "test_r": [
      -0.012558731874432303,
      -0.0017294073080234272,
      0.8314135564002135,
      0.4572358926718231,
      0.6209508213132422
    ],
    "test_r2": [
      -0.014207248543496753,
      -0.029537803155135434,
      0.37990315841794675,
      0.13239009996107387,
      0.33072999649830526
    ],
    "test_rmse": [
      -354924.51327586494,
      -122846.67619351765,
      -1354.6293496639119,
      -970.2447699170432,
      -726.4929619793312
    ],
    "test_mae": [
      -41991.223127101584,
      -20831.77937475961,
      -507.7475911044597,
      -421.7460560087714,
      -221.1656627546932
    ],
    "best_params": {
      "check_inverse": true,
      "func": null,
      "inverse_func": null,
      "regressor__natural_gradient": true,
      "regressor__n_estimators": 2000,
      "regressor__learning_rate": 0.001,
      "regressor__minibatch_frac": 1,
      "regressor__col_sample": 1.0,
      "regressor__verbose": false,
      "transformer__memory": null,
      "transformer__verbose": false,
      "transformer__log transform__accept_sparse": false,
      "transformer__log transform__check_inverse": true,
      "transformer__log transform__feature_names_out": null,
      "transformer__log transform__inv_kw_args": null,
      "transformer__log transform__kw_args": null,
      "transformer__log transform__validate": false,
      "transformer__y scaler__copy": true,
      "transformer__y scaler__with_mean": true,
      "transformer__y scaler__with_std": true
    }
  },
  "69": {
    "fit_time": [
      46.04227948188782,
      46.6571319103241,
      46.40347623825073,
      43.67600989341736,
      48.016456604003906
    ],
    "score_time": [
      1.624863624572754,
      1.069796085357666,
      1.2398936748504639,
      2.09192156791687,
      1.02671480178833
    ],
    "test_r": [
      0.04358518174362027,
      0.05762656750614729,
      0.14073332891226167,
      0.8094609270676946,
      0.8195534972079532
    ],
    "test_r2": [
      -0.022157446597740105,
      -0.01572438077797722,
      -0.8513358588872577,
      0.49710585752810543,
      0.6626996508774863
    ],
    "test_rmse": [
      -369427.2469924164,
      -67668.37420580255,
      -1330.6761964774917,
      -1059.814139252187,
      -294.3537739701039
    ],
    "test_mae": [
      -54512.398493402536,
      -8673.55518475696,
      -493.2050920876222,
      -386.51794241224223,
      -141.92415524757828
    ],
    "best_params": {
      "check_inverse": true,
      "func": null,
      "inverse_func": null,
      "regressor__natural_gradient": true,
      "regressor__n_estimators": 2000,
      "regressor__learning_rate": 0.001,
      "regressor__minibatch_frac": 1,
      "regressor__col_sample": 1.0,
      "regressor__verbose": false,
      "transformer__memory": null,
      "transformer__verbose": false,
      "transformer__log transform__accept_sparse": false,
      "transformer__log transform__check_inverse": true,
      "transformer__log transform__feature_names_out": null,
      "transformer__log transform__inv_kw_args": null,
      "transformer__log transform__kw_args": null,
      "transformer__log transform__validate": false,
      "transformer__y scaler__copy": true,
      "transformer__y scaler__with_mean": true,
      "transformer__y scaler__with_std": true
    }
  },
  "420": {
    "fit_time": [
      30.893684148788452,
      31.52008891105652,
      30.436280012130737,
      30.824302911758423,
      31.07893705368042
    ],
    "score_time": [
      0.9948973655700684,
      1.0226829051971436,
      0.9604427814483643,
      0.9710497856140137,
      0.9615564346313477
    ],
    "test_r": [
      0.23508148148299193,
      0.10090370182286555,
      0.07436653364573284,
      0.015280896201590033,
      0.8449956376791117
    ],
    "test_r2": [
      -0.010246117089124596,
      -0.013559333968416798,
      -0.022714302594842417,
      -0.019624028130099447,
      0.44163543288935403
    ],