{
  "6": {
    "fit_time": [
      0.03003978729248047,
      0.030766963958740234,
      0.029290199279785156,
      0.026413679122924805,
      0.02346205711364746
    ],
    "score_time": [
      0.016539812088012695,
      0.01699042320251465,
      0.01636195182800293,
      0.016607046127319336,
      0.01697707176208496
    ],
    "test_r": [
      0.626936341719705,
      0.6112458291101031,
      0.5293823804424481,
      0.5013274055047043,
      0.4469469459682731
    ],
    "test_r2": [
      0.3868742509302989,
      0.3648812481784003,
      0.2714923630899595,
      0.2420126864559511,
      -0.06428602018603469
    ],
    "test_rmse": [
      -94.72020102582911,
      -102.63154314629725,
      -114.28584412183113,
      -115.35716881216973,
      -69.93974478749993
    ],
    "test_mae": [
      -53.45055857481388,
      -49.81019467023172,
      -58.407051279461285,
      -69.13713187094847,
      -49.800884220141484
    ],
    "best_params": {
      "check_inverse": true,
      "func": null,
      "inverse_func": null,
      "regressor__ccp_alpha": 0.08579512952395402,
      "regressor__criterion": "squared_error",
      "regressor__max_depth": null,
      "regressor__max_features": null,
      "regressor__max_leaf_nodes": null,
      "regressor__min_impurity_decrease": 0.0,
      "regressor__min_samples_leaf": 0.05,
      "regressor__min_samples_split": 0.2922128895416846,
      "regressor__min_weight_fraction_leaf": 0.0,
      "regressor__monotonic_cst": null,
      "regressor__random_state": null,
      "regressor__splitter": "best",
      "transformer__memory": null,
      "transformer__verbose": false,
      "transformer__y scaler__copy": true,
      "transformer__y scaler__with_mean": true,
      "transformer__y scaler__with_std": true
    }
  },
  "13": {
    "fit_time": [
      0.026889324188232422,
      0.023265600204467773,
      0.04685831069946289,
      0.028173446655273438,
      0.043608903884887695
    ],
    "score_time": [
      0.028033971786499023,
      0.016770601272583008,
      0.01660466194152832,
      0.023856163024902344,
      0.018907785415649414
    ],
    "test_r": [
      NaN,
      0.33805299792070775,
      0.34487232485746333,
      0.43911212646034464,
      0.3033555613596532
    ],
    "test_r2": [
      -0.4616301769594231,
      -0.008491848546235303,
      0.05284054996570897,
      0.18991670474557298,
      -0.05940995996156917
    ],
    "test_rmse": [
      -64.6739100491562,
      -174.72185684932063,
      -108.68824107937695,
      -120.33455319965253,
      -77.94244490809879
    ],
    "test_mae": [
      -59.28325063052673,
      -95.65977581019322,
      -61.41306775513778,
      -63.185210962283904,
      -56.05752011741373
    ],
    "best_params": {
      "check_inverse": true,
      "func": null,
      "inverse_func": null,
      "regressor__ccp_alpha": 0.05,
      "regressor__criterion": "squared_error",
      "regressor__max_depth": null,
      "regressor__max_features": "log2",
      "regressor__max_leaf_nodes": null,
      "regressor__min_impurity_decrease": 0.0,
      "regressor__min_samples_leaf": 0.05,
      "regressor__min_samples_split": 0.3165492672974312,
      "regressor__min_weight_fraction_leaf": 0.0,
      "regressor__monotonic_cst": null,
      "regressor__random_state": null,
      "regressor__splitter": "best",
      "transformer__memory": null,
      "transformer__verbose": false,
      "transformer__y scaler__copy": true,
      "transformer__y scaler__with_mean": true,
      "transformer__y scaler__with_std": true
    }
  },
  "42": {
    "fit_time": [
      0.029056310653686523,
      0.05324149131774902,
      0.023484230041503906,
      0.04776310920715332,
      0.04884791374206543
    ],
    "score_time": [
      0.016732454299926758,
      0.017521142959594727,
      0.01691603660583496,
      0.017861604690551758,
      0.016236305236816406
    ],
    "test_r": [
      0.5093531810597693,
      0.31427396060509444,
      0.3161201273979968,
      0.3968513166711166,
      0.5461582381611809
    ],
    "test_r2": [
      0.2224521452719772,
      0.08488336356005921,
      0.08715167729705142,
      0.14214612224508694,
      0.22278438389229027
    ],
    "test_rmse": [
      -61.726069870888495,
      -160.1820629069227,
      -155.5276659921574,
      -80.15150737956901,
      -56.48857926283497
    ],
    "test_mae": [
      -46.829207123906166,
      -81.70086308100599,
      -73.06047087321393,
      -60.87151178733031,
      -44.40542217426212
    ],
    "best_params": {
      "check_inverse": true,
      "func": null,
      "inverse_func": null,
      "regressor__ccp_alpha": 0.05,
      "regressor__criterion": "squared_error",
      "regressor__max_depth": null,
      "regressor__max_features": null,
      "regressor__max_leaf_nodes": null,
      "regressor__min_impurity_decrease": 0.0,
      "regressor__min_samples_leaf": 0.2045838839672116,
      "regressor__min_samples_split": 0.5484511899610996,
      "regressor__min_weight_fraction_leaf": 0.0,
      "regressor__monotonic_cst": null,
      "regressor__random_state": null,
      "regressor__splitter": "best",
      "transformer__memory": null,
      "transformer__verbose": false,
      "transformer__y scaler__copy": true,
      "transformer__y scaler__with_mean": true,
      "transformer__y scaler__with_std": true
    }
  },
  "69": {
    "fit_time": [
      0.04113960266113281,
      0.027434825897216797,
      0.06399846076965332,
      0.029443740844726562,
      0.09487628936767578
    ],
    "score_time": [
      0.07656311988830566,
      0.02435135841369629,
      0.05628204345703125,
      0.018581867218017578,
      0.03692150115966797
    ],
    "test_r": [
      0.6258126085487118,
      0.45504161164049334,
      0.5112640845611846,
      0.5336795205176192,
      0.7375095385157839
    ],
    "test_r2": [
      0.3879432182721948,
      0.15524950681469873,
      0.12657021254285983,
      -0.46751782482585447,
      0.43561949316428794
    ],
    "test_rmse": [
      -108.89494408831196,
      -111.23695758479121,
      -59.53653982253908,
      -79.34602810369103,
      -125.89743643949917
    ],
    "test_mae": [
      -63.889514229420094,
      -68.0299962818865,
      -42.261128888817254,
      -51.076666158912246,
      -66.81107935741925
    ],
    "best_params": {
      "check_inverse": true,
      "func": null,
      "inverse_func": null,
      "regressor__ccp_alpha": 0.05,
      "regressor__criterion": "squared_error",
      "regressor__max_depth": null,
      "regressor__max_features": null,
      "regressor__max_leaf_nodes": null,
      "regressor__min_impurity_decrease": 0.0,
      "regressor__min_samples_leaf": 0.05,
      "regressor__min_samples_split": 0.05,
      "regressor__min_weight_fraction_leaf": 0.0,
      "regressor__monotonic_cst": null,
      "regressor__random_state": null,
      "regressor__splitter": "best",
      "transformer__memory": null,
      "transformer__verbose": false,
      "transformer__y scaler__copy": true,
      "transformer__y scaler__with_mean": true,
      "transformer__y scaler__with_std": true
    }
  },
  "420": {
    "fit_time": [
      0.05791878700256348,
      0.03441905975341797,
      0.05273747444152832,
      0.02991461753845215,
      0.055326223373413086
    ],
    "score_time": [
      0.02444911003112793,
      0.018473386764526367,
      0.022678375244140625,
      0.017138004302978516,
      0.01859593391418457
    ],
    "test_r": [
      0.4420237010034932,
      0.7205558639848413,
      0.7266445531106638,
      0.48501262216939184,
      0.5632390676781204
    ],
    "test_r2": [
      -0.80634564141925,
      0.49873648274386606,
      0.5012443577629839,
      0.22607104141891388,
      0.29433469237142607
    ],
    "test_rmse": [
      -94.48198598239999,
      -92.61058402785643,
      -90.63605155860436,
      -121.37893763333356,
      -99.49821490582086
    ],