{
  "6": {
    "fit_time": [
      0.35101866722106934,
      0.07695221900939941,
      0.05593752861022949,
      0.09246587753295898,
      0.11633825302124023
    ],
    "score_time": [
      0.031703948974609375,
      0.032381296157836914,
      0.03491473197937012,
      0.03341507911682129,
      0.055660247802734375
    ],
    "test_r": [
      0.732323294697491,
      0.20332015036777615,
      0.17718595494458184,
      0.3207340528485608,
      0.5864881461459057
    ],
    "test_r2": [
      0.5133591119493193,
      0.028091539038725744,
      0.030837797586688587,
      0.06433264239751613,
      0.27488567831417454
    ],
    "test_rmse": [
      -84.38633617754118,
      -126.95975411637274,
      -131.8176667340931,
      -128.16645127666214,
      -57.72954118792865
    ],
    "test_mae": [
      -53.99498496848817,
      -59.69809063501842,
      -62.007864325031704,
      -64.12039988116793,
      -42.2492440207118
    ],
    "best_params": {
      "check_inverse": true,
      "func": null,
      "inverse_func": null,
      "regressor__alpha": 1e-10,
      "regressor__copy_X_train": true,
      "regressor__kernel__length_scale": 0.05007722908942513,
      "regressor__n_restarts_optimizer": 0,
      "regressor__n_targets": null,
      "regressor__normalize_y": false,
      "regressor__optimizer": "fmin_l_bfgs_b",
      "regressor__random_state": null,
      "transformer__memory": null,
      "transformer__verbose": false,
      "transformer__y scaler__copy": true,
      "transformer__y scaler__with_mean": true,
      "transformer__y scaler__with_std": true
    }
  },
  "13": {
    "fit_time": [
      0.08962798118591309,
      0.04783749580383301,
      0.0888063907623291,
      0.09036016464233398,
      0.09213042259216309
    ],
    "score_time": [
      0.04773664474487305,
      0.02764129638671875,
      0.031378984451293945,
      0.049124717712402344,
      0.043554067611694336
    ],
    "test_r": [
      0.44781695607610084,
      0.21439941547511782,
      0.235518720973377,
      0.21475277803750664,
      0.3582763102252141
    ],
    "test_r2": [
      -0.011586376966722156,
      -0.06785545311090457,
      0.05422445202244364,
      0.040896019906722536,
      0.1273823825328726
    ],
    "test_rmse": [
      -53.80366424265743,
      -179.79072150654753,
      -108.60880943602176,
      -130.93578553521868,
      -70.73819717965704
    ],
    "test_mae": [
      -41.52172888526485,
      -92.77101558844485,
      -46.73732935159493,
      -59.05949212621956,
      -50.90006291493419
    ],
    "best_params": {
      "check_inverse": true,
      "func": null,
      "inverse_func": null,
      "regressor__alpha": 1e-10,
      "regressor__copy_X_train": true,
      "regressor__kernel__length_scale": 0.05,
      "regressor__n_restarts_optimizer": 0,
      "regressor__n_targets": null,
      "regressor__normalize_y": false,
      "regressor__optimizer": "fmin_l_bfgs_b",
      "regressor__random_state": null,
      "transformer__memory": null,
      "transformer__verbose": false,
      "transformer__y scaler__copy": true,
      "transformer__y scaler__with_mean": true,
      "transformer__y scaler__with_std": true
    }
  },
  "42": {
    "fit_time": [
      0.08077740669250488,
      0.05170321464538574,
      0.046324729919433594,
      0.09513616561889648,
      0.09021973609924316
    ],
    "score_time": [
      0.029103994369506836,
      0.03219938278198242,
      0.02739262580871582,
      0.05466818809509277,
      0.04742741584777832
    ],
    "test_r": [
      0.35880972491959723,
      0.2044324713019685,
      0.16126564606568086,
      0.49953168133852766,
      0.4152946140430002
    ],
    "test_r2": [
      0.11902482966724115,
      0.020627443302915882,
      0.013744831650499667,
      0.24642576375389524,
      0.15180411971002405
    ],
    "test_rmse": [
      -65.70325667500147,
      -165.71034528866468,
      -161.66015455478112,
      -75.12215814181151,
      -59.01167913470907
    ],
    "test_mae": [
      -50.91323685826151,
      -74.11446782826147,
      -69.91268482081422,
      -52.49046564352196,
      -42.65524976922116
    ],
    "best_params": {
      "check_inverse": true,
      "func": null,
      "inverse_func": null,
      "regressor__alpha": 1e-10,
      "regressor__copy_X_train": true,
      "regressor__kernel__length_scale": 0.050193115459282095,
      "regressor__n_restarts_optimizer": 0,
      "regressor__n_targets": null,
      "regressor__normalize_y": false,
      "regressor__optimizer": "fmin_l_bfgs_b",
      "regressor__random_state": null,
      "transformer__memory": null,
      "transformer__verbose": false,
      "transformer__y scaler__copy": true,
      "transformer__y scaler__with_mean": true,
      "transformer__y scaler__with_std": true
    }
  },
  "69": {
    "fit_time": [
      0.09366726875305176,
      0.08795285224914551,
      0.05148458480834961,
      0.05093121528625488,
      0.08967185020446777
    ],
    "score_time": [
      0.04554319381713867,
      0.03247785568237305,
      0.029904603958129883,
      0.030024290084838867,
      0.029294490814208984
    ],
    "test_r": [
      0.22492159579146295,
      0.295468794327919,
      0.3838863196605144,
      0.32875307138525645,
      0.24471503933363326
    ],
    "test_r2": [
      0.039567444885127534,
      0.0858218679928292,
      0.0580533656287463,
      0.06600859171197881,
      0.02182923576406426
    ],
    "test_rmse": [
      -136.4097130564286,
      -115.71783221321732,
      -61.82765007889631,
      -63.30017925524675,
      -165.74415564360692
    ],
    "test_mae": [
      -68.2264357082261,
      -59.420038316027224,
      -43.78652939024407,
      -45.93188536998139,
      -75.60610522089293
    ],
    "best_params": {
      "check_inverse": true,
      "func": null,
      "inverse_func": null,
      "regressor__alpha": 1e-10,
      "regressor__copy_X_train": true,
      "regressor__kernel__length_scale": 0.054883760332279145,
      "regressor__n_restarts_optimizer": 0,
      "regressor__n_targets": null,
      "regressor__normalize_y": false,
      "regressor__optimizer": "fmin_l_bfgs_b",
      "regressor__random_state": null,
      "transformer__memory": null,
      "transformer__verbose": false,
      "transformer__y scaler__copy": true,
      "transformer__y scaler__with_mean": true,
      "transformer__y scaler__with_std": true
    }
  },
  "420": {
    "fit_time": [
      0.09685158729553223,
      0.044202566146850586,
      0.07620382308959961,
      0.07996773719787598,
      0.08286571502685547
    ],
    "score_time": [
      0.051785945892333984,
      0.02519702911376953,
      0.028924942016601562,
      0.035677194595336914,
      0.04259777069091797
    ],
    "test_r": [
      0.4221832516371597,
      0.18985083803085395,
      0.311979672129358,
      0.31295873534836144,
      0.21258288347493356
    ],
    "test_r2": [
      0.1692747471023205,
      0.03471242613715386,
      0.09360848824377721,
      0.07504101676594088,
      0.044550027669517545
    ],
    "test_rmse": [
      -64.07332946812127,
      -128.5156248716878,
      -122.18418091767671,
      -132.69483559816038,
      -115.77635747786799
    ],
    "test_mae": [
      -45.144924427490004,
      -67.17254351761608,
      -60.41734320799186,
      -58.884312858225336,
      -55.86714759470357
    ],
    "best_params": {
      "check_inverse": true,
      "func": null,
      "inverse_func": null,
      "regressor__alpha": 1e-10,
      "regressor__copy_X_train": true,
      "regressor__kernel__length_scale": 0.0500732310016149,
      "regressor__n_restarts_optimizer": 0,
      "regressor__n_targets": null,
      "regressor__normalize_y": false,
      "regressor__optimizer": "fmin_l_bfgs_b",
      "regressor__random_state": null,
      "transformer__memory": null,
      "transformer__verbose": false,
      "transformer__y scaler__copy": true,