{
  "6": {
    "fit_time": [
      0.03539085388183594,
      0.03451800346374512,
      0.03429913520812988,
      0.03446245193481445,
      0.03528571128845215
    ],
    "score_time": [
      0.019315481185913086,
      0.018999099731445312,
      0.019288063049316406,
      0.019304275512695312,
      0.02216029167175293
    ],
    "test_r": [
      0.5126181477267258,
      0.6120730817189002,
      0.5108735737080824,
      0.45192852085817115,
      0.03797082857386905
    ],
    "test_r2": [
      0.25147258507530035,
      0.363758801294194,
      0.23757600432632753,
      0.20061425652062836,
      -1.6679578941343896
    ],
    "test_rmse": [
      -104.6578211398238,
      -102.72219359772488,
      -116.91592341773628,
      -118.46548030660662,
      -110.73485723129791
    ],
    "test_mae": [
      -46.76468581713326,
      -47.754169244202124,
      -60.425767157529684,
      -69.89756470008997,
      -67.51064856110867
    ],
    "best_params": {
      "check_inverse": true,
      "func": null,
      "inverse_func": null,
      "regressor__ccp_alpha": 0.05,
      "regressor__criterion": "squared_error",
      "regressor__max_depth": null,
      "regressor__max_features": "sqrt",
      "regressor__max_leaf_nodes": null,
      "regressor__min_impurity_decrease": 0.0,
      "regressor__min_samples_leaf": 0.05,
      "regressor__min_samples_split": 0.05,
      "regressor__min_weight_fraction_leaf": 0.0,
      "regressor__monotonic_cst": null,
      "regressor__random_state": null,
      "regressor__splitter": "best",
      "transformer__memory": null,
      "transformer__verbose": false,
      "transformer__y scaler__copy": true,
      "transformer__y scaler__unit_variance": false,
      "transformer__y scaler__with_centering": true,
      "transformer__y scaler__with_scaling": true
    }
  },
  "13": {
    "fit_time": [
      0.03658699989318848,
      0.03802490234375,
      0.035767555236816406,
      0.036167144775390625,
      0.03606295585632324
    ],
    "score_time": [
      0.019799470901489258,
      0.020023584365844727,
      0.01916193962097168,
      0.019989490509033203,
      0.02010369300842285
    ],
    "test_r": [
      0.5210170228912445,
      0.5912022149366419,
      0.595759544517936,
      0.4730380099422616,
      0.6522816461464526
    ],
    "test_r2": [
      -0.30024841097490573,
      0.2766061953281648,
      0.3485389830507779,
      0.19317012299781766,
      0.3720030549736325
    ],
    "test_rmse": [
      -60.99911493372112,
      -147.97843599567875,
      -90.13951741935391,
      -120.09266912121988,
      -60.00960448488595
    ],
    "test_mae": [
      -44.74738327745784,
      -72.53805614371596,
      -41.44871294046294,
      -62.14431613319955,
      -39.38656407707911
    ],
    "best_params": {
      "check_inverse": true,
      "func": null,
      "inverse_func": null,
      "regressor__ccp_alpha": 0.05203753615953894,
      "regressor__criterion": "squared_error",
      "regressor__max_depth": null,
      "regressor__max_features": null,
      "regressor__max_leaf_nodes": null,
      "regressor__min_impurity_decrease": 0.0,
      "regressor__min_samples_leaf": 0.0504020387387044,
      "regressor__min_samples_split": 0.15063801820147305,
      "regressor__min_weight_fraction_leaf": 0.0,
      "regressor__monotonic_cst": null,
      "regressor__random_state": null,
      "regressor__splitter": "best",
      "transformer__memory": null,
      "transformer__verbose": false,
      "transformer__y scaler__copy": true,
      "transformer__y scaler__unit_variance": false,
      "transformer__y scaler__with_centering": true,
      "transformer__y scaler__with_scaling": true
    }
  },
  "42": {
    "fit_time": [
      0.03429603576660156,
      0.034255266189575195,
      0.034944772720336914,
      0.02837824821472168,
      0.037473440170288086
    ],
    "score_time": [
      0.020383834838867188,
      0.02031850814819336,
      0.019551992416381836,
      0.019693851470947266,
      0.020246028900146484
    ],
    "test_r": [
      0.6429285781468997,
      0.7950718211685956,
      0.6049496814146803,
      0.41553479348432676,
      0.6187833996086599
    ],
    "test_r2": [
      -0.29046058969250055,
      0.454737678035426,
      0.29501327378265474,
      -0.10481960808245816,
      0.29735486523357324
    ],
    "test_rmse": [
      -79.52019480210154,
      -123.64552456605416,
      -136.67806245419192,
      -90.96005655528296,
      -53.71034162474575
    ],
    "test_mae": [
      -55.62657597433071,
      -60.10371767832804,
      -66.6512586902074,
      -59.50230573733457,
      -32.7608871204098
    ],
    "best_params": {
      "check_inverse": true,
      "func": null,
      "inverse_func": null,
      "regressor__ccp_alpha": 0.05,
      "regressor__criterion": "squared_error",
      "regressor__max_depth": null,
      "regressor__max_features": "sqrt",
      "regressor__max_leaf_nodes": null,
      "regressor__min_impurity_decrease": 0.0,
      "regressor__min_samples_leaf": 0.05,
      "regressor__min_samples_split": 0.05,
      "regressor__min_weight_fraction_leaf": 0.0,
      "regressor__monotonic_cst": null,
      "regressor__random_state": null,
      "regressor__splitter": "best",
      "transformer__memory": null,
      "transformer__verbose": false,
      "transformer__y scaler__copy": true,
      "transformer__y scaler__unit_variance": false,
      "transformer__y scaler__with_centering": true,
      "transformer__y scaler__with_scaling": true
    }
  },
  "69": {
    "fit_time": [
      0.03641676902770996,
      0.03660082817077637,
      0.036257266998291016,
      0.03572368621826172,
      0.03480076789855957
    ],
    "score_time": [
      0.019285917282104492,
      0.01914191246032715,
      0.019313335418701172,
      0.01904773712158203,
      0.01924729347229004
    ],
    "test_r": [
      0.6751513616363983,
      0.4930392657322458,
      0.5558639215228025,
      0.6191474324495484,
      0.7474848560705722
    ],
    "test_r2": [
      0.45520416970227096,
      0.1013433622186456,
      0.08381230548126528,
      -0.5650387748946617,
      0.49028993045404656
    ],
    "test_rmse": [
      -102.73744158973727,
      -114.73126137634279,
      -60.97640530602587,
      -81.94001709817913,
      -119.64443165870757
    ],
    "test_mae": [
      -54.286252084114295,
      -72.42048936858502,
      -41.49683536617929,
      -50.75674689860596,
      -60.2235932055422
    ],
    "best_params": {
      "check_inverse": true,
      "func": null,
      "inverse_func": null,
      "regressor__ccp_alpha": 0.05,
      "regressor__criterion": "squared_error",
      "regressor__max_depth": null,
      "regressor__max_features": null,
      "regressor__max_leaf_nodes": null,
      "regressor__min_impurity_decrease": 0.0,
      "regressor__min_samples_leaf": 0.05,
      "regressor__min_samples_split": 0.05,
      "regressor__min_weight_fraction_leaf": 0.0,
      "regressor__monotonic_cst": null,
      "regressor__random_state": null,
      "regressor__splitter": "best",
      "transformer__memory": null,
      "transformer__verbose": false,
      "transformer__y scaler__copy": true,
      "transformer__y scaler__unit_variance": false,
      "transformer__y scaler__with_centering": true,
      "transformer__y scaler__with_scaling": true
    }
  },
  "420": {
    "fit_time": [
      0.03521108627319336,
      0.0346834659576416,
      0.02921748161315918,
      0.034935951232910156,
      0.03562760353088379
    ],
    "score_time": [
      0.019028425216674805,
      0.018935203552246094,
      0.019117116928100586,
      0.018637418746948242,
      0.018991708755493164
    ],
    "test_r": [
      0.5495997058557771,
      0.7240729104576933,
      0.6722241301748372,
      0.5372539397328927,
      0.580932752146624
    ],