{
  "6": {
    "fit_time": [
      6.793359756469727,
      7.999736309051514,
      8.068726778030396,
      9.048229694366455,
      6.617348909378052
    ],
    "score_time": [
      0.017087936401367188,
      0.017772436141967773,
      0.01709461212158203,
      0.017652511596679688,
      0.016004323959350586
    ],
    "test_r": [
      0.8224639514767335,
      0.86964423720437,
      0.6922796354434557,
      0.7196605710157391,
      0.3963511825351057
    ],
    "test_r2": [
      0.5963984727859497,
      0.5680383443832397,
      0.4698526859283447,
      0.5168024301528931,
      -0.571176290512085
    ],
    "test_rmse": [
      -76.85006521934135,
      -84.64006245664363,
      -97.49306035173859,
      -92.10347433606492,
      -84.97815986179874
    ],
    "test_mae": [
      -43.10497375294405,
      -45.510393304395485,
      -46.89411059598437,
      -51.33829089135263,
      -48.18079335097369
    ],
    "best_params": {
      "check_inverse": true,
      "func": null,
      "inverse_func": null,
      "regressor__kernel": "matern",
      "regressor__lr": 0.01,
      "regressor__n_epoch": 1000,
      "transformer__memory": null,
      "transformer__verbose": false,
      "transformer__y scaler__copy": true,
      "transformer__y scaler__with_mean": true,
      "transformer__y scaler__with_std": true
    }
  },
  "13": {
    "fit_time": [
      7.047137022018433,
      7.0758562088012695,
      9.349749565124512,
      9.786942481994629,
      9.002384901046753
    ],
    "score_time": [
      0.01775979995727539,
      0.01646709442138672,
      0.016840696334838867,
      0.019640207290649414,
      0.016583681106567383
    ],
    "test_r": [
      0.2219963742438603,
      0.8541673714456848,
      0.8128237951915939,
      0.6747466684390361,
      0.39981486087465723
    ],
    "test_r2": [
      -1.9795458316802979,
      0.4435047507286072,
      0.5726757049560547,
      0.4474485516548157,
      -0.19125330448150635
    ],
    "test_rmse": [
      -92.33905804589698,
      -129.7901453761593,
      -73.00452690934752,
      -99.38294331319385,
      -82.65023052685004
    ],
    "test_mae": [
      -47.62862428712133,
      -67.41172650285309,
      -41.68417276817171,
      -50.572489394100415,
      -44.352820412669466
    ],
    "best_params": {
      "check_inverse": true,
      "func": null,
      "inverse_func": null,
      "regressor__kernel": "matern",
      "regressor__lr": 0.01,
      "regressor__n_epoch": 1000,
      "transformer__memory": null,
      "transformer__verbose": false,
      "transformer__y scaler__copy": true,
      "transformer__y scaler__with_mean": true,
      "transformer__y scaler__with_std": true
    }
  },
  "42": {
    "fit_time": [
      6.406277656555176,
      7.408005714416504,
      8.069945096969604,
      10.085431575775146,
      8.08319354057312
    ],
    "score_time": [
      0.017377138137817383,
      0.016445398330688477,
      0.016294002532958984,
      0.020560264587402344,
      0.01609015464782715
    ],
    "test_r": [
      0.3800991849001446,
      0.8328929305865452,
      0.6656245350428049,
      0.8808484923904158,
      0.702856119927731
    ],
    "test_r2": [
      -0.5937960147857666,
      0.46451306343078613,
      0.4338529109954834,
      0.7132843732833862,
      0.4680771231651306
    ],
    "test_rmse": [
      -88.37337496453246,
      -122.53216467964808,
      -122.4821954540236,
      -46.33730023095564,
      -46.73198569181507
    ],
    "test_mae": [
      -45.998136666403376,
      -56.19054579710718,
      -57.10615420017617,
      -39.02855801563936,
      -36.256538858044195
    ],
    "best_params": {
      "check_inverse": true,
      "func": null,
      "inverse_func": null,
      "regressor__kernel": "matern",
      "regressor__lr": 0.01,
      "regressor__n_epoch": 1000,
      "transformer__memory": null,
      "transformer__verbose": false,
      "transformer__y scaler__copy": true,
      "transformer__y scaler__with_mean": true,
      "transformer__y scaler__with_std": true
    }
  },
  "69": {
    "fit_time": [
      8.551049947738647,
      9.104053258895874,
      8.803958415985107,
      8.232637882232666,
      7.180500507354736
    ],
    "score_time": [
      0.01689743995666504,
      0.017734766006469727,
      0.0181124210357666,
      0.019970417022705078,
      0.017508745193481445
    ],
    "test_r": [
      0.7058434500066679,
      0.6725569112887825,
      0.41864200841226373,
      0.7005309223694911,
      0.8270049349921702
    ],
    "test_r2": [
      0.4890822172164917,
      0.44135892391204834,
      -0.6994891166687012,
      0.4557090997695923,
      0.4706646800041199
    ],
    "test_rmse": [
      -99.49182128374606,
      -90.45889499488295,
      -83.04791883462218,
      -48.322458070514585,
      -121.92598412543732
    ],
    "test_mae": [
      -50.99029799728094,
      -50.96235595408122,
      -43.25772795597451,
      -36.00249411755132,
      -57.99463668914197
    ],
    "best_params": {
      "check_inverse": true,
      "func": null,
      "inverse_func": null,
      "regressor__kernel": "matern",
      "regressor__lr": 0.01,
      "regressor__n_epoch": 1000,
      "transformer__memory": null,
      "transformer__verbose": false,
      "transformer__y scaler__copy": true,
      "transformer__y scaler__with_mean": true,
      "transformer__y scaler__with_std": true
    }
  },
  "420": {
    "fit_time": [
      10.190330266952515,
      8.419886827468872,
      7.884778738021851,
      8.317301988601685,
      7.2043702602386475
    ],
    "score_time": [
      0.017549514770507812,
      0.014903068542480469,
      0.016124248504638672,
      0.01482844352722168,
      0.016980886459350586
    ],
    "test_r": [
      0.819659775871947,
      0.6788323713065892,
      0.7283497485947654,
      0.825803088492555,
      0.6133759045853182
    ],
    "test_r2": [
      0.6409084796905518,
      0.453583300113678,
      0.5279723405838013,
      0.5319891571998596,
      0.34498244524002075
    ],
    "test_rmse": [
      -42.12609352425015,
      -96.6917831619448,
      -88.1740481297455,
      -94.3888537282947,
      -95.86109437712513
    ],
    "test_mae": [
      -31.991648589106543,
      -49.37593060435575,
      -51.565966569028355,
      -51.8760078814817,
      -52.37107873920516
    ],
    "best_params": {
      "check_inverse": true,
      "func": null,
      "inverse_func": null,
      "regressor__kernel": "matern",
      "regressor__lr": 0.01,
      "regressor__n_epoch": 1000,
      "transformer__memory": null,
      "transformer__verbose": false,
      "transformer__y scaler__copy": true,
      "transformer__y scaler__with_mean": true,
      "transformer__y scaler__with_std": true
    }
  },
  "1234567890": {
    "fit_time": [
      8.842741966247559,
      8.970054149627686,
      7.235264539718628,
      7.1775963306427,
      7.769964933395386
    ],
    "score_time": [
      0.018702268600463867,
      0.019546031951904297,
      0.01714491844177246,
      0.018880367279052734,
      0.018339157104492188
    ],
    "test_r": [
      0.7925903134833445,
      0.6561962204788828,
      0.3401331473904637,
      0.6623562484893863,
      0.8084674704449409
    ],
    "test_r2": [
      0.6164649724960327,
      0.4271576404571533,
      -0.7617487907409668,
      0.4251755475997925,
      0.4475419521331787
    ],
    "test_rmse": [
      -51.09386427718324,
      -100.078239346816,
      -83.2882354289461,
      -93.74997607611469,
      -123.25558470291588
    ],
    "test_mae": [
      -37.53815027329988,
      -51.856881437988285,
      -46.48522676178577,
      -47.42060083342907,
      -59.78947675398283
    ],
    "best_params": {
      "check_inverse": true,
      "func": null,
      "inverse_func": null,
      "regressor__kernel": "matern",
      "regressor__lr": 0.01,
      "regressor__n_epoch": 1000,
      "transformer__memory": null,