{
  "6": {
    "fit_time": [
      0.011849403381347656,
      0.012162208557128906,
      0.011532306671142578,
      0.012557506561279297,
      0.012352228164672852
    ],
    "score_time": [
      0.04502463340759277,
      0.011233091354370117,
      0.011226415634155273,
      0.011271953582763672,
      0.01118159294128418
    ],
    "test_r": [
      NaN,
      NaN,
      NaN,
      NaN,
      NaN
    ],
    "test_r2": [
      -0.011230044483441004,
      -0.009770250602242125,
      -0.00926445846155155,
      -0.00626312005363916,
      -0.11656806097681272
    ],
    "test_rmse": [
      -121.64459466689893,
      -129.4090583263432,
      -134.51721765391102,
      -132.9135929825374,
      -71.6370123067427
    ],
    "test_mae": [
      -69.96538495194156,
      -69.20422580065359,
      -73.8281794521338,
      -82.04160959438677,
      -60.53611241157248
    ],
    "best_params": {
      "check_inverse": true,
      "func": null,
      "inverse_func": null,
      "regressor__ccp_alpha": 0.5542472734190033,
      "regressor__criterion": "squared_error",
      "regressor__max_depth": null,
      "regressor__max_features": null,
      "regressor__max_leaf_nodes": null,
      "regressor__min_impurity_decrease": 0.0,
      "regressor__min_samples_leaf": 0.8352487625519375,
      "regressor__min_samples_split": 0.7851304478916721,
      "regressor__min_weight_fraction_leaf": 0.0,
      "regressor__monotonic_cst": null,
      "regressor__random_state": null,
      "regressor__splitter": "best",
      "transformer__memory": null,
      "transformer__verbose": false,
      "transformer__y scaler__copy": true,
      "transformer__y scaler__with_mean": true,
      "transformer__y scaler__with_std": true
    }
  },
  "13": {
    "fit_time": [
      0.011435508728027344,
      0.011697769165039062,
      0.014168024063110352,
      0.011656045913696289,
      0.010706424713134766
    ],
    "score_time": [
      0.05201530456542969,
      0.05181741714477539,
      0.05106854438781738,
      0.05183553695678711,
      0.008876323699951172
    ],
    "test_r": [
      NaN,
      NaN,
      NaN,
      NaN,
      NaN
    ],
    "test_r2": [
      -0.4616301769594231,
      -0.09134120483043962,
      -0.02384122611173134,
      -0.0004726639280494549,
      -0.0006292960816980386
    ],
    "test_rmse": [
      -64.6739100491562,
      -181.7570715462488,
      -113.00230927647556,
      -133.72977837324626,
      -75.74929684751294
    ],
    "test_mae": [
      -59.28325063052673,
      -103.69191731353327,
      -62.032616057285665,
      -70.81877413783161,
      -61.90848512110726
    ],
    "best_params": {
      "check_inverse": true,
      "func": null,
      "inverse_func": null,
      "regressor__ccp_alpha": 0.185365247654856,
      "regressor__criterion": "squared_error",
      "regressor__max_depth": null,
      "regressor__max_features": "log2",
      "regressor__max_leaf_nodes": null,
      "regressor__min_impurity_decrease": 0.0,
      "regressor__min_samples_leaf": 0.0678099018588246,
      "regressor__min_samples_split": 0.7883985107902242,
      "regressor__min_weight_fraction_leaf": 0.0,
      "regressor__monotonic_cst": null,
      "regressor__random_state": null,
      "regressor__splitter": "best",
      "transformer__memory": null,
      "transformer__verbose": false,
      "transformer__y scaler__copy": true,
      "transformer__y scaler__with_mean": true,
      "transformer__y scaler__with_std": true
    }
  },
  "42": {
    "fit_time": [
      0.011172771453857422,
      0.01044774055480957,
      0.010046005249023438,
      0.009825706481933594,
      0.010008573532104492
    ],
    "score_time": [
      0.02069878578186035,
      0.009423971176147461,
      0.008529186248779297,
      0.008553743362426758,
      0.008590221405029297
    ],
    "test_r": [
      NaN,
      NaN,
      NaN,
      NaN,
      NaN
    ],
    "test_r2": [
      -0.05532465492696126,
      -0.02082906163258058,
      -0.005029567408493474,
      -0.002368933373964932,
      -0.13402561082780884
    ],
    "test_rmse": [
      -71.91145972912261,
      -169.18122674682579,
      -163.19158590750473,
      -86.6400778830957,
      -68.23407749068319
    ],
    "test_mae": [
      -63.59235862745097,
      -82.8845836543637,
      -78.33058757785469,
      -69.61933697231834,
      -59.75243574394462
    ],
    "best_params": {
      "check_inverse": true,
      "func": null,
      "inverse_func": null,
      "regressor__ccp_alpha": 0.435497721322115,
      "regressor__criterion": "squared_error",
      "regressor__max_depth": null,
      "regressor__max_features": "log2",
      "regressor__max_leaf_nodes": null,
      "regressor__min_impurity_decrease": 0.0,
      "regressor__min_samples_leaf": 0.34685161787782576,
      "regressor__min_samples_split": 0.6799390713727985,
      "regressor__min_weight_fraction_leaf": 0.0,
      "regressor__monotonic_cst": null,
      "regressor__random_state": null,
      "regressor__splitter": "best",
      "transformer__memory": null,
      "transformer__verbose": false,
      "transformer__y scaler__copy": true,
      "transformer__y scaler__with_mean": true,
      "transformer__y scaler__with_std": true
    }
  },
  "69": {
    "fit_time": [
      0.011182069778442383,
      0.010973691940307617,
      0.011777877807617188,
      0.010975360870361328,
      0.009752511978149414
    ],
    "score_time": [
      0.013280391693115234,
      0.013054847717285156,
      0.011958122253417969,
      0.01228189468383789,
      0.008182287216186523
    ],
    "test_r": [
      NaN,
      NaN,
      NaN,
      NaN,
      NaN
    ],
    "test_r2": [
      -0.007441847391103096,
      -0.0004504972501739868,
      -0.21560503949299603,
      -0.0770326865231179,
      -0.03920708190158195
    ],
    "test_rmse": [
      -139.70818558563477,
      -121.05498473368566,
      -70.23698114517549,
      -67.9748004214821,
      -170.8369987561746
    ],
    "test_mae": [
      -81.33334871107267,
      -69.77655953575548,
      -60.24665199538641,
      -55.747623407343326,
      -89.76271452998846
    ],
    "best_params": {
      "check_inverse": true,
      "func": null,
      "inverse_func": null,
      "regressor__ccp_alpha": 0.7874293370712214,
      "regressor__criterion": "squared_error",
      "regressor__max_depth": null,
      "regressor__max_features": null,
      "regressor__max_leaf_nodes": null,
      "regressor__min_impurity_decrease": 0.0,
      "regressor__min_samples_leaf": 0.7832449374594603,
      "regressor__min_samples_split": 0.6959604091263834,
      "regressor__min_weight_fraction_leaf": 0.0,
      "regressor__monotonic_cst": null,
      "regressor__random_state": null,
      "regressor__splitter": "best",
      "transformer__memory": null,
      "transformer__verbose": false,
      "transformer__y scaler__copy": true,
      "transformer__y scaler__with_mean": true,
      "transformer__y scaler__with_std": true
    }
  },
  "420": {
    "fit_time": [
      0.01131296157836914,
      0.01107335090637207,
      0.015152454376220703,
      0.014884710311889648,
      0.015259265899658203
    ],
    "score_time": [
      0.013553857803344727,
      0.013144969940185547,
      0.013908863067626953,
      0.013002395629882812,
      0.012666940689086914
    ],
    "test_r": [
      NaN,
      NaN,
      NaN,
      NaN,
      NaN
    ],
    "test_r2": [
      -0.03939075785845536,
      -0.002136656281306104,
      -0.0010049946689991707,
      -0.021922502048598247,
      -0.0014424188542792038
    ],
    "test_rmse": [
      -71.67010010874007,
      -130.94564176553345,
      -128.40300546313424,
      -139.47673243405026,
      -118.53016727626299
    ],
    "test_mae": [
      -60.69478697231834,
      -77.23352900326799,
      -74.91750580161477,
      -75.53730972798922,
      -65.57386331218761
    ],
    "best_params": {
      "check_inverse": true,
      "func": null,
      "inverse_func": null,