{
  "6": {
    "fit_time": [
      0.1566784381866455,
      0.15754961967468262,
      0.13127923011779785,
      0.09055042266845703,
      0.13058853149414062
    ],
    "score_time": [
      0.026978015899658203,
      0.026795625686645508,
      0.027495384216308594,
      0.02982473373413086,
      0.025487661361694336
    ],
    "test_r": [
      0.11860039810607015,
      0.25831123553948965,
      0.48069245282008416,
      0.32974508310069356,
      0.4660542543929767
    ],
    "test_r2": [
      -0.02416093704719069,
      0.05975643959107135,
      -0.1840099018806105,
      0.05334584661102815,
      0.10939608477365348
    ],
    "test_rmse": [
      -167.04333653079357,
      -116.06282214225439,
      -67.04164211425811,
      -134.0540309622106,
      -65.67218987537582
    ],
    "test_mae": [
      -76.39232024821216,
      -57.008530240236105,
      -56.88338790983808,
      -72.75718206443378,
      -55.912462512844954
    ],
    "best_params": {
      "check_inverse": true,
      "func": null,
      "inverse_func": null,
      "regressor__bootstrap": true,
      "regressor__ccp_alpha": 0.0,
      "regressor__criterion": "squared_error",
      "regressor__max_depth": null,
      "regressor__max_features": "sqrt",
      "regressor__max_leaf_nodes": null,
      "regressor__max_samples": null,
      "regressor__min_impurity_decrease": 0.0,
      "regressor__min_samples_leaf": 0.05,
      "regressor__min_samples_split": 0.08804127145111572,
      "regressor__min_weight_fraction_leaf": 0.0,
      "regressor__monotonic_cst": null,
      "regressor__n_estimators": 50,
      "regressor__n_jobs": null,
      "regressor__oob_score": false,
      "regressor__random_state": null,
      "regressor__verbose": 0,
      "regressor__warm_start": false,
      "transformer__memory": null,
      "transformer__verbose": false,
      "transformer__y scaler__copy": true,
      "transformer__y scaler__with_mean": true,
      "transformer__y scaler__with_std": true
    }
  },
  "13": {
    "fit_time": [
      0.07877302169799805,
      0.15825533866882324,
      0.1639387607574463,
      0.14612793922424316,
      0.14583396911621094
    ],
    "score_time": [
      0.02071547508239746,
      0.023205995559692383,
      0.027805328369140625,
      0.028664588928222656,
      0.02302384376525879
    ],
    "test_r": [
      0.43780793437843507,
      0.375658689927557,
      0.00906850045798001,
      0.18112412262922137,
      0.6410530008272447
    ],
    "test_r2": [
      -0.4147181390038428,
      0.02883741830963482,
      -0.029781469873927824,
      0.03271822223920251,
      0.26323175679203303
    ],
    "test_rmse": [
      -59.47942105200041,
      -144.73622384440466,
      -159.63178944125002,
      -120.63955492934122,
      -65.96786707229761
    ],
    "test_mae": [
      -53.83992938985178,
      -80.15579189406934,
      -67.76871935002598,
      -64.55111392139698,
      -53.48370560691143
    ],
    "best_params": {
      "check_inverse": true,
      "func": null,
      "inverse_func": null,
      "regressor__bootstrap": true,
      "regressor__ccp_alpha": 0.0,
      "regressor__criterion": "squared_error",
      "regressor__max_depth": null,
      "regressor__max_features": "sqrt",
      "regressor__max_leaf_nodes": null,
      "regressor__max_samples": null,
      "regressor__min_impurity_decrease": 0.0,
      "regressor__min_samples_leaf": 0.05,
      "regressor__min_samples_split": 0.05,
      "regressor__min_weight_fraction_leaf": 0.0,
      "regressor__monotonic_cst": null,
      "regressor__n_estimators": 50,
      "regressor__n_jobs": null,
      "regressor__oob_score": false,
      "regressor__random_state": null,
      "regressor__verbose": 0,
      "regressor__warm_start": false,
      "transformer__memory": null,
      "transformer__verbose": false,
      "transformer__y scaler__copy": true,
      "transformer__y scaler__with_mean": true,
      "transformer__y scaler__with_std": true
    }
  },
  "42": {
    "fit_time": [
      0.1735072135925293,
      0.09577584266662598,
      0.1709301471710205,
      0.1744556427001953,
      0.15011382102966309
    ],
    "score_time": [
      0.039598941802978516,
      0.03190159797668457,
      0.03741931915283203,
      0.031430721282958984,
      0.053896188735961914
    ],
    "test_r": [
      0.24117908887391287,
      0.5002596298538808,
      0.043099531998502916,
      0.310085569678359,
      0.5208176934339793
    ],
    "test_r2": [
      0.04054854073203262,
      0.16275361459426518,
      -0.009610775336263755,
      0.05851022301907738,
      0.10816133761762692
    ],
    "test_rmse": [
      -117.74823029256306,
      -67.99455494905614,
      -172.89920720746997,
      -127.39162699861635,
      -59.93917542515798
    ],
    "test_mae": [
      -59.54665213325544,
      -55.191709957971824,
      -75.40432954071173,
      -74.59629639396101,
      -50.75232224022209
    ],
    "best_params": {
      "check_inverse": true,
      "func": null,
      "inverse_func": null,
      "regressor__bootstrap": true,
      "regressor__ccp_alpha": 0.0,
      "regressor__criterion": "squared_error",
      "regressor__max_depth": null,
      "regressor__max_features": "sqrt",
      "regressor__max_leaf_nodes": null,
      "regressor__max_samples": null,
      "regressor__min_impurity_decrease": 0.0,
      "regressor__min_samples_leaf": 0.05086361916971305,
      "regressor__min_samples_split": 0.09907531107124573,
      "regressor__min_weight_fraction_leaf": 0.0,
      "regressor__monotonic_cst": null,
      "regressor__n_estimators": 62,
      "regressor__n_jobs": null,
      "regressor__oob_score": false,
      "regressor__random_state": null,
      "regressor__verbose": 0,
      "regressor__warm_start": false,
      "transformer__memory": null,
      "transformer__verbose": false,
      "transformer__y scaler__copy": true,
      "transformer__y scaler__with_mean": true,
      "transformer__y scaler__with_std": true
    }
  },
  "69": {
    "fit_time": [
      1.0634222030639648,
      0.9258015155792236,
      1.0481305122375488,
      1.051119089126587,
      1.118394374847412
    ],
    "score_time": [
      0.06525015830993652,
      0.058945655822753906,
      0.06560468673706055,
      0.05365180969238281,
      0.054157257080078125
    ],
    "test_r": [
      0.2637836739370126,
      0.07772505728310661,
      0.534518464900138,
      0.6117080583135516,
      0.22693843588261678
    ],
    "test_r2": [
      0.05458516376863587,
      -0.009803836506808938,
      -0.01465758002563411,
      0.2565195613863629,
      0.041709037252915304
    ],
    "test_rmse": [
      -133.7541453204805,
      -157.4885428098531,
      -62.783876053426894,
      -58.368948075303116,
      -131.43767319083048
    ],
    "test_mae": [
      -69.35148860691544,
      -76.42218190917671,
      -53.93916703026883,
      -47.37271919610936,
      -69.41412599084121
    ],
    "best_params": {
      "check_inverse": true,
      "func": null,
      "inverse_func": null,
      "regressor__bootstrap": true,
      "regressor__ccp_alpha": 0.0,
      "regressor__criterion": "squared_error",
      "regressor__max_depth": null,
      "regressor__max_features": "sqrt",
      "regressor__max_leaf_nodes": null,
      "regressor__max_samples": null,
      "regressor__min_impurity_decrease": 0.0,
      "regressor__min_samples_leaf": 0.05,
      "regressor__min_samples_split": 0.05,
      "regressor__min_weight_fraction_leaf": 0.0,
      "regressor__monotonic_cst": null,
      "regressor__n_estimators": 653,
      "regressor__n_jobs": null,
      "regressor__oob_score": false,
      "regressor__random_state": null,
      "regressor__verbose": 0,
      "regressor__warm_start": false,
      "transformer__memory": null,
      "transformer__verbose": false,
      "transformer__y scaler__copy": true,
      "transformer__y scaler__with_mean": true,
      "transformer__y scaler__with_std": true
    }
  },