{
  "6": {
    "fit_time": [
      0.27592897415161133,
      0.3035738468170166,
      0.34671592712402344,
      0.3245532512664795,
      0.24482464790344238
    ],
    "score_time": [
      0.04672813415527344,
      0.04861569404602051,
      0.0570375919342041,
      0.05574655532836914,
      0.04996442794799805
    ],
    "test_r": [
      0.11777310271275815,
      0.24498860623379315,
      0.4513815670520916,
      0.33274093582472863,
      0.4790240622328839
    ],
    "test_r2": [
      -0.024050482174020837,
      0.05083197940264317,
      -0.20876568642494853,
      0.046642335516364986,
      0.09427747929016861
    ],
    "test_rmse": [
      -167.03432854807127,
      -116.61233495866918,
      -67.7388840486019,
      -134.52782988018518,
      -66.22725910109745
    ],
    "test_mae": [
      -77.78343408699979,
      -58.19925716939915,
      -57.72630836182018,
      -73.23483352483865,
      -56.393756540746615
    ],
    "best_params": {
      "check_inverse": true,
      "func": null,
      "inverse_func": null,
      "regressor__bootstrap": true,
      "regressor__ccp_alpha": 0.0,
      "regressor__criterion": "squared_error",
      "regressor__max_depth": null,
      "regressor__max_features": "sqrt",
      "regressor__max_leaf_nodes": null,
      "regressor__max_samples": null,
      "regressor__min_impurity_decrease": 0.0,
      "regressor__min_samples_leaf": 0.051121142250641585,
      "regressor__min_samples_split": 0.08763574367641255,
      "regressor__min_weight_fraction_leaf": 0.0,
      "regressor__monotonic_cst": null,
      "regressor__n_estimators": 112,
      "regressor__n_jobs": null,
      "regressor__oob_score": false,
      "regressor__random_state": null,
      "regressor__verbose": 0,
      "regressor__warm_start": false,
      "transformer__memory": null,
      "transformer__verbose": false,
      "transformer__y scaler__copy": true,
      "transformer__y scaler__with_mean": true,
      "transformer__y scaler__with_std": true
    }
  },
  "13": {
    "fit_time": [
      0.18025779724121094,
      0.15309715270996094,
      0.13119220733642578,
      0.1734175682067871,
      0.18677186965942383
    ],
    "score_time": [
      0.052518606185913086,
      0.043466806411743164,
      0.0408015251159668,
      0.05034327507019043,
      0.043042659759521484
    ],
    "test_r": [
      0.45355643071523777,
      0.3582174162135911,
      -0.001680732180827169,
      0.16655852267013788,
      0.6393543845280987
    ],
    "test_r2": [
      -0.35199213968888365,
      0.01893936044344091,
      -0.02053863819384394,
      0.027343785759274652,
      0.22509310559867102
    ],
    "test_rmse": [
      -58.14586759325119,
      -145.47192750386338,
      -158.91378495174231,
      -120.97424101105021,
      -67.65373152332748
    ],
    "test_mae": [
      -52.367328807710834,
      -81.61333282123641,
      -68.284915811136,
      -64.62837849435263,
      -54.634799625991626
    ],
    "best_params": {
      "check_inverse": true,
      "func": null,
      "inverse_func": null,
      "regressor__bootstrap": true,
      "regressor__ccp_alpha": 0.0,
      "regressor__criterion": "squared_error",
      "regressor__max_depth": null,
      "regressor__max_features": "sqrt",
      "regressor__max_leaf_nodes": null,
      "regressor__max_samples": null,
      "regressor__min_impurity_decrease": 0.0,
      "regressor__min_samples_leaf": 0.05,
      "regressor__min_samples_split": 0.05,
      "regressor__min_weight_fraction_leaf": 0.0,
      "regressor__monotonic_cst": null,
      "regressor__n_estimators": 50,
      "regressor__n_jobs": null,
      "regressor__oob_score": false,
      "regressor__random_state": null,
      "regressor__verbose": 0,
      "regressor__warm_start": false,
      "transformer__memory": null,
      "transformer__verbose": false,
      "transformer__y scaler__copy": true,
      "transformer__y scaler__with_mean": true,
      "transformer__y scaler__with_std": true
    }
  },
  "42": {
    "fit_time": [
      0.10401582717895508,
      0.10246825218200684,
      0.1103203296661377,
      0.1368246078491211,
      0.13350844383239746
    ],
    "score_time": [
      0.04010200500488281,
      0.03877854347229004,
      0.049017906188964844,
      0.04024457931518555,
      0.038631439208984375
    ],
    "test_r": [
      0.24090897482192714,
      0.4951278377448251,
      0.028688662938274587,
      0.28661130836438947,
      0.5140903013016767
    ],
    "test_r2": [
      0.03570041107559718,
      0.14901993946976266,
      -0.007730789231856328,
      0.039589059976944174,
      0.12264146415161703
    ],
    "test_rmse": [
      -118.04534764934941,
      -68.54995703931527,
      -172.7381552589319,
      -128.6653569529207,
      -59.450590019094626
    ],
    "test_mae": [
      -60.56087306611722,
      -55.551111328995646,
      -77.91136843017445,
      -75.79782706080809,
      -50.3005074060912
    ],
    "best_params": {
      "check_inverse": true,
      "func": null,
      "inverse_func": null,
      "regressor__bootstrap": true,
      "regressor__ccp_alpha": 0.0,
      "regressor__criterion": "squared_error",
      "regressor__max_depth": null,
      "regressor__max_features": "sqrt",
      "regressor__max_leaf_nodes": null,
      "regressor__max_samples": null,
      "regressor__min_impurity_decrease": 0.0,
      "regressor__min_samples_leaf": 0.05,
      "regressor__min_samples_split": 0.2805420702142486,
      "regressor__min_weight_fraction_leaf": 0.0,
      "regressor__monotonic_cst": null,
      "regressor__n_estimators": 50,
      "regressor__n_jobs": null,
      "regressor__oob_score": false,
      "regressor__random_state": null,
      "regressor__verbose": 0,
      "regressor__warm_start": false,
      "transformer__memory": null,
      "transformer__verbose": false,
      "transformer__y scaler__copy": true,
      "transformer__y scaler__with_mean": true,
      "transformer__y scaler__with_std": true
    }
  },
  "69": {
    "fit_time": [
      0.13106298446655273,
      0.1259472370147705,
      0.170562744140625,
      0.1668398380279541,
      0.18526291847229004
    ],
    "score_time": [
      0.0397336483001709,
      0.04117918014526367,
      0.04843473434448242,
      0.039969444274902344,
      0.05480504035949707
    ],
    "test_r": [
      0.26391124303092206,
      0.07355305851820285,
      0.46979423200485576,
      0.5999913262378567,
      0.20634824456209683
    ],
    "test_r2": [
      0.04945874907440695,
      -0.008264853952290263,
      -0.10241822128879874,
      0.21072158273660413,
      0.029645605686125842
    ],
    "test_rmse": [
      -134.1162891091422,
      -157.36848754374077,
      -65.44275340781348,
      -60.139831492678276,
      -132.26238643491538
    ],
    "test_mae": [
      -69.97281410821341,
      -77.7640401840496,
      -56.20556268455826,
      -48.621094144802385,
      -70.94172337716921
    ],
    "best_params": {
      "check_inverse": true,
      "func": null,
      "inverse_func": null,
      "regressor__bootstrap": true,
      "regressor__ccp_alpha": 0.0,
      "regressor__criterion": "squared_error",
      "regressor__max_depth": null,
      "regressor__max_features": "sqrt",
      "regressor__max_leaf_nodes": null,
      "regressor__max_samples": null,
      "regressor__min_impurity_decrease": 0.0,
      "regressor__min_samples_leaf": 0.05,
      "regressor__min_samples_split": 0.05,
      "regressor__min_weight_fraction_leaf": 0.0,
      "regressor__monotonic_cst": null,
      "regressor__n_estimators": 50,
      "regressor__n_jobs": null,
      "regressor__oob_score": false,
      "regressor__random_state": null,
      "regressor__verbose": 0,
      "regressor__warm_start": false,
      "transformer__memory": null,
      "transformer__verbose": false,
      "transformer__y scaler__copy": true,
      "transformer__y scaler__with_mean": true,