{
  "6": {
    "fit_time": [
      8.703615665435791,
      8.700125455856323,
      8.572270154953003,
      8.40174150466919,
      8.696006298065186
    ],
    "score_time": [
      0.05853533744812012,
      0.05881071090698242,
      0.06199789047241211,
      0.06116914749145508,
      0.058858633041381836
    ],
    "test_r": [
      0.3322470824555934,
      0.2704224860119533,
      0.22977019917831398,
      0.4662061233200129,
      0.6478136739936292
    ],
    "test_r2": [
      0.09238630533218384,
      0.056111156940460205,
      0.03738671541213989,
      0.14050966501235962,
      0.18745696544647217
    ],
    "test_rmse": [
      -115.24400785688395,
      -125.11628808928116,
      -131.371549700864,
      -122.83840424792203,
      -61.110813983685176
    ],
    "test_mae": [
      -61.312656146024814,
      -61.3534696172258,
      -66.15179030967563,
      -71.4018514402382,
      -53.049771522815185
    ],
    "best_params": {
      "check_inverse": true,
      "func": null,
      "inverse_func": null,
      "regressor__kernel": "rbf",
      "regressor__lr": 0.01,
      "regressor__n_epoch": 200,
      "transformer__memory": null,
      "transformer__verbose": false,
      "transformer__y scaler__copy": true,
      "transformer__y scaler__with_mean": true,
      "transformer__y scaler__with_std": true
    }
  },
  "13": {
    "fit_time": [
      8.872052431106567,
      8.866786479949951,
      8.688185691833496,
      8.545644044876099,
      8.922789573669434
    ],
    "score_time": [
      0.064666748046875,
      0.060247182846069336,
      0.06018400192260742,
      0.06270194053649902,
      0.05535578727722168
    ],
    "test_r": [
      0.362626544330423,
      0.3663646080407974,
      0.12474747717490177,
      0.22061965564050512,
      0.7496854621073092
    ],
    "test_r2": [
      -0.363850474357605,
      0.017909467220306396,
      -0.0185849666595459,
      0.047747015953063965,
      0.3474962115287781
    ],
    "test_rmse": [
      -62.4732030617879,
      -172.4196504253582,
      -112.7118666422464,
      -130.4672978000194,
      -61.16930375852991
    ],
    "test_mae": [
      -55.5834996121515,
      -89.92605290343042,
      -56.57769238961013,
      -66.57844881558287,
      -52.13913918325386
    ],
    "best_params": {
      "check_inverse": true,
      "func": null,
      "inverse_func": null,
      "regressor__kernel": "rbf",
      "regressor__lr": 0.01,
      "regressor__n_epoch": 200,
      "transformer__memory": null,
      "transformer__verbose": false,
      "transformer__y scaler__copy": true,
      "transformer__y scaler__with_mean": true,
      "transformer__y scaler__with_std": true
    }
  },
  "42": {
    "fit_time": [
      8.586071491241455,
      8.624289512634277,
      8.40073037147522,
      8.399202346801758,
      8.617960453033447
    ],
    "score_time": [
      0.05778765678405762,
      0.05704045295715332,
      0.060834407806396484,
      0.0613555908203125,
      0.057710886001586914
    ],
    "test_r": [
      0.6120389318448524,
      0.22675883053608584,
      0.17043424078172803,
      0.7300048232468626,
      0.4042524650485546
    ],
    "test_r2": [
      0.16130554676055908,
      0.03421419858932495,
      0.02138751745223999,
      0.34859663248062134,
      -0.002069830894470215
    ],
    "test_rmse": [
      -64.10722029286441,
      -164.55687606152063,
      -161.03255127074965,
      -69.8441523371676,
      -64.14146631670751
    ],
    "test_mae": [
      -56.22526734384575,
      -71.62843884599273,
      -70.53763342829684,
      -58.419125648719934,
      -56.60786972385781
    ],
    "best_params": {
      "check_inverse": true,
      "func": null,
      "inverse_func": null,
      "regressor__kernel": "rbf",
      "regressor__lr": 0.01,
      "regressor__n_epoch": 200,
      "transformer__memory": null,
      "transformer__verbose": false,
      "transformer__y scaler__copy": true,
      "transformer__y scaler__with_mean": true,
      "transformer__y scaler__with_std": true
    }
  },
  "69": {
    "fit_time": [
      8.905154466629028,
      8.902822732925415,
      8.902383089065552,
      8.750393390655518,
      8.726065397262573
    ],
    "score_time": [
      0.060999393463134766,
      0.06090807914733887,
      0.0605618953704834,
      0.06220602989196777,
      0.06390953063964844
    ],
    "test_r": [
      0.34274268964222443,
      0.3235679169014655,
      0.6546553308637736,
      0.6270440726315547,
      0.2345028745885742
    ],
    "test_r2": [
      0.08852607011795044,
      0.09408718347549438,
      0.11817115545272827,
      0.24842923879623413,
      0.02603471279144287
    ],
    "test_rmse": [
      -132.88746526187882,
      -115.1935294565253,
      -59.82211126657347,
      -56.78301126202225,
      -165.38747281448633
    ],
    "test_mae": [
      -70.62371572605507,
      -61.64422235150506,
      -52.45329723374311,
      -48.9721237676643,
      -79.3117447002815
    ],
    "best_params": {
      "check_inverse": true,
      "func": null,
      "inverse_func": null,
      "regressor__kernel": "rbf",
      "regressor__lr": 0.01,
      "regressor__n_epoch": 200,
      "transformer__memory": null,
      "transformer__verbose": false,
      "transformer__y scaler__copy": true,
      "transformer__y scaler__with_mean": true,
      "transformer__y scaler__with_std": true
    }
  },
  "420": {
    "fit_time": [
      8.58442497253418,
      8.563332796096802,
      8.463245630264282,
      8.375165462493896,
      8.371941328048706
    ],
    "score_time": [
      0.05572962760925293,
      0.05543160438537598,
      0.058475494384765625,
      0.061185359954833984,
      0.06073713302612305
    ],
    "test_r": [
      0.7609682450101806,
      0.26596977520440246,
      0.4283808802779539,
      0.2557072698398402,
      0.19203597848614373
    ],
    "test_r2": [
      0.35024893283843994,
      0.05668485164642334,
      0.13312864303588867,
      0.05771493911743164,
      0.035266339778900146
    ],
    "test_rmse": [
      -56.6659403181011,
      -127.04452323119175,
      -119.49078470205006,
      -133.9318654061659,
      -116.33747485800694
    ],
    "test_mae": [
      -49.45580202208276,
      -68.66481791733686,
      -67.75145656661687,
      -69.41027057533414,
      -59.384400703890925
    ],
    "best_params": {
      "check_inverse": true,
      "func": null,
      "inverse_func": null,
      "regressor__kernel": "rbf",
      "regressor__lr": 0.01,
      "regressor__n_epoch": 200,
      "transformer__memory": null,
      "transformer__verbose": false,
      "transformer__y scaler__copy": true,
      "transformer__y scaler__with_mean": true,
      "transformer__y scaler__with_std": true
    }
  },
  "1234567890": {
    "fit_time": [
      8.403809547424316,
      8.550279140472412,
      8.651098728179932,
      8.399867296218872,
      8.476686716079712
    ],
    "score_time": [
      0.06023287773132324,
      0.05678844451904297,
      0.051557302474975586,
      0.06475043296813965,
      0.05927443504333496
    ],
    "test_r": [
      0.7794157621102468,
      0.23323031474034792,
      0.5329589703673682,
      0.3390831832239153,
      0.17702127980590698
    ],
    "test_r2": [
      0.3712436556816101,
      0.041186749935150146,
      -0.05528903007507324,
      0.10381877422332764,
      0.0161283016204834
    ],
    "test_rmse": [
      -65.41953288209768,
      -129.47593971246374,
      -64.46104914171214,
      -117.05809294399793,
      -164.48497253759237
    ],
    "test_mae": [
      -54.11210186248182,
      -64.0402901554721,
      -59.86695320815142,
      -63.904687195087504,
      -75.66441207167681
    ],
    "best_params": {
      "check_inverse": true,
      "func": null,
      "inverse_func": null,
      "regressor__kernel": "rbf",
      "regressor__lr": 0.01,
      "regressor__n_epoch": 200,
      "transformer__memory": null,