{
  "6": {
    "fit_time": [
      9.82316541671753,
      3.9573378562927246,
      5.592335224151611,
      5.580889940261841,
      5.662531852722168
    ],
    "score_time": [
      0.04350447654724121,
      0.0354619026184082,
      0.041543006896972656,
      0.03497958183288574,
      0.04536747932434082
    ],
    "test_r": [
      0.35018677224104705,
      0.29458691683212807,
      0.2513658398348798,
      0.4409007117325467,
      0.5914302964779953
    ],
    "test_r2": [
      0.09794622659683228,
      0.059249162673950195,
      0.058343589305877686,
      0.13859546184539795,
      0.2808707356452942
    ],
    "test_rmse": [
      -114.89047676876712,
      -124.9081270736551,
      -129.93364218961392,
      -122.97512152506557,
      -57.4907984728851
    ],
    "test_mae": [
      -58.08444068534103,
      -56.871862440388995,
      -59.530210877655634,
      -67.92394272609336,
      -44.738952098915256
    ],
    "best_params": {
      "check_inverse": true,
      "func": null,
      "inverse_func": null,
      "regressor__kernel": "rbf",
      "regressor__lr": 0.01,
      "regressor__n_epoch": 200,
      "transformer__memory": null,
      "transformer__verbose": false,
      "transformer__y scaler__copy": true,
      "transformer__y scaler__unit_variance": false,
      "transformer__y scaler__with_centering": true,
      "transformer__y scaler__with_scaling": true
    }
  },
  "13": {
    "fit_time": [
      4.857765436172485,
      3.859649419784546,
      4.017520189285278,
      4.19088077545166,
      12.180253744125366
    ],
    "score_time": [
      0.041582345962524414,
      0.03610110282897949,
      0.04005312919616699,
      0.04711461067199707,
      0.042792320251464844
    ],
    "test_r": [
      0.3583182538923811,
      0.3785668165737154,
      0.16030137478621112,
      0.2461545578164107,
      0.6891837724053769
    ],
    "test_r2": [
      -0.19691956043243408,
      -0.0014870166778564453,
      0.006319284439086914,
      0.05859881639480591,
      0.3938162922859192
    ],
    "test_rmse": [
      -58.52519359840868,
      -174.11399726432793,
      -111.32544697954944,
      -129.72176174425127,
      -58.958189841167794
    ],
    "test_mae": [
      -48.02346095954446,
      -87.50427641985725,
      -50.356298587490905,
      -61.57694354726156,
      -47.249313353355255
    ],
    "best_params": {
      "check_inverse": true,
      "func": null,
      "inverse_func": null,
      "regressor__kernel": "rbf",
      "regressor__lr": 0.01,
      "regressor__n_epoch": 200,
      "transformer__memory": null,
      "transformer__verbose": false,
      "transformer__y scaler__copy": true,
      "transformer__y scaler__unit_variance": false,
      "transformer__y scaler__with_centering": true,
      "transformer__y scaler__with_scaling": true
    }
  },
  "42": {
    "fit_time": [
      5.5006263256073,
      5.348506212234497,
      4.928454637527466,
      5.766843795776367,
      5.436617136001587
    ],
    "score_time": [
      0.036386966705322266,
      0.034146785736083984,
      0.035653114318847656,
      0.038230180740356445,
      0.04142451286315918
    ],
    "test_r": [
      0.5638172611958402,
      0.2776081914731218,
      0.20887578327101464,
      0.67489170250587,
      0.36084615542206666
    ],
    "test_r2": [
      0.22295361757278442,
      0.04050898551940918,
      0.02412545680999756,
      0.3698887228965759,
      0.053528785705566406
    ],
    "test_rmse": [
      -61.70616428021016,
      -164.01972864534716,
      -160.80713904775266,
      -68.69318723276066,
      -62.336674042985216
    ],
    "test_mae": [
      -51.39433467803956,
      -65.16796498997108,
      -66.080358886629,
      -52.63827778512992,
      -52.54521738280053
    ],
    "best_params": {
      "check_inverse": true,
      "func": null,
      "inverse_func": null,
      "regressor__kernel": "rbf",
      "regressor__lr": 0.01,
      "regressor__n_epoch": 200,
      "transformer__memory": null,
      "transformer__verbose": false,
      "transformer__y scaler__copy": true,
      "transformer__y scaler__unit_variance": false,
      "transformer__y scaler__with_centering": true,
      "transformer__y scaler__with_scaling": true
    }
  },
  "69": {
    "fit_time": [
      5.830533742904663,
      4.0725953578948975,
      4.040502548217773,
      4.4340245723724365,
      5.764339923858643
    ],
    "score_time": [
      0.035799264907836914,
      0.033930063247680664,
      0.0350034236907959,
      0.034279823303222656,
      0.038001060485839844
    ],
    "test_r": [
      0.3531835153702011,
      0.34963785720443774,
      0.6021178776400385,
      0.5766878040338277,
      0.25178522289628574
    ],
    "test_r2": [
      0.10083788633346558,
      0.11658340692520142,
      0.25065749883651733,
      0.3146235942840576,
      0.022229492664337158
    ],
    "test_rmse": [
      -131.9869097582768,
      -113.75424331887828,
      -55.14546457446573,
      -54.22481619897978,
      -165.71022697897317
    ],
    "test_mae": [
      -65.05953123714671,
      -55.2334612176753,
      -43.96754081592634,
      -42.60140882458256,
      -77.77351781345742
    ],
    "best_params": {
      "check_inverse": true,
      "func": null,
      "inverse_func": null,
      "regressor__kernel": "rbf",
      "regressor__lr": 0.01,
      "regressor__n_epoch": 200,
      "transformer__memory": null,
      "transformer__verbose": false,
      "transformer__y scaler__copy": true,
      "transformer__y scaler__unit_variance": false,
      "transformer__y scaler__with_centering": true,
      "transformer__y scaler__with_scaling": true
    }
  },
  "420": {
    "fit_time": [
      5.106234073638916,
      4.211517333984375,
      4.327718734741211,
      4.582778692245483,
      4.286107778549194
    ],
    "score_time": [
      0.03400993347167969,
      0.03812861442565918,
      0.03604626655578613,
      0.03525185585021973,
      0.03435397148132324
    ],
    "test_r": [
      0.7127511399298948,
      0.28092775323869495,
      0.4013648515908368,
      0.2759401852447072,
      0.22393750191789816
    ],
    "test_r2": [
      0.43953782320022583,
      0.07263857126235962,
      0.12411439418792725,
      0.06302022933959961,
      0.04892611503601074
    ],
    "test_rmse": [
      -52.62859180980867,
      -125.96563447908841,
      -120.11045074807964,
      -133.55429822561362,
      -115.5109214862943
    ],
    "test_mae": [
      -42.30456902216891,
      -62.05104083149032,
      -63.39920191151337,
      -66.15862319458009,
      -54.173012570711016
    ],
    "best_params": {
      "check_inverse": true,
      "func": null,
      "inverse_func": null,
      "regressor__kernel": "rbf",
      "regressor__lr": 0.01,
      "regressor__n_epoch": 200,
      "transformer__memory": null,
      "transformer__verbose": false,
      "transformer__y scaler__copy": true,
      "transformer__y scaler__unit_variance": false,
      "transformer__y scaler__with_centering": true,
      "transformer__y scaler__with_scaling": true
    }
  },
  "1234567890": {
    "fit_time": [
      6.391094207763672,
      5.869723558425903,
      7.931500434875488,
      3.684048652648926,
      5.316358327865601
    ],
    "score_time": [
      0.037145137786865234,
      0.03903818130493164,
      0.045900583267211914,
      0.03380179405212402,
      0.04348325729370117
    ],
    "test_r": [
      0.6555835000119503,
      0.2528338792930345,
      0.4433594069407204,
      0.34717719132695796,
      0.21169568119885945
    ],
    "test_r2": [
      0.3674027919769287,
      0.040784358978271484,
      0.08036929368972778,
      0.1153295636177063,
      0.020585358142852783
    ],
    "test_rmse": [
      -65.6190375159249,
      -129.50311713275218,
      -60.175319157948074,
      -116.30390903250914,
      -164.1119991572136
    ],