{
  "6": {
    "fit_time": [
      0.06782054901123047,
      0.08715105056762695,
      0.06909060478210449,
      0.08799386024475098,
      0.08729910850524902
    ],
    "score_time": [
      0.0367584228515625,
      0.02216649055480957,
      0.030433177947998047,
      0.021622180938720703,
      0.022301912307739258
    ],
    "test_r": [
      0.0679301317289099,
      0.20437851449716898,
      0.4637425598614655,
      0.31715080220177505,
      0.41940759092717284
    ],
    "test_r2": [
      -0.03447529443149033,
      0.03827580434369349,
      -0.1547754364842906,
      0.045301562190816935,
      0.07700715090208865
    ],
    "test_rmse": [
      -167.88237869650536,
      -117.3811104952756,
      -66.20880429942343,
      -134.6223945750147,
      -66.85568862537973
    ],
    "test_mae": [
      -79.31734263902119,
      -59.44767736495854,
      -56.138133716464054,
      -72.96695695175089,
      -56.96790923622611
    ],
    "best_params": {
      "check_inverse": true,
      "func": null,
      "inverse_func": null,
      "regressor__bootstrap": true,
      "regressor__ccp_alpha": 0.0,
      "regressor__criterion": "squared_error",
      "regressor__max_depth": null,
      "regressor__max_features": "sqrt",
      "regressor__max_leaf_nodes": null,
      "regressor__max_samples": null,
      "regressor__min_impurity_decrease": 0.0,
      "regressor__min_samples_leaf": 0.05,
      "regressor__min_samples_split": 0.05,
      "regressor__min_weight_fraction_leaf": 0.0,
      "regressor__monotonic_cst": null,
      "regressor__n_estimators": 50,
      "regressor__n_jobs": null,
      "regressor__oob_score": false,
      "regressor__random_state": null,
      "regressor__verbose": 0,
      "regressor__warm_start": false,
      "transformer__memory": null,
      "transformer__verbose": false,
      "transformer__y scaler__copy": true,
      "transformer__y scaler__with_mean": true,
      "transformer__y scaler__with_std": true
    }
  },
  "13": {
    "fit_time": [
      0.07971882820129395,
      0.07948684692382812,
      0.10655879974365234,
      0.10232234001159668,
      0.10410571098327637
    ],
    "score_time": [
      0.01434636116027832,
      0.014654874801635742,
      0.02010202407836914,
      0.019004106521606445,
      0.01944446563720703
    ],
    "test_r": [
      0.4618682453223294,
      0.3417102663960823,
      -0.008751510861083021,
      0.1874347489311808,
      0.5663362897311859
    ],
    "test_r2": [
      -0.5154773254130991,
      0.019324373097455716,
      -0.027955291231033685,
      0.034766382118647354,
      0.2014968688662102
    ],
    "test_rmse": [
      -61.561117249713234,
      -145.44337981436055,
      -159.4901839021058,
      -120.5117638142641,
      -68.67604949138034
    ],
    "test_mae": [
      -56.14987101588815,
      -82.22914514858115,
      -69.47960984705709,
      -62.78521730448335,
      -56.663166760576296
    ],
    "best_params": {
      "check_inverse": true,
      "func": null,
      "inverse_func": null,
      "regressor__bootstrap": true,
      "regressor__ccp_alpha": 0.0,
      "regressor__criterion": "squared_error",
      "regressor__max_depth": null,
      "regressor__max_features": "sqrt",
      "regressor__max_leaf_nodes": null,
      "regressor__max_samples": null,
      "regressor__min_impurity_decrease": 0.0,
      "regressor__min_samples_leaf": 0.05159799056936639,
      "regressor__min_samples_split": 0.10175679641765048,
      "regressor__min_weight_fraction_leaf": 0.0,
      "regressor__monotonic_cst": null,
      "regressor__n_estimators": 62,
      "regressor__n_jobs": null,
      "regressor__oob_score": false,
      "regressor__random_state": null,
      "regressor__verbose": 0,
      "regressor__warm_start": false,
      "transformer__memory": null,
      "transformer__verbose": false,
      "transformer__y scaler__copy": true,
      "transformer__y scaler__with_mean": true,
      "transformer__y scaler__with_std": true
    }
  },
  "42": {
    "fit_time": [
      0.06684422492980957,
      0.06808614730834961,
      0.08614826202392578,
      0.08251547813415527,
      0.08201885223388672
    ],
    "score_time": [
      0.019176959991455078,
      0.015208005905151367,
      0.019324064254760742,
      0.017771005630493164,
      0.01844644546508789
    ],
    "test_r": [
      0.19824722637204237,
      0.49400518810121885,
      -0.008370697839591823,
      0.31152064638556165,
      0.49527732579450134
    ],
    "test_r2": [
      0.027863786109920574,
      0.14868612642253065,
      -0.0181976630845877,
      0.04461787103936088,
      0.06326389471848826
    ],
    "test_rmse": [
      -118.52403977941296,
      -68.56340073058867,
      -173.63291699357816,
      -128.32806228452904,
      -61.42939614935509
    ],
    "test_mae": [
      -61.89855013790783,
      -54.25135534373668,
      -79.05142270170127,
      -76.09412275384076,
      -52.42051690216442
    ],
    "best_params": {
      "check_inverse": true,
      "func": null,
      "inverse_func": null,
      "regressor__bootstrap": true,
      "regressor__ccp_alpha": 0.0,
      "regressor__criterion": "squared_error",
      "regressor__max_depth": null,
      "regressor__max_features": "sqrt",
      "regressor__max_leaf_nodes": null,
      "regressor__max_samples": null,
      "regressor__min_impurity_decrease": 0.0,
      "regressor__min_samples_leaf": 0.05,
      "regressor__min_samples_split": 0.05,
      "regressor__min_weight_fraction_leaf": 0.0,
      "regressor__monotonic_cst": null,
      "regressor__n_estimators": 50,
      "regressor__n_jobs": null,
      "regressor__oob_score": false,
      "regressor__random_state": null,
      "regressor__verbose": 0,
      "regressor__warm_start": false,
      "transformer__memory": null,
      "transformer__verbose": false,
      "transformer__y scaler__copy": true,
      "transformer__y scaler__with_mean": true,
      "transformer__y scaler__with_std": true
    }
  },
  "69": {
    "fit_time": [
      0.10538601875305176,
      0.10666871070861816,
      0.10510993003845215,
      0.13384389877319336,
      0.13934040069580078
    ],
    "score_time": [
      0.016556262969970703,
      0.01566934585571289,
      0.015150070190429688,
      0.02080059051513672,
      0.02190566062927246
    ],
    "test_r": [
      0.23252603290275012,
      0.027533592171310232,
      0.5051243657460472,
      0.5564382696271207,
      0.19990641698892148
    ],
    "test_r2": [
      0.0347079760822715,
      -0.021301868148209335,
      -0.03576175510358959,
      0.2063698860943517,
      0.030267723891486686
    ],
    "test_rmse": [
      -135.15291055127287,
      -158.3826188051302,
      -63.433446357206826,
      -60.30539446280899,
      -132.2199812932537
    ],
    "test_mae": [
      -70.41826195402555,
      -77.8444811132298,
      -54.56872837352097,
      -48.010104237470706,
      -70.45399336626609
    ],
    "best_params": {
      "check_inverse": true,
      "func": null,
      "inverse_func": null,
      "regressor__bootstrap": true,
      "regressor__ccp_alpha": 0.0,
      "regressor__criterion": "squared_error",
      "regressor__max_depth": null,
      "regressor__max_features": "sqrt",
      "regressor__max_leaf_nodes": null,
      "regressor__max_samples": null,
      "regressor__min_impurity_decrease": 0.0,
      "regressor__min_samples_leaf": 0.05,
      "regressor__min_samples_split": 0.05,
      "regressor__min_weight_fraction_leaf": 0.0,
      "regressor__monotonic_cst": null,
      "regressor__n_estimators": 85,
      "regressor__n_jobs": null,
      "regressor__oob_score": false,
      "regressor__random_state": null,
      "regressor__verbose": 0,
      "regressor__warm_start": false,
      "transformer__memory": null,
      "transformer__verbose": false,
      "transformer__y scaler__copy": true,
      "transformer__y scaler__with_mean": true,
      "transformer__y scaler__with_std": true
    }
  },