{
  "6": {
    "fit_time": [
      11.888776302337646,
      12.08932113647461,
      11.88684868812561,
      12.018474102020264,
      11.375386953353882
    ],
    "score_time": [
      0.3331444263458252,
      0.31384801864624023,
      0.3341655731201172,
      0.32674407958984375,
      0.3308377265930176
    ],
    "test_r": [
      0.223060560291287,
      0.2911289098869766,
      0.5861290355707814,
      0.37647084738238784,
      0.6087005796904449
    ],
    "test_r2": [
      0.0053726911833607005,
      0.07509991938581462,
      -0.10180022132567856,
      0.13447211055470432,
      0.3190040922426508
    ],
    "test_rmse": [
      -164.61721197300957,
      -115.11193419521898,
      -64.6723144950528,
      -128.18131967996416,
      -57.42638118518321
    ],
    "test_mae": [
      -70.86741700877354,
      -53.22049008872405,
      -50.874761824920476,
      -64.56393918252111,
      -45.2366065513206
    ],
    "best_params": {
      "check_inverse": true,
      "func": null,
      "inverse_func": null,
      "regressor__natural_gradient": true,
      "regressor__n_estimators": 847,
      "regressor__learning_rate": 0.08646479880356304,
      "regressor__minibatch_frac": 1,
      "regressor__col_sample": 1.0,
      "regressor__verbose": false,
      "transformer__memory": null,
      "transformer__verbose": false,
      "transformer__y scaler__copy": true,
      "transformer__y scaler__with_mean": true,
      "transformer__y scaler__with_std": true
    }
  },
  "13": {
    "fit_time": [
      28.705701112747192,
      28.333491802215576,
      28.937917232513428,
      28.118663787841797,
      27.513071537017822
    ],
    "score_time": [
      0.7303895950317383,
      0.7444074153900146,
      0.7317676544189453,
      0.7366523742675781,
      0.7597935199737549
    ],
    "test_r": [
      0.34123088219507464,
      0.42150206493118214,
      0.05409133547850658,
      0.19809814774190443,
      0.6677078533636742
    ],
    "test_r2": [
      -0.32329913052052706,
      0.16707860372109784,
      -0.02144763120228088,
      -0.007652578837683777,
      0.42419176327572383
    ],
    "test_rmse": [
      -57.5255507413948,
      -134.0396473308835,
      -158.98454139479216,
      -123.13134785067676,
      -58.31844422754412
    ],
    "test_mae": [
      -47.005209603358146,
      -64.8966817923605,
      -64.2979442842123,
      -63.77363082821039,
      -47.50818002971489
    ],
    "best_params": {
      "check_inverse": true,
      "func": null,
      "inverse_func": null,
      "regressor__natural_gradient": true,
      "regressor__n_estimators": 2000,
      "regressor__learning_rate": 0.04265197043422764,
      "regressor__minibatch_frac": 1,
      "regressor__col_sample": 1.0,
      "regressor__verbose": false,
      "transformer__memory": null,
      "transformer__verbose": false,
      "transformer__y scaler__copy": true,
      "transformer__y scaler__with_mean": true,
      "transformer__y scaler__with_std": true
    }
  },
  "42": {
    "fit_time": [
      8.153650999069214,
      7.99843430519104,
      7.390703916549683,
      8.067205667495728,
      7.788789510726929
    ],
    "score_time": [
      0.2208414077758789,
      0.22147250175476074,
      0.2307581901550293,
      0.21863198280334473,
      0.21013498306274414
    ],
    "test_r": [
      0.2649430878537339,
      0.7034772264862498,
      0.16967213868464293,
      0.46814206460537805,
      0.21099330357345272
    ],
    "test_r2": [
      0.04724621365624759,
      0.42281370253613426,
      0.013911749603571,
      0.21760579017205162,
      -0.20098890201061792
    ],
    "test_rmse": [
      -117.33652615126222,
      -56.455401583495366,
      -170.87318140176873,
      -116.13039249120713,
      -69.55640273624718
    ],
    "test_mae": [
      -57.63845077102597,
      -44.65801927561089,
      -64.72968816567227,
      -61.29636781100828,
      -54.795300831848785
    ],
    "best_params": {
      "check_inverse": true,
      "func": null,
      "inverse_func": null,
      "regressor__natural_gradient": true,
      "regressor__n_estimators": 562,
      "regressor__learning_rate": 0.1,
      "regressor__minibatch_frac": 1,
      "regressor__col_sample": 1.0,
      "regressor__verbose": false,
      "transformer__memory": null,
      "transformer__verbose": false,
      "transformer__y scaler__copy": true,
      "transformer__y scaler__with_mean": true,
      "transformer__y scaler__with_std": true
    }
  },
  "69": {
    "fit_time": [
      0.4816000461578369,
      0.48349714279174805,
      0.4919095039367676,
      0.6030840873718262,
      0.4880073070526123
    ],
    "score_time": [
      0.033292293548583984,
      0.03068232536315918,
      0.031166553497314453,
      0.03048419952392578,
      0.02999258041381836
    ],
    "test_r": [
      0.318004635549313,
      0.1298860242146174,
      0.6795236247089587,
      0.6612486870641343,
      0.36840078611518823
    ],
    "test_r2": [
      0.09832254944263341,
      -0.02507758718531461,
      0.19188416827514554,
      0.43657273704127175,
      0.1307655647809447
    ],
    "test_rmse": [
      -130.62359986678047,
      -158.67511635298658,
      -56.03058791868844,
      -50.81196872759211,
      -125.18134902224281
    ],
    "test_mae": [
      -63.75110689244361,
      -74.20369920067198,
      -46.52780572167176,
      -39.011504578522654,
      -60.41074210161569
    ],
    "best_params": {
      "check_inverse": true,
      "func": null,
      "inverse_func": null,
      "regressor__natural_gradient": true,
      "regressor__n_estimators": 50,
      "regressor__learning_rate": 0.1,
      "regressor__minibatch_frac": 1,
      "regressor__col_sample": 1.0,
      "regressor__verbose": false,
      "transformer__memory": null,
      "transformer__verbose": false,
      "transformer__y scaler__copy": true,
      "transformer__y scaler__with_mean": true,
      "transformer__y scaler__with_std": true
    }
  },
  "420": {
    "fit_time": [
      29.167930603027344,
      27.70364475250244,
      27.274232864379883,
      27.95322585105896,
      28.95741081237793
    ],
    "score_time": [
      0.7380127906799316,
      0.7645368576049805,
      0.7384130954742432,
      0.7328979969024658,
      0.7303454875946045
    ],
    "test_r": [
      0.7801924548236884,
      0.21901602222903976,
      0.2904987587325455,
      0.6307641252145686,
      0.18396655364874384
    ],
    "test_r2": [
      0.4741140015973956,
      0.022127178346438292,
      0.06546219627720218,
      0.38035055282243,
      0.03017881203571149
    ],
    "test_rmse": [
      -49.57137229355062,
      -157.95250406822404,
      -133.21479844290033,
      -59.16675972187613,
      -124.48625540135302
    ],
    "test_mae": [
      -41.16104231910063,
      -75.42428950439415,
      -61.70207200174924,
      -45.721928758476544,
      -58.65354180975204
    ],
    "best_params": {
      "check_inverse": true,
      "func": null,
      "inverse_func": null,
      "regressor__natural_gradient": true,
      "regressor__n_estimators": 2000,
      "regressor__learning_rate": 0.02626176663243559,
      "regressor__minibatch_frac": 1,
      "regressor__col_sample": 1.0,
      "regressor__verbose": false,
      "transformer__memory": null,
      "transformer__verbose": false,
      "transformer__y scaler__copy": true,
      "transformer__y scaler__with_mean": true,
      "transformer__y scaler__with_std": true
    }
  },
  "1234567890": {
    "fit_time": [
      27.33344340324402,
      26.657073497772217,
      27.937421321868896,
      28.804279327392578,
      28.294366121292114
    ],
    "score_time": [
      0.7020390033721924,
      0.7016251087188721,
      0.7387545108795166,
      0.7077338695526123,
      0.7492063045501709
    ],
    "test_r": [
      0.6324588342875013,
      0.39254351530905024,
      0.26938299630388535,
      0.3257310672515895,
      0.23419483840157201
    ],