{
  "6": {
    "fit_time": [
      5.100814342498779,
      5.854367017745972,
      5.525598526000977,
      5.196589469909668,
      5.325363636016846
    ],
    "score_time": [
      0.03657984733581543,
      0.03574681282043457,
      0.03342604637145996,
      0.03804945945739746,
      0.02962207794189453
    ],
    "test_r": [
      0.3393286093073468,
      0.27619687503522866,
      0.24522456060650832,
      0.47125317076769974,
      0.6514034509471254
    ],
    "test_r2": [
      0.10132390260696411,
      0.060058772563934326,
      0.045393407344818115,
      0.1738981008529663,
      0.2343980073928833
    ],
    "test_rmse": [
      -114.67518259149305,
      -124.85438007000305,
      -130.8240609152252,
      -120.42882097827851,
      -59.31935312890503
    ],
    "test_mae": [
      -60.01705892001282,
      -60.281793774342255,
      -64.52521177298752,
      -68.45086899113673,
      -50.78841075597427
    ],
    "best_params": {
      "check_inverse": true,
      "func": null,
      "inverse_func": null,
      "regressor__kernel": "matern",
      "regressor__lengthscale": 1.77834974722662,
      "regressor__lr": 0.01,
      "regressor__n_epoch": 100,
      "regressor__nu": 1.5,
      "transformer__memory": null,
      "transformer__verbose": false,
      "transformer__y scaler__copy": true,
      "transformer__y scaler__with_mean": true,
      "transformer__y scaler__with_std": true
    }
  },
  "13": {
    "fit_time": [
      2.2550175189971924,
      2.5784151554107666,
      2.069061517715454,
      2.6232850551605225,
      2.533250331878662
    ],
    "score_time": [
      0.030119657516479492,
      0.02713942527770996,
      0.03200817108154297,
      0.02591991424560547,
      0.031748056411743164
    ],
    "test_r": [
      0.363344117860548,
      0.38389445277146544,
      0.13004235811018958,
      0.23293307251235096,
      0.7321451319960481
    ],
    "test_r2": [
      -0.3407261371612549,
      0.04894304275512695,
      -0.016714096069335938,
      0.05293792486190796,
      0.3902454376220703
    ],
    "test_rmse": [
      -61.941311526319176,
      -169.67359474715133,
      -112.60830642653448,
      -130.11121286507836,
      -59.13158531882793
    ],
    "test_mae": [
      -54.29960891414866,
      -85.6293998290537,
      -55.87169155665976,
      -65.5710523045798,
      -50.20137275282915
    ],
    "best_params": {
      "check_inverse": true,
      "func": null,
      "inverse_func": null,
      "regressor__kernel": "matern",
      "regressor__lengthscale": 0.47481646870406946,
      "regressor__lr": 0.01,
      "regressor__n_epoch": 100,
      "regressor__nu": 0.5,
      "transformer__memory": null,
      "transformer__verbose": false,
      "transformer__y scaler__copy": true,
      "transformer__y scaler__with_mean": true,
      "transformer__y scaler__with_std": true
    }
  },
  "42": {
    "fit_time": [
      9.516737699508667,
      12.649519681930542,
      13.028761386871338,
      10.63953185081482,
      9.679312229156494
    ],
    "score_time": [
      0.03122425079345703,
      0.035276174545288086,
      0.03565049171447754,
      0.030901193618774414,
      0.027903318405151367
    ],
    "test_r": [
      0.5995597910930436,
      0.23853515245719986,
      0.1796223907036301,
      0.7519038069943365,
      0.39687642901633674
    ],
    "test_r2": [
      0.1794050931930542,
      0.04044836759567261,
      0.023865103721618652,
      0.4416712522506714,
      0.01097172498703003
    ],
    "test_rmse": [
      -63.411710169528114,
      -164.02491490511628,
      -160.8285951119322,
      -64.66213634759744,
      -63.72271068520973
    ],
    "test_mae": [
      -54.98224090963926,
      -70.11673002040489,
      -69.66101506168141,
      -54.31673827653473,
      -55.7966590167356
    ],
    "best_params": {
      "check_inverse": true,
      "func": null,
      "inverse_func": null,
      "regressor__kernel": "matern",
      "regressor__lengthscale": 2.520295648882189,
      "regressor__lr": 0.01,
      "regressor__n_epoch": 100,
      "regressor__nu": 2.5,
      "transformer__memory": null,
      "transformer__verbose": false,
      "transformer__y scaler__copy": true,
      "transformer__y scaler__with_mean": true,
      "transformer__y scaler__with_std": true
    }
  },
  "69": {
    "fit_time": [
      2.49088978767395,
      2.468478202819824,
      2.1589608192443848,
      2.051286458969116,
      2.504039764404297
    ],
    "score_time": [
      0.02849602699279785,
      0.03010845184326172,
      0.03341245651245117,
      0.031888723373413086,
      0.030580997467041016
    ],
    "test_r": [
      0.3426839692077295,
      0.3323136202984315,
      0.6649035448241764,
      0.6215648812125245,
      0.24797759993170893
    ],
    "test_r2": [
      0.09675592184066772,
      0.10373061895370483,
      0.17804938554763794,
      0.2835009694099426,
      0.0344775915145874
    ],
    "test_rmse": [
      -132.28615468364134,
      -114.57876722759482,
      -57.755380976838445,
      -55.4423078462579,
      -164.66907368093445
    ],
    "test_mae": [
      -69.0897472680664,
      -60.18518120483399,
      -50.25337897298177,
      -47.41268868992227,
      -77.53486327663049
    ],
    "best_params": {
      "check_inverse": true,
      "func": null,
      "inverse_func": null,
      "regressor__kernel": "matern",
      "regressor__lengthscale": 1.0535263630521259,
      "regressor__lr": 0.01,
      "regressor__n_epoch": 100,
      "regressor__nu": 0.5,
      "transformer__memory": null,
      "transformer__verbose": false,
      "transformer__y scaler__copy": true,
      "transformer__y scaler__with_mean": true,
      "transformer__y scaler__with_std": true
    }
  },
  "420": {
    "fit_time": [
      11.633208513259888,
      12.085725545883179,
      11.711438655853271,
      10.623979091644287,
      10.577384948730469
    ],
    "score_time": [
      0.031931400299072266,
      0.030904054641723633,
      0.03098011016845703,
      0.03327631950378418,
      0.0369260311126709
    ],
    "test_r": [
      0.7728373988619543,
      0.26840188405706455,
      0.4445932318404558,
      0.264962395234851,
      0.20103155183395066
    ],
    "test_r2": [
      0.4249889850616455,
      0.06096130609512329,
      0.1671276092529297,
      0.06392830610275269,
      0.03944271802902222
    ],
    "test_rmse": [
      -53.3073013025665,
      -126.75623217924048,
      -117.12411220137386,
      -133.48957786918453,
      -116.08538252807399
    ],
    "test_mae": [
      -46.67703112651749,
      -67.46997148358514,
      -64.90537779117359,
      -68.28152345804851,
      -58.438796192555145
    ],
    "best_params": {
      "check_inverse": true,
      "func": null,
      "inverse_func": null,
      "regressor__kernel": "matern",
      "regressor__lengthscale": 2.583408322781089,
      "regressor__lr": 0.01,
      "regressor__n_epoch": 100,
      "regressor__nu": 2.5,
      "transformer__memory": null,
      "transformer__verbose": false,
      "transformer__y scaler__copy": true,
      "transformer__y scaler__with_mean": true,
      "transformer__y scaler__with_std": true
    }
  },
  "1234567890": {
    "fit_time": [
      5.5198729038238525,
      5.361166954040527,
      5.836147785186768,
      4.969173192977905,
      4.887518644332886
    ],
    "score_time": [
      0.04008626937866211,
      0.0378110408782959,
      0.028969287872314453,
      0.033978939056396484,
      0.037622690200805664
    ],
    "test_r": [
      0.7926125790095679,
      0.2362674499580156,
      0.5127557807252484,
      0.36569827547020034,
      0.18554511565861648
    ],
    "test_r2": [
      0.4706643223762512,
      0.04248529672622681,
      -0.04042553901672363,
      0.12718242406845093,
      0.019121885299682617
    ],