{
  "6": {
    "fit_time": [
      0.1553046703338623,
      0.14759397506713867,
      0.13214349746704102,
      0.13081836700439453,
      0.1381688117980957
    ],
    "score_time": [
      0.02482914924621582,
      0.02569723129272461,
      0.03726053237915039,
      0.036798954010009766,
      0.028413057327270508
    ],
    "test_r": [
      0.4778338666226515,
      0.6145162779169728,
      0.6090340652849099,
      0.10347278789550331,
      0.39442631221974134
    ],
    "test_r2": [
      0.15073058111351778,
      0.3292717852259356,
      0.30919991351388154,
      -0.0174110698986214,
      0.11636786698250046
    ],
    "test_rmse": [
      -59.16825065876844,
      -58.55039514940069,
      -69.79287124582143,
      -195.31197326528132,
      -126.79917223314064
    ],
    "test_mae": [
      -46.7193548737078,
      -44.53723312199202,
      -55.44781259831976,
      -91.82080980968757,
      -66.71161121258174
    ],
    "best_params": {
      "check_inverse": true,
      "func": null,
      "inverse_func": null,
      "regressor__bootstrap": true,
      "regressor__ccp_alpha": 0.0,
      "regressor__criterion": "squared_error",
      "regressor__max_depth": null,
      "regressor__max_features": "sqrt",
      "regressor__max_leaf_nodes": null,
      "regressor__max_samples": null,
      "regressor__min_impurity_decrease": 0.0,
      "regressor__min_samples_leaf": 0.051082124999554876,
      "regressor__min_samples_split": 0.0511383772861644,
      "regressor__min_weight_fraction_leaf": 0.0,
      "regressor__monotonic_cst": null,
      "regressor__n_estimators": 80,
      "regressor__n_jobs": null,
      "regressor__oob_score": false,
      "regressor__random_state": null,
      "regressor__verbose": 0,
      "regressor__warm_start": false,
      "transformer__memory": null,
      "transformer__verbose": false,
      "transformer__y scaler__copy": true,
      "transformer__y scaler__with_mean": true,
      "transformer__y scaler__with_std": true
    }
  },
  "13": {
    "fit_time": [
      2.6598780155181885,
      2.4630770683288574,
      2.503248929977417,
      2.592491626739502,
      2.645214319229126
    ],
    "score_time": [
      0.10027194023132324,
      0.10642576217651367,
      0.10512280464172363,
      0.10153889656066895,
      0.09989428520202637
    ],
    "test_r": [
      0.46688306461421797,
      0.26994716410650765,
      0.552225249810603,
      0.668222973251914,
      0.2796455878385729
    ],
    "test_r2": [
      -0.24171392773126232,
      0.0479088130813945,
      0.2831434480457231,
      0.22833727238103607,
      0.005048993407593905
    ],
    "test_rmse": [
      -61.28421011548428,
      -168.27507192643264,
      -66.50727037181396,
      -56.29802090333658,
      -164.6292436972611
    ],
    "test_mae": [
      -50.79622424318888,
      -84.62891404533704,
      -52.25474243693233,
      -47.59878899970426,
      -76.51622804729834
    ],
    "best_params": {
      "check_inverse": true,
      "func": null,
      "inverse_func": null,
      "regressor__bootstrap": true,
      "regressor__ccp_alpha": 0.0,
      "regressor__criterion": "squared_error",
      "regressor__max_depth": null,
      "regressor__max_features": "sqrt",
      "regressor__max_leaf_nodes": null,
      "regressor__max_samples": null,
      "regressor__min_impurity_decrease": 0.0,
      "regressor__min_samples_leaf": 0.05,
      "regressor__min_samples_split": 0.10816552152389923,
      "regressor__min_weight_fraction_leaf": 0.0,
      "regressor__monotonic_cst": null,
      "regressor__n_estimators": 2000,
      "regressor__n_jobs": null,
      "regressor__oob_score": false,
      "regressor__random_state": null,
      "regressor__verbose": 0,
      "regressor__warm_start": false,
      "transformer__memory": null,
      "transformer__verbose": false,
      "transformer__y scaler__copy": true,
      "transformer__y scaler__with_mean": true,
      "transformer__y scaler__with_std": true
    }
  },
  "42": {
    "fit_time": [
      0.09831476211547852,
      0.10199475288391113,
      0.09825491905212402,
      0.09835362434387207,
      0.09329485893249512
    ],
    "score_time": [
      0.025008201599121094,
      0.021320343017578125,
      0.020380735397338867,
      0.022912025451660156,
      0.024077415466308594
    ],
    "test_r": [
      0.39274771035306916,
      0.1827552249300379,
      0.32825118807004894,
      0.6049207852898809,
      0.24545920109146593
    ],
    "test_r2": [
      0.12022636259818242,
      0.025898128116092156,
      0.10221798464933629,
      0.3122474677503121,
      0.057136650855339366
    ],
    "test_rmse": [
      -117.92043465582931,
      -128.12307983124668,
      -122.7690988782658,
      -79.3246478158947,
      -115.24339584923472
    ],
    "test_mae": [
      -64.08149744614603,
      -62.88681958817594,
      -60.2851894939464,
      -61.93526363287389,
      -56.9851459208363
    ],
    "best_params": {
      "check_inverse": true,
      "func": null,
      "inverse_func": null,
      "regressor__bootstrap": true,
      "regressor__ccp_alpha": 0.0,
      "regressor__criterion": "squared_error",
      "regressor__max_depth": null,
      "regressor__max_features": "sqrt",
      "regressor__max_leaf_nodes": null,
      "regressor__max_samples": null,
      "regressor__min_impurity_decrease": 0.0,
      "regressor__min_samples_leaf": 0.05,
      "regressor__min_samples_split": 0.08577885701173817,
      "regressor__min_weight_fraction_leaf": 0.0,
      "regressor__monotonic_cst": null,
      "regressor__n_estimators": 50,
      "regressor__n_jobs": null,
      "regressor__oob_score": false,
      "regressor__random_state": null,
      "regressor__verbose": 0,
      "regressor__warm_start": false,
      "transformer__memory": null,
      "transformer__verbose": false,
      "transformer__y scaler__copy": true,
      "transformer__y scaler__with_mean": true,
      "transformer__y scaler__with_std": true
    }
  },
  "69": {
    "fit_time": [
      2.4356908798217773,
      2.498661994934082,
      2.4965810775756836,
      2.6019742488861084,
      2.359895706176758
    ],
    "score_time": [
      0.11508440971374512,
      0.16241979598999023,
      0.11166620254516602,
      0.09501099586486816,
      0.10351872444152832
    ],
    "test_r": [
      0.281855708848859,
      0.1580018285245632,
      0.7123861019592126,
      0.5490184748470147,
      0.34723068464323714
    ],
    "test_r2": [
      0.07485084889494087,
      0.01128727268712637,
      0.3737001649900664,
      0.19174798612492205,
      0.11379783542172184
    ],
    "test_rmse": [
      -127.75691141896118,
      -158.49700651774603,
      -68.38548862096914,
      -58.175941597624586,
      -124.31615874919666
    ],
    "test_mae": [
      -63.7761998780043,
      -71.91813015784967,
      -53.16834745388549,
      -47.54703595373007,
      -68.96132533952644
    ],
    "best_params": {
      "check_inverse": true,
      "func": null,
      "inverse_func": null,
      "regressor__bootstrap": true,
      "regressor__ccp_alpha": 0.0,
      "regressor__criterion": "squared_error",
      "regressor__max_depth": null,
      "regressor__max_features": "sqrt",
      "regressor__max_leaf_nodes": null,
      "regressor__max_samples": null,
      "regressor__min_impurity_decrease": 0.0,
      "regressor__min_samples_leaf": 0.05,
      "regressor__min_samples_split": 0.13987402090940473,
      "regressor__min_weight_fraction_leaf": 0.0,
      "regressor__monotonic_cst": null,
      "regressor__n_estimators": 2000,
      "regressor__n_jobs": null,
      "regressor__oob_score": false,
      "regressor__random_state": null,
      "regressor__verbose": 0,
      "regressor__warm_start": false,
      "transformer__memory": null,
      "transformer__verbose": false,
      "transformer__y scaler__copy": true,
      "transformer__y scaler__with_mean": true,
      "transformer__y scaler__with_std": true
    }
  },