{
  "6": {
    "fit_time": [
      0.13798809051513672,
      0.12230777740478516,
      0.11982297897338867,
      0.1210329532623291,
      0.1200258731842041
    ],
    "score_time": [
      0.01701974868774414,
      0.017439603805541992,
      0.016530990600585938,
      0.01700139045715332,
      0.016719579696655273
    ],
    "test_r": [
      -0.07085833912467032,
      0.17247204311068443,
      0.041837379832472925,
      0.08896617085457072,
      0.04169430755808952
    ],
    "test_r2": [
      -0.07741705942645183,
      -0.014254761407157979,
      -0.01771386584340706,
      -0.014721781167601478,
      -0.18197470794951243
    ],
    "test_rmse": [
      -660.4760643553144,
      -354934.88570171996,
      -68410.85591938268,
      -153999.44659683935,
      -1566.4354249896382
    ],
    "test_mae": [
      -246.05686192380048,
      -42168.43077829941,
      -9110.190600381415,
      -18624.152205367707,
      -678.1670499204819
    ],
    "best_params": {
      "check_inverse": true,
      "func": null,
      "inverse_func": null,
      "regressor__bootstrap": true,
      "regressor__ccp_alpha": 0.0,
      "regressor__criterion": "squared_error",
      "regressor__max_depth": null,
      "regressor__max_features": "sqrt",
      "regressor__max_leaf_nodes": null,
      "regressor__max_samples": null,
      "regressor__min_impurity_decrease": 0.0,
      "regressor__min_samples_leaf": 0.05,
      "regressor__min_samples_split": 0.10413500826038777,
      "regressor__min_weight_fraction_leaf": 0.0,
      "regressor__monotonic_cst": null,
      "regressor__n_estimators": 106,
      "regressor__n_jobs": null,
      "regressor__oob_score": false,
      "regressor__random_state": null,
      "regressor__verbose": 0,
      "regressor__warm_start": false,
      "transformer__memory": null,
      "transformer__verbose": false,
      "transformer__log transform__accept_sparse": false,
      "transformer__log transform__check_inverse": true,
      "transformer__log transform__feature_names_out": null,
      "transformer__log transform__inv_kw_args": null,
      "transformer__log transform__kw_args": null,
      "transformer__log transform__validate": false,
      "transformer__y scaler__copy": true,
      "transformer__y scaler__with_mean": true,
      "transformer__y scaler__with_std": true
    }
  },
  "13": {
    "fit_time": [
      0.07341599464416504,
      0.0719296932220459,
      0.07314610481262207,
      0.06905460357666016,
      0.07296180725097656
    ],
    "score_time": [
      0.015491962432861328,
      0.015691757202148438,
      0.015198469161987305,
      0.015480756759643555,
      0.01581883430480957
    ],
    "test_r": [
      -0.13062871323793782,
      0.06789428781583245,
      -0.1339217967846988,
      0.17695779841296813,
      0.20049612101647954
    ],
    "test_r2": [
      -0.2592602647816784,
      -0.014371047882923316,
      -0.07636565415666419,
      -0.02027888000379474,
      -0.0589207900072346
    ],
    "test_rmse": [
      -1600.6409767937034,
      -152936.14219184086,
      -700.8051056850965,
      -363879.79541623493,
      -1615.977538954213
    ],
    "test_mae": [
      -750.5908035027646,
      -18278.104107640076,
      -273.7549375384592,
      -51377.90236045065,
      -479.2101651899679
    ],
    "best_params": {
      "check_inverse": true,
      "func": null,
      "inverse_func": null,
      "regressor__bootstrap": true,
      "regressor__ccp_alpha": 0.0,
      "regressor__criterion": "squared_error",
      "regressor__max_depth": null,
      "regressor__max_features": "sqrt",
      "regressor__max_leaf_nodes": null,
      "regressor__max_samples": null,
      "regressor__min_impurity_decrease": 0.0,
      "regressor__min_samples_leaf": 0.05843117978803906,
      "regressor__min_samples_split": 0.16095278497941173,
      "regressor__min_weight_fraction_leaf": 0.0,
      "regressor__monotonic_cst": null,
      "regressor__n_estimators": 50,
      "regressor__n_jobs": null,
      "regressor__oob_score": false,
      "regressor__random_state": null,
      "regressor__verbose": 0,
      "regressor__warm_start": false,
      "transformer__memory": null,
      "transformer__verbose": false,
      "transformer__log transform__accept_sparse": false,
      "transformer__log transform__check_inverse": true,
      "transformer__log transform__feature_names_out": null,
      "transformer__log transform__inv_kw_args": null,
      "transformer__log transform__kw_args": null,
      "transformer__log transform__validate": false,
      "transformer__y scaler__copy": true,
      "transformer__y scaler__with_mean": true,
      "transformer__y scaler__with_std": true
    }
  },
  "42": {
    "fit_time": [
      1.9267587661743164,
      1.9302244186401367,
      1.9289076328277588,
      1.992844820022583,
      1.8976268768310547
    ],
    "score_time": [
      0.07723021507263184,
      0.07804250717163086,
      0.07734942436218262,
      0.08082461357116699,
      0.07787680625915527
    ],
    "test_r": [
      0.16320679124472992,
      0.1331857199036711,
      0.034455734922454795,
      0.04516582836416756,
      0.11745220178498686
    ],
    "test_r2": [
      -0.014261885330800972,
      -0.026358026041396254,
      -0.11377509838460531,
      -0.15614773247844482,
      -0.024660886414380467
    ],
    "test_rmse": [
      -354934.35555966,
      -167343.97147766326,
      -1815.4960956508553,
      -1120.473930570744,
      -899.1876923431172
    ],
    "test_mae": [
      -42196.01131607449,
      -26883.615596594303,
      -649.2290440881168,
      -478.0674203033959,
      -242.89944742342783
    ],
    "best_params": {
      "check_inverse": true,
      "func": null,
      "inverse_func": null,
      "regressor__bootstrap": true,
      "regressor__ccp_alpha": 0.0,
      "regressor__criterion": "squared_error",
      "regressor__max_depth": null,
      "regressor__max_features": "sqrt",
      "regressor__max_leaf_nodes": null,
      "regressor__max_samples": null,
      "regressor__min_impurity_decrease": 0.0,
      "regressor__min_samples_leaf": 0.05,
      "regressor__min_samples_split": 0.05,
      "regressor__min_weight_fraction_leaf": 0.0,
      "regressor__monotonic_cst": null,
      "regressor__n_estimators": 2000,
      "regressor__n_jobs": null,
      "regressor__oob_score": false,
      "regressor__random_state": null,
      "regressor__verbose": 0,
      "regressor__warm_start": false,
      "transformer__memory": null,
      "transformer__verbose": false,
      "transformer__log transform__accept_sparse": false,
      "transformer__log transform__check_inverse": true,
      "transformer__log transform__feature_names_out": null,
      "transformer__log transform__inv_kw_args": null,
      "transformer__log transform__kw_args": null,
      "transformer__log transform__validate": false,
      "transformer__y scaler__copy": true,
      "transformer__y scaler__with_mean": true,
      "transformer__y scaler__with_std": true
    }
  },
  "69": {
    "fit_time": [
      1.9358501434326172,
      1.9216547012329102,
      2.037590265274048,
      1.9498586654663086,
      1.9079599380493164
    ],
    "score_time": [
      0.08137369155883789,
      0.07773542404174805,
      0.07364058494567871,
      0.07809281349182129,
      0.08211064338684082
    ],
    "test_r": [
      -0.007328945506649527,
      0.10927063514677905,
      0.029227955483829164,
      -0.0749277417248687,
      0.017014459657374414
    ],
    "test_r2": [
      -0.025090841451065993,
      -0.01715211861702226,
      -0.1007247176111501,
      -0.093446314041844,
      -0.02728929078815545
    ],
    "test_rmse": [
      -386527.0797288055,
      -67716.22603798032,
      -1026.9820469294475,
      -1562.7117782578418,
      -513.693650669962
    ],
    "test_mae": [
      -60531.56864419447,
      -8852.668147901635,
      -374.3442180362695,
      -508.6212884182203,
      -196.10761061856013
    ],