{
  "6": {
    "fit_time": [
      123.31778621673584,
      121.10610175132751,
      120.93763065338135,
      121.40594482421875,
      123.57706713676453
    ],
    "score_time": [
      3.3230745792388916,
      3.6765060424804688,
      3.6169028282165527,
      3.5922555923461914,
      3.195204973220825
    ],
    "test_r": [
      0.14427945379529425,
      0.231490673608367,
      0.10782496958908767,
      0.34451975884181874,
      0.17863295995415301
    ],
    "test_r2": [
      -0.06856963223657053,
      0.049428256394375425,
      -0.004544175814234164,
      0.10633267884391628,
      -0.014984872024490059
    ],
    "test_rmse": [
      -0.8281344713639524,
      -1.081851676774634,
      -1.0017470639923827,
      -0.9401128568540021,
      -0.8922863000462788
    ],
    "test_mae": [
      -0.6322687779693806,
      -0.8115004040714753,
      -0.7606061283711631,
      -0.6895150225564568,
      -0.7176656359178986
    ],
    "best_params": {
      "check_inverse": true,
      "func": null,
      "inverse_func": null,
      "regressor__natural_gradient": true,
      "regressor__n_estimators": 2000,
      "regressor__learning_rate": 0.0006383122573744327,
      "regressor__minibatch_frac": 1,
      "regressor__col_sample": 1.0,
      "regressor__verbose": false,
      "transformer__memory": null,
      "transformer__verbose": false,
      "transformer__y scaler__copy": true,
      "transformer__y scaler__with_mean": true,
      "transformer__y scaler__with_std": true
    }
  },
  "13": {
    "fit_time": [
      119.58563780784607,
      119.53079462051392,
      116.58825421333313,
      116.44117379188538,
      110.13156962394714
    ],
    "score_time": [
      2.8541996479034424,
      2.8511335849761963,
      2.9600746631622314,
      2.9168519973754883,
      2.918269157409668
    ],
    "test_r": [
      0.011294989708122379,
      0.30686859922803156,
      0.12881207673192652,
      0.27385965299242954,
      0.2583300827166111
    ],
    "test_r2": [
      -0.26096499909683857,
      0.09405317080186548,
      -0.27822815661275824,
      0.05026389939573228,
      0.01946312630995728
    ],
    "test_rmse": [
      -0.9555316651735339,
      -0.9219608860448321,
      -0.9383018047807923,
      -1.1486460698647287,
      -0.8523921271103008
    ],
    "test_mae": [
      -0.7602980163801898,
      -0.6615320734089056,
      -0.750968966497183,
      -0.8367771340153572,
      -0.6547677581798216
    ],
    "best_params": {
      "check_inverse": true,
      "func": null,
      "inverse_func": null,
      "regressor__natural_gradient": true,
      "regressor__n_estimators": 2000,
      "regressor__learning_rate": 0.001,
      "regressor__minibatch_frac": 1,
      "regressor__col_sample": 1.0,
      "regressor__verbose": false,
      "transformer__memory": null,
      "transformer__verbose": false,
      "transformer__y scaler__copy": true,
      "transformer__y scaler__with_mean": true,
      "transformer__y scaler__with_std": true
    }
  },
  "42": {
    "fit_time": [
      69.1744601726532,
      69.22487378120422,
      69.22194814682007,
      69.15848207473755,
      69.2246744632721
    ],
    "score_time": [
      2.181877374649048,
      2.2038636207580566,
      2.1212875843048096,
      2.092933416366577,
      2.1488120555877686
    ],
    "test_r": [
      0.2795069439836013,
      0.1464674300261593,
      0.29177764969981046,
      0.36769962915646903,
      0.11014174626817035
    ],
    "test_r2": [
      0.07069744135495049,
      -0.0040121509467732075,
      0.07633205655037578,
      0.12983524968080762,
      -0.14714274101448255
    ],
    "test_rmse": [
      -1.0225415326973957,
      -1.1439132068963411,
      -0.9102428586285868,
      -0.802700968643589,
      -0.797778796640984
    ],
    "test_mae": [
      -0.7596087126757111,
      -0.8357507296005773,
      -0.7390391037245192,
      -0.6412509126288507,
      -0.5893585756127785
    ],
    "best_params": {
      "check_inverse": true,
      "func": null,
      "inverse_func": null,
      "regressor__natural_gradient": true,
      "regressor__n_estimators": 1167,
      "regressor__learning_rate": 0.0008475117972914452,
      "regressor__minibatch_frac": 1,
      "regressor__col_sample": 1.0,
      "regressor__verbose": false,
      "transformer__memory": null,
      "transformer__verbose": false,
      "transformer__y scaler__copy": true,
      "transformer__y scaler__with_mean": true,
      "transformer__y scaler__with_std": true
    }
  },
  "69": {
    "fit_time": [
      34.06779646873474,
      34.613388538360596,
      34.5859739780426,
      34.675912618637085,
      34.40310740470886
    ],
    "score_time": [
      1.1002299785614014,
      1.1174373626708984,
      1.0767805576324463,
      1.041639804840088,
      1.0872910022735596
    ],
    "test_r": [
      0.17606981073349107,
      0.30016354621089786,
      0.30313619725858143,
      0.2878356784772933,
      0.06828767144688647
    ],
    "test_r2": [
      0.003705722619252394,
      -0.008794032396584939,
      0.08643019927798357,
      0.06774062548880433,
      -0.3248057806429443
    ],
    "test_rmse": [
      -1.1774301879265712,
      -1.0421579438505748,
      -0.7488421777551884,
      -0.8480706760678947,
      -0.911801289843573
    ],
    "test_mae": [
      -0.891379934482298,
      -0.7911835892032006,
      -0.5969897263520827,
      -0.6303452148820118,
      -0.7065635314558444
    ],
    "best_params": {
      "check_inverse": true,
      "func": null,
      "inverse_func": null,
      "regressor__natural_gradient": true,
      "regressor__n_estimators": 562,
      "regressor__learning_rate": 0.001,
      "regressor__minibatch_frac": 1,
      "regressor__col_sample": 1.0,
      "regressor__verbose": false,
      "transformer__memory": null,
      "transformer__verbose": false,
      "transformer__y scaler__copy": true,
      "transformer__y scaler__with_mean": true,
      "transformer__y scaler__with_std": true
    }
  },
  "420": {
    "fit_time": [
      64.39626383781433,
      66.5326566696167,
      64.62142992019653,
      63.70199966430664,
      66.73935508728027
    ],
    "score_time": [
      1.7996294498443604,
      1.6757359504699707,
      1.7406682968139648,
      1.614037275314331,
      1.6581151485443115
    ],
    "test_r": [
      0.2583872094460003,
      0.03814459541536309,
      0.34983109568835147,
      0.19843374408359174,
      0.13826605015524301
    ],
    "test_r2": [
      0.04698595282658313,
      -0.029778648355324844,
      0.06937000966676965,
      0.0014314354486436587,
      0.012158344506475238
    ],
    "test_rmse": [
      -0.7855782094035687,
      -0.9925692831669066,
      -0.9798099980745554,
      -1.117681832126933,
      -0.8779351787372611
    ],
    "test_mae": [
      -0.6131061943233651,
      -0.7302223805933441,
      -0.7975492749190625,
      -0.8143446394640448,
      -0.6680556840569971
    ],
    "best_params": {
      "check_inverse": true,
      "func": null,
      "inverse_func": null,
      "regressor__natural_gradient": true,
      "regressor__n_estimators": 1123,
      "regressor__learning_rate": 0.0005913781436124809,
      "regressor__minibatch_frac": 1,
      "regressor__col_sample": 1.0,
      "regressor__verbose": false,
      "transformer__memory": null,
      "transformer__verbose": false,
      "transformer__y scaler__copy": true,
      "transformer__y scaler__with_mean": true,
      "transformer__y scaler__with_std": true
    }
  },
  "1234567890": {
    "fit_time": [
      60.20098614692688,
      71.35504865646362,
      71.18622183799744,
      71.28382658958435,
      71.07553768157959
    ],
    "score_time": [
      1.7689032554626465,
      1.9595801830291748,
      1.9211909770965576,
      1.9121241569519043,
      1.8648083209991455
    ],