{
  "6": {
    "fit_time": [
      0.10203242301940918,
      0.10004830360412598,
      0.10672354698181152,
      0.1033010482788086,
      0.10191178321838379
    ],
    "score_time": [
      0.02826213836669922,
      0.027518272399902344,
      0.031056642532348633,
      0.02798771858215332,
      0.02896404266357422
    ],
    "test_r": [
      -0.13198229757880153,
      0.20240393679003219,
      0.13585815881751123,
      0.16437867948838455,
      0.047178785432167435
    ],
    "test_r2": [
      -0.08426273952503416,
      -0.014262701463335636,
      -0.017723813952103873,
      -0.014715985805700438,
      -0.18297926095319816
    ],
    "test_rmse": [
      -662.571004526755,
      -354936.27499636443,
      -68411.19027513357,
      -153999.00682910378,
      -1567.100935512566
    ],
    "test_mae": [
      -246.68960222731064,
      -42168.91426759001,
      -9104.56067070286,
      -18626.00276520419,
      -678.3875079115973
    ],
    "best_params": {
      "check_inverse": true,
      "func": null,
      "inverse_func": null,
      "regressor__bootstrap": true,
      "regressor__ccp_alpha": 0.0,
      "regressor__criterion": "squared_error",
      "regressor__max_depth": null,
      "regressor__max_features": "sqrt",
      "regressor__max_leaf_nodes": null,
      "regressor__max_samples": null,
      "regressor__min_impurity_decrease": 0.0,
      "regressor__min_samples_leaf": 0.09777126629367897,
      "regressor__min_samples_split": 0.14194428942901735,
      "regressor__min_weight_fraction_leaf": 0.0,
      "regressor__monotonic_cst": null,
      "regressor__n_estimators": 50,
      "regressor__n_jobs": null,
      "regressor__oob_score": false,
      "regressor__random_state": null,
      "regressor__verbose": 0,
      "regressor__warm_start": false,
      "transformer__memory": null,
      "transformer__verbose": false,
      "transformer__log transform__accept_sparse": false,
      "transformer__log transform__check_inverse": true,
      "transformer__log transform__feature_names_out": null,
      "transformer__log transform__inv_kw_args": null,
      "transformer__log transform__kw_args": null,
      "transformer__log transform__validate": false,
      "transformer__y scaler__copy": true,
      "transformer__y scaler__with_mean": true,
      "transformer__y scaler__with_std": true
    }
  },
  "13": {
    "fit_time": [
      1.9733469486236572,
      2.015249490737915,
      2.012592077255249,
      2.0714011192321777,
      2.0622401237487793
    ],
    "score_time": [
      0.0997166633605957,
      0.09914779663085938,
      0.1002051830291748,
      0.10371279716491699,
      0.10840177536010742
    ],
    "test_r": [
      -0.12427920094578909,
      0.07916350294608246,
      -0.10974467382901275,
      0.16242795292527007,
      0.20615530408906316
    ],
    "test_r2": [
      -0.25967353545928273,
      -0.014364946415302837,
      -0.07285930181454314,
      -0.020281985216553,
      -0.058260416741019005
    ],
    "test_rmse": [
      -1600.9036086478998,
      -152935.6822337591,
      -699.6627085492428,
      -363880.34914882004,
      -1615.4735754833116
    ],
    "test_mae": [
      -751.7753100614377,
      -18278.88075426511,
      -272.90195736332885,
      -51377.81756046893,
      -479.4096736323805
    ],
    "best_params": {
      "check_inverse": true,
      "func": null,
      "inverse_func": null,
      "regressor__bootstrap": true,
      "regressor__ccp_alpha": 0.0,
      "regressor__criterion": "squared_error",
      "regressor__max_depth": null,
      "regressor__max_features": "sqrt",
      "regressor__max_leaf_nodes": null,
      "regressor__max_samples": null,
      "regressor__min_impurity_decrease": 0.0,
      "regressor__min_samples_leaf": 0.05017390199669564,
      "regressor__min_samples_split": 0.055519604442511965,
      "regressor__min_weight_fraction_leaf": 0.0,
      "regressor__monotonic_cst": null,
      "regressor__n_estimators": 1453,
      "regressor__n_jobs": null,
      "regressor__oob_score": false,
      "regressor__random_state": null,
      "regressor__verbose": 0,
      "regressor__warm_start": false,
      "transformer__memory": null,
      "transformer__verbose": false,
      "transformer__log transform__accept_sparse": false,
      "transformer__log transform__check_inverse": true,
      "transformer__log transform__feature_names_out": null,
      "transformer__log transform__inv_kw_args": null,
      "transformer__log transform__kw_args": null,
      "transformer__log transform__validate": false,
      "transformer__y scaler__copy": true,
      "transformer__y scaler__with_mean": true,
      "transformer__y scaler__with_std": true
    }
  },
  "42": {
    "fit_time": [
      0.10107898712158203,
      0.10123801231384277,
      0.10369729995727539,
      0.10184788703918457,
      0.10472679138183594
    ],
    "score_time": [
      0.025638341903686523,
      0.025687694549560547,
      0.0298764705657959,
      0.025615215301513672,
      0.02755260467529297
    ],
    "test_r": [
      0.1735612717716064,
      0.12163143035495418,
      0.0690343687935891,
      0.056817938066863055,
      0.1259431639531872
    ],
    "test_r2": [
      -0.014261667969496905,
      -0.02635988049578386,
      -0.1133194288775703,
      -0.15648405829942824,
      -0.025990394731667088
    ],
    "test_rmse": [
      -354934.31752757006,
      -167344.12265864207,
      -1815.1246782782764,
      -1120.6368928383624,
      -899.7708560008782
    ],
    "test_mae": [
      -42195.8737600289,
      -26883.99047466189,
      -649.3668481161902,
      -479.57420854042437,
      -242.39208763769057
    ],
    "best_params": {
      "check_inverse": true,
      "func": null,
      "inverse_func": null,
      "regressor__bootstrap": true,
      "regressor__ccp_alpha": 0.0,
      "regressor__criterion": "squared_error",
      "regressor__max_depth": null,
      "regressor__max_features": "sqrt",
      "regressor__max_leaf_nodes": null,
      "regressor__max_samples": null,
      "regressor__min_impurity_decrease": 0.0,
      "regressor__min_samples_leaf": 0.05,
      "regressor__min_samples_split": 0.18026434652558626,
      "regressor__min_weight_fraction_leaf": 0.0,
      "regressor__monotonic_cst": null,
      "regressor__n_estimators": 50,
      "regressor__n_jobs": null,
      "regressor__oob_score": false,
      "regressor__random_state": null,
      "regressor__verbose": 0,
      "regressor__warm_start": false,
      "transformer__memory": null,
      "transformer__verbose": false,
      "transformer__log transform__accept_sparse": false,
      "transformer__log transform__check_inverse": true,
      "transformer__log transform__feature_names_out": null,
      "transformer__log transform__inv_kw_args": null,
      "transformer__log transform__kw_args": null,
      "transformer__log transform__validate": false,
      "transformer__y scaler__copy": true,
      "transformer__y scaler__with_mean": true,
      "transformer__y scaler__with_std": true
    }
  },
  "69": {
    "fit_time": [
      2.6774752140045166,
      2.6554908752441406,
      2.7925984859466553,
      2.712646245956421,
      2.7496461868286133
    ],
    "score_time": [
      0.12410497665405273,
      0.12820172309875488,
      0.12975049018859863,
      0.13668012619018555,
      0.134171724319458
    ],
    "test_r": [
      -0.010495736165155525,
      0.12170084385252657,
      0.04028308174440372,
      -0.07204734304756112,
      0.023435986159663955
    ],
    "test_r2": [
      -0.025092043910226458,
      -0.01715596871634517,
      -0.10083448284427421,
      -0.09356946258841292,
      -0.026730869709314486
    ],
    "test_rmse": [
      -386527.30643207545,
      -67716.35419676038,
      -1027.033251427641,
      -1562.7997753837733,
      -513.5540131020666
    ],