{
  "6": {
    "fit_time": [
      51.93187856674194,
      51.20778203010559,
      50.04818391799927,
      51.26115012168884,
      50.90508723258972
    ],
    "score_time": [
      1.4310994148254395,
      1.3897700309753418,
      1.390665054321289,
      1.41385817527771,
      1.4070839881896973
    ],
    "test_r": [
      0.19807118789257186,
      0.22818447272520112,
      0.11229364875571299,
      0.34676863462510626,
      0.1885855929167364
    ],
    "test_r2": [
      -0.035606289111190126,
      0.04764293527338215,
      -0.004045496893168243,
      0.10965157027611916,
      -0.005136217521645836
    ],
    "test_rmse": [
      -0.8152612273096246,
      -1.0828671427928862,
      -1.0014983879413282,
      -0.9383655428917683,
      -0.8879467077065171
    ],
    "test_mae": [
      -0.6230800843687215,
      -0.8119006934144594,
      -0.7587072392923289,
      -0.6874181826245028,
      -0.711397191930055
    ],
    "best_params": {
      "check_inverse": true,
      "func": null,
      "inverse_func": null,
      "regressor__natural_gradient": true,
      "regressor__n_estimators": 1548,
      "regressor__learning_rate": 0.001,
      "regressor__minibatch_frac": 1,
      "regressor__col_sample": 1.0,
      "regressor__verbose": false,
      "transformer__memory": null,
      "transformer__verbose": false,
      "transformer__y scaler__copy": true,
      "transformer__y scaler__with_mean": true,
      "transformer__y scaler__with_std": true
    }
  },
  "13": {
    "fit_time": [
      57.800524950027466,
      60.71894574165344,
      56.99394750595093,
      55.67149376869202,
      57.18824601173401
    ],
    "score_time": [
      1.6374561786651611,
      1.740976333618164,
      1.588402509689331,
      1.5356340408325195,
      1.5981380939483643
    ],
    "test_r": [
      0.011014199820672855,
      0.293964052344308,
      0.0849675086101133,
      0.28861408924814846,
      0.25950593412811707
    ],
    "test_r2": [
      -0.2632440751373091,
      0.08627071749760207,
      -0.30245304498789194,
      0.05460332339721752,
      0.018445912887266047
    ],
    "test_rmse": [
      -0.9563947923037123,
      -0.9259124281488973,
      -0.9471513866834629,
      -1.1460189353518397,
      -0.8528341502400258
    ],
    "test_mae": [
      -0.7596920856261722,
      -0.6665694212399844,
      -0.7593093434674301,
      -0.831811847929303,
      -0.6554247368486399
    ],
    "best_params": {
      "check_inverse": true,
      "func": null,
      "inverse_func": null,
      "regressor__natural_gradient": true,
      "regressor__n_estimators": 1772,
      "regressor__learning_rate": 0.001,
      "regressor__minibatch_frac": 1,
      "regressor__col_sample": 1.0,
      "regressor__verbose": false,
      "transformer__memory": null,
      "transformer__verbose": false,
      "transformer__y scaler__copy": true,
      "transformer__y scaler__with_mean": true,
      "transformer__y scaler__with_std": true
    }
  },
  "42": {
    "fit_time": [
      49.37485384941101,
      48.35507106781006,
      48.97777605056763,
      48.82795476913452,
      50.63013315200806
    ],
    "score_time": [
      1.3564293384552002,
      1.4072742462158203,
      1.3653934001922607,
      1.3814010620117188,
      1.3597865104675293
    ],
    "test_r": [
      0.25907472878781207,
      0.14743768176844618,
      0.2968080825867647,
      0.3678379096167167,
      0.052109203822720856
    ],
    "test_r2": [
      0.059288852454633556,
      -0.002350791580200129,
      0.0792897887591616,
      0.12778380157624125,
      -0.19960950323306959
    ],
    "test_rmse": [
      -1.0287990051910065,
      -1.142966386806129,
      -0.9087843186008512,
      -0.8036466113983358,
      -0.8158187971006411
    ],
    "test_mae": [
      -0.7679131005059844,
      -0.8359817554992317,
      -0.7386339719877468,
      -0.6402115486499264,
      -0.6033348198992186
    ],
    "best_params": {
      "check_inverse": true,
      "func": null,
      "inverse_func": null,
      "regressor__natural_gradient": true,
      "regressor__n_estimators": 1430,
      "regressor__learning_rate": 0.0006918959831214539,
      "regressor__minibatch_frac": 1,
      "regressor__col_sample": 1.0,
      "regressor__verbose": false,
      "transformer__memory": null,
      "transformer__verbose": false,
      "transformer__y scaler__copy": true,
      "transformer__y scaler__with_mean": true,
      "transformer__y scaler__with_std": true
    }
  },
  "69": {
    "fit_time": [
      41.37160110473633,
      43.39123582839966,
      43.03138995170593,
      42.914644718170166,
      42.75145673751831
    ],
    "score_time": [
      1.1143555641174316,
      1.240941047668457,
      1.1617591381072998,
      1.1146059036254883,
      1.190629482269287
    ],
    "test_r": [
      0.17149209921219186,
      0.26613391322073143,
      0.3052605007259229,
      0.2373529156846601,
      0.09043023931985533
    ],
    "test_r2": [
      0.001855276324015831,
      -0.01578833370938071,
      0.0896628838449941,
      0.04938849940767709,
      -0.3146944683916737
    ],
    "test_rmse": [
      -1.178523118320327,
      -1.0457645154120685,
      -0.747516107304718,
      -0.8563774031560983,
      -0.9083150556165409
    ],
    "test_mae": [
      -0.8883448764077495,
      -0.79560889752547,
      -0.5951345786209582,
      -0.6347625064904582,
      -0.7044277941807824
    ],
    "best_params": {
      "check_inverse": true,
      "func": null,
      "inverse_func": null,
      "regressor__natural_gradient": true,
      "regressor__n_estimators": 1229,
      "regressor__learning_rate": 0.0005043827846814618,
      "regressor__minibatch_frac": 1,
      "regressor__col_sample": 1.0,
      "regressor__verbose": false,
      "transformer__memory": null,
      "transformer__verbose": false,
      "transformer__y scaler__copy": true,
      "transformer__y scaler__with_mean": true,
      "transformer__y scaler__with_std": true
    }
  },
  "420": {
    "fit_time": [
      27.928739070892334,
      28.22135281562805,
      28.444403648376465,
      28.76189875602722,
      28.39997625350952
    ],
    "score_time": [
      0.7815048694610596,
      0.7915453910827637,
      0.8006994724273682,
      0.7950143814086914,
      0.7820079326629639
    ],
    "test_r": [
      0.30123505044606436,
      0.05733532900130532,
      0.36029596613040554,
      0.10032048710884402,
      0.13659259299058576
    ],
    "test_r2": [
      0.0715931233914574,
      -0.028346083404592104,
      0.08086388618120222,
      -0.05614576818822936,
      0.008161918703761817
    ],
    "test_rmse": [
      -0.7753699249952357,
      -0.9918786421078961,
      -0.9737405589285854,
      -1.1494528941491158,
      -0.8797092795402758
    ],
    "test_mae": [
      -0.6032116955857637,
      -0.7293114719835186,
      -0.7874177756922077,
      -0.8354517646890517,
      -0.6670695694912843
    ],
    "best_params": {
      "check_inverse": true,
      "func": null,
      "inverse_func": null,
      "regressor__natural_gradient": true,
      "regressor__n_estimators": 840,
      "regressor__learning_rate": 0.0008759601940383843,
      "regressor__minibatch_frac": 1,
      "regressor__col_sample": 1.0,
      "regressor__verbose": false,
      "transformer__memory": null,
      "transformer__verbose": false,
      "transformer__y scaler__copy": true,
      "transformer__y scaler__with_mean": true,
      "transformer__y scaler__with_std": true
    }
  },
  "1234567890": {
    "fit_time": [
      21.5581374168396,
      21.28329300880432,
      21.81024408340454,
      21.550304651260376,
      22.36253547668457
    ],
    "score_time": [
      0.6260740756988525,
      0.6305038928985596,
      0.6343204975128174,
      0.6190733909606934,
      0.6227574348449707
    ],