{
  "6": {
    "fit_time": [
      2.739591360092163,
      2.676914930343628,
      2.6807804107666016,
      2.7800068855285645,
      2.706958770751953
    ],
    "score_time": [
      0.08135414123535156,
      0.08325910568237305,
      0.07971811294555664,
      0.08629179000854492,
      0.08208131790161133
    ],
    "test_r": [
      0.5898632649500071,
      0.6712761816686958,
      0.8533164736841424,
      0.7836411576547179,
      0.5670814411526982
    ],
    "test_r2": [
      -0.7523033863149473,
      0.4332735183777192,
      0.6792384477961817,
      -0.13833837265865512,
      0.12246048239544405
    ],
    "test_rmse": [
      -6.9690064452661575,
      -5.788700503749795,
      -4.69592353110525,
      -6.322081062276042,
      -25.571749515814126
    ],
    "test_mae": [
      -3.938489982433945,
      -3.213794624984173,
      -3.0133322180604383,
      -3.511379945109804,
      -9.043040135786546
    ],
    "best_params": {
      "check_inverse": true,
      "func": null,
      "inverse_func": null,
      "regressor__bootstrap": true,
      "regressor__ccp_alpha": 0.0,
      "regressor__criterion": "squared_error",
      "regressor__max_depth": null,
      "regressor__max_features": "sqrt",
      "regressor__max_leaf_nodes": null,
      "regressor__max_samples": null,
      "regressor__min_impurity_decrease": 0.0,
      "regressor__min_samples_leaf": 0.05,
      "regressor__min_samples_split": 0.08034217838892829,
      "regressor__min_weight_fraction_leaf": 0.0,
      "regressor__monotonic_cst": null,
      "regressor__n_estimators": 2000,
      "regressor__n_jobs": null,
      "regressor__oob_score": false,
      "regressor__random_state": null,
      "regressor__verbose": 0,
      "regressor__warm_start": false,
      "transformer__memory": null,
      "transformer__verbose": false,
      "transformer__y scaler__copy": true,
      "transformer__y scaler__with_mean": true,
      "transformer__y scaler__with_std": true
    }
  },
  "13": {
    "fit_time": [
      0.10244250297546387,
      0.10135388374328613,
      0.09882211685180664,
      0.11242008209228516,
      0.09825706481933594
    ],
    "score_time": [
      0.019663333892822266,
      0.018827199935913086,
      0.020527362823486328,
      0.021019458770751953,
      0.0214688777923584
    ],
    "test_r": [
      0.8924022010308044,
      0.7813917384880624,
      0.6015773154988998,
      0.646276962380302,
      0.7314441814899151
    ],
    "test_r2": [
      0.1912968641117132,
      0.5097289394657825,
      0.2085925547431502,
      0.15001332152451385,
      0.4492513296744258
    ],
    "test_rmse": [
      -5.173903809560434,
      -5.486046324687254,
      -7.1610319603573505,
      -24.764126304764805,
      -6.124863189072267
    ],
    "test_mae": [
      -3.1696515283134823,
      -3.1808503743886667,
      -4.192691579292314,
      -7.985666957650892,
      -3.514680146273695
    ],
    "best_params": {
      "check_inverse": true,
      "func": null,
      "inverse_func": null,
      "regressor__bootstrap": true,
      "regressor__ccp_alpha": 0.0,
      "regressor__criterion": "squared_error",
      "regressor__max_depth": null,
      "regressor__max_features": "sqrt",
      "regressor__max_leaf_nodes": null,
      "regressor__max_samples": null,
      "regressor__min_impurity_decrease": 0.0,
      "regressor__min_samples_leaf": 0.050196051166875026,
      "regressor__min_samples_split": 0.08489264567299774,
      "regressor__min_weight_fraction_leaf": 0.0,
      "regressor__monotonic_cst": null,
      "regressor__n_estimators": 50,
      "regressor__n_jobs": null,
      "regressor__oob_score": false,
      "regressor__random_state": null,
      "regressor__verbose": 0,
      "regressor__warm_start": false,
      "transformer__memory": null,
      "transformer__verbose": false,
      "transformer__y scaler__copy": true,
      "transformer__y scaler__with_mean": true,
      "transformer__y scaler__with_std": true
    }
  },
  "42": {
    "fit_time": [
      1.1670773029327393,
      1.1727933883666992,
      1.1511762142181396,
      1.1582601070404053,
      1.144984483718872
    ],
    "score_time": [
      0.044342994689941406,
      0.04845428466796875,
      0.044519662857055664,
      0.043688297271728516,
      0.04519200325012207
    ],
    "test_r": [
      0.6891141519774622,
      0.718383382957318,
      0.6192875295487391,
      0.8304256346460729,
      0.6517516335796745
    ],
    "test_r2": [
      0.33629088223106895,
      0.028687016901546958,
      0.2938761164774346,
      0.6834413303151952,
      0.2702907045167384
    ],
    "test_rmse": [
      -15.431396234051908,
      -7.765903827201703,
      -17.408434014490584,
      -4.269849972342894,
      -6.394254775359727
    ],
    "test_mae": [
      -4.150407063804093,
      -4.906534277283682,
      -5.768142126417852,
      -2.8116710056045675,
      -3.6479815989165463
    ],
    "best_params": {
      "check_inverse": true,
      "func": null,
      "inverse_func": null,
      "regressor__bootstrap": true,
      "regressor__ccp_alpha": 0.0,
      "regressor__criterion": "squared_error",
      "regressor__max_depth": null,
      "regressor__max_features": "sqrt",
      "regressor__max_leaf_nodes": null,
      "regressor__max_samples": null,
      "regressor__min_impurity_decrease": 0.0,
      "regressor__min_samples_leaf": 0.05,
      "regressor__min_samples_split": 0.1010481551303137,
      "regressor__min_weight_fraction_leaf": 0.0,
      "regressor__monotonic_cst": null,
      "regressor__n_estimators": 843,
      "regressor__n_jobs": null,
      "regressor__oob_score": false,
      "regressor__random_state": null,
      "regressor__verbose": 0,
      "regressor__warm_start": false,
      "transformer__memory": null,
      "transformer__verbose": false,
      "transformer__y scaler__copy": true,
      "transformer__y scaler__with_mean": true,
      "transformer__y scaler__with_std": true
    }
  },
  "69": {
    "fit_time": [
      0.1203310489654541,
      0.1414806842803955,
      0.12186455726623535,
      0.12378406524658203,
      0.1379561424255371
    ],
    "score_time": [
      0.020228147506713867,
      0.02047443389892578,
      0.022038698196411133,
      0.01978778839111328,
      0.0197598934173584
    ],
    "test_r": [
      0.758162403192475,
      0.6734183845080847,
      0.5577693254553635,
      0.6821843285467977,
      0.6746479619709181
    ],
    "test_r2": [
      0.525639988189994,
      0.2257564217078477,
      0.282130654612888,
      0.33252769562661,
      0.24077127774741658
    ],
    "test_rmse": [
      -6.299071456590615,
      -17.675341485573988,
      -16.54471227289218,
      -4.17215629765028,
      -6.786569523636851
    ],
    "test_mae": [
      -3.3177843494201738,
      -6.488928702359482,
      -5.818160834662678,
      -2.944154497676538,
      -3.926961895669305
    ],
    "best_params": {
      "check_inverse": true,
      "func": null,
      "inverse_func": null,
      "regressor__bootstrap": true,
      "regressor__ccp_alpha": 0.0,
      "regressor__criterion": "squared_error",
      "regressor__max_depth": null,
      "regressor__max_features": "sqrt",
      "regressor__max_leaf_nodes": null,
      "regressor__max_samples": null,
      "regressor__min_impurity_decrease": 0.0,
      "regressor__min_samples_leaf": 0.056736064649250566,
      "regressor__min_samples_split": 0.22537655817942553,
      "regressor__min_weight_fraction_leaf": 0.0,
      "regressor__monotonic_cst": null,
      "regressor__n_estimators": 72,
      "regressor__n_jobs": null,
      "regressor__oob_score": false,
      "regressor__random_state": null,
      "regressor__verbose": 0,
      "regressor__warm_start": false,
      "transformer__memory": null,
      "transformer__verbose": false,
      "transformer__y scaler__copy": true,
      "transformer__y scaler__with_mean": true,
      "transformer__y scaler__with_std": true
    }
  },