{
  "6": {
    "fit_time": [
      0.08436965942382812,
      0.09051942825317383,
      0.08408951759338379,
      0.08385300636291504,
      0.08495640754699707
    ],
    "score_time": [
      0.04489755630493164,
      0.0423276424407959,
      0.04363560676574707,
      0.04109525680541992,
      0.04236006736755371
    ],
    "test_r": [
      -0.07861079914185944,
      -0.106330347117035,
      0.5046026312081585,
      0.5404267624501639,
      0.7121647636138874
    ],
    "test_r2": [
      -1.5983443690779843e+25,
      -2.147443605132136e+22,
      -7.201334775758106e+20,
      -1.4095453227022486e+21,
      -4.914332630630167e+19
    ],
    "test_rmse": [
      -21047542432762.26,
      -1126821723718.5747,
      -222503252324.38055,
      -222466127246.8535,
      -191363618578.74765
    ],
    "test_mae": [
      -5941119081060.715,
      -396361538562.4643,
      -51878392207.58405,
      -58613024781.01999,
      -70333833168.12
    ],
    "best_params": {
      "check_inverse": true,
      "func": null,
      "inverse_func": null,
      "regressor__copy_X": true,
      "regressor__fit_intercept": false,
      "regressor__n_jobs": null,
      "regressor__positive": false,
      "transformer__memory": null,
      "transformer__verbose": false,
      "transformer__y scaler__copy": true,
      "transformer__y scaler__with_mean": true,
      "transformer__y scaler__with_std": true
    }
  },
  "13": {
    "fit_time": [
      0.08095788955688477,
      0.08150506019592285,
      0.08262324333190918,
      0.08184266090393066,
      0.08045673370361328
    ],
    "score_time": [
      0.03985857963562012,
      0.040419816970825195,
      0.04010772705078125,
      0.039628028869628906,
      0.03976726531982422
    ],
    "test_r": [
      -0.3932665087060932,
      -0.16295333869809803,
      -0.16986473877217304,
      -0.19911123440703385,
      -0.14556888175469168
    ],
    "test_r2": [
      -9.634173247828552e+21,
      -3.814963992741703e+23,
      -6.72198346817317e+18,
      -6.394662883170468e+21,
      -3.749992409418818e+23
    ],
    "test_rmse": [
      -564717196160.4614,
      -4839344759796.599,
      -20870087324.31834,
      -2147957963667.971,
      -5053995582568.745
    ],
    "test_mae": [
      -150615251815.38196,
      -2058939559403.4678,
      -6935320963.687448,
      -619816582889.7451,
      -1527622456860.1917
    ],
    "best_params": {
      "check_inverse": true,
      "func": null,
      "inverse_func": null,
      "regressor__copy_X": true,
      "regressor__fit_intercept": false,
      "regressor__n_jobs": null,
      "regressor__positive": false,
      "transformer__memory": null,
      "transformer__verbose": false,
      "transformer__y scaler__copy": true,
      "transformer__y scaler__with_mean": true,
      "transformer__y scaler__with_std": true
    }
  },
  "42": {
    "fit_time": [
      0.08310580253601074,
      0.0868985652923584,
      0.0820469856262207,
      0.07686352729797363,
      0.0811004638671875
    ],
    "score_time": [
      0.03985428810119629,
      0.04842972755432129,
      0.040731191635131836,
      0.03976154327392578,
      0.04064488410949707
    ],
    "test_r": [
      0.07126126975158704,
      0.1477425467016496,
      -0.08981823768727439,
      -0.32490335936334946,
      0.7056478289822173
    ],
    "test_r2": [
      -3.53280683047337e+21,
      -7.211720309214913e+21,
      -4.80284181686406e+20,
      -9.897929899084962e+20,
      -1.495725395881436e+16
    ],
    "test_rmse": [
      -1125838968143.021,
      -669162890807.5886,
      -454013113253.6824,
      -238757870337.9131,
      -915463284.0430949
    ],
    "test_mae": [
      -263959791744.7798,
      -253271743708.86746,
      -141316204327.22662,
      -47511152813.58969,
      -271572484.4648328
    ],
    "best_params": {
      "check_inverse": true,
      "func": null,
      "inverse_func": null,
      "regressor__copy_X": true,
      "regressor__fit_intercept": false,
      "regressor__n_jobs": null,
      "regressor__positive": false,
      "transformer__memory": null,
      "transformer__verbose": false,
      "transformer__y scaler__copy": true,
      "transformer__y scaler__with_mean": true,
      "transformer__y scaler__with_std": true
    }
  },
  "69": {
    "fit_time": [
      0.07844018936157227,
      0.07891035079956055,
      0.07960200309753418,
      0.0800023078918457,
      0.07885098457336426
    ],
    "score_time": [
      0.038413286209106445,
      0.0381319522857666,
      0.03675341606140137,
      0.038332462310791016,
      0.03789567947387695
    ],
    "test_r": [
      0.6301944563551496,
      0.03724200297111558,
      0.03342926172735863,
      -0.13861901463651194,
      0.1152513398683279
    ],
    "test_r2": [
      -3.3630820761195168e+19,
      -5.922385846945347e+21,
      -1.9539222192736367e+22,
      -9.496414619189053e+20,
      -1.2689513812482517e+19
    ],
    "test_rmse": [
      -53038499935.92115,
      -1545885616507.4702,
      -2729544319874.73,
      -157370664465.48404,
      -27745111800.646194
    ],
    "test_mae": [
      -18446228210.65206,
      -344136160833.11816,
      -784480100749.0502,
      -53055808024.68794,
      -5549746555.648472
    ],
    "best_params": {
      "check_inverse": true,
      "func": null,
      "inverse_func": null,
      "regressor__copy_X": true,
      "regressor__fit_intercept": false,
      "regressor__n_jobs": null,
      "regressor__positive": false,
      "transformer__memory": null,
      "transformer__verbose": false,
      "transformer__y scaler__copy": true,
      "transformer__y scaler__with_mean": true,
      "transformer__y scaler__with_std": true
    }
  },
  "420": {
    "fit_time": [
      0.08068704605102539,
      0.08081436157226562,
      0.07940435409545898,
      0.08016705513000488,
      0.07539629936218262
    ],
    "score_time": [
      0.03907966613769531,
      0.038313865661621094,
      0.037628889083862305,
      0.04029035568237305,
      0.03896474838256836
    ],
    "test_r": [
      -0.3984298912853904,
      0.06380976226096906,
      -0.027899165190225058,
      0.03729861691600699,
      -0.05545036580724022
    ],
    "test_r2": [
      -8.543560728775546e+21,
      -7.1481859887556714e+22,
      -2.1094203293415716e+22,
      -2.5429306541472233e+23,
      -5.309089129109042e+22
    ],
    "test_rmse": [
      -586988882718.3989,
      -5507825696632.406,
      -2941292954482.973,
      -2002053675643.5317,
      -1638071796526.7212
    ],
    "test_mae": [
      -149823056310.42236,
      -1889940963100.7666,
      -1033826464319.7402,
      -675040067321.7717,
      -434145722926.69135
    ],
    "best_params": {
      "check_inverse": true,
      "func": null,
      "inverse_func": null,
      "regressor__copy_X": true,
      "regressor__fit_intercept": false,
      "regressor__n_jobs": null,
      "regressor__positive": false,
      "transformer__memory": null,
      "transformer__verbose": false,
      "transformer__y scaler__copy": true,
      "transformer__y scaler__with_mean": true,
      "transformer__y scaler__with_std": true
    }
  },
  "1234567890": {
    "fit_time": [
      0.08277320861816406,
      0.07552361488342285,
      0.07289624214172363,
      0.07434582710266113,
      0.06910848617553711
    ],
    "score_time": [
      0.03790688514709473,
      0.036139726638793945,
      0.03650212287902832,
      0.035774946212768555,
      0.035417795181274414
    ],
    "test_r": [
      0.002278688511155594,
      -0.030922824457168166,
      0.4255860685844131,
      -0.051549793384779885,
      0.5951277094732681
    ],
    "test_r2": [
      -5.336057310142402e+19,
      -3.128849518835815e+21,
      -9.130765632104838e+21,
      -4.700737580924089e+21,
      -1.115612512136008e+23
    ],