{
  "6": {
    "fit_time": [
      2.3626418113708496,
      2.3569700717926025,
      2.3943238258361816,
      2.388944625854492,
      2.4418721199035645
    ],
    "score_time": [
      0.14690375328063965,
      0.15094661712646484,
      0.13500213623046875,
      0.1308119297027588,
      0.24130511283874512
    ],
    "test_r": [
      0.7332814327540147,
      0.544336097894616,
      0.7551961690908974,
      0.803311361471737,
      0.4619751808428725
    ],
    "test_r2": [
      0.2334164579719209,
      0.28066690218036194,
      0.5529215255766151,
      0.4462850335341002,
      0.047600169742566756
    ],
    "test_rmse": [
      -4.609416600643438,
      -6.521677951952973,
      -5.543981126778571,
      -4.409278221741141,
      -26.64015546640365
    ],
    "test_mae": [
      -3.516126148002343,
      -3.9373822049634555,
      -3.4953749697085987,
      -3.365616012020759,
      -9.532041175268196
    ],
    "best_params": {
      "check_inverse": true,
      "func": null,
      "inverse_func": null,
      "regressor__bootstrap": true,
      "regressor__ccp_alpha": 0.0,
      "regressor__criterion": "squared_error",
      "regressor__max_depth": null,
      "regressor__max_features": "sqrt",
      "regressor__max_leaf_nodes": null,
      "regressor__max_samples": null,
      "regressor__min_impurity_decrease": 0.0,
      "regressor__min_samples_leaf": 0.05,
      "regressor__min_samples_split": 0.09718853680290837,
      "regressor__min_weight_fraction_leaf": 0.0,
      "regressor__monotonic_cst": null,
      "regressor__n_estimators": 2000,
      "regressor__n_jobs": null,
      "regressor__oob_score": false,
      "regressor__random_state": null,
      "regressor__verbose": 0,
      "regressor__warm_start": false,
      "transformer__memory": null,
      "transformer__verbose": false,
      "transformer__y scaler__copy": true,
      "transformer__y scaler__with_mean": true,
      "transformer__y scaler__with_std": true
    }
  },
  "13": {
    "fit_time": [
      2.375236749649048,
      2.3630833625793457,
      2.391638994216919,
      2.4170918464660645,
      2.4656436443328857
    ],
    "score_time": [
      0.14862585067749023,
      0.15854263305664062,
      0.1344761848449707,
      0.13440346717834473,
      0.13440418243408203
    ],
    "test_r": [
      0.8053658591571722,
      0.7391666081376622,
      0.6717587599597309,
      0.4416348497423403,
      0.635269050498781
    ],
    "test_r2": [
      0.378817224538325,
      0.5248624311534588,
      0.443478593926828,
      0.06752142864786259,
      0.39711104826530863
    ],
    "test_rmse": [
      -4.534542629932122,
      -5.400712101634655,
      -6.005047998452252,
      -25.937993731140896,
      -6.408233475300184
    ],
    "test_mae": [
      -3.6414391791244594,
      -3.3337796686521908,
      -4.077680172726197,
      -8.42111951516246,
      -3.7638319084147143
    ],
    "best_params": {
      "check_inverse": true,
      "func": null,
      "inverse_func": null,
      "regressor__bootstrap": true,
      "regressor__ccp_alpha": 0.0,
      "regressor__criterion": "squared_error",
      "regressor__max_depth": null,
      "regressor__max_features": "sqrt",
      "regressor__max_leaf_nodes": null,
      "regressor__max_samples": null,
      "regressor__min_impurity_decrease": 0.0,
      "regressor__min_samples_leaf": 0.05,
      "regressor__min_samples_split": 0.05,
      "regressor__min_weight_fraction_leaf": 0.0,
      "regressor__monotonic_cst": null,
      "regressor__n_estimators": 2000,
      "regressor__n_jobs": null,
      "regressor__oob_score": false,
      "regressor__random_state": null,
      "regressor__verbose": 0,
      "regressor__warm_start": false,
      "transformer__memory": null,
      "transformer__verbose": false,
      "transformer__y scaler__copy": true,
      "transformer__y scaler__with_mean": true,
      "transformer__y scaler__with_std": true
    }
  },
  "42": {
    "fit_time": [
      0.12164044380187988,
      0.12104511260986328,
      0.1205751895904541,
      0.12233495712280273,
      0.12403440475463867
    ],
    "score_time": [
      0.038909912109375,
      0.03819584846496582,
      0.03921008110046387,
      0.03897833824157715,
      0.03958606719970703
    ],
    "test_r": [
      0.5857977641022843,
      0.6450363695374058,
      0.6049078525611964,
      0.7176571876170205,
      0.5021823356119602
    ],
    "test_r2": [
      0.21608425877299553,
      0.37744759211280965,
      0.18451533606525583,
      0.4717871857816306,
      0.24277447200235214
    ],
    "test_rmse": [
      -16.770693564894138,
      -6.217279184904431,
      -18.707991080472517,
      -5.515564605915715,
      -6.51369802112637
    ],
    "test_mae": [
      -4.923773790858327,
      -4.6458379627726645,
      -6.134421120983799,
      -4.168213403875891,
      -3.858063725487704
    ],
    "best_params": {
      "check_inverse": true,
      "func": null,
      "inverse_func": null,
      "regressor__bootstrap": true,
      "regressor__ccp_alpha": 0.0,
      "regressor__criterion": "squared_error",
      "regressor__max_depth": null,
      "regressor__max_features": "sqrt",
      "regressor__max_leaf_nodes": null,
      "regressor__max_samples": null,
      "regressor__min_impurity_decrease": 0.0,
      "regressor__min_samples_leaf": 0.0538706568502905,
      "regressor__min_samples_split": 0.0714621413712684,
      "regressor__min_weight_fraction_leaf": 0.0,
      "regressor__monotonic_cst": null,
      "regressor__n_estimators": 56,
      "regressor__n_jobs": null,
      "regressor__oob_score": false,
      "regressor__random_state": null,
      "regressor__verbose": 0,
      "regressor__warm_start": false,
      "transformer__memory": null,
      "transformer__verbose": false,
      "transformer__y scaler__copy": true,
      "transformer__y scaler__with_mean": true,
      "transformer__y scaler__with_std": true
    }
  },
  "69": {
    "fit_time": [
      2.352666139602661,
      2.3784241676330566,
      2.3723702430725098,
      2.3851265907287598,
      2.4381237030029297
    ],
    "score_time": [
      0.1366736888885498,
      0.13208460807800293,
      0.1416487693786621,
      0.13480925559997559,
      0.1349964141845703
    ],
    "test_r": [
      0.7509254931128758,
      0.598578331598455,
      0.6000744123157195,
      0.7198666329920752,
      0.5901154891556515
    ],
    "test_r2": [
      0.5155610301344162,
      0.1795487394345986,
      0.23240548166373598,
      0.3811765929514156,
      0.2788195731267431
    ],
    "test_rmse": [
      -6.365639433216764,
      -18.19513995206864,
      -17.1081262668208,
      -4.017235675761142,
      -6.614331440959127
    ],
    "test_mae": [
      -3.9943443602754383,
      -6.448122360378938,
      -5.590164430865471,
      -3.0760797424203883,
      -4.12642805578984
    ],
    "best_params": {
      "check_inverse": true,
      "func": null,
      "inverse_func": null,
      "regressor__bootstrap": true,
      "regressor__ccp_alpha": 0.0,
      "regressor__criterion": "squared_error",
      "regressor__max_depth": null,
      "regressor__max_features": "sqrt",
      "regressor__max_leaf_nodes": null,
      "regressor__max_samples": null,
      "regressor__min_impurity_decrease": 0.0,
      "regressor__min_samples_leaf": 0.05,
      "regressor__min_samples_split": 0.11184944961995011,
      "regressor__min_weight_fraction_leaf": 0.0,
      "regressor__monotonic_cst": null,
      "regressor__n_estimators": 2000,
      "regressor__n_jobs": null,
      "regressor__oob_score": false,
      "regressor__random_state": null,
      "regressor__verbose": 0,
      "regressor__warm_start": false,
      "transformer__memory": null,
      "transformer__verbose": false,
      "transformer__y scaler__copy": true,
      "transformer__y scaler__with_mean": true,
      "transformer__y scaler__with_std": true
    }
  },