{
  "6": {
    "fit_time": [
      1.8866267204284668,
      1.874621868133545,
      1.8778226375579834,
      1.8993866443634033,
      1.887878656387329
    ],
    "score_time": [
      0.09891271591186523,
      0.10637855529785156,
      0.1005103588104248,
      0.07865071296691895,
      0.08778047561645508
    ],
    "test_r": [
      0.8055819924611383,
      0.726669875861121,
      0.8557751514471587,
      0.8046593188865412,
      0.47401513585419347
    ],
    "test_r2": [
      0.6117859458086786,
      0.5248983663705238,
      0.6786895076437628,
      0.5464341182942253,
      0.10970634831768988
    ],
    "test_rmse": [
      -3.2802114703301855,
      -5.300143024198868,
      -4.699940033430362,
      -3.990658469662364,
      -25.756908703682832
    ],
    "test_mae": [
      -2.2328046921797875,
      -2.9660290757071994,
      -2.7539219947361704,
      -2.2090001454241834,
      -8.620093066407748
    ],
    "best_params": {
      "check_inverse": true,
      "func": null,
      "inverse_func": null,
      "regressor__natural_gradient": true,
      "regressor__n_estimators": 110,
      "regressor__learning_rate": 0.018013536793217298,
      "regressor__minibatch_frac": 1,
      "regressor__col_sample": 1.0,
      "regressor__verbose": false,
      "transformer__memory": null,
      "transformer__verbose": false,
      "transformer__y scaler__copy": true,
      "transformer__y scaler__with_mean": true,
      "transformer__y scaler__with_std": true
    }
  },
  "13": {
    "fit_time": [
      46.02831840515137,
      41.72313451766968,
      45.43022298812866,
      44.72516632080078,
      44.987754583358765
    ],
    "score_time": [
      0.8204495906829834,
      0.9112462997436523,
      0.8623800277709961,
      0.8665335178375244,
      0.8788454532623291
    ],
    "test_r": [
      0.8685369358012821,
      0.7286368072432146,
      0.8039829478066591,
      0.45554769643126136,
      0.7651884684397904
    ],
    "test_r2": [
      0.7143424597873369,
      0.517022907977989,
      0.6456298165247586,
      0.1401137881679183,
      0.21374932356312348
    ],
    "test_rmse": [
      -3.0750107104772377,
      -5.44508429361614,
      -4.791860130282743,
      -24.907918920030706,
      -7.318131005001206
    ],
    "test_mae": [
      -1.9114725198403473,
      -3.27982060768615,
      -2.414076178343597,
      -8.160671647390748,
      -2.6082251297972285
    ],
    "best_params": {
      "check_inverse": true,
      "func": null,
      "inverse_func": null,
      "regressor__natural_gradient": true,
      "regressor__n_estimators": 2000,
      "regressor__learning_rate": 0.1,
      "regressor__minibatch_frac": 1,
      "regressor__col_sample": 1.0,
      "regressor__verbose": false,
      "transformer__memory": null,
      "transformer__verbose": false,
      "transformer__y scaler__copy": true,
      "transformer__y scaler__with_mean": true,
      "transformer__y scaler__with_std": true
    }
  },
  "42": {
    "fit_time": [
      21.512115001678467,
      23.79706072807312,
      21.155040979385376,
      21.732925176620483,
      22.31718611717224
    ],
    "score_time": [
      0.6189112663269043,
      0.6123747825622559,
      0.6221282482147217,
      0.6329023838043213,
      0.5797724723815918
    ],
    "test_r": [
      0.9857229322889922,
      0.8212014418345768,
      0.9575723081736239,
      0.9170672361294058,
      0.5161746686619928
    ],
    "test_r2": [
      0.9682241181522071,
      0.42019461466357555,
      0.9080264752097428,
      0.8231451391892548,
      0.24227075166703915
    ],
    "test_rmse": [
      -3.3764874272377736,
      -6.000031542154153,
      -6.282762899085636,
      -3.1914938362140357,
      -6.515864176751355
    ],
    "test_mae": [
      -1.726494962051166,
      -3.0493336854727966,
      -2.8068775457667217,
      -1.792755462771589,
      -2.660585743644399
    ],
    "best_params": {
      "check_inverse": true,
      "func": null,
      "inverse_func": null,
      "regressor__natural_gradient": true,
      "regressor__n_estimators": 1368,
      "regressor__learning_rate": 0.011276693601034208,
      "regressor__minibatch_frac": 1,
      "regressor__col_sample": 1.0,
      "regressor__verbose": false,
      "transformer__memory": null,
      "transformer__verbose": false,
      "transformer__y scaler__copy": true,
      "transformer__y scaler__with_mean": true,
      "transformer__y scaler__with_std": true
    }
  },
  "69": {
    "fit_time": [
      7.770370721817017,
      8.229082584381104,
      8.349408149719238,
      8.381600379943848,
      8.32622766494751
    ],
    "score_time": [
      0.22110366821289062,
      0.2038736343383789,
      0.2011585235595703,
      0.1982417106628418,
      0.20374369621276855
    ],
    "test_r": [
      0.8362616169352263,
      0.9525646340188348,
      0.986556349956969,
      0.7549873913248131,
      0.7006236360067287
    ],
    "test_r2": [
      0.5158705784896669,
      0.9010531305978318,
      0.9687591109611718,
      0.45658736797961996,
      0.2850986866674654
    ],
    "test_rmse": [
      -6.3636053399514765,
      -6.318733460021952,
      -3.451423142173082,
      -3.7645130710668364,
      -6.585473935674244
    ],
    "test_mae": [
      -2.7343666907217496,
      -3.376019442666218,
      -1.9770430766250706,
      -2.3669617010504886,
      -2.4488351307030176
    ],
    "best_params": {
      "check_inverse": true,
      "func": null,
      "inverse_func": null,
      "regressor__natural_gradient": true,
      "regressor__n_estimators": 386,
      "regressor__learning_rate": 0.1,
      "regressor__minibatch_frac": 1,
      "regressor__col_sample": 1.0,
      "regressor__verbose": false,
      "transformer__memory": null,
      "transformer__verbose": false,
      "transformer__y scaler__copy": true,
      "transformer__y scaler__with_mean": true,
      "transformer__y scaler__with_std": true
    }
  },
  "420": {
    "fit_time": [
      0.8861474990844727,
      0.8820641040802002,
      0.8913278579711914,
      0.8927602767944336,
      0.8907344341278076
    ],
    "score_time": [
      0.06702661514282227,
      0.06734585762023926,
      0.0548558235168457,
      0.05417180061340332,
      0.05432415008544922
    ],
    "test_r": [
      0.6635888014326622,
      0.9157698696691111,
      0.9747248452455028,
      0.693388092724931,
      0.8647315878443399
    ],
    "test_r2": [
      -0.07097451142002886,
      0.8202029003645689,
      0.9459047932840193,
      0.1298799824644754,
      0.7459820160944135
    ],
    "test_rmse": [
      -6.5720368227543915,
      -8.735215162206233,
      -4.710164896083749,
      -3.703377965618498,
      -3.583068881100636
    ],
    "test_mae": [
      -2.7720917336148796,
      -4.269302572996532,
      -2.8276890227497504,
      -2.2659467846532952,
      -2.2405198577195233
    ],
    "best_params": {
      "check_inverse": true,
      "func": null,
      "inverse_func": null,
      "regressor__natural_gradient": true,
      "regressor__n_estimators": 50,
      "regressor__learning_rate": 0.051400886573545634,
      "regressor__minibatch_frac": 1,
      "regressor__col_sample": 1.0,
      "regressor__verbose": false,
      "transformer__memory": null,
      "transformer__verbose": false,
      "transformer__y scaler__copy": true,
      "transformer__y scaler__with_mean": true,
      "transformer__y scaler__with_std": true
    }
  },
  "1234567890": {
    "fit_time": [
      3.787355899810791,
      3.7211527824401855,
      3.7930057048797607,
      4.174343824386597,
      3.9896466732025146
    ],
    "score_time": [
      0.131636381149292,
      0.13389372825622559,
      0.13685917854309082,
      0.12066316604614258,
      0.12539243698120117
    ],
    "test_r": [
      0.9824151385450957,
      0.9614599566115751,
      0.736873152911688,
      0.68203042528508,
      0.9320618692743512
    ],