{
  "6": {
    "fit_time": [
      0.055884361267089844,
      0.06270599365234375,
      0.06070089340209961,
      0.05688023567199707,
      0.0558626651763916
    ],
    "score_time": [
      0.0365300178527832,
      0.031916141510009766,
      0.03286314010620117,
      0.031365156173706055,
      0.03252816200256348
    ],
    "test_r": [
      0.5833124646808381,
      -0.0917305935023321,
      0.5817719847746143,
      0.7008787072499495,
      0.09102379377647608
    ],
    "test_r2": [
      -2.2123545419202753,
      -0.9692280466918628,
      0.025827573716751706,
      -9.904664559339915,
      -0.08323555566244423
    ],
    "test_rmse": [
      -9.435783157106952,
      -10.79051899543934,
      -8.183663799008656,
      -19.567283058020916,
      -28.411133029220395
    ],
    "test_mae": [
      -4.495637370832599,
      -4.989063964040282,
      -3.9345500815644936,
      -5.542593613526073,
      -9.411456875528136
    ],
    "best_params": {
      "check_inverse": true,
      "func": null,
      "inverse_func": null,
      "regressor__copy_X": true,
      "regressor__fit_intercept": false,
      "regressor__n_jobs": null,
      "regressor__positive": false,
      "transformer__memory": null,
      "transformer__verbose": false,
      "transformer__y scaler__copy": true,
      "transformer__y scaler__with_mean": true,
      "transformer__y scaler__with_std": true
    }
  },
  "13": {
    "fit_time": [
      0.060117483139038086,
      0.060085296630859375,
      0.05512046813964844,
      0.07305359840393066,
      0.06006646156311035
    ],
    "score_time": [
      0.03538942337036133,
      0.032460689544677734,
      0.036097049713134766,
      0.0318903923034668,
      0.03202509880065918
    ],
    "test_r": [
      0.4886085301601701,
      0.4401082294170525,
      0.5612498345646133,
      -0.11836621391833052,
      0.4386453401850121
    ],
    "test_r2": [
      -1.2750778979466029,
      -1.1088377260259907,
      0.24811465800271582,
      -0.14805621145305659,
      -4.65995177902951
    ],
    "test_rmse": [
      -8.678045490479025,
      -11.377921217120225,
      -6.979934631469453,
      -28.780512755184308,
      -19.634779534741995
    ],
    "test_mae": [
      -4.062643063744259,
      -6.771465149959974,
      -3.800947103048959,
      -9.24155460961618,
      -6.002777598393307
    ],
    "best_params": {
      "check_inverse": true,
      "func": null,
      "inverse_func": null,
      "regressor__copy_X": true,
      "regressor__fit_intercept": false,
      "regressor__n_jobs": null,
      "regressor__positive": false,
      "transformer__memory": null,
      "transformer__verbose": false,
      "transformer__y scaler__copy": true,
      "transformer__y scaler__with_mean": true,
      "transformer__y scaler__with_std": true
    }
  },
  "42": {
    "fit_time": [
      0.05502772331237793,
      0.06493353843688965,
      0.05634927749633789,
      0.06564497947692871,
      0.05271482467651367
    ],
    "score_time": [
      0.0309298038482666,
      0.04662132263183594,
      0.03308296203613281,
      0.03480172157287598,
      0.03104710578918457
    ],
    "test_r": [
      0.9887123684848085,
      0.5472525967583649,
      0.8175462189766133,
      0.4937629073577632,
      0.49826309401938107
    ],
    "test_r2": [
      0.9727104528755344,
      -5.903028289333031,
      0.6053890240134358,
      0.06042279914316151,
      -0.037429249020719535
    ],
    "test_rmse": [
      -3.1290643540965273,
      -20.702950209068103,
      -13.013791234618072,
      -7.356169786887435,
      -7.62419931529473
    ],
    "test_mae": [
      -1.7762856021748374,
      -7.221331682400352,
      -5.72511611225474,
      -3.2218182960291553,
      -4.295160899537847
    ],
    "best_params": {
      "check_inverse": true,
      "func": null,
      "inverse_func": null,
      "regressor__copy_X": true,
      "regressor__fit_intercept": false,
      "regressor__n_jobs": null,
      "regressor__positive": false,
      "transformer__memory": null,
      "transformer__verbose": false,
      "transformer__y scaler__copy": true,
      "transformer__y scaler__with_mean": true,
      "transformer__y scaler__with_std": true
    }
  },
  "69": {
    "fit_time": [
      0.051396846771240234,
      0.056044816970825195,
      0.05674862861633301,
      0.09268403053283691,
      0.08806228637695312
    ],
    "score_time": [
      0.030171871185302734,
      0.029528141021728516,
      0.029329538345336914,
      0.029051542282104492,
      0.0288848876953125
    ],
    "test_r": [
      0.5352790832705895,
      0.9261880528471641,
      0.8181421372436765,
      0.604960810204906,
      0.36440387825716963
    ],
    "test_r2": [
      0.09262404053675888,
      0.8493976812824596,
      0.5197483308018265,
      -0.1875673446205779,
      -7.0497200393108805
    ],
    "test_rmse": [
      -8.711965235440498,
      -7.795515444853529,
      -13.532279401500427,
      -5.565101223001142,
      -22.098071576322354
    ],
    "test_mae": [
      -3.9989959048381563,
      -4.423482840622398,
      -5.3748498199923995,
      -3.5602397188960393,
      -6.880870616365407
    ],
    "best_params": {
      "check_inverse": true,
      "func": null,
      "inverse_func": null,
      "regressor__copy_X": true,
      "regressor__fit_intercept": false,
      "regressor__n_jobs": null,
      "regressor__positive": false,
      "transformer__memory": null,
      "transformer__verbose": false,
      "transformer__y scaler__copy": true,
      "transformer__y scaler__with_mean": true,
      "transformer__y scaler__with_std": true
    }
  },
  "420": {
    "fit_time": [
      0.05749869346618652,
      0.056252241134643555,
      0.05215954780578613,
      0.06028032302856445,
      0.05857563018798828
    ],
    "score_time": [
      0.03089118003845215,
      0.02920842170715332,
      0.02922964096069336,
      0.02911829948425293,
      0.029954910278320312
    ],
    "test_r": [
      0.5592912363423723,
      0.8229932952218973,
      0.9289085083148223,
      0.45608282437848546,
      0.4238555855049862
    ],
    "test_r2": [
      -9.033383434989203,
      0.6453878596207396,
      0.8433817147044942,
      -2.385582282653641,
      -0.1932551995655163
    ],
    "test_rmse": [
      -20.115652538560816,
      -12.2675847197838,
      -8.014528018051971,
      -7.30508283551076,
      -7.765860634819242
    ],
    "test_mae": [
      -6.036613104535958,
      -5.959027294254725,
      -4.398496949312531,
      -3.886961963658052,
      -3.611909398917551
    ],
    "best_params": {
      "check_inverse": true,
      "func": null,
      "inverse_func": null,
      "regressor__copy_X": true,
      "regressor__fit_intercept": false,
      "regressor__n_jobs": null,
      "regressor__positive": false,
      "transformer__memory": null,
      "transformer__verbose": false,
      "transformer__y scaler__copy": true,
      "transformer__y scaler__with_mean": true,
      "transformer__y scaler__with_std": true
    }
  },
  "1234567890": {
    "fit_time": [
      0.0583953857421875,
      0.06670141220092773,
      0.07456254959106445,
      0.07334780693054199,
      0.05525612831115723
    ],
    "score_time": [
      0.031321048736572266,
      0.036559104919433594,
      0.030382156372070312,
      0.034064531326293945,
      0.037532806396484375
    ],
    "test_r": [
      0.8762512054909745,
      0.7543632682752847,
      0.6066696709671638,
      0.10364384930047957,
      0.60616635623892
    ],
    "test_r2": [
      0.7340580751322108,
      0.04038438285078716,
      -0.05610359922191521,
      -0.9979121571557026,
      -0.06097672881736327
    ],
    "test_rmse": [
      -10.326370642187271,
      -19.422309737416633,
      -6.988848102923735,
      -12.528055936672535,
      -7.566311569231035
    ],