{
  "6": {
    "fit_time": [
      0.07505655288696289,
      0.0757296085357666,
      0.07757258415222168,
      0.07794880867004395,
      0.08696866035461426
    ],
    "score_time": [
      0.03686952590942383,
      0.037386178970336914,
      0.039487361907958984,
      0.04049253463745117,
      0.04592275619506836
    ],
    "test_r": [
      0.38352154678746225,
      -0.005116779656869409,
      0.09934163914189649,
      0.7332936842983727,
      -0.3789339640145106
    ],
    "test_r2": [
      -7.529090740118484,
      -8.173278250037917,
      -6217987671437.851,
      -118.1309221024768,
      -0.4199730257456713
    ],
    "test_rmse": [
      -15.375087055694166,
      -23.28930941457242,
      -20675441.45854178,
      -64.67502776465878,
      -32.528732982253565
    ],
    "test_mae": [
      -7.578140565886459,
      -9.02075352450642,
      -6281311.34065145,
      -16.293304184212737,
      -11.416037076920087
    ],
    "best_params": {
      "check_inverse": true,
      "func": null,
      "inverse_func": null,
      "regressor__copy_X": true,
      "regressor__fit_intercept": true,
      "regressor__n_jobs": null,
      "regressor__positive": false,
      "transformer__memory": null,
      "transformer__verbose": false,
      "transformer__y scaler__copy": true,
      "transformer__y scaler__with_mean": true,
      "transformer__y scaler__with_std": true
    }
  },
  "13": {
    "fit_time": [
      0.0739443302154541,
      0.07413554191589355,
      0.0757284164428711,
      0.0760488510131836,
      0.08803057670593262
    ],
    "score_time": [
      0.03813672065734863,
      0.03839731216430664,
      0.038915157318115234,
      0.03965640068054199,
      0.04595685005187988
    ],
    "test_r": [
      0.500355661157639,
      0.028604976549926595,
      0.5416430801239891,
      -0.25639835279138823,
      -0.0101045231448184
    ],
    "test_r2": [
      -128.6623515047173,
      -51.93931174171239,
      -0.2775002631859116,
      -0.3750313973723063,
      -1.4968338921986558e+19
    ],
    "test_rmse": [
      -65.51348968520664,
      -57.00730187339294,
      -9.098211855968808,
      -31.497295016055364,
      -31930555034.009514
    ],
    "test_mae": [
      -13.667688013921893,
      -24.0894391919947,
      -4.34901551739921,
      -10.420367169459013,
      -9101846651.619568
    ],
    "best_params": {
      "check_inverse": true,
      "func": null,
      "inverse_func": null,
      "regressor__copy_X": true,
      "regressor__fit_intercept": true,
      "regressor__n_jobs": null,
      "regressor__positive": false,
      "transformer__memory": null,
      "transformer__verbose": false,
      "transformer__y scaler__copy": true,
      "transformer__y scaler__with_mean": true,
      "transformer__y scaler__with_std": true
    }
  },
  "42": {
    "fit_time": [
      0.07459163665771484,
      0.07379817962646484,
      0.07530927658081055,
      0.0828237533569336,
      0.0780646800994873
    ],
    "score_time": [
      0.037813425064086914,
      0.03773689270019531,
      0.038934946060180664,
      0.054574012756347656,
      0.050333261489868164
    ],
    "test_r": [
      0.9293605524222066,
      0.40353325484196145,
      0.5406351144270847,
      0.12373310960468827,
      0.17439376625999603
    ],
    "test_r2": [
      0.8105441601306326,
      -21.762341235608005,
      -2.1526216257042763,
      -0.2551273253473918,
      -9.179007588881168
    ],
    "test_rmse": [
      -8.244614034269134,
      -37.59420245495406,
      -36.78368038115909,
      -8.502162513161101,
      -23.881836253713427
    ],
    "test_mae": [
      -3.751605569666508,
      -15.032784774647691,
      -11.196606358523328,
      -3.7035276431800708,
      -10.07944161961083
    ],
    "best_params": {
      "check_inverse": true,
      "func": null,
      "inverse_func": null,
      "regressor__copy_X": true,
      "regressor__fit_intercept": false,
      "regressor__n_jobs": null,
      "regressor__positive": false,
      "transformer__memory": null,
      "transformer__verbose": false,
      "transformer__y scaler__copy": true,
      "transformer__y scaler__with_mean": true,
      "transformer__y scaler__with_std": true
    }
  },
  "69": {
    "fit_time": [
      0.07928180694580078,
      0.08025765419006348,
      0.0799245834350586,
      0.08642172813415527,
      0.08576083183288574
    ],
    "score_time": [
      0.03679227828979492,
      0.03810596466064453,
      0.03846144676208496,
      0.04367566108703613,
      0.04397439956665039
    ],
    "test_r": [
      0.001852414679301615,
      0.6793148600150869,
      0.675748155668825,
      0.28270908633797903,
      0.7465243075167421
    ],
    "test_r2": [
      -5.269242356980663,
      -0.058368853930418574,
      -0.3194062248222256,
      -5.018872278833494,
      -85.40462628649365
    ],
    "test_rmse": [
      -22.89971245095825,
      -20.665576850125586,
      -22.429819513749518,
      -12.528570131942898,
      -72.39898636830229
    ],
    "test_mae": [
      -9.151768219384778,
      -8.966446472085446,
      -9.2841809127471,
      -5.162061455800767,
      -20.046468456213457
    ],
    "best_params": {
      "check_inverse": true,
      "func": null,
      "inverse_func": null,
      "regressor__copy_X": true,
      "regressor__fit_intercept": false,
      "regressor__n_jobs": null,
      "regressor__positive": false,
      "transformer__memory": null,
      "transformer__verbose": false,
      "transformer__y scaler__copy": true,
      "transformer__y scaler__with_mean": true,
      "transformer__y scaler__with_std": true
    }
  },
  "420": {
    "fit_time": [
      0.0740823745727539,
      0.07420206069946289,
      0.07375383377075195,
      0.07459640502929688,
      0.08333635330200195
    ],
    "score_time": [
      0.03653693199157715,
      0.036507368087768555,
      0.03708910942077637,
      0.03763628005981445,
      0.04540872573852539
    ],
    "test_r": [
      0.5180266250858706,
      0.3023681937804359,
      0.44054887788897024,
      0.11073931877522072,
      0.0794820690802052
    ],
    "test_r2": [
      -5.614258019015795,
      -1.8536024315668143,
      -3.8573248429241076,
      -34.26018410470872,
      -19.62916122964407
    ],
    "test_rmse": [
      -16.332436820464384,
      -34.79998038485204,
      -44.632919279858214,
      -23.57494814198876,
      -32.289677678458666
    ],
    "test_mae": [
      -6.222228838953997,
      -14.148237051592972,
      -14.089396602834283,
      -10.813637930121189,
      -12.791476073784368
    ],
    "best_params": {
      "check_inverse": true,
      "func": null,
      "inverse_func": null,
      "regressor__copy_X": true,
      "regressor__fit_intercept": false,
      "regressor__n_jobs": null,
      "regressor__positive": false,
      "transformer__memory": null,
      "transformer__verbose": false,
      "transformer__y scaler__copy": true,
      "transformer__y scaler__with_mean": true,
      "transformer__y scaler__with_std": true
    }
  },
  "1234567890": {
    "fit_time": [
      0.07554006576538086,
      0.07690238952636719,
      0.07699871063232422,
      0.07648968696594238,
      0.08894801139831543
    ],
    "score_time": [
      0.03742694854736328,
      0.03797602653503418,
      0.03952813148498535,
      0.038105010986328125,
      0.04521584510803223
    ],
    "test_r": [
      0.7615002158074301,
      0.5109162528566864,
      0.3320209468424886,
      0.1389436654108184,
      0.4929790742805806
    ],
    "test_r2": [
      0.07283343880126769,
      -3.830031055093479,
      -16.851265131205572,
      -11.619297887977249,
      -18.679297189523403
    ],
    "test_rmse": [
      -19.28116118376244,
      -43.573975380215934,
      -28.733388194799733,
      -31.485680575879,
      -32.58637746955187
    ],