{
  "6": {
    "fit_time": [
      7.9341089725494385,
      7.688783407211304,
      7.960761785507202,
      7.863194704055786,
      7.833198070526123
    ],
    "score_time": [
      0.1538231372833252,
      0.15758657455444336,
      0.1532881259918213,
      0.15381503105163574,
      0.15316438674926758
    ],
    "test_r": [
      0.39927833143243974,
      0.5847485296810735,
      0.516300511752756,
      0.5051135040654214,
      0.5370231773556826
    ],
    "test_r2": [
      0.11353239739699106,
      0.33624462940707933,
      0.26076514592183453,
      0.21983619506923002,
      0.2805529572949751
    ],
    "test_rmse": [
      -0.26683038265490844,
      -0.21461227410065192,
      -0.283124465385437,
      -0.3281363980127763,
      -0.25439887872276545
    ],
    "test_mae": [
      -0.20480561629661637,
      -0.17099160663287016,
      -0.21077302680982832,
      -0.25608694524164977,
      -0.20402961931571786
    ],
    "best_params": {
      "check_inverse": true,
      "func": null,
      "inverse_func": null,
      "regressor__objective": "reg:squarederror",
      "regressor__base_score": null,
      "regressor__booster": null,
      "regressor__callbacks": null,
      "regressor__colsample_bylevel": null,
      "regressor__colsample_bynode": null,
      "regressor__colsample_bytree": null,
      "regressor__device": null,
      "regressor__early_stopping_rounds": null,
      "regressor__enable_categorical": false,
      "regressor__eval_metric": null,
      "regressor__feature_types": null,
      "regressor__gamma": null,
      "regressor__grow_policy": null,
      "regressor__importance_type": null,
      "regressor__interaction_constraints": null,
      "regressor__learning_rate": 0.001,
      "regressor__max_bin": null,
      "regressor__max_cat_threshold": null,
      "regressor__max_cat_to_onehot": null,
      "regressor__max_delta_step": null,
      "regressor__max_depth": 10000,
      "regressor__max_leaves": null,
      "regressor__min_child_weight": null,
      "regressor__missing": NaN,
      "regressor__monotone_constraints": null,
      "regressor__multi_strategy": null,
      "regressor__n_estimators": 1216,
      "regressor__n_jobs": -2,
      "regressor__num_parallel_tree": null,
      "regressor__random_state": null,
      "regressor__reg_alpha": null,
      "regressor__reg_lambda": null,
      "regressor__sampling_method": null,
      "regressor__scale_pos_weight": null,
      "regressor__subsample": null,
      "regressor__tree_method": null,
      "regressor__validate_parameters": null,
      "regressor__verbosity": null,
      "transformer__memory": null,
      "transformer__verbose": false,
      "transformer__y scaler": null
    }
  },
  "13": {
    "fit_time": [
      0.4996500015258789,
      0.5236492156982422,
      0.5160002708435059,
      0.48778629302978516,
      0.5008463859558105
    ],
    "score_time": [
      0.15276169776916504,
      0.29442620277404785,
      0.14823269844055176,
      0.15088510513305664,
      0.15086817741394043
    ],
    "test_r": [
      0.3687770380379105,
      0.7684661478645634,
      0.5218151708732699,
      0.5955056675257568,
      0.40889151068678364
    ],
    "test_r2": [
      0.12247230769013273,
      0.46675645067107374,
      0.25828561412521667,
      0.31612530348114065,
      0.16359530639518527
    ],
    "test_rmse": [
      -0.2588265618659153,
      -0.22435617861669244,
      -0.2624089100881615,
      -0.279152502568431,
      -0.30072052004074795
    ],
    "test_mae": [
      -0.2192726730349643,
      -0.1822572845523346,
      -0.1896799736524785,
      -0.21491711985448206,
      -0.22336202563824453
    ],
    "best_params": {
      "check_inverse": true,
      "func": null,
      "inverse_func": null,
      "regressor__objective": "reg:squarederror",
      "regressor__base_score": null,
      "regressor__booster": null,
      "regressor__callbacks": null,
      "regressor__colsample_bylevel": null,
      "regressor__colsample_bynode": null,
      "regressor__colsample_bytree": null,
      "regressor__device": null,
      "regressor__early_stopping_rounds": null,
      "regressor__enable_categorical": false,
      "regressor__eval_metric": null,
      "regressor__feature_types": null,
      "regressor__gamma": null,
      "regressor__grow_policy": null,
      "regressor__importance_type": null,
      "regressor__interaction_constraints": null,
      "regressor__learning_rate": 0.021193205590995568,
      "regressor__max_bin": null,
      "regressor__max_cat_threshold": null,
      "regressor__max_cat_to_onehot": null,
      "regressor__max_delta_step": null,
      "regressor__max_depth": 28,
      "regressor__max_leaves": null,
      "regressor__min_child_weight": null,
      "regressor__missing": NaN,
      "regressor__monotone_constraints": null,
      "regressor__multi_strategy": null,
      "regressor__n_estimators": 50,
      "regressor__n_jobs": -2,
      "regressor__num_parallel_tree": null,
      "regressor__random_state": null,
      "regressor__reg_alpha": null,
      "regressor__reg_lambda": null,
      "regressor__sampling_method": null,
      "regressor__scale_pos_weight": null,
      "regressor__subsample": null,
      "regressor__tree_method": null,
      "regressor__validate_parameters": null,
      "regressor__verbosity": null,
      "transformer__memory": null,
      "transformer__verbose": false,
      "transformer__y scaler": null
    }
  },
  "42": {
    "fit_time": [
      1.277529239654541,
      1.2309224605560303,
      1.1686327457427979,
      1.1346559524536133,
      1.2477028369903564
    ],
    "score_time": [
      0.15034222602844238,
      0.15177679061889648,
      0.1481187343597412,
      0.25745224952697754,
      0.15161347389221191
    ],
    "test_r": [
      0.7182165190609041,
      0.6144049625301391,
      0.4242713480537936,
      0.5444530473306868,
      0.42760703899748703
    ],
    "test_r2": [
      0.4615876419099777,
      0.3533684842813407,
      0.10465614160639758,
      0.23838539159352434,
      0.03207875603578314
    ],
    "test_rmse": [
      -0.2405298011203779,
      -0.2657471284563934,
      -0.29860748556194383,
      -0.2773854940997087,
      -0.24332007821264043
    ],
    "test_mae": [
      -0.19431098183830448,
      -0.21446145843110748,
      -0.2097838910331935,
      -0.21276020202717294,
      -0.1819544436911418
    ],
    "best_params": {
      "check_inverse": true,
      "func": null,
      "inverse_func": null,
      "regressor__objective": "reg:squarederror",
      "regressor__base_score": null,
      "regressor__booster": null,
      "regressor__callbacks": null,
      "regressor__colsample_bylevel": null,
      "regressor__colsample_bynode": null,
      "regressor__colsample_bytree": null,
      "regressor__device": null,
      "regressor__early_stopping_rounds": null,
      "regressor__enable_categorical": false,
      "regressor__eval_metric": null,
      "regressor__feature_types": null,
      "regressor__gamma": null,
      "regressor__grow_policy": null,
      "regressor__importance_type": null,
      "regressor__interaction_constraints": null,
      "regressor__learning_rate": 0.00838291277494743,
      "regressor__max_bin": null,
      "regressor__max_cat_threshold": null,
      "regressor__max_cat_to_onehot": null,
      "regressor__max_delta_step": null,
      "regressor__max_depth": 11,
      "regressor__max_leaves": null,
      "regressor__min_child_weight": null,
      "regressor__missing": NaN,
      "regressor__monotone_constraints": null,
      "regressor__multi_strategy": null,
      "regressor__n_estimators": 181,
      "regressor__n_jobs": -2,
      "regressor__num_parallel_tree": null,
      "regressor__random_state": null,
      "regressor__reg_alpha": null,
      "regressor__reg_lambda": null,
      "regressor__sampling_method": null,
      "regressor__scale_pos_weight": null,
      "regressor__subsample": null,