{
  "6": {
    "fit_time": [
      0.033379554748535156,
      0.039244651794433594,
      0.040032148361206055,
      0.04028773307800293,
      0.033916473388671875
    ],
    "score_time": [
      0.021623611450195312,
      0.02269268035888672,
      0.02114105224609375,
      0.02081131935119629,
      0.02127814292907715
    ],
    "test_r": [
      -0.15893345656676536,
      0.5665292541065143,
      0.5077140455166866,
      0.569754782157493,
      0.0656552222983449
    ],
    "test_r2": [
      -1.7051116954022877e+23,
      0.16497554630222955,
      0.12738423478402017,
      0.11595882511785072,
      -9.195410316306641e+22
    ],
    "test_rmse": [
      -3082471417832.8057,
      -7.349654081542729,
      -8.63154959014463,
      -5.523307458551243,
      -2089136471422.103
    ],
    "test_mae": [
      -459507708601.5629,
      -4.273258629623683,
      -4.412677728717703,
      -3.4581504839895874,
      -582670677316.6554
    ],
    "best_params": {
      "check_inverse": true,
      "func": null,
      "inverse_func": null,
      "regressor__copy_X": true,
      "regressor__fit_intercept": false,
      "regressor__n_jobs": null,
      "regressor__positive": false,
      "transformer__memory": null,
      "transformer__verbose": false,
      "transformer__y scaler__copy": true,
      "transformer__y scaler__with_mean": true,
      "transformer__y scaler__with_std": true
    }
  },
  "13": {
    "fit_time": [
      0.041429996490478516,
      0.04122424125671387,
      0.03490304946899414,
      0.043024539947509766,
      0.04072880744934082
    ],
    "score_time": [
      0.021516084671020508,
      0.021989107131958008,
      0.020508527755737305,
      0.021348953247070312,
      0.02050328254699707
    ],
    "test_r": [
      0.6949037592894663,
      0.29265821298502726,
      -0.17043674221445046,
      0.1418245972430456,
      0.6565626299469727
    ],
    "test_r2": [
      0.47730819107527633,
      -1.8051955842128256,
      -5.214843514029143e+23,
      -2.8610863563589754e+23,
      0.4014163069127227
    ],
    "test_rmse": [
      -5.482482205456573,
      -11.47230658252503,
      -5972273006058.05,
      -3381590121254.2227,
      -6.760086819807704
    ],
    "test_mae": [
      -3.563868139951763,
      -5.262490248368514,
      -1170595856542.1763,
      -939401206329.2742,
      -4.041302748029967
    ],
    "best_params": {
      "check_inverse": true,
      "func": null,
      "inverse_func": null,
      "regressor__copy_X": true,
      "regressor__fit_intercept": false,
      "regressor__n_jobs": null,
      "regressor__positive": false,
      "transformer__memory": null,
      "transformer__verbose": false,
      "transformer__y scaler__copy": true,
      "transformer__y scaler__with_mean": true,
      "transformer__y scaler__with_std": true
    }
  },
  "42": {
    "fit_time": [
      0.05535244941711426,
      0.04205727577209473,
      0.05206871032714844,
      0.055884361267089844,
      0.03610801696777344
    ],
    "score_time": [
      0.03629589080810547,
      0.02337193489074707,
      0.026264190673828125,
      0.027214527130126953,
      0.023348093032836914
    ],
    "test_r": [
      0.5615791416038228,
      -0.1763014459816577,
      0.18020651183037226,
      0.4532107038276731,
      0.5778341075990604
    ],
    "test_r2": [
      0.27586301463958973,
      -1.1445231429506874e+23,
      -9.889143759535945e+23,
      0.114882459554431,
      0.18968029534840258
    ],
    "test_rmse": [
      -8.776522866394988,
      -2362288700380.986,
      -6827906366970.047,
      -6.183269126932303,
      -5.919622118837137
    ],
    "test_mae": [
      -4.5180054965963485,
      -353691139414.7686,
      -1884934453674.4456,
      -3.746966496217132,
      -3.7274215372596626
    ],
    "best_params": {
      "check_inverse": true,
      "func": null,
      "inverse_func": null,
      "regressor__copy_X": true,
      "regressor__fit_intercept": false,
      "regressor__n_jobs": null,
      "regressor__positive": false,
      "transformer__memory": null,
      "transformer__verbose": false,
      "transformer__y scaler__copy": true,
      "transformer__y scaler__with_mean": true,
      "transformer__y scaler__with_std": true
    }
  },
  "69": {
    "fit_time": [
      0.035172224044799805,
      0.03954577445983887,
      0.03522491455078125,
      0.04102039337158203,
      0.034820556640625
    ],
    "score_time": [
      0.021762847900390625,
      0.021523237228393555,
      0.021205902099609375,
      0.021767377853393555,
      0.020929574966430664
    ],
    "test_r": [
      0.07333617486622346,
      -0.12990513237680953,
      0.5889951303738837,
      0.4190447735380127,
      0.8444175964366728
    ],
    "test_r2": [
      -3.8827304113475446e+20,
      -4.566517728691652e+23,
      0.18007840534582864,
      0.038194620999890905,
      0.6589023235896942
    ],
    "test_rmse": [
      -115555067057.66652,
      -4721137171963.183,
      -7.6281977351095005,
      -8.924776467534041,
      -4.105993060986631
    ],
    "test_mae": [
      -29305271989.780315,
      -837203836059.0052,
      -4.325010276204212,
      -4.214347625986556,
      -2.616373830686662
    ],
    "best_params": {
      "check_inverse": true,
      "func": null,
      "inverse_func": null,
      "regressor__copy_X": true,
      "regressor__fit_intercept": false,
      "regressor__n_jobs": null,
      "regressor__positive": false,
      "transformer__memory": null,
      "transformer__verbose": false,
      "transformer__y scaler__copy": true,
      "transformer__y scaler__with_mean": true,
      "transformer__y scaler__with_std": true
    }
  },
  "420": {
    "fit_time": [
      0.03880620002746582,
      0.039983272552490234,
      0.03839421272277832,
      0.034058570861816406,
      0.03360342979431152
    ],
    "score_time": [
      0.02034592628479004,
      0.01962876319885254,
      0.01982426643371582,
      0.020197391510009766,
      0.0203704833984375
    ],
    "test_r": [
      0.3736123702959548,
      0.07666697872391806,
      0.18503441328879797,
      -0.024142318858047157,
      -0.09381137758052749
    ],
    "test_r2": [
      -0.11737157349041594,
      -1.6775098709360635e+23,
      -2.208598041110579e+24,
      -4.052077262091201e+22,
      -3.776133734831006e+22
    ],
    "test_rmse": [
      -5.922207351997957,
      -4062983470576.288,
      -10793707825596.86,
      -1380372745034.8384,
      -1411841426657.8645
    ],
    "test_mae": [
      -4.079374352998474,
      -1248079344227.2786,
      -1899584803347.6094,
      -294296458082.67377,
      -231475649000.60062
    ],
    "best_params": {
      "check_inverse": true,
      "func": null,
      "inverse_func": null,
      "regressor__copy_X": true,
      "regressor__fit_intercept": false,
      "regressor__n_jobs": null,
      "regressor__positive": false,
      "transformer__memory": null,
      "transformer__verbose": false,
      "transformer__y scaler__copy": true,
      "transformer__y scaler__with_mean": true,
      "transformer__y scaler__with_std": true
    }
  },
  "1234567890": {
    "fit_time": [
      0.03855395317077637,
      0.03432154655456543,
      0.039954423904418945,
      0.03340959548950195,
      0.04077863693237305
    ],
    "score_time": [
      0.02034306526184082,
      0.020788908004760742,
      0.02146172523498535,
      0.02065443992614746,
      0.021514177322387695
    ],
    "test_r": [
      0.25345079074656146,
      0.5314519253962465,
      0.49653748573049705,
      0.14836254981247937,
      0.6268523730806033
    ],
    "test_r2": [
      -0.04698843081860571,
      -1.3626187618083214e+21,
      0.13421945325843432,
      -2.050956599094782e+24,
      0.33376274473512546
    ],
    "test_rmse": [
      -7.547369156704424,
      -347039438578.36176,
      -7.179660298886473,
      -9340725572760.238,
      -5.189134360430091
    ],