{
  "6": {
    "fit_time": [
      0.5425829887390137,
      0.5505099296569824,
      0.5434880256652832,
      0.5426256656646729,
      0.549586296081543
    ],
    "score_time": [
      0.03857707977294922,
      0.03681755065917969,
      0.036830902099609375,
      0.038023948669433594,
      0.03809952735900879
    ],
    "test_r": [
      0.22864917962522832,
      0.41133807446285053,
      0.20750338965111018,
      0.4934574980847624,
      0.5377170062245914
    ],
    "test_r2": [
      0.04461716065401167,
      0.1286494049193505,
      0.0358622682072125,
      0.22040526366342506,
      0.22147640511024347
    ],
    "test_rmse": [
      -118.98695268840312,
      -140.46727163726035,
      -114.7238766799067,
      -94.26018942824582,
      -98.89200288149794
    ],
    "test_mae": [
      -68.07744152448487,
      -73.96401848807206,
      -61.791551475337414,
      -65.8084302221813,
      -60.91043804339173
    ],
    "best_params": {
      "check_inverse": true,
      "func": null,
      "inverse_func": null,
      "regressor__bootstrap": true,
      "regressor__ccp_alpha": 0.0,
      "regressor__criterion": "squared_error",
      "regressor__max_depth": null,
      "regressor__max_features": "sqrt",
      "regressor__max_leaf_nodes": null,
      "regressor__max_samples": null,
      "regressor__min_impurity_decrease": 0.0,
      "regressor__min_samples_leaf": 0.0505410350278169,
      "regressor__min_samples_split": 0.05137876805418413,
      "regressor__min_weight_fraction_leaf": 0.0,
      "regressor__monotonic_cst": null,
      "regressor__n_estimators": 525,
      "regressor__n_jobs": null,
      "regressor__oob_score": false,
      "regressor__random_state": null,
      "regressor__verbose": 0,
      "regressor__warm_start": false,
      "transformer__memory": null,
      "transformer__verbose": false,
      "transformer__y scaler__copy": true,
      "transformer__y scaler__unit_variance": false,
      "transformer__y scaler__with_centering": true,
      "transformer__y scaler__with_scaling": true
    }
  },
  "13": {
    "fit_time": [
      2.0255343914031982,
      2.0357038974761963,
      2.0223135948181152,
      2.041086196899414,
      2.001133441925049
    ],
    "score_time": [
      0.0890192985534668,
      0.08667659759521484,
      0.09842681884765625,
      0.08784937858581543,
      0.08951878547668457
    ],
    "test_r": [
      0.465241789331525,
      0.3989249395765381,
      0.49506487434735247,
      0.16925218501697825,
      0.38241441858145786
    ],
    "test_r2": [
      0.19270883187228227,
      0.14677610443168632,
      0.20794397542359178,
      -0.010196372638794804,
      0.10160786841943725
    ],
    "test_rmse": [
      -94.53563039061608,
      -98.77995439075444,
      -104.58453311698193,
      -115.0176029832278,
      -152.30321590678543
    ],
    "test_mae": [
      -66.82755504457023,
      -63.378096994143604,
      -60.895590249270114,
      -63.437679935566756,
      -78.62930698060148
    ],
    "best_params": {
      "check_inverse": true,
      "func": null,
      "inverse_func": null,
      "regressor__bootstrap": true,
      "regressor__ccp_alpha": 0.0,
      "regressor__criterion": "squared_error",
      "regressor__max_depth": null,
      "regressor__max_features": "log2",
      "regressor__max_leaf_nodes": null,
      "regressor__max_samples": null,
      "regressor__min_impurity_decrease": 0.0,
      "regressor__min_samples_leaf": 0.05,
      "regressor__min_samples_split": 0.05,
      "regressor__min_weight_fraction_leaf": 0.0,
      "regressor__monotonic_cst": null,
      "regressor__n_estimators": 2000,
      "regressor__n_jobs": null,
      "regressor__oob_score": false,
      "regressor__random_state": null,
      "regressor__verbose": 0,
      "regressor__warm_start": false,
      "transformer__memory": null,
      "transformer__verbose": false,
      "transformer__y scaler__copy": true,
      "transformer__y scaler__unit_variance": false,
      "transformer__y scaler__with_centering": true,
      "transformer__y scaler__with_scaling": true
    }
  },
  "42": {
    "fit_time": [
      1.7071597576141357,
      1.6495411396026611,
      1.6567790508270264,
      1.7113888263702393,
      1.6849067211151123
    ],
    "score_time": [
      0.07451009750366211,
      0.08172249794006348,
      0.07793664932250977,
      0.07800531387329102,
      0.07457613945007324
    ],
    "test_r": [
      0.5181372956280647,
      0.46589362336800233,
      0.28168268379620587,
      0.3422472481425307,
      0.3152347303464398
    ],
    "test_r2": [
      0.136445504084875,
      0.18708605167476844,
      0.07545884869809605,
      0.11550984408594034,
      0.07408158343213966
    ],
    "test_rmse": [
      -141.5038813829981,
      -105.24550344582542,
      -115.51063703497113,
      -109.22986831251085,
      -97.06873780092337
    ],
    "test_mae": [
      -77.76705197008037,
      -59.733831903132355,
      -65.41065676548034,
      -68.4523882779678,
      -58.355832391760806
    ],
    "best_params": {
      "check_inverse": true,
      "func": null,
      "inverse_func": null,
      "regressor__bootstrap": true,
      "regressor__ccp_alpha": 0.0,
      "regressor__criterion": "squared_error",
      "regressor__max_depth": null,
      "regressor__max_features": "log2",
      "regressor__max_leaf_nodes": null,
      "regressor__max_samples": null,
      "regressor__min_impurity_decrease": 0.0,
      "regressor__min_samples_leaf": 0.05,
      "regressor__min_samples_split": 0.05,
      "regressor__min_weight_fraction_leaf": 0.0,
      "regressor__monotonic_cst": null,
      "regressor__n_estimators": 1658,
      "regressor__n_jobs": null,
      "regressor__oob_score": false,
      "regressor__random_state": null,
      "regressor__verbose": 0,
      "regressor__warm_start": false,
      "transformer__memory": null,
      "transformer__verbose": false,
      "transformer__y scaler__copy": true,
      "transformer__y scaler__unit_variance": false,
      "transformer__y scaler__with_centering": true,
      "transformer__y scaler__with_scaling": true
    }
  },
  "69": {
    "fit_time": [
      0.09362339973449707,
      0.1018226146697998,
      0.110443115234375,
      0.09383082389831543,
      0.09248876571655273
    ],
    "score_time": [
      0.021500349044799805,
      0.02242755889892578,
      0.023343801498413086,
      0.02491021156311035,
      0.02119278907775879
    ],
    "test_r": [
      0.3104238683998001,
      0.44362659897883594,
      0.41305790043585594,
      0.24244067266217736,
      0.4857585108413437
    ],
    "test_r2": [
      0.07760445829283347,
      0.18935782033308224,
      0.08780952813922638,
      0.0354409156692671,
      0.09382241605490904
    ],
    "test_rmse": [
      -114.68518685234609,
      -89.25267603469848,
      -172.73351127244175,
      -111.37458468514622,
      -66.95236111869238
    ],
    "test_mae": [
      -70.16001942465788,
      -63.92756415670076,
      -85.20007653046727,
      -65.90272851536054,
      -53.974438137543814
    ],
    "best_params": {
      "check_inverse": true,
      "func": null,
      "inverse_func": null,
      "regressor__bootstrap": true,
      "regressor__ccp_alpha": 0.0,
      "regressor__criterion": "squared_error",
      "regressor__max_depth": null,
      "regressor__max_features": "sqrt",
      "regressor__max_leaf_nodes": null,
      "regressor__max_samples": null,
      "regressor__min_impurity_decrease": 0.0,
      "regressor__min_samples_leaf": 0.05844244395566211,
      "regressor__min_samples_split": 0.09568839212216924,
      "regressor__min_weight_fraction_leaf": 0.0,
      "regressor__monotonic_cst": null,
      "regressor__n_estimators": 59,
      "regressor__n_jobs": null,
      "regressor__oob_score": false,
      "regressor__random_state": null,
      "regressor__verbose": 0,
      "regressor__warm_start": false,
      "transformer__memory": null,