{
  "6": {
    "fit_time": [
      4.790546894073486,
      4.764236211776733,
      4.7963502407073975,
      4.807042598724365,
      4.792504549026489
    ],
    "score_time": [
      0.19761872291564941,
      0.20394420623779297,
      0.20414113998413086,
      0.19272541999816895,
      0.19904732704162598
    ],
    "test_pearson_r": [
      0.5785246724586646,
      0.511768884987815,
      0.3681961787318254,
      0.5437948048923926,
      0.45948708644228725
    ],
    "test_pearson_p": [
      -7.050996337196973e-06,
      -0.00010542053492269874,
      -0.007239490082796274,
      -3.0940260996514764e-05,
      -0.0006941636049103315
    ],
    "test_spearman_r": [
      0.6160035096577244,
      0.4890226675070486,
      0.3153994692796157,
      0.5333324767661077,
      0.4103416940079459
    ],
    "test_spearman_p": [
      -1.1673056801590617e-06,
      -0.0002344490753417258,
      -0.022752524242671237,
      -4.6815325238616046e-05,
      -0.002783332901757986
    ],
    "test_kendall_r": [
      0.46350678869787576,
      0.368328729252993,
      0.21908492878117344,
      0.4189906800005438,
      0.3227503664327999
    ],
    "test_kendall_p": [
      -8.711177656867563e-06,
      -0.00032761174851563555,
      -0.03623161457211572,
      -4.9999709749909154e-05,
      -0.0020618845241646092
    ],
    "test_rmse": [
      -0.5546654310300233,
      -0.5619156557626699,
      -0.6298816543499268,
      -0.5307155206659566,
      -0.491438085827356
    ],
    "test_mae": [
      -0.4500261011037712,
      -0.45258074697352924,
      -0.49292344319065023,
      -0.4288680234790054,
      -0.3701674328879106
    ],
    "test_r2": [
      0.2951497442958082,
      0.2109335777005521,
      -0.0070998231226608866,
      0.28278420028568974,
      0.20873495054431712
    ],
    "best_params": {
      "check_inverse": true,
      "func": null,
      "inverse_func": null,
      "regressor__natural_gradient": true,
      "regressor__n_estimators": 110,
      "regressor__learning_rate": 0.01,
      "regressor__minibatch_frac": 1.0,
      "regressor__col_sample": 1.0,
      "regressor__verbose": false,
      "transformer__memory": null,
      "transformer__verbose": false,
      "transformer__y scaler__copy": true,
      "transformer__y scaler__with_mean": true,
      "transformer__y scaler__with_std": true
    }
  },
  "13": {
    "fit_time": [
      8.813852310180664,
      8.84163522720337,
      8.819598197937012,
      8.808003425598145,
      8.814767599105835
    ],
    "score_time": [
      0.32001423835754395,
      0.32138776779174805,
      0.3221101760864258,
      0.31870508193969727,
      0.3226759433746338
    ],
    "test_pearson_r": [
      0.3759729531428303,
      0.6911212471556363,
      0.3743772831232776,
      0.3631131946730226,
      0.5051296877968093
    ],
    "test_pearson_p": [
      -0.006017094682882614,
      -1.4160729073913734e-08,
      -0.006252060864612025,
      -0.008150513852948198,
      -0.00015656833414503667
    ],
    "test_spearman_r": [
      0.2747240324281313,
      0.6873748466433586,
      0.40374282441579207,
      0.38289585030629986,
      0.4738175881235758
    ],
    "test_spearman_p": [
      -0.048722598186817755,
      -1.820077186949134e-08,
      -0.0029960842100507736,
      -0.005084701525463155,
      -0.0004446550861271536
    ],
    "test_kendall_r": [
      0.18206109024895956,
      0.5432917622516679,
      0.297040043727267,
      0.27706344244850667,
      0.35636198465005
    ],
    "test_kendall_p": [
      -0.0846521666991874,
      -1.0289672683546363e-07,
      -0.004513190046765161,
      -0.00791330853062258,
      -0.000559345148268981
    ],
    "test_rmse": [
      -0.6003215736204703,
      -0.47415290655743564,
      -0.5851909329347608,
      -0.6090772661468277,
      -0.5109185428635293
    ],
    "test_mae": [
      -0.5070136982355647,
      -0.3603827448444635,
      -0.4329530453166481,
      -0.45418703911973596,
      -0.4143353993431539
    ],
    "test_r2": [
      0.08387872835680787,
      0.4681771480302568,
      0.12129438932941938,
      0.10514272141221948,
      0.18467997114257861
    ],
    "best_params": {
      "check_inverse": true,
      "func": null,
      "inverse_func": null,
      "regressor__natural_gradient": true,
      "regressor__n_estimators": 205,
      "regressor__learning_rate": 0.01,
      "regressor__minibatch_frac": 1.0,
      "regressor__col_sample": 1.0,
      "regressor__verbose": false,
      "transformer__memory": null,
      "transformer__verbose": false,
      "transformer__y scaler__copy": true,
      "transformer__y scaler__with_mean": true,
      "transformer__y scaler__with_std": true
    }
  },
  "42": {
    "fit_time": [
      6.509749889373779,
      6.58222508430481,
      6.621195316314697,
      6.650673151016235,
      6.710181474685669
    ],
    "score_time": [
      0.23416662216186523,
      0.23977375030517578,
      0.2456507682800293,
      0.24351048469543457,
      0.22842979431152344
    ],
    "test_pearson_r": [
      0.4841649565627006,
      0.33002500028485704,
      0.5974399757889902,
      0.6474154493430179,
      0.4427869862069522
    ],
    "test_pearson_p": [
      -0.00027610950566690095,
      -0.016877732945289707,
      -2.9268865407204724e-06,
      -2.137210155296638e-07,
      -0.0011390102687805436
    ],
    "test_spearman_r": [
      0.46530957844698145,
      0.32422752137110006,
      0.5230552188001831,
      0.5816542865303493,
      0.3829806009038263
    ],
    "test_spearman_p": [
      -0.0005093459046968838,
      -0.01903021796389993,
      -6.940314528288208e-05,
      -6.119559802162304e-06,
      -0.0055397788862614344
    ],
    "test_kendall_r": [
      0.3516456241944519,
      0.2545046290570892,
      0.41075566374214184,
      0.4493679911777861,
      0.27114888231165407
    ],
    "test_kendall_p": [
      -0.000828127833012033,
      -0.012709640937786355,
      -6.389717851989792e-05,
      -1.1226493984295915e-05,
      -0.011863014782617623
    ],
    "test_rmse": [
      -0.5873492953343299,
      -0.6426348049115371,
      -0.4004739843763827,
      -0.49450056370839796,
      -0.5977740944945441
    ],
    "test_mae": [
      -0.4963774190229339,
      -0.4402933644633288,
      -0.32947352283994247,
      -0.38885737022488615,
      -0.5053505620898878
    ],
    "test_r2": [
      0.22284324842144654,
      0.04154585850497894,
      0.35385405555322,
      0.4065162917827899,
      0.14277650146532372
    ],
    "best_params": {
      "check_inverse": true,
      "func": null,
      "inverse_func": null,
      "regressor__natural_gradient": true,
      "regressor__n_estimators": 155,
      "regressor__learning_rate": 0.01,
      "regressor__minibatch_frac": 1.0,
      "regressor__col_sample": 1.0,
      "regressor__verbose": false,
      "transformer__memory": null,
      "transformer__verbose": false,
      "transformer__y scaler__copy": true,
      "transformer__y scaler__with_mean": true,
      "transformer__y scaler__with_std": true
    }
  },
  "69": {
    "fit_time": [
      7.778026819229126,
      7.897089719772339,
      7.850714683532715,
      7.886099338531494,
      7.846925973892212
    ],
    "score_time": [
      0.2717010974884033,
      0.2786412239074707,
      0.2849924564361572,
      0.28221893310546875,
      0.27870750427246094
    ],
    "test_pearson_r": [
      0.5934987493530993,
      0.3504575041795466,
      0.5345436364076291,
      0.4774282906420859,
      0.4467282600956542
    ],
    "test_pearson_p": [
      -3.5316000083867068e-06,
      -0.01086232002668728,
      -4.465498987471075e-05,
      -0.00034502968826081944,
      -0.0010156574946743237
    ],
    "test_spearman_r": [
      0.6029948983077941,
      0.3364934373450337,
      0.5000945090352462,
      0.46550363523185273,
      0.4337181972376394
    ],