{
  "6": {
    "fit_time": [
      5.40549898147583,
      6.23498010635376,
      6.569664239883423,
      6.5985636711120605,
      6.3995466232299805
    ],
    "score_time": [
      0.2085428237915039,
      0.26508522033691406,
      0.23711657524108887,
      0.23379945755004883,
      0.24402236938476562
    ],
    "test_pearson_r": [
      0.5778568993442091,
      0.5101187463075086,
      0.3664776871195495,
      0.5424926930518625,
      0.45999234484957796
    ],
    "test_pearson_p": [
      -7.266031312702828e-06,
      -0.00011192771294973172,
      -0.007537048412753377,
      -3.260138890997262e-05,
      -0.0006835714814150518
    ],
    "test_spearman_r": [
      0.6158083612780874,
      0.4865650466347166,
      0.3153994692796157,
      0.5289968540613078,
      0.41091105289423785
    ],
    "test_spearman_p": [
      -1.1790035898113755e-06,
      -0.000254752143091982,
      -0.022752524242671237,
      -5.53602289694553e-05,
      -0.002742068585660427
    ],
    "test_kendall_r": [
      0.46762812551396343,
      0.3649954375855451,
      0.21908492878117344,
      0.4168716965175154,
      0.3245384571055578
    ],
    "test_kendall_p": [
      -7.1708243276984725e-06,
      -0.00037097216910351625,
      -0.03623161457211572,
      -5.3754962140089314e-05,
      -0.001946731598381172
    ],
    "test_rmse": [
      -0.5540530390048748,
      -0.5610286016269324,
      -0.6307249201720199,
      -0.5309744177810529,
      -0.49151059077492226
    ],
    "test_mae": [
      -0.44789716511117333,
      -0.45070495090018814,
      -0.49177933313016386,
      -0.4283134265833514,
      -0.3688044694640595
    ],
    "test_r2": [
      0.29670529965374837,
      0.21342289135832426,
      -0.009798175522562458,
      0.2820842758053408,
      0.20850145271538922
    ],
    "best_params": {
      "check_inverse": true,
      "func": null,
      "inverse_func": null,
      "regressor__natural_gradient": true,
      "regressor__n_estimators": 116,
      "regressor__learning_rate": 0.01,
      "regressor__minibatch_frac": 1.0,
      "regressor__col_sample": 1.0,
      "regressor__verbose": false,
      "transformer__memory": null,
      "transformer__verbose": false,
      "transformer__y scaler__copy": true,
      "transformer__y scaler__with_mean": true,
      "transformer__y scaler__with_std": true
    }
  },
  "13": {
    "fit_time": [
      10.181154727935791,
      10.007606744766235,
      10.215991497039795,
      11.271105527877808,
      10.126976728439331
    ],
    "score_time": [
      0.3577113151550293,
      0.3418855667114258,
      0.34218478202819824,
      0.31174564361572266,
      0.3392796516418457
    ],
    "test_pearson_r": [
      0.3756205461478154,
      0.6911923357122084,
      0.3638269019202917,
      0.3614116516029971,
      0.5041663317728409
    ],
    "test_pearson_p": [
      -0.006068313128916487,
      -1.4092936817426448e-08,
      -0.008016877808989048,
      -0.008476936835096914,
      -0.00016192410452206253
    ],
    "test_spearman_r": [
      0.2747240324281313,
      0.6873748466433586,
      0.39867908462468693,
      0.38893384827024957,
      0.47636929668831146
    ],
    "test_spearman_p": [
      -0.048722598186817755,
      -1.820077186949134e-08,
      -0.0034173824913662147,
      -0.004377452457788572,
      -0.0004099073773074144
    ],
    "test_kendall_r": [
      0.18206109024895956,
      0.5432917622516679,
      0.2900302491850306,
      0.28471437877539807,
      0.3567165412369751
    ],
    "test_kendall_p": [
      -0.0846521666991874,
      -1.0289672683546363e-07,
      -0.0055567289394227275,
      -0.006326801895681797,
      -0.0005433889754584309
    ],
    "test_rmse": [
      -0.6006870172722095,
      -0.4740416606757093,
      -0.588515307048026,
      -0.6092745088036339,
      -0.5111576239895245
    ],
    "test_mae": [
      -0.5078060717738389,
      -0.36009723782554925,
      -0.434493438687794,
      -0.4508146713749784,
      -0.4133961691378585
    ],
    "test_r2": [
      0.0827630176477675,
      0.4684266715946601,
      0.11128246570718181,
      0.10456304912332959,
      0.18391674482852205
    ],
    "best_params": {
      "check_inverse": true,
      "func": null,
      "inverse_func": null,
      "regressor__natural_gradient": true,
      "regressor__n_estimators": 219,
      "regressor__learning_rate": 0.01,
      "regressor__minibatch_frac": 1.0,
      "regressor__col_sample": 1.0,
      "regressor__verbose": false,
      "transformer__memory": null,
      "transformer__verbose": false,
      "transformer__y scaler__copy": true,
      "transformer__y scaler__with_mean": true,
      "transformer__y scaler__with_std": true
    }
  },
  "42": {
    "fit_time": [
      6.453225612640381,
      6.482025384902954,
      6.514244794845581,
      6.593488454818726,
      6.648524761199951
    ],
    "score_time": [
      0.23934555053710938,
      0.2473595142364502,
      0.24306607246398926,
      0.24009966850280762,
      0.22875046730041504
    ],
    "test_pearson_r": [
      0.4772766277814582,
      0.32854873098576126,
      0.5982093684169427,
      0.6474081432419226,
      0.44203753642364185
    ],
    "test_pearson_p": [
      -0.0003467466714423047,
      -0.017405159110789877,
      -2.820694842865019e-06,
      -2.1381026758166358e-07,
      -0.0011639293771815449
    ],
    "test_spearman_r": [
      0.4627904408403607,
      0.32464780311430824,
      0.5353983596237406,
      0.5816542865303493,
      0.38158776328526456
    ],
    "test_spearman_p": [
      -0.0005513132581477404,
      -0.018866716417988632,
      -4.3185996424662704e-05,
      -6.119559802162304e-06,
      -0.005728712109444195
    ],
    "test_kendall_r": [
      0.350253741130873,
      0.25426842981450437,
      0.4211660843894413,
      0.4493679911777861,
      0.26728911174494013
    ],
    "test_kendall_p": [
      -0.0008780798524098043,
      -0.012717629156303811,
      -4.0536417930861264e-05,
      -1.1226493984295915e-05,
      -0.013124410252473418
    ],
    "test_rmse": [
      -0.5901119994571657,
      -0.6422019275057707,
      -0.4005438117576272,
      -0.49500824232404106,
      -0.5986137211051934
    ],
    "test_mae": [
      -0.49850681853427486,
      -0.4413895457448233,
      -0.32842761937434434,
      -0.39043461342499514,
      -0.5072703186748977
    ],
    "test_r2": [
      0.21551505816587258,
      0.04283664886861238,
      0.3536287095160199,
      0.40529706707931035,
      0.1403667177630331
    ],
    "best_params": {
      "check_inverse": true,
      "func": null,
      "inverse_func": null,
      "regressor__natural_gradient": true,
      "regressor__n_estimators": 145,
      "regressor__learning_rate": 0.01,
      "regressor__minibatch_frac": 1.0,
      "regressor__col_sample": 1.0,
      "regressor__verbose": false,
      "transformer__memory": null,
      "transformer__verbose": false,
      "transformer__y scaler__copy": true,
      "transformer__y scaler__with_mean": true,
      "transformer__y scaler__with_std": true
    }
  },
  "69": {
    "fit_time": [
      7.858831167221069,
      8.549326419830322,
      8.635112285614014,
      8.37520956993103,
      8.463867902755737
    ],
    "score_time": [
      0.2688615322113037,
      0.287860631942749,
      0.28165268898010254,
      0.29868268966674805,
      0.2933831214904785
    ],
    "test_pearson_r": [
      0.5941073920055401,
      0.348937121760366,
      0.5301820935349121,
      0.4763394417149253,
      0.441389053905609
    ],
    "test_pearson_p": [
      -3.431198749209559e-06,
      -0.011235282649898875,
      -5.2892289112555234e-05,
      -0.0003575295479688315,
      -0.0011858839800079606
    ],
    "test_spearman_r": [
      0.603633869385966,
      0.33016803780796794,
      0.5000945090352462,
      0.46211551890500174,
      0.4332456086271925
    ],