{
  "6": {
    "fit_time": [
      0.05627107620239258,
      0.05475330352783203,
      0.06048774719238281,
      0.056757450103759766,
      0.05506730079650879
    ],
    "score_time": [
      0.01806473731994629,
      0.018691062927246094,
      0.019622325897216797,
      0.01924276351928711,
      0.018303871154785156
    ],
    "test_pearson_r": [
      0.5738464611921793,
      0.4997632198630973,
      0.3644149284489606,
      0.5225005877591363,
      0.4525378367703482
    ],
    "test_spearman_r": [
      0.6046340524171819,
      0.4837563370663373,
      0.31103623968066285,
      0.5282729485895917,
      0.4086437822379998
    ],
    "test_rmse": [
      -0.5487195522592965,
      -0.5540883743019053,
      -0.6381172488654354,
      -0.5450075438377099,
      -0.495719933907752
    ],
    "test_mae": [
      -0.43806533336840864,
      -0.4469418223060676,
      -0.4930085434680848,
      -0.44478254839030945,
      -0.3731264579303685
    ],
    "test_r2": [
      0.31018039496580174,
      0.23276329000153273,
      -0.03360730263234468,
      0.24363521924014875,
      0.1948864646072178
    ],
    "best_params": {
      "check_inverse": true,
      "func": null,
      "inverse_func": null,
      "regressor__bootstrap": true,
      "regressor__ccp_alpha": 0.0,
      "regressor__criterion": "squared_error",
      "regressor__max_depth": null,
      "regressor__max_features": null,
      "regressor__max_leaf_nodes": null,
      "regressor__max_samples": null,
      "regressor__min_impurity_decrease": 0.0,
      "regressor__min_samples_leaf": 0.001,
      "regressor__min_samples_split": 0.09879098013410638,
      "regressor__min_weight_fraction_leaf": 0.0,
      "regressor__monotonic_cst": null,
      "regressor__n_estimators": 10,
      "regressor__n_jobs": null,
      "regressor__oob_score": false,
      "regressor__random_state": null,
      "regressor__verbose": 0,
      "regressor__warm_start": false,
      "transformer__memory": null,
      "transformer__verbose": false,
      "transformer__y scaler__copy": true,
      "transformer__y scaler__with_mean": true,
      "transformer__y scaler__with_std": true
    }
  },
  "13": {
    "fit_time": [
      5.137404918670654,
      5.080610036849976,
      4.983610391616821,
      5.108917713165283,
      5.094182968139648
    ],
    "score_time": [
      0.0854651927947998,
      0.08222460746765137,
      0.07776594161987305,
      0.08260750770568848,
      0.09310746192932129
    ],
    "test_pearson_r": [
      0.37918946351172683,
      0.7030391498821699,
      0.37644731804898857,
      0.3585964697470121,
      0.5037308866079697
    ],
    "test_spearman_r": [
      0.28047072921337984,
      0.6873748466433586,
      0.3989503563992104,
      0.38328998498773764,
      0.47636929668831146
    ],
    "test_rmse": [
      -0.6003419766273215,
      -0.4768908857369241,
      -0.5851827363734229,
      -0.6101806077658021,
      -0.5115369123254989
    ],
    "test_mae": [
      -0.5083388416547439,
      -0.37466670310299194,
      -0.4345066302598383,
      -0.4587568704332001,
      -0.4163580556024114
    ],
    "test_r2": [
      0.08381645524507098,
      0.4620174302173826,
      0.12131900459117428,
      0.10189772243079775,
      0.18270519800176177
    ],
    "best_params": {
      "check_inverse": true,
      "func": null,
      "inverse_func": null,
      "regressor__bootstrap": true,
      "regressor__ccp_alpha": 0.0,
      "regressor__criterion": "squared_error",
      "regressor__max_depth": null,
      "regressor__max_features": null,
      "regressor__max_leaf_nodes": null,
      "regressor__max_samples": null,
      "regressor__min_impurity_decrease": 0.0,
      "regressor__min_samples_leaf": 0.001,
      "regressor__min_samples_split": 0.05496809950130698,
      "regressor__min_weight_fraction_leaf": 0.0,
      "regressor__monotonic_cst": null,
      "regressor__n_estimators": 2000,
      "regressor__n_jobs": null,
      "regressor__oob_score": false,
      "regressor__random_state": null,
      "regressor__verbose": 0,
      "regressor__warm_start": false,
      "transformer__memory": null,
      "transformer__verbose": false,
      "transformer__y scaler__copy": true,
      "transformer__y scaler__with_mean": true,
      "transformer__y scaler__with_std": true
    }
  },
  "42": {
    "fit_time": [
      4.813223361968994,
      4.675912618637085,
      4.741312265396118,
      4.960440397262573,
      5.027097702026367
    ],
    "score_time": [
      0.07982826232910156,
      0.08686113357543945,
      0.0869455337524414,
      0.07981538772583008,
      0.08159494400024414
    ],
    "test_pearson_r": [
      0.47886685211382374,
      0.3224664984675129,
      0.5910193235839973,
      0.6505866654589129,
      0.44578461584982376
    ],
    "test_spearman_r": [
      0.46226541341577165,
      0.31632690509310984,
      0.502823212150997,
      0.580774258863309,
      0.3813887864826129
    ],
    "test_rmse": [
      -0.5876310645369782,
      -0.647744024517253,
      -0.40216644437139093,
      -0.49299878559295607,
      -0.597830050353514
    ],
    "test_mae": [
      -0.49897645944896546,
      -0.4475084500332142,
      -0.3364355056964794,
      -0.3905911518838235,
      -0.5051879490374436
    ],
    "test_r2": [
      0.22209741841757213,
      0.026245040435159295,
      0.3483811059543154,
      0.4101155898153179,
      0.1426160096586676
    ],
    "best_params": {
      "check_inverse": true,
      "func": null,
      "inverse_func": null,
      "regressor__bootstrap": true,
      "regressor__ccp_alpha": 0.0,
      "regressor__criterion": "squared_error",
      "regressor__max_depth": null,
      "regressor__max_features": null,
      "regressor__max_leaf_nodes": null,
      "regressor__max_samples": null,
      "regressor__min_impurity_decrease": 0.0,
      "regressor__min_samples_leaf": 0.001,
      "regressor__min_samples_split": 0.09325775569202842,
      "regressor__min_weight_fraction_leaf": 0.0,
      "regressor__monotonic_cst": null,
      "regressor__n_estimators": 2000,
      "regressor__n_jobs": null,
      "regressor__oob_score": false,
      "regressor__random_state": null,
      "regressor__verbose": 0,
      "regressor__warm_start": false,
      "transformer__memory": null,
      "transformer__verbose": false,
      "transformer__y scaler__copy": true,
      "transformer__y scaler__with_mean": true,
      "transformer__y scaler__with_std": true
    }
  },
  "69": {
    "fit_time": [
      6.101709842681885,
      6.161421775817871,
      6.08447265625,
      5.95989203453064,
      6.118887186050415
    ],
    "score_time": [
      0.08198261260986328,
      0.08716773986816406,
      0.08185243606567383,
      0.0826575756072998,
      0.1357412338256836
    ],
    "test_pearson_r": [
      0.5923852339455558,
      0.34227387616248856,
      0.5327995453111025,
      0.4732004603899156,
      0.43975944020655555
    ],
    "test_spearman_r": [
      0.6034987022571614,
      0.3307010125963913,
      0.5000945090352462,
      0.47184518734755804,
      0.42010764525676875
    ],
    "test_rmse": [
      -0.5109584951549978,
      -0.5793179083650902,
      -0.5367993986083789,
      -0.5330685372476229,
      -0.6219333384322775
    ],
    "test_mae": [
      -0.40895428628571584,
      -0.4277880311203365,
      -0.43451662646495,
      -0.43677656604108783,
      -0.47356321610191915
    ],
    "test_r2": [
      0.32322587006714565,
      0.045357878266354734,
      0.2658130848259127,
      0.1978711476387185,
      0.1777233649887756
    ],
    "best_params": {
      "check_inverse": true,
      "func": null,
      "inverse_func": null,
      "regressor__bootstrap": true,
      "regressor__ccp_alpha": 0.0,
      "regressor__criterion": "squared_error",
      "regressor__max_depth": null,
      "regressor__max_features": null,
      "regressor__max_leaf_nodes": null,
      "regressor__max_samples": null,