{
  "6": {
    "fit_time": [
      3.4628026485443115,
      3.448944091796875,
      3.3842108249664307,
      3.434659481048584,
      3.4658093452453613
    ],
    "score_time": [
      0.1027994155883789,
      0.10972976684570312,
      0.10579180717468262,
      0.10536050796508789,
      0.10198092460632324
    ],
    "test_pearson_r": [
      0.549941565952178,
      0.48676183481538626,
      0.3571177893678352,
      0.5164918996809784,
      0.4393502136912625
    ],
    "test_pearson_p": [
      -2.4100509587936328e-05,
      -0.0002530694306782269,
      -0.009351504005101303,
      -8.866053053385305e-05,
      -0.0012573445749126588
    ],
    "test_spearman_r": [
      0.6241763221238303,
      0.49093233762354765,
      0.3375119180188555,
      0.5116204549796372,
      0.38782884843512844
    ],
    "test_spearman_p": [
      -7.641118739077101e-07,
      -0.00021970133230464988,
      -0.014407413714712849,
      -0.00010599136777930051,
      -0.004923941173872079
    ],
    "test_kendall_r": [
      0.49132162471758056,
      0.36967300335165065,
      0.25651352469923394,
      0.4102778467282143,
      0.3144386825123809
    ],
    "test_kendall_p": [
      -4.8386922909274246e-06,
      -0.00031681272944935886,
      -0.015859701752739316,
      -8.979846888062787e-05,
      -0.0029964592005907423
    ],
    "test_rmse": [
      -0.5659389366273551,
      -0.5674067204829598,
      -0.6311007951957845,
      -0.5409949849639466,
      -0.49771784313712913
    ],
    "test_mae": [
      -0.4708311167982524,
      -0.4631639257291517,
      -0.5134533970854385,
      -0.44786887808065373,
      -0.38339484617452535
    ],
    "test_r2": [
      0.2662065834738512,
      0.19543664331900823,
      -0.011002095006939827,
      0.2547315278026653,
      0.18838365879019248
    ],
    "best_params": {
      "check_inverse": true,
      "func": null,
      "inverse_func": null,
      "regressor__natural_gradient": true,
      "regressor__n_estimators": 322,
      "regressor__learning_rate": 0.0034397146097757346,
      "regressor__minibatch_frac": 1,
      "regressor__col_sample": 1.0,
      "regressor__verbose": false,
      "transformer__memory": null,
      "transformer__verbose": false,
      "transformer__y scaler__copy": true,
      "transformer__y scaler__with_mean": true,
      "transformer__y scaler__with_std": true
    }
  },
  "13": {
    "fit_time": [
      3.1098861694335938,
      2.9108071327209473,
      2.888517379760742,
      3.038396120071411,
      2.7971882820129395
    ],
    "score_time": [
      0.06717753410339355,
      0.06887388229370117,
      0.06955409049987793,
      0.06958532333374023,
      0.07186341285705566
    ],
    "test_pearson_r": [
      0.3675291434049626,
      0.6860276928048274,
      0.3486960383612966,
      0.34764787961199,
      0.46599755693387745
    ],
    "test_pearson_p": [
      -0.007353751568491489,
      -1.9901808804255504e-08,
      -0.011295423681332026,
      -0.011560131341197698,
      -0.0005683617720784402
    ],
    "test_spearman_r": [
      0.27828159257740825,
      0.7327400246149145,
      0.39691598284794644,
      0.3727107639857173,
      0.43297590821679893
    ],
    "test_spearman_p": [
      -0.04576154391924984,
      -6.60814330337279e-10,
      -0.003575885985677309,
      -0.006505969527978292,
      -0.001506264515512074
    ],
    "test_kendall_r": [
      0.19264764115795938,
      0.6061608062110899,
      0.291560787710902,
      0.2713890886261856,
      0.32818760210026643
    ],
    "test_kendall_p": [
      -0.06952012418094866,
      -5.901293693809947e-09,
      -0.0058392033472242835,
      -0.00963973293740771,
      -0.0017964185808061399
    ],
    "test_rmse": [
      -0.5995739177912582,
      -0.4802537123606117,
      -0.5925124559954352,
      -0.6132281824308095,
      -0.5209254276724259
    ],
    "test_mae": [
      -0.507130396715805,
      -0.38099227118030193,
      -0.43739039967527965,
      -0.4629138811266263,
      -0.43180761370750537
    ],
    "test_r2": [
      0.08615922906201545,
      0.4544034421804196,
      0.09916927202667658,
      0.09290409388129739,
      0.1524293775353227
    ],
    "best_params": {
      "check_inverse": true,
      "func": null,
      "inverse_func": null,
      "regressor__natural_gradient": true,
      "regressor__n_estimators": 203,
      "regressor__learning_rate": 0.1,
      "regressor__minibatch_frac": 1,
      "regressor__col_sample": 1.0,
      "regressor__verbose": false,
      "transformer__memory": null,
      "transformer__verbose": false,
      "transformer__y scaler__copy": true,
      "transformer__y scaler__with_mean": true,
      "transformer__y scaler__with_std": true
    }
  },
  "42": {
    "fit_time": [
      13.86207389831543,
      14.895402431488037,
      15.649022579193115,
      15.731205224990845,
      15.040507793426514
    ],
    "score_time": [
      0.2796647548675537,
      0.2733607292175293,
      0.2733876705169678,
      0.26984167098999023,
      0.26749181747436523
    ],
    "test_pearson_r": [
      0.46287423722685833,
      0.3052980829453889,
      0.601169366955454,
      0.6384587678938087,
      0.4386133736143186
    ],
    "test_pearson_p": [
      -0.0005498685337743187,
      -0.027746096466824466,
      -2.444660859516765e-06,
      -3.5364714081254467e-07,
      -0.001284102920579881
    ],
    "test_spearman_r": [
      0.4730758814747868,
      0.3069407169997118,
      0.5004388498847573,
      0.5861946799381322,
      0.3900149297663321
    ],
    "test_spearman_p": [
      -0.00039749284300082853,
      -0.02687668115609987,
      -0.0001580802889959325,
      -4.96948625272364e-06,
      -0.004666472547314485
    ],
    "test_kendall_r": [
      0.35612645785285035,
      0.2469311732929502,
      0.40337748890061664,
      0.4703758722562026,
      0.28035826294640476
    ],
    "test_kendall_p": [
      -0.0007597087382670869,
      -0.01656902629655183,
      -0.00010015810367041783,
      -6.247308307019116e-06,
      -0.01085569164525632
    ],
    "test_rmse": [
      -0.5922830843698389,
      -0.6552677094569884,
      -0.3986496544134012,
      -0.49921969591489884,
      -0.6012941260785333
    ],
    "test_mae": [
      -0.496037206539644,
      -0.44927079710845247,
      -0.32978684165362576,
      -0.4033310985807325,
      -0.5208353049694975
    ],
    "test_r2": [
      0.20973203216527714,
      0.003492925151819426,
      0.35972758802710314,
      0.3951347392306691,
      0.13265114456688598
    ],
    "best_params": {
      "check_inverse": true,
      "func": null,
      "inverse_func": null,
      "regressor__natural_gradient": true,
      "regressor__n_estimators": 966,
      "regressor__learning_rate": 0.04379353580883076,
      "regressor__minibatch_frac": 1,
      "regressor__col_sample": 1.0,
      "regressor__verbose": false,
      "transformer__memory": null,
      "transformer__verbose": false,
      "transformer__y scaler__copy": true,
      "transformer__y scaler__with_mean": true,
      "transformer__y scaler__with_std": true
    }
  },
  "69": {
    "fit_time": [
      32.31914758682251,
      30.03731417655945,
      30.82729411125183,
      31.30101442337036,
      31.653992652893066
    ],
    "score_time": [
      0.5191621780395508,
      0.5714094638824463,
      0.5480775833129883,
      0.5388338565826416,
      0.5168650150299072
    ],
    "test_pearson_r": [
      0.5956109042958163,
      0.33556590878488557,
      0.4894651541854198,
      0.4561472296480048,
      0.4320851949014586
    ],
    "test_pearson_p": [
      -3.194435044600066e-06,
      -0.015017717747056156,
      -0.00023095395436616817,
      -0.0006773666831605073,
      -0.0015443411061894475
    ],
    "test_spearman_r": [
      0.6024558140344376,
      0.3384372930923198,
      0.48636361369507464,
      0.4700357160674985,
      0.41451589388650695
    ],