{
  "6": {
    "fit_time": [
      0.08930754661560059,
      0.0907583236694336,
      0.09002017974853516,
      0.09233832359313965,
      0.09061765670776367
    ],
    "score_time": [
      0.06988644599914551,
      0.06558752059936523,
      0.0638265609741211,
      0.058444976806640625,
      0.06928873062133789
    ],
    "test_r": [
      NaN,
      NaN,
      NaN,
      NaN,
      NaN
    ],
    "test_r2": [
      -0.0746539776871391,
      -0.014282282066766072,
      -0.017811570938429444,
      -0.014748251575560145,
      -0.19128202404304218
    ],
    "test_rmse": [
      -659.6286112361088,
      -354939.70104806277,
      -68414.13971504694,
      -154001.4552270215,
      -1572.5906841671995
    ],
    "test_mae": [
      -240.98823695613973,
      -42170.8582514917,
      -9107.135556618938,
      -18629.814550612064,
      -676.5831806513752
    ],
    "best_params": {
      "check_inverse": true,
      "func": null,
      "inverse_func": null,
      "regressor__bootstrap": true,
      "regressor__ccp_alpha": 0.0,
      "regressor__criterion": "squared_error",
      "regressor__max_depth": null,
      "regressor__max_features": "log2",
      "regressor__max_leaf_nodes": null,
      "regressor__max_samples": null,
      "regressor__min_impurity_decrease": 0.0,
      "regressor__min_samples_leaf": 0.8602848573114059,
      "regressor__min_samples_split": 0.3135083700200422,
      "regressor__min_weight_fraction_leaf": 0.0,
      "regressor__monotonic_cst": null,
      "regressor__n_estimators": 58,
      "regressor__n_jobs": null,
      "regressor__oob_score": false,
      "regressor__random_state": null,
      "regressor__verbose": 0,
      "regressor__warm_start": false,
      "transformer__memory": null,
      "transformer__verbose": false,
      "transformer__log transform__accept_sparse": false,
      "transformer__log transform__check_inverse": true,
      "transformer__log transform__feature_names_out": null,
      "transformer__log transform__inv_kw_args": null,
      "transformer__log transform__kw_args": null,
      "transformer__log transform__validate": false,
      "transformer__y scaler__copy": true,
      "transformer__y scaler__with_mean": true,
      "transformer__y scaler__with_std": true
    }
  },
  "13": {
    "fit_time": [
      1.1348841190338135,
      1.1614654064178467,
      1.1584889888763428,
      1.1756973266601562,
      1.1932499408721924
    ],
    "score_time": [
      0.06377077102661133,
      0.06587719917297363,
      0.06992506980895996,
      0.07413506507873535,
      0.07037520408630371
    ],
    "test_r": [
      -0.24860419687804525,
      -0.029808755780287133,
      -0.17435491663027386,
      0.03210041309248024,
      0.17963151228270244
    ],
    "test_r2": [
      -0.26309168392021665,
      -0.01440219376601437,
      -0.06991842579882568,
      -0.020300313271524484,
      -0.06465040268734512
    ],
    "test_rmse": [
      -1603.0741786011656,
      -152938.49009729986,
      -698.7031077530532,
      -363883.61745561566,
      -1620.3435098076266
    ],
    "test_mae": [
      -753.8394325667307,
      -18281.01871644396,
      -271.4320664782748,
      -51380.60890859455,
      -478.81715611221597
    ],
    "best_params": {
      "check_inverse": true,
      "func": null,
      "inverse_func": null,
      "regressor__bootstrap": true,
      "regressor__ccp_alpha": 0.0,
      "regressor__criterion": "squared_error",
      "regressor__max_depth": null,
      "regressor__max_features": "sqrt",
      "regressor__max_leaf_nodes": null,
      "regressor__max_samples": null,
      "regressor__min_impurity_decrease": 0.0,
      "regressor__min_samples_leaf": 0.14103128737229675,
      "regressor__min_samples_split": 0.1531044714568176,
      "regressor__min_weight_fraction_leaf": 0.0,
      "regressor__monotonic_cst": null,
      "regressor__n_estimators": 1032,
      "regressor__n_jobs": null,
      "regressor__oob_score": false,
      "regressor__random_state": null,
      "regressor__verbose": 0,
      "regressor__warm_start": false,
      "transformer__memory": null,
      "transformer__verbose": false,
      "transformer__log transform__accept_sparse": false,
      "transformer__log transform__check_inverse": true,
      "transformer__log transform__feature_names_out": null,
      "transformer__log transform__inv_kw_args": null,
      "transformer__log transform__kw_args": null,
      "transformer__log transform__validate": false,
      "transformer__y scaler__copy": true,
      "transformer__y scaler__with_mean": true,
      "transformer__y scaler__with_std": true
    }
  },
  "42": {
    "fit_time": [
      0.2154226303100586,
      0.21704530715942383,
      0.22365212440490723,
      0.217926025390625,
      0.21850228309631348
    ],
    "score_time": [
      0.021971940994262695,
      0.023476600646972656,
      0.02318716049194336,
      0.02256011962890625,
      0.022362232208251953
    ],
    "test_r": [
      0.10464608046982046,
      -0.023153221878981025,
      -0.08347501277178074,
      -0.03403478547672459,
      0.0291403743807455
    ],
    "test_r2": [
      -0.014282876920513665,
      -0.026409723827403475,
      -0.11816975493035708,
      -0.16431719698779568,
      -0.03301408159531749
    ],
    "test_rmse": [
      -354938.02847585874,
      -167348.1859932944,
      -1819.0742987664476,
      -1124.4256568180126,
      -902.8454119766617
    ],
    "test_mae": [
      -42197.39818548946,
      -26885.841262983184,
      -651.2770666915687,
      -479.9026214252582,
      -244.08698329416555
    ],
    "best_params": {
      "check_inverse": true,
      "func": null,
      "inverse_func": null,
      "regressor__bootstrap": true,
      "regressor__ccp_alpha": 0.0,
      "regressor__criterion": "squared_error",
      "regressor__max_depth": null,
      "regressor__max_features": "sqrt",
      "regressor__max_leaf_nodes": null,
      "regressor__max_samples": null,
      "regressor__min_impurity_decrease": 0.0,
      "regressor__min_samples_leaf": 0.05,
      "regressor__min_samples_split": 0.05,
      "regressor__min_weight_fraction_leaf": 0.0,
      "regressor__monotonic_cst": null,
      "regressor__n_estimators": 173,
      "regressor__n_jobs": null,
      "regressor__oob_score": false,
      "regressor__random_state": null,
      "regressor__verbose": 0,
      "regressor__warm_start": false,
      "transformer__memory": null,
      "transformer__verbose": false,
      "transformer__log transform__accept_sparse": false,
      "transformer__log transform__check_inverse": true,
      "transformer__log transform__feature_names_out": null,
      "transformer__log transform__inv_kw_args": null,
      "transformer__log transform__kw_args": null,
      "transformer__log transform__validate": false,
      "transformer__y scaler__copy": true,
      "transformer__y scaler__with_mean": true,
      "transformer__y scaler__with_std": true
    }
  },
  "69": {
    "fit_time": [
      0.08108019828796387,
      0.08055615425109863,
      0.0806586742401123,
      0.08120393753051758,
      0.08156704902648926
    ],
    "score_time": [
      0.017139911651611328,
      0.016219615936279297,
      0.01633429527282715,
      0.016969680786132812,
      0.017539262771606445
    ],
    "test_r": [
      -0.13372639943866074,
      -0.05045606528538668,
      -0.021158471543142078,
      -0.1372858491614705,
      -0.0034348598942031787
    ],
    "test_r2": [
      -0.02510737672839758,
      -0.017246053347657053,
      -0.10621379351931637,
      -0.09558009855336924,
      -0.02647046676230036
    ],
    "test_rmse": [
      -386530.1971630988,
      -67719.35278691212,
      -1029.5395310753386,
      -1564.2357968468025,
      -513.4888843215803
    ],
    "test_mae": [
      -60532.544534246554,
      -8854.873020263602,
      -377.0732376098082,
      -508.8665048662717,
      -189.06834594929032
    ],
    "best_params": {
      "check_inverse": true,