{
  "6": {
    "fit_time": [
      53.315229415893555,
      52.18900418281555,
      53.589792251586914,
      52.07729697227478,
      53.65244674682617
    ],
    "score_time": [
      1.0347225666046143,
      1.018744707107544,
      1.0345919132232666,
      0.972724437713623,
      1.0094585418701172
    ],
    "test_r": [
      -0.048370343287622734,
      0.05033868494717348,
      -0.011628314407393555,
      0.08797788874019015,
      0.01591413828041499
    ],
    "test_r2": [
      -0.07296784413634927,
      -0.014251304763990058,
      -0.01768704555005174,
      -0.01469960781466817,
      -0.18054949367574213
    ],
    "test_rmse": [
      -659.1109290018323,
      -354934.2808811463,
      -68409.95448167286,
      -153997.76401605774,
      -1565.4907433896353
    ],
    "test_mae": [
      -244.6722358506576,
      -42162.31371154657,
      -9121.3498626548,
      -18620.390620673155,
      -679.1463131025753
    ],
    "best_params": {
      "check_inverse": true,
      "func": null,
      "inverse_func": null,
      "regressor__natural_gradient": true,
      "regressor__n_estimators": 2000,
      "regressor__learning_rate": 0.001,
      "regressor__minibatch_frac": 1,
      "regressor__col_sample": 1.0,
      "regressor__verbose": false,
      "transformer__memory": null,
      "transformer__verbose": false,
      "transformer__log transform__accept_sparse": false,
      "transformer__log transform__check_inverse": true,
      "transformer__log transform__feature_names_out": null,
      "transformer__log transform__inv_kw_args": null,
      "transformer__log transform__kw_args": null,
      "transformer__log transform__validate": false,
      "transformer__y scaler__copy": true,
      "transformer__y scaler__with_mean": true,
      "transformer__y scaler__with_std": true
    }
  },
  "13": {
    "fit_time": [
      52.31057047843933,
      51.32693004608154,
      50.84224581718445,
      51.719306230545044,
      51.73295760154724
    ],
    "score_time": [
      0.9473114013671875,
      0.9980816841125488,
      0.9634604454040527,
      0.9965054988861084,
      0.9783096313476562
    ],
    "test_r": [
      -0.07865607835368352,
      0.041558717065304604,
      0.030968722036008464,
      0.08249147666249122,
      0.15025957514893135
    ],
    "test_r2": [
      -0.2566078400494174,
      -0.014375778419766228,
      -0.05145043906590674,
      -0.020288958002804947,
      -0.060106856952988785
    ],
    "test_rmse": [
      -1598.954344631683,
      -152936.49880159096,
      -692.6466608123325,
      -363881.59255779797,
      -1616.8822908318452
    ],
    "test_mae": [
      -750.2116299357217,
      -18275.23172142204,
      -266.6107306275902,
      -51376.8972570337,
      -476.9980709033619
    ],
    "best_params": {
      "check_inverse": true,
      "func": null,
      "inverse_func": null,
      "regressor__natural_gradient": true,
      "regressor__n_estimators": 1993,
      "regressor__learning_rate": 0.00030309689489796746,
      "regressor__minibatch_frac": 1,
      "regressor__col_sample": 1.0,
      "regressor__verbose": false,
      "transformer__memory": null,
      "transformer__verbose": false,
      "transformer__log transform__accept_sparse": false,
      "transformer__log transform__check_inverse": true,
      "transformer__log transform__feature_names_out": null,
      "transformer__log transform__inv_kw_args": null,
      "transformer__log transform__kw_args": null,
      "transformer__log transform__validate": false,
      "transformer__y scaler__copy": true,
      "transformer__y scaler__with_mean": true,
      "transformer__y scaler__with_std": true
    }
  },
  "42": {
    "fit_time": [
      29.801157474517822,
      30.56244707107544,
      31.08375382423401,
      31.8889102935791,
      31.00322413444519
    ],
    "score_time": [
      0.5706064701080322,
      0.5975408554077148,
      0.5921919345855713,
      0.5737602710723877,
      0.5944452285766602
    ],
    "test_r": [
      0.1034589044163104,
      0.057653611670029775,
      0.06367655210402993,
      0.04501018608748737,
      0.08160604665504897
    ],
    "test_r2": [
      -0.014267696213447811,
      -0.026370784206568576,
      -0.11186103257533819,
      -0.14719454470902393,
      -0.026169501199107215
    ],
    "test_rmse": [
      -354935.3722985137,
      -167345.01156082124,
      -1813.935424531318,
      -1116.1270334045178,
      -899.8493887765233
    ],
    "test_mae": [
      -42192.09256542553,
      -26882.388250873322,
      -648.2266924041677,
      -471.74753072228043,
      -244.43673698487498
    ],
    "best_params": {
      "check_inverse": true,
      "func": null,
      "inverse_func": null,
      "regressor__natural_gradient": true,
      "regressor__n_estimators": 1171,
      "regressor__learning_rate": 0.0008145791754499179,
      "regressor__minibatch_frac": 1,
      "regressor__col_sample": 1.0,
      "regressor__verbose": false,
      "transformer__memory": null,
      "transformer__verbose": false,
      "transformer__log transform__accept_sparse": false,
      "transformer__log transform__check_inverse": true,
      "transformer__log transform__feature_names_out": null,
      "transformer__log transform__inv_kw_args": null,
      "transformer__log transform__kw_args": null,
      "transformer__log transform__validate": false,
      "transformer__y scaler__copy": true,
      "transformer__y scaler__with_mean": true,
      "transformer__y scaler__with_std": true
    }
  },
  "69": {
    "fit_time": [
      53.063620805740356,
      52.693299293518066,
      52.56787896156311,
      60.14616680145264,
      52.32008743286133
    ],
    "score_time": [
      0.9981350898742676,
      0.9835820198059082,
      0.9742751121520996,
      0.983161449432373,
      0.9728043079376221
    ],
    "test_r": [
      0.0019885763882317,
      0.04534236008050703,
      0.03481938449085972,
      0.1251819560923725,
      0.02024425083506807
    ],
    "test_r2": [
      -0.025088314765500996,
      -0.01714470781155719,
      -0.11980701558785878,
      -0.07566332950726906,
      -0.026186771910076123
    ],
    "test_rmse": [
      -386526.6033646848,
      -67715.97935280763,
      -1035.8457395029282,
      -1549.9523062876524,
      -513.417920653076
    ],
    "test_mae": [
      -60529.306819873746,
      -8851.238426514512,
      -384.53355020285795,
      -503.57342654099534,
      -196.63028831162586
    ],
    "best_params": {
      "check_inverse": true,
      "func": null,
      "inverse_func": null,
      "regressor__natural_gradient": true,
      "regressor__n_estimators": 2000,
      "regressor__learning_rate": 0.001,
      "regressor__minibatch_frac": 1,
      "regressor__col_sample": 1.0,
      "regressor__verbose": false,
      "transformer__memory": null,
      "transformer__verbose": false,
      "transformer__log transform__accept_sparse": false,
      "transformer__log transform__check_inverse": true,
      "transformer__log transform__feature_names_out": null,
      "transformer__log transform__inv_kw_args": null,
      "transformer__log transform__kw_args": null,
      "transformer__log transform__validate": false,
      "transformer__y scaler__copy": true,
      "transformer__y scaler__with_mean": true,
      "transformer__y scaler__with_std": true
    }
  },
  "420": {
    "fit_time": [
      53.882331132888794,
      54.20140743255615,
      54.01744866371155,
      52.68586492538452,
      57.58751368522644
    ],
    "score_time": [
      0.9287774562835693,
      0.9743895530700684,
      0.9423258304595947,
      0.9740185737609863,
      1.0005302429199219
    ],
    "test_r": [
      0.024096380572690153,
      0.03614393772289772,
      -0.022614342287563184,
      0.007594592208832099,
      -0.005576204973865483
    ],