{
  "6": {
    "fit_time": [
      3.200251579284668,
      3.270599603652954,
      3.302347183227539,
      3.5076615810394287,
      3.3569796085357666
    ],
    "score_time": [
      0.1952042579650879,
      0.1757669448852539,
      0.1793842315673828,
      0.18528032302856445,
      0.18016552925109863
    ],
    "test_r": [
      0.1725018396854168,
      0.3362608082198446,
      0.4705546920484043,
      0.4084046933942205,
      0.4917305075152545
    ],
    "test_r2": [
      -0.00949373520009611,
      0.08941743531582891,
      -0.1630236898488313,
      0.07785403195509699,
      0.1455518236014688
    ],
    "test_rmse": [
      -165.842893532933,
      -114.21748890461392,
      -66.44483949234419,
      -132.3073713673796,
      -64.32533578027882
    ],
    "test_mae": [
      -76.72263015404774,
      -56.976237051692394,
      -55.795745956408425,
      -70.95934569188547,
      -53.91349374437273
    ],
    "best_params": {
      "check_inverse": true,
      "func": null,
      "inverse_func": null,
      "regressor__bootstrap": true,
      "regressor__ccp_alpha": 0.0,
      "regressor__criterion": "squared_error",
      "regressor__max_depth": null,
      "regressor__max_features": "sqrt",
      "regressor__max_leaf_nodes": null,
      "regressor__max_samples": null,
      "regressor__min_impurity_decrease": 0.0,
      "regressor__min_samples_leaf": 0.05,
      "regressor__min_samples_split": 0.05,
      "regressor__min_weight_fraction_leaf": 0.0,
      "regressor__monotonic_cst": null,
      "regressor__n_estimators": 2000,
      "regressor__n_jobs": null,
      "regressor__oob_score": false,
      "regressor__random_state": null,
      "regressor__verbose": 0,
      "regressor__warm_start": false,
      "transformer__memory": null,
      "transformer__verbose": false,
      "transformer__y scaler__copy": true,
      "transformer__y scaler__with_mean": true,
      "transformer__y scaler__with_std": true
    }
  },
  "13": {
    "fit_time": [
      0.922149658203125,
      0.910804033279419,
      0.8960056304931641,
      0.896817684173584,
      0.9634971618652344
    ],
    "score_time": [
      0.11341166496276855,
      0.1062765121459961,
      0.11982893943786621,
      0.11696696281433105,
      0.11052417755126953
    ],
    "test_r": [
      0.4507920600854151,
      0.4208949153108596,
      0.07404841603733767,
      0.2309675162946605,
      0.6281456349246857
    ],
    "test_r2": [
      -0.36998357634971923,
      0.04029156182323235,
      -0.00364946396662158,
      0.05254564860691524,
      0.2404695640297767
    ],
    "test_rmse": [
      -58.53147277970577,
      -143.88016391717406,
      -157.59334514256778,
      -119.39671291441165,
      -66.97914262824253
    ],
    "test_mae": [
      -52.55911439617226,
      -80.12819594168826,
      -66.88826733999838,
      -63.05242790945521,
      -53.88484630009825
    ],
    "best_params": {
      "check_inverse": true,
      "func": null,
      "inverse_func": null,
      "regressor__bootstrap": true,
      "regressor__ccp_alpha": 0.0,
      "regressor__criterion": "squared_error",
      "regressor__max_depth": null,
      "regressor__max_features": "sqrt",
      "regressor__max_leaf_nodes": null,
      "regressor__max_samples": null,
      "regressor__min_impurity_decrease": 0.0,
      "regressor__min_samples_leaf": 0.05,
      "regressor__min_samples_split": 0.15402209269249517,
      "regressor__min_weight_fraction_leaf": 0.0,
      "regressor__monotonic_cst": null,
      "regressor__n_estimators": 599,
      "regressor__n_jobs": null,
      "regressor__oob_score": false,
      "regressor__random_state": null,
      "regressor__verbose": 0,
      "regressor__warm_start": false,
      "transformer__memory": null,
      "transformer__verbose": false,
      "transformer__y scaler__copy": true,
      "transformer__y scaler__with_mean": true,
      "transformer__y scaler__with_std": true
    }
  },
  "42": {
    "fit_time": [
      0.20453453063964844,
      0.20653295516967773,
      0.20870399475097656,
      0.21729445457458496,
      0.20721125602722168
    ],
    "score_time": [
      0.07301616668701172,
      0.07414746284484863,
      0.07646417617797852,
      0.07714271545410156,
      0.07308745384216309
    ],
    "test_r": [
      0.3258212384343788,
      0.4820994174263841,
      0.10489537951258031,
      0.38898759249100806,
      0.5372637113332215
    ],
    "test_r2": [
      0.07067888880014739,
      0.15615620196827518,
      0.007979108205010688,
      0.08364935098875181,
      0.1449324130465257
    ],
    "test_rmse": [
      -115.88461606178303,
      -68.26192420923326,
      -171.38642610584077,
      -125.679349983316,
      -58.690503900849876
    ],
    "test_mae": [
      -60.24171361589482,
      -56.02110730638428,
      -75.03393992818908,
      -73.05027525565312,
      -49.46151804333009
    ],
    "best_params": {
      "check_inverse": true,
      "func": null,
      "inverse_func": null,
      "regressor__bootstrap": true,
      "regressor__ccp_alpha": 0.0,
      "regressor__criterion": "squared_error",
      "regressor__max_depth": null,
      "regressor__max_features": "sqrt",
      "regressor__max_leaf_nodes": null,
      "regressor__max_samples": null,
      "regressor__min_impurity_decrease": 0.0,
      "regressor__min_samples_leaf": 0.050765337173992314,
      "regressor__min_samples_split": 0.05198711695416256,
      "regressor__min_weight_fraction_leaf": 0.0,
      "regressor__monotonic_cst": null,
      "regressor__n_estimators": 52,
      "regressor__n_jobs": null,
      "regressor__oob_score": false,
      "regressor__random_state": null,
      "regressor__verbose": 0,
      "regressor__warm_start": false,
      "transformer__memory": null,
      "transformer__verbose": false,
      "transformer__y scaler__copy": true,
      "transformer__y scaler__with_mean": true,
      "transformer__y scaler__with_std": true
    }
  },
  "69": {
    "fit_time": [
      2.9968111515045166,
      2.852699041366577,
      2.943499803543091,
      3.0519561767578125,
      3.0423583984375
    ],
    "score_time": [
      0.17766165733337402,
      0.1706552505493164,
      0.17039895057678223,
      0.16985535621643066,
      0.1747424602508545
    ],
    "test_r": [
      0.32415034473676,
      0.12635817212679668,
      0.5215890302265784,
      0.6086682299370049,
      0.2939947219417028
    ],
    "test_r2": [
      0.07322020042594346,
      0.006016121328051627,
      0.0028760500153348634,
      0.2575028774745465,
      0.06501837636738694
    ],
    "test_rmse": [
      -132.42937320641335,
      -156.25003625556556,
      -62.23904866898896,
      -58.33033635618162,
      -129.82929644922785
    ],
    "test_mae": [
      -69.24495671046776,
      -75.76974557661117,
      -53.55200934117606,
      -47.4515171382836,
      -68.02056528774175
    ],
    "best_params": {
      "check_inverse": true,
      "func": null,
      "inverse_func": null,
      "regressor__bootstrap": true,
      "regressor__ccp_alpha": 0.0,
      "regressor__criterion": "squared_error",
      "regressor__max_depth": null,
      "regressor__max_features": "sqrt",
      "regressor__max_leaf_nodes": null,
      "regressor__max_samples": null,
      "regressor__min_impurity_decrease": 0.0,
      "regressor__min_samples_leaf": 0.05,
      "regressor__min_samples_split": 0.06423967678401113,
      "regressor__min_weight_fraction_leaf": 0.0,
      "regressor__monotonic_cst": null,
      "regressor__n_estimators": 2000,
      "regressor__n_jobs": null,
      "regressor__oob_score": false,
      "regressor__random_state": null,
      "regressor__verbose": 0,
      "regressor__warm_start": false,
      "transformer__memory": null,
      "transformer__verbose": false,
      "transformer__y scaler__copy": true,
      "transformer__y scaler__with_mean": true,
      "transformer__y scaler__with_std": true
    }
  },