{
  "6": {
    "fit_time": [
      27.3192777633667,
      26.72734522819519,
      27.009978532791138,
      26.02467942237854,
      26.440675497055054
    ],
    "score_time": [
      0.688817024230957,
      0.6671171188354492,
      0.6798627376556396,
      0.6986792087554932,
      0.6530861854553223
    ],
    "test_r": [
      0.98725979190691,
      0.9891284141349496,
      0.9074243378470083,
      0.9854118420017288,
      0.9286007875332932
    ],
    "test_r2": [
      0.971743877159209,
      0.9782991664863445,
      0.804016527719102,
      0.9704715459325778,
      0.8617712346436985
    ],
    "test_rmse": [
      -27.746061042049682,
      -17.632388662224226,
      -27.275749929505782,
      -23.675794433528413,
      -25.87250102305311
    ],
    "test_mae": [
      -15.902268571318215,
      -13.023733117163617,
      -12.404320947676112,
      -14.342822870945744,
      -15.271404157256862
    ],
    "best_params": {
      "check_inverse": true,
      "func": null,
      "inverse_func": null,
      "regressor__natural_gradient": true,
      "regressor__n_estimators": 849,
      "regressor__learning_rate": 0.1,
      "regressor__minibatch_frac": 1,
      "regressor__col_sample": 1.0,
      "regressor__verbose": false,
      "transformer__memory": null,
      "transformer__verbose": false,
      "transformer__y scaler__copy": true,
      "transformer__y scaler__with_mean": true,
      "transformer__y scaler__with_std": true
    }
  },
  "13": {
    "fit_time": [
      58.82169032096863,
      61.14011883735657,
      59.439250469207764,
      59.007418394088745,
      59.49423265457153
    ],
    "score_time": [
      1.4951062202453613,
      1.5081307888031006,
      1.4815459251403809,
      1.4246630668640137,
      1.4901556968688965
    ],
    "test_r": [
      0.9093882943340733,
      0.9862525717580799,
      0.9830748416525428,
      0.9801636720126042,
      0.9562512550392485
    ],
    "test_r2": [
      0.8218099630161367,
      0.9670688653165531,
      0.9647488277090583,
      0.9605383003190079,
      0.911587976156268
    ],
    "test_rmse": [
      -21.109282921263468,
      -26.652295198015974,
      -29.534772351206016,
      -24.3669468881259,
      -22.851918119312526
    ],
    "test_mae": [
      -12.48512588812242,
      -16.882397991030235,
      -13.751102962493905,
      -12.813081983416481,
      -14.949279701298329
    ],
    "best_params": {
      "check_inverse": true,
      "func": null,
      "inverse_func": null,
      "regressor__natural_gradient": true,
      "regressor__n_estimators": 1922,
      "regressor__learning_rate": 0.09877287415639407,
      "regressor__minibatch_frac": 1,
      "regressor__col_sample": 1.0,
      "regressor__verbose": false,
      "transformer__memory": null,
      "transformer__verbose": false,
      "transformer__y scaler__copy": true,
      "transformer__y scaler__with_mean": true,
      "transformer__y scaler__with_std": true
    }
  },
  "42": {
    "fit_time": [
      66.28937697410583,
      66.9542326927185,
      62.35021758079529,
      64.6563503742218,
      63.47925066947937
    ],
    "score_time": [
      1.545872449874878,
      1.5552864074707031,
      1.4909613132476807,
      1.5793070793151855,
      1.4860334396362305
    ],
    "test_r": [
      0.9916078662885777,
      0.9412532194814442,
      0.9744933488860884,
      0.9902963984313492,
      0.9178094658898492
    ],
    "test_r2": [
      0.9831217564333387,
      0.8795781029516828,
      0.938103923254926,
      0.9795589263983107,
      0.8414721656155212
    ],
    "test_rmse": [
      -15.617320018409716,
      -25.786964781554346,
      -42.810231325630056,
      -18.77089286467074,
      -25.270880828392784
    ],
    "test_mae": [
      -10.740363723774756,
      -15.754010769949973,
      -24.437006065930763,
      -11.924392023787505,
      -13.272241627915989
    ],
    "best_params": {
      "check_inverse": true,
      "func": null,
      "inverse_func": null,
      "regressor__natural_gradient": true,
      "regressor__n_estimators": 2000,
      "regressor__learning_rate": 0.1,
      "regressor__minibatch_frac": 1,
      "regressor__col_sample": 1.0,
      "regressor__verbose": false,
      "transformer__memory": null,
      "transformer__verbose": false,
      "transformer__y scaler__copy": true,
      "transformer__y scaler__with_mean": true,
      "transformer__y scaler__with_std": true
    }
  },
  "69": {
    "fit_time": [
      25.173994064331055,
      28.205445528030396,
      27.607402801513672,
      27.934529304504395,
      26.69601845741272
    ],
    "score_time": [
      0.7822117805480957,
      0.7548518180847168,
      0.7535395622253418,
      0.734774112701416,
      0.7730872631072998
    ],
    "test_r": [
      0.9896216549195693,
      0.942194675809223,
      0.798868141542086,
      0.9736273578866156,
      0.9844628730077736
    ],
    "test_r2": [
      0.9712191197440039,
      0.8654103362223118,
      0.5150362536003474,
      0.9423269322759582,
      0.9668289369598523
    ],
    "test_rmse": [
      -23.337164109552727,
      -57.495825074629316,
      -43.405324655873294,
      -16.256745980233443,
      -24.454053660689777
    ],
    "test_mae": [
      -12.533325631697117,
      -25.902553481110964,
      -23.536792250045668,
      -9.362062837184775,
      -17.428741750803237
    ],
    "best_params": {
      "check_inverse": true,
      "func": null,
      "inverse_func": null,
      "regressor__natural_gradient": true,
      "regressor__n_estimators": 945,
      "regressor__learning_rate": 0.031070316825268195,
      "regressor__minibatch_frac": 1,
      "regressor__col_sample": 1.0,
      "regressor__verbose": false,
      "transformer__memory": null,
      "transformer__verbose": false,
      "transformer__y scaler__copy": true,
      "transformer__y scaler__with_mean": true,
      "transformer__y scaler__with_std": true
    }
  },
  "420": {
    "fit_time": [
      61.66111636161804,
      63.324790716171265,
      60.9206337928772,
      61.68312740325928,
      63.8953742980957
    ],
    "score_time": [
      1.5041155815124512,
      1.5005247592926025,
      1.5614488124847412,
      1.5463991165161133,
      1.5529961585998535
    ],
    "test_r": [
      0.943330541354021,
      0.987131554637733,
      0.9874870387904788,
      0.9499805897138315,
      0.9722583153575945
    ],
    "test_r2": [
      0.8884783731446574,
      0.9720703545423943,
      0.9726322365907925,
      0.89727709442343,
      0.9428132166782585
    ],
    "test_rmse": [
      -22.827832952188313,
      -26.694269380980558,
      -22.79678946319153,
      -24.09008875166209,
      -30.228973768648
    ],
    "test_mae": [
      -14.966047087273418,
      -18.128097234590882,
      -14.091370684761628,
      -13.356427439510972,
      -17.201932264673122
    ],
    "best_params": {
      "check_inverse": true,
      "func": null,
      "inverse_func": null,
      "regressor__natural_gradient": true,
      "regressor__n_estimators": 2000,
      "regressor__learning_rate": 0.1,
      "regressor__minibatch_frac": 1,
      "regressor__col_sample": 1.0,
      "regressor__verbose": false,
      "transformer__memory": null,
      "transformer__verbose": false,
      "transformer__y scaler__copy": true,
      "transformer__y scaler__with_mean": true,
      "transformer__y scaler__with_std": true
    }
  },
  "1234567890": {
    "fit_time": [
      49.63892221450806,
      50.55239200592041,
      45.906657695770264,
      51.29891347885132,
      51.44926166534424
    ],
    "score_time": [
      1.2305705547332764,
      1.3257198333740234,
      1.211083173751831,
      1.203993320465088,
      1.2137725353240967
    ],
    "test_r": [
      0.9088454200388721,
      0.9898947821216381,
      0.9873350523664214,
      0.9927828152705017,
      0.9201918540640185
    ],