{
  "6": {
    "fit_time": [
      0.21345067024230957,
      0.24531245231628418,
      0.2115485668182373,
      0.36253976821899414,
      0.35623931884765625
    ],
    "score_time": [
      0.07558012008666992,
      0.08722162246704102,
      0.07511734962463379,
      0.09160041809082031,
      0.09294867515563965
    ],
    "test_r": [
      0.07489541006347433,
      0.049044016121918776,
      -0.08544279412091135,
      0.07644439003201994,
      0.02299914455111036
    ],
    "test_r2": [
      -1.004097304038994e+22,
      -1.0794810229594151e+26,
      -2.8415073161372526e+24,
      -3.454307371267786e+24,
      -2.1275721452746363e+25
    ],
    "test_rmse": [
      -16539902797087.713,
      -1243599241920968.8,
      -103858337266587.31,
      -256073533914871.4,
      -320982493298599.56
    ],
    "test_mae": [
      -2293671831842.743,
      -209715587413893.16,
      -14543076123540.584,
      -35857466958830.48,
      -44946539268827.78
    ],
    "best_params": {
      "check_inverse": true,
      "func": null,
      "inverse_func": null,
      "regressor__copy_X": true,
      "regressor__fit_intercept": false,
      "regressor__n_jobs": null,
      "regressor__positive": false,
      "transformer__memory": null,
      "transformer__verbose": false,
      "transformer__y scaler__copy": true,
      "transformer__y scaler__with_mean": true,
      "transformer__y scaler__with_std": true
    }
  },
  "13": {
    "fit_time": [
      0.3787398338317871,
      0.24637269973754883,
      0.21748757362365723,
      0.2187948226928711,
      0.36641550064086914
    ],
    "score_time": [
      0.07886981964111328,
      0.08272552490234375,
      0.07752871513366699,
      0.07971358299255371,
      0.0771036148071289
    ],
    "test_r": [
      0.03342327455777693,
      0.08990865827917006,
      0.2666912565330612,
      0.07474302088635751,
      0.08398773108854506
    ],
    "test_r2": [
      -5.942888482370265e+26,
      -4.337148717199713e+23,
      -0.004988355920518384,
      -1.4825568526712997e+24,
      -4.292721897182035e+25
    ],
    "test_rmse": [
      -1219075384440616.2,
      -96723816455903.12,
      -157.6984267205378,
      -149354702601674.8,
      -503539297967771.0
    ],
    "test_mae": [
      -169055338740701.0,
      -13413179992003.809,
      -73.64346417796352,
      -20913841550964.312,
      -141497045055276.75
    ],
    "best_params": {
      "check_inverse": true,
      "func": null,
      "inverse_func": null,
      "regressor__copy_X": true,
      "regressor__fit_intercept": false,
      "regressor__n_jobs": null,
      "regressor__positive": false,
      "transformer__memory": null,
      "transformer__verbose": false,
      "transformer__y scaler__copy": true,
      "transformer__y scaler__with_mean": true,
      "transformer__y scaler__with_std": true
    }
  },
  "42": {
    "fit_time": [
      0.2065119743347168,
      0.24222683906555176,
      0.20613741874694824,
      0.2051100730895996,
      0.24038076400756836
    ],
    "score_time": [
      0.07238459587097168,
      0.08254504203796387,
      0.07181429862976074,
      0.07225513458251953,
      0.07693767547607422
    ],
    "test_r": [
      0.2805006053872106,
      0.3779776597069265,
      -0.02371091316968934,
      0.5156667194384434,
      -0.10224204079643813
    ],
    "test_r2": [
      -0.07672828654511687,
      -0.5213819660955292,
      -2.59425480703075e+25,
      0.24815911697425452,
      -4.646066345021874e+25
    ],
    "test_rmse": [
      -124.73718702531373,
      -91.65720861868289,
      -876440279046707.5,
      -113.84030452973144,
      -432623712539386.3
    ],
    "test_mae": [
      -75.41068604366991,
      -67.35511939749118,
      -173634146604273.75,
      -58.635075848093514,
      -77568202181958.02
    ],
    "best_params": {
      "check_inverse": true,
      "func": null,
      "inverse_func": null,
      "regressor__copy_X": true,
      "regressor__fit_intercept": false,
      "regressor__n_jobs": null,
      "regressor__positive": false,
      "transformer__memory": null,
      "transformer__verbose": false,
      "transformer__y scaler__copy": true,
      "transformer__y scaler__with_mean": true,
      "transformer__y scaler__with_std": true
    }
  },
  "69": {
    "fit_time": [
      0.21293258666992188,
      0.24589753150939941,
      0.21656298637390137,
      0.35123586654663086,
      0.3479781150817871
    ],
    "score_time": [
      0.07519769668579102,
      0.09619903564453125,
      0.07661652565002441,
      0.07481956481933594,
      0.07500958442687988
    ],
    "test_r": [
      0.2553899235358582,
      0.09040692975356499,
      -0.027989490782412852,
      -0.11694956404033767,
      0.014045831646605838
    ],
    "test_r2": [
      -0.040468793230736155,
      -3.6042356968638065e+25,
      -43.48265443563892,
      -1.4040154338787242e+26,
      -1.1429240837594386e+25
    ],
    "test_rmse": [
      -140.3170912968558,
      -940886090619727.1,
      -415.7035368411687,
      -802108344147262.9,
      -453920564111975.94
    ],
    "test_mae": [
      -88.67273273007366,
      -182804039681681.8,
      -264.18615508774167,
      -172291262151343.66,
      -63561592565839.39
    ],
    "best_params": {
      "check_inverse": true,
      "func": null,
      "inverse_func": null,
      "regressor__copy_X": true,
      "regressor__fit_intercept": true,
      "regressor__n_jobs": null,
      "regressor__positive": false,
      "transformer__memory": null,
      "transformer__verbose": false,
      "transformer__y scaler__copy": true,
      "transformer__y scaler__with_mean": true,
      "transformer__y scaler__with_std": true
    }
  },
  "420": {
    "fit_time": [
      0.23792815208435059,
      0.4094104766845703,
      0.39789819717407227,
      0.24248027801513672,
      0.23540735244750977
    ],
    "score_time": [
      0.08572125434875488,
      0.1318035125732422,
      0.08817529678344727,
      0.08489513397216797,
      0.08658456802368164
    ],
    "test_r": [
      0.08898986554178032,
      0.009183258343880837,
      0.04959456989364747,
      0.16548945520838876,
      0.34310577366825945
    ],
    "test_r2": [
      -2.0834823349021833e+25,
      -7.048882078551941e+25,
      -3.787791928534161e+26,
      -0.5899972521265229,
      0.0812154156506163
    ],
    "test_rmse": [
      -312018287583637.5,
      -1341051480784753.0,
      -2681927862151849.0,
      -94.7769959753316,
      -121.16645987731988
    ],
    "test_mae": [
      -43269151337190.414,
      -198914158737394.22,
      -419110406394767.1,
      -64.31914080990082,
      -68.18459205048364
    ],
    "best_params": {
      "check_inverse": true,
      "func": null,
      "inverse_func": null,
      "regressor__copy_X": true,
      "regressor__fit_intercept": false,
      "regressor__n_jobs": null,
      "regressor__positive": false,
      "transformer__memory": null,
      "transformer__verbose": false,
      "transformer__y scaler__copy": true,
      "transformer__y scaler__with_mean": true,
      "transformer__y scaler__with_std": true
    }
  },
  "1234567890": {
    "fit_time": [
      0.24801206588745117,
      0.21975255012512207,
      0.24405765533447266,
      0.25339698791503906,
      0.2227160930633545
    ],
    "score_time": [
      0.07822084426879883,
      0.08107233047485352,
      0.0781707763671875,
      0.09770989418029785,
      0.09968924522399902
    ],
    "test_r": [
      -0.06195611320131538,
      0.4136689690056139,
      0.039215926423226785,
      0.4653457704244127,
      0.07028633596318956
    ],
    "test_r2": [
      -9.161330297753259e+25,
      0.10576275305822369,
      -5.186639011159791e+24,
      0.20665082051497707,
      -4.268591991208479e+25
    ],
    "test_rmse": [
      -642551252499817.6,
      -118.5921968601203,
      -282904313480005.94,
      -122.05254092406155,
      -856929169656214.1
    ],