{
  "6": {
    "fit_time": [
      2.5242857933044434,
      2.5196971893310547,
      2.5378222465515137,
      2.5748584270477295,
      2.546099901199341
    ],
    "score_time": [
      0.1710975170135498,
      0.1670694351196289,
      0.16867589950561523,
      0.164841890335083,
      0.17015647888183594
    ],
    "test_r": [
      0.2239477214815897,
      0.37929170188818506,
      0.4760913716905583,
      0.4469291935118636,
      0.5505916752205885
    ],
    "test_r2": [
      0.0038666445956437867,
      0.10045053267115056,
      -0.1420129640737553,
      0.09088675636490962,
      0.17444608878684242
    ],
    "test_rmse": [
      -164.74179502523438,
      -113.52342048350239,
      -65.84192097076672,
      -131.36909180273156,
      -63.22836008820378
    ],
    "test_mae": [
      -75.56463948848707,
      -56.585708769506525,
      -55.482532820906755,
      -70.3542968952146,
      -52.99048434377502
    ],
    "best_params": {
      "check_inverse": true,
      "func": null,
      "inverse_func": null,
      "regressor__bootstrap": true,
      "regressor__ccp_alpha": 0.0,
      "regressor__criterion": "squared_error",
      "regressor__max_depth": null,
      "regressor__max_features": "sqrt",
      "regressor__max_leaf_nodes": null,
      "regressor__max_samples": null,
      "regressor__min_impurity_decrease": 0.0,
      "regressor__min_samples_leaf": 0.05,
      "regressor__min_samples_split": 0.11873275468964979,
      "regressor__min_weight_fraction_leaf": 0.0,
      "regressor__monotonic_cst": null,
      "regressor__n_estimators": 2000,
      "regressor__n_jobs": null,
      "regressor__oob_score": false,
      "regressor__random_state": null,
      "regressor__verbose": 0,
      "regressor__warm_start": false,
      "transformer__memory": null,
      "transformer__verbose": false,
      "transformer__y scaler__copy": true,
      "transformer__y scaler__with_mean": true,
      "transformer__y scaler__with_std": true
    }
  },
  "13": {
    "fit_time": [
      1.1257121562957764,
      1.1358320713043213,
      1.135988712310791,
      1.1434521675109863,
      1.1469752788543701
    ],
    "score_time": [
      0.10958361625671387,
      0.10993146896362305,
      0.10986638069152832,
      0.11117410659790039,
      0.11063647270202637
    ],
    "test_r": [
      0.5505922257346556,
      0.4361759107675631,
      0.12162340361349933,
      0.29974415443382535,
      0.6893203304584248
    ],
    "test_r2": [
      -0.24214995623428082,
      0.05182352030050641,
      0.010524804538128318,
      0.07656415624209789,
      0.2708159526508963
    ],
    "test_rmse": [
      -55.7338168185467,
      -143.01311173552637,
      -156.47656414001798,
      -117.87361072260722,
      -65.6274564761364
    ],
    "test_mae": [
      -49.816695551417,
      -79.72842195485926,
      -65.93505284245272,
      -61.77547309680107,
      -52.84068220388376
    ],
    "best_params": {
      "check_inverse": true,
      "func": null,
      "inverse_func": null,
      "regressor__bootstrap": true,
      "regressor__ccp_alpha": 0.0,
      "regressor__criterion": "squared_error",
      "regressor__max_depth": null,
      "regressor__max_features": "sqrt",
      "regressor__max_leaf_nodes": null,
      "regressor__max_samples": null,
      "regressor__min_impurity_decrease": 0.0,
      "regressor__min_samples_leaf": 0.05120032833823846,
      "regressor__min_samples_split": 0.07362970857467914,
      "regressor__min_weight_fraction_leaf": 0.0,
      "regressor__monotonic_cst": null,
      "regressor__n_estimators": 827,
      "regressor__n_jobs": null,
      "regressor__oob_score": false,
      "regressor__random_state": null,
      "regressor__verbose": 0,
      "regressor__warm_start": false,
      "transformer__memory": null,
      "transformer__verbose": false,
      "transformer__y scaler__copy": true,
      "transformer__y scaler__with_mean": true,
      "transformer__y scaler__with_std": true
    }
  },
  "42": {
    "fit_time": [
      2.5538864135742188,
      2.5895652770996094,
      2.574357748031616,
      2.5755374431610107,
      2.61020827293396
    ],
    "score_time": [
      0.2100985050201416,
      0.17329025268554688,
      0.18710970878601074,
      0.18467211723327637,
      0.16562724113464355
    ],
    "test_r": [
      0.3839746105479089,
      0.5275157333498899,
      0.13918314245294391,
      0.4226688869950555,
      0.6068746345921272
    ],
    "test_r2": [
      0.09553169604826717,
      0.17244578364974072,
      0.0170643559075786,
      0.08894020389396251,
      0.19347141963404613
    ],
    "test_rmse": [
      -114.32456584021286,
      -67.59984851516714,
      -170.59981483330787,
      -125.31599913932723,
      -57.000346691871606
    ],
    "test_mae": [
      -56.83499506577402,
      -54.77241890701492,
      -74.60719428643253,
      -72.52508732618668,
      -48.0070593921557
    ],
    "best_params": {
      "check_inverse": true,
      "func": null,
      "inverse_func": null,
      "regressor__bootstrap": true,
      "regressor__ccp_alpha": 0.0,
      "regressor__criterion": "squared_error",
      "regressor__max_depth": null,
      "regressor__max_features": "sqrt",
      "regressor__max_leaf_nodes": null,
      "regressor__max_samples": null,
      "regressor__min_impurity_decrease": 0.0,
      "regressor__min_samples_leaf": 0.05,
      "regressor__min_samples_split": 0.05,
      "regressor__min_weight_fraction_leaf": 0.0,
      "regressor__monotonic_cst": null,
      "regressor__n_estimators": 2000,
      "regressor__n_jobs": null,
      "regressor__oob_score": false,
      "regressor__random_state": null,
      "regressor__verbose": 0,
      "regressor__warm_start": false,
      "transformer__memory": null,
      "transformer__verbose": false,
      "transformer__y scaler__copy": true,
      "transformer__y scaler__with_mean": true,
      "transformer__y scaler__with_std": true
    }
  },
  "69": {
    "fit_time": [
      0.22849750518798828,
      0.23088645935058594,
      0.23044157028198242,
      0.23029041290283203,
      0.23669075965881348
    ],
    "score_time": [
      0.1006324291229248,
      0.0970003604888916,
      0.09620308876037598,
      0.09498429298400879,
      0.08743047714233398
    ],
    "test_r": [
      0.4118905081899871,
      0.18151348891401373,
      0.5527698670290252,
      0.651184047522306,
      0.3580032805421033
    ],
    "test_r2": [
      0.10404054364043369,
      0.022735194256596425,
      0.040331167675245916,
      0.2637796247740233,
      0.08268223082625559
    ],
    "test_rmse": [
      -130.20876589202655,
      -154.9303799179757,
      -61.058912792466046,
      -58.08326345660409,
      -128.59706868307515
    ],
    "test_mae": [
      -66.60592632668505,
      -75.33153239457002,
      -52.37182407426199,
      -46.335840686843056,
      -67.3709689171771
    ],
    "best_params": {
      "check_inverse": true,
      "func": null,
      "inverse_func": null,
      "regressor__bootstrap": true,
      "regressor__ccp_alpha": 0.0,
      "regressor__criterion": "squared_error",
      "regressor__max_depth": null,
      "regressor__max_features": "sqrt",
      "regressor__max_leaf_nodes": null,
      "regressor__max_samples": null,
      "regressor__min_impurity_decrease": 0.0,
      "regressor__min_samples_leaf": 0.05060581786174091,
      "regressor__min_samples_split": 0.10078772083451852,
      "regressor__min_weight_fraction_leaf": 0.0,
      "regressor__monotonic_cst": null,
      "regressor__n_estimators": 85,
      "regressor__n_jobs": null,
      "regressor__oob_score": false,
      "regressor__random_state": null,
      "regressor__verbose": 0,
      "regressor__warm_start": false,
      "transformer__memory": null,
      "transformer__verbose": false,
      "transformer__y scaler__copy": true,
      "transformer__y scaler__with_mean": true,
      "transformer__y scaler__with_std": true
    }
  },