{
  "6": {
    "fit_time": [
      1.1073768138885498,
      0.9435772895812988,
      1.2435688972473145,
      1.2607409954071045,
      1.2425289154052734
    ],
    "score_time": [
      0.06955790519714355,
      0.09033989906311035,
      0.07013511657714844,
      0.06792283058166504,
      0.06754612922668457
    ],
    "test_r": [
      0.9719414537174084,
      0.9512270501789115,
      0.85129402202963,
      0.9704623163325484,
      0.8509201657921909
    ],
    "test_r2": [
      0.9404339552917876,
      0.9001053546532812,
      0.6966831710123627,
      0.939530234801848,
      0.7229522699606494
    ],
    "test_rmse": [
      -40.2850988824404,
      -37.83067125541244,
      -33.93245092353518,
      -33.8807758142557,
      -36.62827755044147
    ],
    "test_mae": [
      -22.289318837961904,
      -22.07571137212333,
      -15.36352609216991,
      -19.295228006003217,
      -22.508601421463656
    ],
    "best_params": {
      "check_inverse": true,
      "func": null,
      "inverse_func": null,
      "regressor__natural_gradient": true,
      "regressor__n_estimators": 50,
      "regressor__learning_rate": 0.1,
      "regressor__minibatch_frac": 1,
      "regressor__col_sample": 1.0,
      "regressor__verbose": false,
      "transformer__memory": null,
      "transformer__verbose": false,
      "transformer__y scaler__copy": true,
      "transformer__y scaler__with_mean": true,
      "transformer__y scaler__with_std": true
    }
  },
  "13": {
    "fit_time": [
      2.788386821746826,
      2.7408993244171143,
      2.713040590286255,
      2.7305827140808105,
      2.868860960006714
    ],
    "score_time": [
      0.11863040924072266,
      0.1428680419921875,
      0.1131753921508789,
      0.10960936546325684,
      0.10871529579162598
    ],
    "test_r": [
      0.6846641447346845,
      0.9565667601238862,
      0.9821933328030082,
      0.9623189665585581,
      0.9134175313741968
    ],
    "test_r2": [
      0.18312771196660294,
      0.9067694360565625,
      0.9619773624263794,
      0.9200965207762348,
      0.8008281658924344
    ],
    "test_rmse": [
      -45.19692134508348,
      -44.84462770235161,
      -30.673827125854935,
      -34.67337113510213,
      -34.298960221210315
    ],
    "test_mae": [
      -22.631269161572813,
      -24.76515036353074,
      -18.423975865440898,
      -19.24268073753283,
      -21.530690074777585
    ],
    "best_params": {
      "check_inverse": true,
      "func": null,
      "inverse_func": null,
      "regressor__natural_gradient": true,
      "regressor__n_estimators": 128,
      "regressor__learning_rate": 0.0922460616943853,
      "regressor__minibatch_frac": 1,
      "regressor__col_sample": 1.0,
      "regressor__verbose": false,
      "transformer__memory": null,
      "transformer__verbose": false,
      "transformer__y scaler__copy": true,
      "transformer__y scaler__with_mean": true,
      "transformer__y scaler__with_std": true
    }
  },
  "42": {
    "fit_time": [
      54.17688059806824,
      48.8154137134552,
      47.72694444656372,
      50.630117893218994,
      53.58887529373169
    ],
    "score_time": [
      1.1274609565734863,
      1.3231780529022217,
      1.563476800918579,
      1.123805284500122,
      1.1073710918426514
    ],
    "test_r": [
      0.9579124051996104,
      0.8485630739943985,
      0.9398744538916519,
      0.9659162419717687,
      0.9025303961006018
    ],
    "test_r2": [
      0.9139910162317796,
      0.6941258620956346,
      0.8775005815485145,
      0.9313624979836144,
      0.7873802730273705
    ],
    "test_rmse": [
      -35.25451893403901,
      -41.09782835879798,
      -60.225862303363094,
      -34.39646525611418,
      -29.26640608618407
    ],
    "test_mae": [
      -21.106276906124457,
      -22.35616335515194,
      -27.5118044954579,
      -18.461940801076178,
      -15.68913254208582
    ],
    "best_params": {
      "check_inverse": true,
      "func": null,
      "inverse_func": null,
      "regressor__natural_gradient": true,
      "regressor__n_estimators": 2000,
      "regressor__learning_rate": 0.09474538392997257,
      "regressor__minibatch_frac": 1,
      "regressor__col_sample": 1.0,
      "regressor__verbose": false,
      "transformer__memory": null,
      "transformer__verbose": false,
      "transformer__y scaler__copy": true,
      "transformer__y scaler__with_mean": true,
      "transformer__y scaler__with_std": true
    }
  },
  "69": {
    "fit_time": [
      2.3628334999084473,
      2.6290512084960938,
      2.7828476428985596,
      2.7097902297973633,
      2.793684482574463
    ],
    "score_time": [
      0.12140583992004395,
      0.1186361312866211,
      0.11898207664489746,
      0.11765933036804199,
      0.1192007064819336
    ],
    "test_r": [
      0.980211120894388,
      0.8251065784114595,
      0.7222873967415705,
      0.8670705850620193,
      0.9740873893995422
    ],
    "test_r2": [
      0.9433516611385003,
      0.5303284656980116,
      0.315400081198397,
      0.7494867683641576,
      0.9463210000724137
    ],
    "test_rmse": [
      -32.740826134064235,
      -107.4057609008137,
      -51.571147340045904,
      -33.88148430768792,
      -31.10809195570836
    ],
    "test_mae": [
      -17.41580662744548,
      -38.930884366207025,
      -26.40000042335914,
      -18.256234829840785,
      -18.96679586725323
    ],
    "best_params": {
      "check_inverse": true,
      "func": null,
      "inverse_func": null,
      "regressor__natural_gradient": true,
      "regressor__n_estimators": 158,
      "regressor__learning_rate": 0.053961659266966305,
      "regressor__minibatch_frac": 1,
      "regressor__col_sample": 1.0,
      "regressor__verbose": false,
      "transformer__memory": null,
      "transformer__verbose": false,
      "transformer__y scaler__copy": true,
      "transformer__y scaler__with_mean": true,
      "transformer__y scaler__with_std": true
    }
  },
  "420": {
    "fit_time": [
      7.3936216831207275,
      7.739566802978516,
      8.120460987091064,
      9.080025911331177,
      8.812732219696045
    ],
    "score_time": [
      0.31630373001098633,
      0.26256275177001953,
      0.26944494247436523,
      0.2739231586456299,
      0.27651166915893555
    ],
    "test_r": [
      0.9146650796789423,
      0.9751125754511228,
      0.9452098023472439,
      0.8548907807074364,
      0.9783545430551813
    ],
    "test_r2": [
      0.8116540643748967,
      0.9473277932779897,
      0.8888988918006084,
      0.7306535780123833,
      0.9545661661335747
    ],
    "test_rmse": [
      -29.666291800544386,
      -36.65861764900017,
      -45.93177518117158,
      -39.00859944494691,
      -26.944198057706622
    ],
    "test_mae": [
      -16.587639839738248,
      -20.909314930180834,
      -24.454375243366446,
      -23.855271506413484,
      -15.26762849478983
    ],
    "best_params": {
      "check_inverse": true,
      "func": null,
      "inverse_func": null,
      "regressor__natural_gradient": true,
      "regressor__n_estimators": 423,
      "regressor__learning_rate": 0.02755873667222433,
      "regressor__minibatch_frac": 1,
      "regressor__col_sample": 1.0,
      "regressor__verbose": false,
      "transformer__memory": null,
      "transformer__verbose": false,
      "transformer__y scaler__copy": true,
      "transformer__y scaler__with_mean": true,
      "transformer__y scaler__with_std": true
    }
  },
  "1234567890": {
    "fit_time": [
      1.7284905910491943,
      1.5892295837402344,
      1.9427075386047363,
      1.9155681133270264,
      2.0986955165863037
    ],
    "score_time": [
      0.09495997428894043,
      0.09863018989562988,
      0.09495806694030762,
      0.09132981300354004,
      0.09674549102783203
    ],
    "test_r": [
      0.8702322245449856,
      0.9590959379223568,
      0.9459277101937986,
      0.9620568967030245,
      0.9324517987602225
    ],