{
  "6": {
    "fit_time": [
      0.18227410316467285,
      0.18638062477111816,
      0.2734224796295166,
      0.2939493656158447,
      0.3003230094909668
    ],
    "score_time": [
      0.0497431755065918,
      0.0428776741027832,
      0.0492095947265625,
      0.04286050796508789,
      0.04653429985046387
    ],
    "test_r": [
      0.36583002041361246,
      0.4343548695872765,
      0.5313477960907359,
      0.561365567165062,
      0.5362663412847533
    ],
    "test_r2": [
      0.05830816510921666,
      0.14217275185024825,
      -0.016994943306523513,
      0.15543926525898266,
      0.1934653717003043
    ],
    "test_rmse": [
      -160.17674162114497,
      -110.85948614480569,
      -62.133579352477945,
      -126.6192242588347,
      -62.49578211887975
    ],
    "test_mae": [
      -72.30350540652545,
      -57.459688013211185,
      -51.149465931730504,
      -65.5619865829177,
      -51.80127410389361
    ],
    "best_params": {
      "check_inverse": true,
      "func": null,
      "inverse_func": null,
      "regressor__bootstrap": true,
      "regressor__ccp_alpha": 0.0,
      "regressor__criterion": "squared_error",
      "regressor__max_depth": null,
      "regressor__max_features": "sqrt",
      "regressor__max_leaf_nodes": null,
      "regressor__max_samples": null,
      "regressor__min_impurity_decrease": 0.0,
      "regressor__min_samples_leaf": 0.052890930629940394,
      "regressor__min_samples_split": 0.06768766633928626,
      "regressor__min_weight_fraction_leaf": 0.0,
      "regressor__monotonic_cst": null,
      "regressor__n_estimators": 107,
      "regressor__n_jobs": null,
      "regressor__oob_score": false,
      "regressor__random_state": null,
      "regressor__verbose": 0,
      "regressor__warm_start": false,
      "transformer__memory": null,
      "transformer__verbose": false,
      "transformer__y scaler__copy": true,
      "transformer__y scaler__with_mean": true,
      "transformer__y scaler__with_std": true
    }
  },
  "13": {
    "fit_time": [
      0.19729328155517578,
      0.22772932052612305,
      0.1953427791595459,
      0.2313249111175537,
      0.10939526557922363
    ],
    "score_time": [
      0.03928375244140625,
      0.036196231842041016,
      0.03848075866699219,
      0.03961443901062012,
      0.03612112998962402
    ],
    "test_r": [
      0.5689406301888398,
      0.48340343759229626,
      0.3608268521713389,
      0.39407233951780885,
      0.4930748844474071
    ],
    "test_r2": [
      -0.24563325090746568,
      0.08167193687130547,
      0.09280148177278846,
      0.11746525457377688,
      0.2217458502075449
    ],
    "test_rmse": [
      -55.811907790795495,
      -140.74409904361477,
      -149.82973512032922,
      -115.23359988870946,
      -67.7996911865466
    ],
    "test_mae": [
      -49.02960916623254,
      -77.04370792855201,
      -64.02056847301756,
      -56.31180758196503,
      -55.68069523685091
    ],
    "best_params": {
      "check_inverse": true,
      "func": null,
      "inverse_func": null,
      "regressor__bootstrap": true,
      "regressor__ccp_alpha": 0.0,
      "regressor__criterion": "squared_error",
      "regressor__max_depth": null,
      "regressor__max_features": "sqrt",
      "regressor__max_leaf_nodes": null,
      "regressor__max_samples": null,
      "regressor__min_impurity_decrease": 0.0,
      "regressor__min_samples_leaf": 0.052192179490953554,
      "regressor__min_samples_split": 0.13331676731578798,
      "regressor__min_weight_fraction_leaf": 0.0,
      "regressor__monotonic_cst": null,
      "regressor__n_estimators": 53,
      "regressor__n_jobs": null,
      "regressor__oob_score": false,
      "regressor__random_state": null,
      "regressor__verbose": 0,
      "regressor__warm_start": false,
      "transformer__memory": null,
      "transformer__verbose": false,
      "transformer__y scaler__copy": true,
      "transformer__y scaler__with_mean": true,
      "transformer__y scaler__with_std": true
    }
  },
  "42": {
    "fit_time": [
      0.3128073215484619,
      0.2513606548309326,
      0.22655510902404785,
      0.37287449836730957,
      0.36942386627197266
    ],
    "score_time": [
      0.04326295852661133,
      0.044403076171875,
      0.05068254470825195,
      0.03606581687927246,
      0.04300260543823242
    ],
    "test_r": [
      0.4587054327875401,
      0.45326816317703544,
      0.24839551302420487,
      0.5253254343212903,
      0.5849375904350077
    ],
    "test_r2": [
      0.14649106103419895,
      0.14645817667129157,
      0.0540823473784483,
      0.15948870967858642,
      0.23608151204756456
    ],
    "test_rmse": [
      -111.05725164013147,
      -68.65305978799634,
      -167.35653616579933,
      -120.36628475844672,
      -55.47421005465663
    ],
    "test_mae": [
      -54.635580881233224,
      -54.92169865981187,
      -75.37539262105679,
      -67.19828131004846,
      -46.28908254365948
    ],
    "best_params": {
      "check_inverse": true,
      "func": null,
      "inverse_func": null,
      "regressor__bootstrap": true,
      "regressor__ccp_alpha": 0.0,
      "regressor__criterion": "squared_error",
      "regressor__max_depth": null,
      "regressor__max_features": "sqrt",
      "regressor__max_leaf_nodes": null,
      "regressor__max_samples": null,
      "regressor__min_impurity_decrease": 0.0,
      "regressor__min_samples_leaf": 0.0512890124118011,
      "regressor__min_samples_split": 0.07195306149839635,
      "regressor__min_weight_fraction_leaf": 0.0,
      "regressor__monotonic_cst": null,
      "regressor__n_estimators": 151,
      "regressor__n_jobs": null,
      "regressor__oob_score": false,
      "regressor__random_state": null,
      "regressor__verbose": 0,
      "regressor__warm_start": false,
      "transformer__memory": null,
      "transformer__verbose": false,
      "transformer__y scaler__copy": true,
      "transformer__y scaler__with_mean": true,
      "transformer__y scaler__with_std": true
    }
  },
  "69": {
    "fit_time": [
      0.18189454078674316,
      0.11518096923828125,
      0.1711864471435547,
      0.2150733470916748,
      0.20164799690246582
    ],
    "score_time": [
      0.03940701484680176,
      0.043181657791137695,
      0.03653717041015625,
      0.037610769271850586,
      0.037473201751708984
    ],
    "test_r": [
      0.49611085225190266,
      0.3132888879887626,
      0.5995494920420092,
      0.5309860530804058,
      0.4163087049450975
    ],
    "test_r2": [
      0.15358632803616135,
      0.07047332817023155,
      0.10924396156264093,
      0.2164852010681949,
      0.12027611402089644
    ],
    "test_rmse": [
      -126.55735184794455,
      -151.09892843475657,
      -58.82578881444033,
      -59.919846920187155,
      -125.93439438679985
    ],
    "test_mae": [
      -61.181235620801004,
      -72.93599152126532,
      -50.39326465998656,
      -49.06630846374539,
      -69.1064059282473
    ],
    "best_params": {
      "check_inverse": true,
      "func": null,
      "inverse_func": null,
      "regressor__bootstrap": true,
      "regressor__ccp_alpha": 0.0,
      "regressor__criterion": "squared_error",
      "regressor__max_depth": null,
      "regressor__max_features": "sqrt",
      "regressor__max_leaf_nodes": null,
      "regressor__max_samples": null,
      "regressor__min_impurity_decrease": 0.0,
      "regressor__min_samples_leaf": 0.05,
      "regressor__min_samples_split": 0.05,
      "regressor__min_weight_fraction_leaf": 0.0,
      "regressor__monotonic_cst": null,
      "regressor__n_estimators": 50,
      "regressor__n_jobs": null,
      "regressor__oob_score": false,
      "regressor__random_state": null,
      "regressor__verbose": 0,
      "regressor__warm_start": false,
      "transformer__memory": null,
      "transformer__verbose": false,
      "transformer__y scaler__copy": true,
      "transformer__y scaler__with_mean": true,