{
  "6": {
    "fit_time": [
      10.202855825424194,
      9.733867406845093,
      9.247915506362915,
      9.2998046875,
      10.122367143630981
    ],
    "score_time": [
      0.23136377334594727,
      0.23566222190856934,
      0.234466552734375,
      0.23943567276000977,
      0.24080324172973633
    ],
    "test_r": [
      0.555348720598131,
      0.47654238169277907,
      0.5125437829288065,
      0.8472500792428186,
      0.8815728194724637
    ],
    "test_r2": [
      0.27923559182158764,
      0.10371064951215991,
      0.20783214950620832,
      0.7090011933650633,
      0.7410805889976735
    ],
    "test_rmse": [
      -0.6675270776521924,
      -0.8595360736926366,
      -0.3962698260541575,
      -0.2808165891507224,
      -0.3164221825517858
    ],
    "test_mae": [
      -0.4585923767815052,
      -0.5466631624374411,
      -0.301942558413783,
      -0.19640412288896017,
      -0.23458074416025484
    ],
    "best_params": {
      "check_inverse": true,
      "func": null,
      "inverse_func": null,
      "regressor__objective": "reg:squarederror",
      "regressor__base_score": null,
      "regressor__booster": null,
      "regressor__callbacks": null,
      "regressor__colsample_bylevel": null,
      "regressor__colsample_bynode": null,
      "regressor__colsample_bytree": null,
      "regressor__device": null,
      "regressor__early_stopping_rounds": null,
      "regressor__enable_categorical": false,
      "regressor__eval_metric": null,
      "regressor__feature_types": null,
      "regressor__gamma": null,
      "regressor__grow_policy": null,
      "regressor__importance_type": null,
      "regressor__interaction_constraints": null,
      "regressor__learning_rate": 0.002052536928238233,
      "regressor__max_bin": null,
      "regressor__max_cat_threshold": null,
      "regressor__max_cat_to_onehot": null,
      "regressor__max_delta_step": null,
      "regressor__max_depth": 10,
      "regressor__max_leaves": null,
      "regressor__min_child_weight": null,
      "regressor__missing": NaN,
      "regressor__monotone_constraints": null,
      "regressor__multi_strategy": null,
      "regressor__n_estimators": 1042,
      "regressor__n_jobs": -2,
      "regressor__num_parallel_tree": null,
      "regressor__random_state": null,
      "regressor__reg_alpha": null,
      "regressor__reg_lambda": null,
      "regressor__sampling_method": null,
      "regressor__scale_pos_weight": null,
      "regressor__subsample": null,
      "regressor__tree_method": null,
      "regressor__validate_parameters": null,
      "regressor__verbosity": null,
      "transformer__memory": null,
      "transformer__verbose": false,
      "transformer__y scaler": null
    }
  },
  "13": {
    "fit_time": [
      11.825672626495361,
      13.034435510635376,
      11.721079349517822,
      11.83674693107605,
      13.008681535720825
    ],
    "score_time": [
      0.3471829891204834,
      0.3222336769104004,
      0.23429369926452637,
      0.21976757049560547,
      0.4540882110595703
    ],
    "test_r": [
      0.8953661918880377,
      0.28502156843034526,
      0.44714671953274043,
      0.6107457432566012,
      0.8727738500789894
    ],
    "test_r2": [
      0.6797568395118467,
      -0.0037098906584844826,
      0.017567064367503327,
      0.3170341349354623,
      0.7320666584845844
    ],
    "test_rmse": [
      -0.44327977883880604,
      -0.8651781031538979,
      -0.5790751372806853,
      -0.4484117671200288,
      -0.3190681826876074
    ],
    "test_mae": [
      -0.3147390110886968,
      -0.5235849883940263,
      -0.44788491323050383,
      -0.3413996086752785,
      -0.24347155146150037
    ],
    "best_params": {
      "check_inverse": true,
      "func": null,
      "inverse_func": null,
      "regressor__objective": "reg:squarederror",
      "regressor__base_score": null,
      "regressor__booster": null,
      "regressor__callbacks": null,
      "regressor__colsample_bylevel": null,
      "regressor__colsample_bynode": null,
      "regressor__colsample_bytree": null,
      "regressor__device": null,
      "regressor__early_stopping_rounds": null,
      "regressor__enable_categorical": false,
      "regressor__eval_metric": null,
      "regressor__feature_types": null,
      "regressor__gamma": null,
      "regressor__grow_policy": null,
      "regressor__importance_type": null,
      "regressor__interaction_constraints": null,
      "regressor__learning_rate": 0.0010405227242450204,
      "regressor__max_bin": null,
      "regressor__max_cat_threshold": null,
      "regressor__max_cat_to_onehot": null,
      "regressor__max_delta_step": null,
      "regressor__max_depth": 10000,
      "regressor__max_leaves": null,
      "regressor__min_child_weight": null,
      "regressor__missing": NaN,
      "regressor__monotone_constraints": null,
      "regressor__multi_strategy": null,
      "regressor__n_estimators": 1478,
      "regressor__n_jobs": -2,
      "regressor__num_parallel_tree": null,
      "regressor__random_state": null,
      "regressor__reg_alpha": null,
      "regressor__reg_lambda": null,
      "regressor__sampling_method": null,
      "regressor__scale_pos_weight": null,
      "regressor__subsample": null,
      "regressor__tree_method": null,
      "regressor__validate_parameters": null,
      "regressor__verbosity": null,
      "transformer__memory": null,
      "transformer__verbose": false,
      "transformer__y scaler": null
    }
  },
  "42": {
    "fit_time": [
      1.5724036693572998,
      1.774416446685791,
      1.8429954051971436,
      1.5844223499298096,
      1.8926763534545898
    ],
    "score_time": [
      0.232619047164917,
      0.24139785766601562,
      0.23632574081420898,
      0.30547356605529785,
      0.23771953582763672
    ],
    "test_r": [
      0.2972555404916633,
      0.9008147209787437,
      0.8524160117660974,
      0.514593119459655,
      0.8677585685604309
    ],
    "test_r2": [
      0.030269480483023914,
      0.7704503772245334,
      0.6545265875084698,
      -0.17027845016633325,
      0.6358051150324102
    ],
    "test_rmse": [
      -0.8229758223524403,
      -0.3098123267199485,
      -0.3753452330578139,
      -0.6235735572213705,
      -0.43825235384309796
    ],
    "test_mae": [
      -0.501528603510472,
      -0.247631847699439,
      -0.2939830958449645,
      -0.42912649631675814,
      -0.28495406258645267
    ],
    "best_params": {
      "check_inverse": true,
      "func": null,
      "inverse_func": null,
      "regressor__objective": "reg:squarederror",
      "regressor__base_score": null,
      "regressor__booster": null,
      "regressor__callbacks": null,
      "regressor__colsample_bylevel": null,
      "regressor__colsample_bynode": null,
      "regressor__colsample_bytree": null,
      "regressor__device": null,
      "regressor__early_stopping_rounds": null,
      "regressor__enable_categorical": false,
      "regressor__eval_metric": null,
      "regressor__feature_types": null,
      "regressor__gamma": null,
      "regressor__grow_policy": null,
      "regressor__importance_type": null,
      "regressor__interaction_constraints": null,
      "regressor__learning_rate": 0.009095841409481551,
      "regressor__max_bin": null,
      "regressor__max_cat_threshold": null,
      "regressor__max_cat_to_onehot": null,
      "regressor__max_delta_step": null,
      "regressor__max_depth": 10000,
      "regressor__max_leaves": null,
      "regressor__min_child_weight": null,
      "regressor__missing": NaN,
      "regressor__monotone_constraints": null,
      "regressor__multi_strategy": null,
      "regressor__n_estimators": 168,
      "regressor__n_jobs": -2,
      "regressor__num_parallel_tree": null,
      "regressor__random_state": null,
      "regressor__reg_alpha": null,
      "regressor__reg_lambda": null,
      "regressor__sampling_method": null,
      "regressor__scale_pos_weight": null,
      "regressor__subsample": null,