{
  "6": {
    "fit_time": [
      1.9678258895874023,
      2.158863067626953,
      1.956618070602417,
      2.151702880859375,
      1.9922521114349365
    ],
    "score_time": [
      0.08028936386108398,
      0.09588479995727539,
      0.07904863357543945,
      0.08647608757019043,
      0.0835428237915039
    ],
    "test_r": [
      0.6577365656868739,
      0.4347099534406878,
      0.7191568565994594,
      0.7323278349839272,
      0.42355526641848434
    ],
    "test_r2": [
      0.1606240984107956,
      0.1618639028822989,
      0.4902603978075625,
      0.28694711015561647,
      0.034405682924423364
    ],
    "test_rmse": [
      -4.823302101975635,
      -7.039658635571864,
      -5.919759332148702,
      -5.0036306519406235,
      -26.824056231643134
    ],
    "test_mae": [
      -3.685573624654872,
      -4.314813045016961,
      -3.7221650916288973,
      -3.7762403500264705,
      -9.794881566895102
    ],
    "best_params": {
      "check_inverse": true,
      "func": null,
      "inverse_func": null,
      "regressor__bootstrap": true,
      "regressor__ccp_alpha": 0.0,
      "regressor__criterion": "squared_error",
      "regressor__max_depth": null,
      "regressor__max_features": "sqrt",
      "regressor__max_leaf_nodes": null,
      "regressor__max_samples": null,
      "regressor__min_impurity_decrease": 0.0,
      "regressor__min_samples_leaf": 0.05,
      "regressor__min_samples_split": 0.07139675754995652,
      "regressor__min_weight_fraction_leaf": 0.0,
      "regressor__monotonic_cst": null,
      "regressor__n_estimators": 2000,
      "regressor__n_jobs": null,
      "regressor__oob_score": false,
      "regressor__random_state": null,
      "regressor__verbose": 0,
      "regressor__warm_start": false,
      "transformer__memory": null,
      "transformer__verbose": false,
      "transformer__y scaler__copy": true,
      "transformer__y scaler__with_mean": true,
      "transformer__y scaler__with_std": true
    }
  },
  "13": {
    "fit_time": [
      1.967069387435913,
      2.0198235511779785,
      1.9520549774169922,
      1.9908294677734375,
      1.9696588516235352
    ],
    "score_time": [
      0.08088850975036621,
      0.08858466148376465,
      0.07983517646789551,
      0.08344411849975586,
      0.08377599716186523
    ],
    "test_r": [
      0.7271849096104023,
      0.6869379023007333,
      0.5888199500793263,
      0.3959360016979233,
      0.5552146930963991
    ],
    "test_r2": [
      0.2440323265758786,
      0.45413001268251707,
      0.3429725402531375,
      0.05054204737721413,
      0.29041851553639986
    ],
    "test_rmse": [
      -5.002365253114164,
      -5.788765402926561,
      -6.524801540240227,
      -26.17307917934259,
      -6.952176686744763
    ],
    "test_mae": [
      -3.9125451182762325,
      -3.601789094244008,
      -4.338693935360868,
      -8.638120435663655,
      -4.375014365531649
    ],
    "best_params": {
      "check_inverse": true,
      "func": null,
      "inverse_func": null,
      "regressor__bootstrap": true,
      "regressor__ccp_alpha": 0.0,
      "regressor__criterion": "squared_error",
      "regressor__max_depth": null,
      "regressor__max_features": "sqrt",
      "regressor__max_leaf_nodes": null,
      "regressor__max_samples": null,
      "regressor__min_impurity_decrease": 0.0,
      "regressor__min_samples_leaf": 0.05,
      "regressor__min_samples_split": 0.05,
      "regressor__min_weight_fraction_leaf": 0.0,
      "regressor__monotonic_cst": null,
      "regressor__n_estimators": 2000,
      "regressor__n_jobs": null,
      "regressor__oob_score": false,
      "regressor__random_state": null,
      "regressor__verbose": 0,
      "regressor__warm_start": false,
      "transformer__memory": null,
      "transformer__verbose": false,
      "transformer__y scaler__copy": true,
      "transformer__y scaler__with_mean": true,
      "transformer__y scaler__with_std": true
    }
  },
  "42": {
    "fit_time": [
      0.08087515830993652,
      0.07108545303344727,
      0.07423996925354004,
      0.06617426872253418,
      0.07513260841369629
    ],
    "score_time": [
      0.020434856414794922,
      0.019886255264282227,
      0.019016504287719727,
      0.019122600555419922,
      0.0197293758392334
    ],
    "test_r": [
      0.5352881523196047,
      0.6861781784131892,
      0.6026496381034971,
      0.6932291277577326,
      0.554249645440814
    ],
    "test_r2": [
      0.1927714111764427,
      0.42109620671228953,
      0.17416349140053833,
      0.4588970100953079,
      0.3007852160020773
    ],
    "test_rmse": [
      -17.018238203428666,
      -5.9953647302669015,
      -18.826357191096875,
      -5.582458155962775,
      -6.259221180159387
    ],
    "test_mae": [
      -5.276580859893333,
      -4.571523671909446,
      -6.31087827207306,
      -4.054760892614438,
      -4.041095873842969
    ],
    "best_params": {
      "check_inverse": true,
      "func": null,
      "inverse_func": null,
      "regressor__bootstrap": true,
      "regressor__ccp_alpha": 0.0,
      "regressor__criterion": "squared_error",
      "regressor__max_depth": null,
      "regressor__max_features": "sqrt",
      "regressor__max_leaf_nodes": null,
      "regressor__max_samples": null,
      "regressor__min_impurity_decrease": 0.0,
      "regressor__min_samples_leaf": 0.05,
      "regressor__min_samples_split": 0.05,
      "regressor__min_weight_fraction_leaf": 0.0,
      "regressor__monotonic_cst": null,
      "regressor__n_estimators": 50,
      "regressor__n_jobs": null,
      "regressor__oob_score": false,
      "regressor__random_state": null,
      "regressor__verbose": 0,
      "regressor__warm_start": false,
      "transformer__memory": null,
      "transformer__verbose": false,
      "transformer__y scaler__copy": true,
      "transformer__y scaler__with_mean": true,
      "transformer__y scaler__with_std": true
    }
  },
  "69": {
    "fit_time": [
      2.006882905960083,
      1.9767670631408691,
      2.0056204795837402,
      1.9988477230072021,
      1.967087745666504
    ],
    "score_time": [
      0.08580970764160156,
      0.08035397529602051,
      0.08194518089294434,
      0.08588671684265137,
      0.08061075210571289
    ],
    "test_r": [
      0.6822335138522158,
      0.5790065354605274,
      0.5612604846644215,
      0.6653457506294416,
      0.5213477996587111
    ],
    "test_r2": [
      0.4311984271776307,
      0.16067017228518488,
      0.21158955253681833,
      0.35573084572871183,
      0.18447901771554664
    ],
    "test_rmse": [
      -6.8976776364201156,
      -18.403284316059768,
      -17.338546994665155,
      -4.0989971289852525,
      -7.033663017384517
    ],
    "test_mae": [
      -4.474541978224036,
      -6.705193602082069,
      -5.930515602686138,
      -3.0303551678937475,
      -4.563970164603922
    ],
    "best_params": {
      "check_inverse": true,
      "func": null,
      "inverse_func": null,
      "regressor__bootstrap": true,
      "regressor__ccp_alpha": 0.0,
      "regressor__criterion": "squared_error",
      "regressor__max_depth": null,
      "regressor__max_features": "sqrt",
      "regressor__max_leaf_nodes": null,
      "regressor__max_samples": null,
      "regressor__min_impurity_decrease": 0.0,
      "regressor__min_samples_leaf": 0.05,
      "regressor__min_samples_split": 0.05,
      "regressor__min_weight_fraction_leaf": 0.0,
      "regressor__monotonic_cst": null,
      "regressor__n_estimators": 2000,
      "regressor__n_jobs": null,
      "regressor__oob_score": false,
      "regressor__random_state": null,
      "regressor__verbose": 0,
      "regressor__warm_start": false,
      "transformer__memory": null,
      "transformer__verbose": false,
      "transformer__y scaler__copy": true,
      "transformer__y scaler__with_mean": true,
      "transformer__y scaler__with_std": true
    }
  },