{
  "6": {
    "fit_time": [
      0.12442588806152344,
      0.11485910415649414,
      0.12180972099304199,
      0.12208056449890137,
      0.1190786361694336
    ],
    "score_time": [
      0.015312671661376953,
      0.014865875244140625,
      0.014864683151245117,
      0.01491999626159668,
      0.014914989471435547
    ],
    "test_r": [
      0.6839925103895165,
      0.46730039211511837,
      0.6996460386613881,
      0.7563758856936209,
      0.34975221328442
    ],
    "test_r2": [
      0.04617780280920969,
      0.19436058861796224,
      0.4705712289098758,
      0.29210868630218156,
      0.021733352344875168
    ],
    "test_rmse": [
      -5.1416194358405685,
      -6.901836692784937,
      -6.033004265459644,
      -4.9854878684887645,
      -26.999500144242496
    ],
    "test_mae": [
      -3.8333250928956324,
      -4.159553576107114,
      -3.7485044647758374,
      -3.635867691173001,
      -9.691396362957889
    ],
    "best_params": {
      "check_inverse": true,
      "func": null,
      "inverse_func": null,
      "regressor__bootstrap": true,
      "regressor__ccp_alpha": 0.0,
      "regressor__criterion": "squared_error",
      "regressor__max_depth": null,
      "regressor__max_features": "sqrt",
      "regressor__max_leaf_nodes": null,
      "regressor__max_samples": null,
      "regressor__min_impurity_decrease": 0.0,
      "regressor__min_samples_leaf": 0.053140745281087566,
      "regressor__min_samples_split": 0.11926836555376329,
      "regressor__min_weight_fraction_leaf": 0.0,
      "regressor__monotonic_cst": null,
      "regressor__n_estimators": 95,
      "regressor__n_jobs": null,
      "regressor__oob_score": false,
      "regressor__random_state": null,
      "regressor__verbose": 0,
      "regressor__warm_start": false,
      "transformer__memory": null,
      "transformer__verbose": false,
      "transformer__y scaler__copy": true,
      "transformer__y scaler__with_mean": true,
      "transformer__y scaler__with_std": true
    }
  },
  "13": {
    "fit_time": [
      0.07415771484375,
      0.0679473876953125,
      0.07269978523254395,
      0.06772017478942871,
      0.07259368896484375
    ],
    "score_time": [
      0.013370752334594727,
      0.014678478240966797,
      0.013384580612182617,
      0.013184309005737305,
      0.01336669921875
    ],
    "test_r": [
      0.8115733984298402,
      0.6718223505909283,
      0.5719316551204097,
      0.3556560235196239,
      0.6223824940721215
    ],
    "test_r2": [
      0.35792731313168435,
      0.44759936952020785,
      0.2931243312954841,
      0.050226634464452746,
      0.3696885375043464
    ],
    "test_rmse": [
      -4.610158793835118,
      -5.823290072812448,
      -6.767792935900832,
      -26.177426207886374,
      -6.552352694003231
    ],
    "test_mae": [
      -3.6144142984377843,
      -3.6582176901041277,
      -4.5813965836083845,
      -8.49916123367852,
      -4.090194472286674
    ],
    "best_params": {
      "check_inverse": true,
      "func": null,
      "inverse_func": null,
      "regressor__bootstrap": true,
      "regressor__ccp_alpha": 0.0,
      "regressor__criterion": "squared_error",
      "regressor__max_depth": null,
      "regressor__max_features": "sqrt",
      "regressor__max_leaf_nodes": null,
      "regressor__max_samples": null,
      "regressor__min_impurity_decrease": 0.0,
      "regressor__min_samples_leaf": 0.05,
      "regressor__min_samples_split": 0.09287148771802381,
      "regressor__min_weight_fraction_leaf": 0.0,
      "regressor__monotonic_cst": null,
      "regressor__n_estimators": 50,
      "regressor__n_jobs": null,
      "regressor__oob_score": false,
      "regressor__random_state": null,
      "regressor__verbose": 0,
      "regressor__warm_start": false,
      "transformer__memory": null,
      "transformer__verbose": false,
      "transformer__y scaler__copy": true,
      "transformer__y scaler__with_mean": true,
      "transformer__y scaler__with_std": true
    }
  },
  "42": {
    "fit_time": [
      0.07286190986633301,
      0.07270526885986328,
      0.06653976440429688,
      0.07371783256530762,
      0.06808280944824219
    ],
    "score_time": [
      0.01318359375,
      0.013328313827514648,
      0.013400554656982422,
      0.013498544692993164,
      0.013212203979492188
    ],
    "test_r": [
      0.5444639295273149,
      0.6454107748337008,
      0.5679003229068824,
      0.6743104828711965,
      0.6800395130590027
    ],
    "test_r2": [
      0.1905905370162706,
      0.3324064555448947,
      0.19261843416163482,
      0.43819086028912013,
      0.454772571137658
    ],
    "test_rmse": [
      -17.04121162278713,
      -6.438259469433172,
      -18.614812659671944,
      -5.688266165323069,
      -5.527183015305393
    ],
    "test_mae": [
      -4.776489974961458,
      -4.817480263932789,
      -6.258166649386902,
      -4.131401637213571,
      -3.611972724018856
    ],
    "best_params": {
      "check_inverse": true,
      "func": null,
      "inverse_func": null,
      "regressor__bootstrap": true,
      "regressor__ccp_alpha": 0.0,
      "regressor__criterion": "squared_error",
      "regressor__max_depth": null,
      "regressor__max_features": "sqrt",
      "regressor__max_leaf_nodes": null,
      "regressor__max_samples": null,
      "regressor__min_impurity_decrease": 0.0,
      "regressor__min_samples_leaf": 0.05,
      "regressor__min_samples_split": 0.05,
      "regressor__min_weight_fraction_leaf": 0.0,
      "regressor__monotonic_cst": null,
      "regressor__n_estimators": 50,
      "regressor__n_jobs": null,
      "regressor__oob_score": false,
      "regressor__random_state": null,
      "regressor__verbose": 0,
      "regressor__warm_start": false,
      "transformer__memory": null,
      "transformer__verbose": false,
      "transformer__y scaler__copy": true,
      "transformer__y scaler__with_mean": true,
      "transformer__y scaler__with_std": true
    }
  },
  "69": {
    "fit_time": [
      2.241532564163208,
      2.228644371032715,
      2.225355863571167,
      2.2981700897216797,
      2.2489640712738037
    ],
    "score_time": [
      0.08944344520568848,
      0.09015250205993652,
      0.09032702445983887,
      0.08930706977844238,
      0.09009647369384766
    ],
    "test_r": [
      0.7183589703297449,
      0.5672021186513962,
      0.577978902460743,
      0.6993571870645289,
      0.5702195809281569
    ],
    "test_r2": [
      0.49341382851059257,
      0.17786058642385716,
      0.2358907941253603,
      0.38114308373697137,
      0.23298938829619587
    ],
    "test_rmse": [
      -6.509522982385368,
      -18.21384940969767,
      -17.069241801391716,
      -4.0173444407075785,
      -6.821261108219693
    ],
    "test_mae": [
      -3.8851210832148126,
      -6.729777604469728,
      -5.760071242362086,
      -3.0561974848718414,
      -4.369662483979697
    ],
    "best_params": {
      "check_inverse": true,
      "func": null,
      "inverse_func": null,
      "regressor__bootstrap": true,
      "regressor__ccp_alpha": 0.0,
      "regressor__criterion": "squared_error",
      "regressor__max_depth": null,
      "regressor__max_features": "sqrt",
      "regressor__max_leaf_nodes": null,
      "regressor__max_samples": null,
      "regressor__min_impurity_decrease": 0.0,
      "regressor__min_samples_leaf": 0.05,
      "regressor__min_samples_split": 0.07826614548624676,
      "regressor__min_weight_fraction_leaf": 0.0,
      "regressor__monotonic_cst": null,
      "regressor__n_estimators": 2000,
      "regressor__n_jobs": null,
      "regressor__oob_score": false,
      "regressor__random_state": null,
      "regressor__verbose": 0,
      "regressor__warm_start": false,
      "transformer__memory": null,
      "transformer__verbose": false,
      "transformer__y scaler__copy": true,
      "transformer__y scaler__with_mean": true,
      "transformer__y scaler__with_std": true
    }
  },