{
  "6": {
    "fit_time": [
      0.10632920265197754,
      0.1073765754699707,
      0.10539722442626953,
      0.09858894348144531,
      0.10640549659729004
    ],
    "score_time": [
      0.03452634811401367,
      0.03374814987182617,
      0.0337522029876709,
      0.03362846374511719,
      0.033495187759399414
    ],
    "test_r": [
      0.6040981714417563,
      0.37848983544835824,
      0.6233340903418908,
      0.6921326635346458,
      0.3909692000356063
    ],
    "test_r2": [
      0.10656290354391151,
      0.11735442816958275,
      0.3519722882537847,
      0.2525206821467715,
      0.013633324616641573
    ],
    "test_rmse": [
      -4.976204349521142,
      -7.224162404536581,
      -6.674621638177495,
      -5.122995359102885,
      -27.111047371079977
    ],
    "test_mae": [
      -4.244874088681406,
      -4.8582006985995045,
      -4.224460796754482,
      -4.202497755214739,
      -9.98908474820229
    ],
    "best_params": {
      "check_inverse": true,
      "func": null,
      "inverse_func": null,
      "regressor__bootstrap": true,
      "regressor__ccp_alpha": 0.0,
      "regressor__criterion": "squared_error",
      "regressor__max_depth": null,
      "regressor__max_features": "sqrt",
      "regressor__max_leaf_nodes": null,
      "regressor__max_samples": null,
      "regressor__min_impurity_decrease": 0.0,
      "regressor__min_samples_leaf": 0.05,
      "regressor__min_samples_split": 0.11084156382525795,
      "regressor__min_weight_fraction_leaf": 0.0,
      "regressor__monotonic_cst": null,
      "regressor__n_estimators": 50,
      "regressor__n_jobs": null,
      "regressor__oob_score": false,
      "regressor__random_state": null,
      "regressor__verbose": 0,
      "regressor__warm_start": false,
      "transformer__memory": null,
      "transformer__verbose": false,
      "transformer__y scaler__copy": true,
      "transformer__y scaler__with_mean": true,
      "transformer__y scaler__with_std": true
    }
  },
  "13": {
    "fit_time": [
      2.6112558841705322,
      2.5854456424713135,
      2.528531551361084,
      2.544429302215576,
      2.503718376159668
    ],
    "score_time": [
      0.11111760139465332,
      0.1098473072052002,
      0.10821843147277832,
      0.10951113700866699,
      0.10882091522216797
    ],
    "test_r": [
      0.6603337493611248,
      0.6079630684352801,
      0.5477876398234776,
      0.32708572830354943,
      0.5350675935402783
    ],
    "test_r2": [
      0.15238473029924948,
      0.34935203437810836,
      0.28546959428949736,
      0.022951432770099922,
      0.27058654043450314
    ],
    "test_rmse": [
      -5.2969170588743415,
      -6.319960723171522,
      -6.804338385866084,
      -26.550641999880128,
      -7.048659800818919
    ],
    "test_mae": [
      -4.439772155548466,
      -4.088227862452257,
      -5.029511059470223,
      -8.780438247085199,
      -4.7145725446608315
    ],
    "best_params": {
      "check_inverse": true,
      "func": null,
      "inverse_func": null,
      "regressor__bootstrap": true,
      "regressor__ccp_alpha": 0.0,
      "regressor__criterion": "squared_error",
      "regressor__max_depth": null,
      "regressor__max_features": "sqrt",
      "regressor__max_leaf_nodes": null,
      "regressor__max_samples": null,
      "regressor__min_impurity_decrease": 0.0,
      "regressor__min_samples_leaf": 0.05,
      "regressor__min_samples_split": 0.05,
      "regressor__min_weight_fraction_leaf": 0.0,
      "regressor__monotonic_cst": null,
      "regressor__n_estimators": 2000,
      "regressor__n_jobs": null,
      "regressor__oob_score": false,
      "regressor__random_state": null,
      "regressor__verbose": 0,
      "regressor__warm_start": false,
      "transformer__memory": null,
      "transformer__verbose": false,
      "transformer__y scaler__copy": true,
      "transformer__y scaler__with_mean": true,
      "transformer__y scaler__with_std": true
    }
  },
  "42": {
    "fit_time": [
      0.17708778381347656,
      0.17525410652160645,
      0.1743640899658203,
      0.17706680297851562,
      0.17776107788085938
    ],
    "score_time": [
      0.03683900833129883,
      0.036963462829589844,
      0.03599977493286133,
      0.0363309383392334,
      0.036893606185913086
    ],
    "test_r": [
      0.4391288008277044,
      0.5535338350378585,
      0.5006179561480639,
      0.5642858737556686,
      0.42093860403889966
    ],
    "test_r2": [
      0.13031834614487314,
      0.285902932154104,
      0.08429083924432867,
      0.2774270652798124,
      0.1636709756528928
    ],
    "test_rmse": [
      -17.66430216872095,
      -6.658724336344508,
      -19.824307912751987,
      -6.450989792993402,
      -6.845474889043478
    ],
    "test_mae": [
      -5.739134471837731,
      -5.195745766801679,
      -7.094418560810987,
      -4.921568166217115,
      -4.5800897739323965
    ],
    "best_params": {
      "check_inverse": true,
      "func": null,
      "inverse_func": null,
      "regressor__bootstrap": true,
      "regressor__ccp_alpha": 0.0,
      "regressor__criterion": "squared_error",
      "regressor__max_depth": null,
      "regressor__max_features": "sqrt",
      "regressor__max_leaf_nodes": null,
      "regressor__max_samples": null,
      "regressor__min_impurity_decrease": 0.0,
      "regressor__min_samples_leaf": 0.05120922553538724,
      "regressor__min_samples_split": 0.07495390795298933,
      "regressor__min_weight_fraction_leaf": 0.0,
      "regressor__monotonic_cst": null,
      "regressor__n_estimators": 112,
      "regressor__n_jobs": null,
      "regressor__oob_score": false,
      "regressor__random_state": null,
      "regressor__verbose": 0,
      "regressor__warm_start": false,
      "transformer__memory": null,
      "transformer__verbose": false,
      "transformer__y scaler__copy": true,
      "transformer__y scaler__with_mean": true,
      "transformer__y scaler__with_std": true
    }
  },
  "69": {
    "fit_time": [
      0.9875977039337158,
      0.9799942970275879,
      0.9817724227905273,
      0.988645076751709,
      0.975985050201416
    ],
    "score_time": [
      0.06073284149169922,
      0.061077117919921875,
      0.062058210372924805,
      0.060567617416381836,
      0.06185722351074219
    ],
    "test_r": [
      0.6913979278859742,
      0.5377135407937492,
      0.5263421033179346,
      0.5708182794288279,
      0.45474429954176837
    ],
    "test_r2": [
      0.3877334104957899,
      0.1130328749788968,
      0.16772549150727678,
      0.1537085876553087,
      0.13162650915180152
    ],
    "test_rmse": [
      -7.156369894352958,
      -18.91832877804343,
      -17.81434304295042,
      -4.697901551758258,
      -7.2580050548246815
    ],
    "test_mae": [
      -4.881894906589442,
      -6.965552600609349,
      -6.403602563966307,
      -3.723777627897457,
      -5.0991420746047185
    ],
    "best_params": {
      "check_inverse": true,
      "func": null,
      "inverse_func": null,
      "regressor__bootstrap": true,
      "regressor__ccp_alpha": 0.0,
      "regressor__criterion": "squared_error",
      "regressor__max_depth": null,
      "regressor__max_features": "sqrt",
      "regressor__max_leaf_nodes": null,
      "regressor__max_samples": null,
      "regressor__min_impurity_decrease": 0.0,
      "regressor__min_samples_leaf": 0.05,
      "regressor__min_samples_split": 0.05,
      "regressor__min_weight_fraction_leaf": 0.0,
      "regressor__monotonic_cst": null,
      "regressor__n_estimators": 753,
      "regressor__n_jobs": null,
      "regressor__oob_score": false,
      "regressor__random_state": null,
      "regressor__verbose": 0,
      "regressor__warm_start": false,
      "transformer__memory": null,
      "transformer__verbose": false,
      "transformer__y scaler__copy": true,
      "transformer__y scaler__with_mean": true,
      "transformer__y scaler__with_std": true
    }
  },