{
  "6": {
    "fit_time": [
      0.0621335506439209,
      0.0628194808959961,
      0.056873321533203125,
      0.06148982048034668,
      0.06379294395446777
    ],
    "score_time": [
      0.013019323348999023,
      0.011803150177001953,
      0.019696474075317383,
      0.012094736099243164,
      0.012880802154541016
    ],
    "test_r": [
      0.6132860941831361,
      0.3978973721965768,
      0.6191036387526663,
      0.6842494271105889,
      0.31219421545336684
    ],
    "test_r2": [
      -0.3523988338290718,
      0.10227920242797095,
      0.3701328648595884,
      0.23590817262020558,
      -0.0005428867775008062
    ],
    "test_rmse": [
      -6.122356432872341,
      -7.285594079255947,
      -6.580430964335699,
      -5.179611058692198,
      -27.30517439509863
    ],
    "test_mae": [
      -4.695542733395617,
      -4.869705804585008,
      -4.33304654043615,
      -4.158786237085033,
      -9.99921549914905
    ],
    "best_params": {
      "check_inverse": true,
      "func": null,
      "inverse_func": null,
      "regressor__bootstrap": true,
      "regressor__ccp_alpha": 0.0,
      "regressor__criterion": "squared_error",
      "regressor__max_depth": null,
      "regressor__max_features": "sqrt",
      "regressor__max_leaf_nodes": null,
      "regressor__max_samples": null,
      "regressor__min_impurity_decrease": 0.0,
      "regressor__min_samples_leaf": 0.052494220834385374,
      "regressor__min_samples_split": 0.0824582731720492,
      "regressor__min_weight_fraction_leaf": 0.0,
      "regressor__monotonic_cst": null,
      "regressor__n_estimators": 53,
      "regressor__n_jobs": null,
      "regressor__oob_score": false,
      "regressor__random_state": null,
      "regressor__verbose": 0,
      "regressor__warm_start": false,
      "transformer__memory": null,
      "transformer__verbose": false,
      "transformer__y scaler__copy": true,
      "transformer__y scaler__with_mean": true,
      "transformer__y scaler__with_std": true
    }
  },
  "13": {
    "fit_time": [
      0.06261658668518066,
      0.056708335876464844,
      0.06520605087280273,
      0.07234954833984375,
      0.05896162986755371
    ],
    "score_time": [
      0.012140512466430664,
      0.011413097381591797,
      0.012649059295654297,
      0.013245105743408203,
      0.013285398483276367
    ],
    "test_r": [
      0.6609635477511036,
      0.5493698769447255,
      0.5571181633022352,
      0.3189550751476254,
      0.5154348565845615
    ],
    "test_r2": [
      0.06332611376610409,
      0.2984648023760512,
      0.2898857711940188,
      0.025466936629954917,
      0.2495450181573554
    ],
    "test_rmse": [
      -5.568240605304724,
      -6.562451003316056,
      -6.783278585074453,
      -26.516441404197444,
      -7.14960397127766
    ],
    "test_mae": [
      -4.4632193274535075,
      -4.480885828032045,
      -4.840956760598445,
      -8.677091901259143,
      -4.65547110624485
    ],
    "best_params": {
      "check_inverse": true,
      "func": null,
      "inverse_func": null,
      "regressor__bootstrap": true,
      "regressor__ccp_alpha": 0.0,
      "regressor__criterion": "squared_error",
      "regressor__max_depth": null,
      "regressor__max_features": "sqrt",
      "regressor__max_leaf_nodes": null,
      "regressor__max_samples": null,
      "regressor__min_impurity_decrease": 0.0,
      "regressor__min_samples_leaf": 0.05250396529519136,
      "regressor__min_samples_split": 0.0905402558654109,
      "regressor__min_weight_fraction_leaf": 0.0,
      "regressor__monotonic_cst": null,
      "regressor__n_estimators": 56,
      "regressor__n_jobs": null,
      "regressor__oob_score": false,
      "regressor__random_state": null,
      "regressor__verbose": 0,
      "regressor__warm_start": false,
      "transformer__memory": null,
      "transformer__verbose": false,
      "transformer__y scaler__copy": true,
      "transformer__y scaler__with_mean": true,
      "transformer__y scaler__with_std": true
    }
  },
  "42": {
    "fit_time": [
      0.05837655067443848,
      0.061776161193847656,
      0.0595393180847168,
      0.07011818885803223,
      0.05581307411193848
    ],
    "score_time": [
      0.01157689094543457,
      0.013794660568237305,
      0.012593984603881836,
      0.013204097747802734,
      0.012111663818359375
    ],
    "test_r": [
      0.4567257374709421,
      0.6020341742077294,
      0.5186742156327188,
      0.5890721141441106,
      0.39310929309019543
    ],
    "test_r2": [
      0.15428493322282433,
      0.3270838598162573,
      0.12426486263061887,
      0.31496451012687077,
      0.0957044408288188
    ],
    "test_rmse": [
      -17.419206387197015,
      -6.46387402189232,
      -19.386778251928945,
      -6.281191661462221,
      -7.118200164538158
    ],
    "test_mae": [
      -5.25577806293716,
      -4.879548747295487,
      -6.704724380285579,
      -4.711050167413106,
      -4.538942994933254
    ],
    "best_params": {
      "check_inverse": true,
      "func": null,
      "inverse_func": null,
      "regressor__bootstrap": true,
      "regressor__ccp_alpha": 0.0,
      "regressor__criterion": "squared_error",
      "regressor__max_depth": null,
      "regressor__max_features": "sqrt",
      "regressor__max_leaf_nodes": null,
      "regressor__max_samples": null,
      "regressor__min_impurity_decrease": 0.0,
      "regressor__min_samples_leaf": 0.05,
      "regressor__min_samples_split": 0.05,
      "regressor__min_weight_fraction_leaf": 0.0,
      "regressor__monotonic_cst": null,
      "regressor__n_estimators": 50,
      "regressor__n_jobs": null,
      "regressor__oob_score": false,
      "regressor__random_state": null,
      "regressor__verbose": 0,
      "regressor__warm_start": false,
      "transformer__memory": null,
      "transformer__verbose": false,
      "transformer__y scaler__copy": true,
      "transformer__y scaler__with_mean": true,
      "transformer__y scaler__with_std": true
    }
  },
  "69": {
    "fit_time": [
      1.791949987411499,
      1.7167341709136963,
      1.7568714618682861,
      1.7512784004211426,
      1.7439055442810059
    ],
    "score_time": [
      0.07921791076660156,
      0.07287359237670898,
      0.0753943920135498,
      0.081573486328125,
      0.07474923133850098
    ],
    "test_r": [
      0.6625837390550883,
      0.49865484315374914,
      0.5129520784615288,
      0.6029226584302995,
      0.4963562176452582
    ],
    "test_r2": [
      0.4057080780658415,
      0.12604479542500813,
      0.17943797901049696,
      0.19189800693097137,
      0.15067223553887021
    ],
    "test_rmse": [
      -7.0505405211317065,
      -18.779048933772152,
      -17.688549475976146,
      -4.590680135668925,
      -7.177970158119845
    ],
    "test_mae": [
      -4.428687239601595,
      -6.994921800622519,
      -6.291877780455248,
      -3.526939042747194,
      -4.911549204295627
    ],
    "best_params": {
      "check_inverse": true,
      "func": null,
      "inverse_func": null,
      "regressor__bootstrap": true,
      "regressor__ccp_alpha": 0.0,
      "regressor__criterion": "squared_error",
      "regressor__max_depth": null,
      "regressor__max_features": "sqrt",
      "regressor__max_leaf_nodes": null,
      "regressor__max_samples": null,
      "regressor__min_impurity_decrease": 0.0,
      "regressor__min_samples_leaf": 0.05,
      "regressor__min_samples_split": 0.08205558970151468,
      "regressor__min_weight_fraction_leaf": 0.0,
      "regressor__monotonic_cst": null,
      "regressor__n_estimators": 2000,
      "regressor__n_jobs": null,
      "regressor__oob_score": false,
      "regressor__random_state": null,
      "regressor__verbose": 0,
      "regressor__warm_start": false,
      "transformer__memory": null,
      "transformer__verbose": false,
      "transformer__y scaler__copy": true,
      "transformer__y scaler__with_mean": true,