{
  "6": {
    "fit_time": [
      0.06686711311340332,
      0.06563830375671387,
      0.06631708145141602,
      0.060202836990356445,
      0.0668635368347168
    ],
    "score_time": [
      0.012176990509033203,
      0.011720895767211914,
      0.013602972030639648,
      0.012792110443115234,
      0.012774467468261719
    ],
    "test_r": [
      0.6547220898514095,
      0.4420142942628388,
      0.7324066974464827,
      0.7675185779773399,
      0.34514039532924423
    ],
    "test_r2": [
      -0.004927731365154342,
      0.16071106253238787,
      0.5135617924454787,
      0.3480716459194215,
      0.019210245930843972
    ],
    "test_rmse": [
      -5.277565493484194,
      -7.044498430538206,
      -5.782873639862221,
      -4.784365028051396,
      -27.034295741088997
    ],
    "test_mae": [
      -3.9782198325648235,
      -4.200699426486517,
      -3.6573655292697285,
      -3.3564563524450204,
      -9.74098756621906
    ],
    "best_params": {
      "check_inverse": true,
      "func": null,
      "inverse_func": null,
      "regressor__bootstrap": true,
      "regressor__ccp_alpha": 0.0,
      "regressor__criterion": "squared_error",
      "regressor__max_depth": null,
      "regressor__max_features": "sqrt",
      "regressor__max_leaf_nodes": null,
      "regressor__max_samples": null,
      "regressor__min_impurity_decrease": 0.0,
      "regressor__min_samples_leaf": 0.0540706717594834,
      "regressor__min_samples_split": 0.06679879212409778,
      "regressor__min_weight_fraction_leaf": 0.0,
      "regressor__monotonic_cst": null,
      "regressor__n_estimators": 57,
      "regressor__n_jobs": null,
      "regressor__oob_score": false,
      "regressor__random_state": null,
      "regressor__verbose": 0,
      "regressor__warm_start": false,
      "transformer__memory": null,
      "transformer__verbose": false,
      "transformer__y scaler__copy": true,
      "transformer__y scaler__with_mean": true,
      "transformer__y scaler__with_std": true
    }
  },
  "13": {
    "fit_time": [
      0.06115841865539551,
      0.05932903289794922,
      0.0618128776550293,
      0.06226801872253418,
      0.05537080764770508
    ],
    "score_time": [
      0.013832807540893555,
      0.012773275375366211,
      0.012746572494506836,
      0.011648416519165039,
      0.012574911117553711
    ],
    "test_r": [
      0.7798303783914935,
      0.7022613623955467,
      0.5846106672100109,
      0.2997577502282643,
      0.596759353803165
    ],
    "test_r2": [
      0.28151904016330476,
      0.48541585267063325,
      0.31642738455172625,
      0.02996905781972703,
      0.3318804912419123
    ],
    "test_rmse": [
      -4.8767603964277395,
      -5.620429991748961,
      -6.6553036382077995,
      -26.4551205347459,
      -6.746006265712407
    ],
    "test_mae": [
      -3.748757623509521,
      -3.4756418134912197,
      -4.45902157041341,
      -8.7644754654917,
      -4.226569605785616
    ],
    "best_params": {
      "check_inverse": true,
      "func": null,
      "inverse_func": null,
      "regressor__bootstrap": true,
      "regressor__ccp_alpha": 0.0,
      "regressor__criterion": "squared_error",
      "regressor__max_depth": null,
      "regressor__max_features": "sqrt",
      "regressor__max_leaf_nodes": null,
      "regressor__max_samples": null,
      "regressor__min_impurity_decrease": 0.0,
      "regressor__min_samples_leaf": 0.05,
      "regressor__min_samples_split": 0.09328399168502827,
      "regressor__min_weight_fraction_leaf": 0.0,
      "regressor__monotonic_cst": null,
      "regressor__n_estimators": 50,
      "regressor__n_jobs": null,
      "regressor__oob_score": false,
      "regressor__random_state": null,
      "regressor__verbose": 0,
      "regressor__warm_start": false,
      "transformer__memory": null,
      "transformer__verbose": false,
      "transformer__y scaler__copy": true,
      "transformer__y scaler__with_mean": true,
      "transformer__y scaler__with_std": true
    }
  },
  "42": {
    "fit_time": [
      0.529987096786499,
      0.5338282585144043,
      0.5321502685546875,
      0.52530837059021,
      0.5233542919158936
    ],
    "score_time": [
      0.0289309024810791,
      0.029284238815307617,
      0.02835392951965332,
      0.028146743774414062,
      0.028964519500732422
    ],
    "test_r": [
      0.5618365976767664,
      0.6655377143744091,
      0.5714356876492378,
      0.7112595478531923,
      0.5792672833217853
    ],
    "test_r2": [
      0.21363644424996542,
      0.3715760346643707,
      0.17981425958967623,
      0.48268418621142806,
      0.3183642069565674
    ],
    "test_rmse": [
      -16.7968568045711,
      -6.246529285896583,
      -18.761837164440813,
      -5.458375222707762,
      -6.180038645822687
    ],
    "test_mae": [
      -5.056405590948471,
      -4.754722482519831,
      -6.305073920220919,
      -3.9979675826367638,
      -3.90619409670427
    ],
    "best_params": {
      "check_inverse": true,
      "func": null,
      "inverse_func": null,
      "regressor__bootstrap": true,
      "regressor__ccp_alpha": 0.0,
      "regressor__criterion": "squared_error",
      "regressor__max_depth": null,
      "regressor__max_features": "sqrt",
      "regressor__max_leaf_nodes": null,
      "regressor__max_samples": null,
      "regressor__min_impurity_decrease": 0.0,
      "regressor__min_samples_leaf": 0.051696970044447836,
      "regressor__min_samples_split": 0.07018673694654436,
      "regressor__min_weight_fraction_leaf": 0.0,
      "regressor__monotonic_cst": null,
      "regressor__n_estimators": 583,
      "regressor__n_jobs": null,
      "regressor__oob_score": false,
      "regressor__random_state": null,
      "regressor__verbose": 0,
      "regressor__warm_start": false,
      "transformer__memory": null,
      "transformer__verbose": false,
      "transformer__y scaler__copy": true,
      "transformer__y scaler__with_mean": true,
      "transformer__y scaler__with_std": true
    }
  },
  "69": {
    "fit_time": [
      0.9271304607391357,
      0.922337532043457,
      0.9129087924957275,
      0.9428207874298096,
      0.9553606510162354
    ],
    "score_time": [
      0.0428919792175293,
      0.0447688102722168,
      0.053354501724243164,
      0.04513406753540039,
      0.04402351379394531
    ],
    "test_r": [
      0.7090952719688773,
      0.570286055126958,
      0.5810452646694511,
      0.7036086284213087,
      0.5722844734174979
    ],
    "test_r2": [
      0.4821971002356247,
      0.18010792069909642,
      0.24013888015975915,
      0.3943353803813867,
      0.23430982150982116
    ],
    "test_rmse": [
      -6.581194688298593,
      -18.188938416376,
      -17.02172721129668,
      -3.974294511411139,
      -6.815387069844725
    ],
    "test_mae": [
      -3.9238677081717053,
      -6.711616411577454,
      -5.75832962974542,
      -3.020823763788706,
      -4.345100457943332
    ],
    "best_params": {
      "check_inverse": true,
      "func": null,
      "inverse_func": null,
      "regressor__bootstrap": true,
      "regressor__ccp_alpha": 0.0,
      "regressor__criterion": "squared_error",
      "regressor__max_depth": null,
      "regressor__max_features": "sqrt",
      "regressor__max_leaf_nodes": null,
      "regressor__max_samples": null,
      "regressor__min_impurity_decrease": 0.0,
      "regressor__min_samples_leaf": 0.05,
      "regressor__min_samples_split": 0.05,
      "regressor__min_weight_fraction_leaf": 0.0,
      "regressor__monotonic_cst": null,
      "regressor__n_estimators": 1023,
      "regressor__n_jobs": null,
      "regressor__oob_score": false,
      "regressor__random_state": null,
      "regressor__verbose": 0,
      "regressor__warm_start": false,
      "transformer__memory": null,
      "transformer__verbose": false,
      "transformer__y scaler__copy": true,
      "transformer__y scaler__with_mean": true,
      "transformer__y scaler__with_std": true
    }
  },