{
  "6": {
    "fit_time": [
      0.2601315975189209,
      0.26798439025878906,
      0.266155481338501,
      0.26619815826416016,
      0.2636287212371826
    ],
    "score_time": [
      0.023160219192504883,
      0.02287602424621582,
      0.022786617279052734,
      0.022723674774169922,
      0.02287435531616211
    ],
    "test_r": [
      0.6026612436710094,
      0.4413056082513195,
      0.6502218877193819,
      0.7236117089327959,
      0.40813694769782577
    ],
    "test_r2": [
      -0.12848637353970305,
      0.1559076666891731,
      0.3890445088207912,
      0.3389650509460638,
      0.018665834231532563
    ],
    "test_rmse": [
      -5.592607950205123,
      -7.064628112064513,
      -6.4808899853413315,
      -4.817664834807955,
      -27.041797728656384
    ],
    "test_mae": [
      -4.4691846002403715,
      -4.74446569039945,
      -4.139883311261048,
      -3.826457105973099,
      -9.972426017602182
    ],
    "best_params": {
      "check_inverse": true,
      "func": null,
      "inverse_func": null,
      "regressor__bootstrap": true,
      "regressor__ccp_alpha": 0.0,
      "regressor__criterion": "squared_error",
      "regressor__max_depth": null,
      "regressor__max_features": "sqrt",
      "regressor__max_leaf_nodes": null,
      "regressor__max_samples": null,
      "regressor__min_impurity_decrease": 0.0,
      "regressor__min_samples_leaf": 0.05184356445052637,
      "regressor__min_samples_split": 0.05385371755951339,
      "regressor__min_weight_fraction_leaf": 0.0,
      "regressor__monotonic_cst": null,
      "regressor__n_estimators": 221,
      "regressor__n_jobs": null,
      "regressor__oob_score": false,
      "regressor__random_state": null,
      "regressor__verbose": 0,
      "regressor__warm_start": false,
      "transformer__memory": null,
      "transformer__verbose": false,
      "transformer__y scaler__copy": true,
      "transformer__y scaler__with_mean": true,
      "transformer__y scaler__with_std": true
    }
  },
  "13": {
    "fit_time": [
      0.9193732738494873,
      0.9307866096496582,
      0.9115502834320068,
      0.9011120796203613,
      0.9100766181945801
    ],
    "score_time": [
      0.04614591598510742,
      0.04659533500671387,
      0.04564690589904785,
      0.045145273208618164,
      0.04529976844787598
    ],
    "test_r": [
      0.72504053614887,
      0.603736218466571,
      0.5780871587170143,
      0.36190266893305245,
      0.5580080427112551
    ],
    "test_r2": [
      0.2617715438590825,
      0.36181154215305034,
      0.2990091969683416,
      0.04006224598788177,
      0.301573088174265
    ],
    "test_rmse": [
      -4.943325152278215,
      -6.25915654795556,
      -6.739562517302781,
      -26.317127655881233,
      -6.897316360408227
    ],
    "test_mae": [
      -3.99539685417207,
      -4.011014142417597,
      -4.845308197845797,
      -8.713392563331565,
      -4.5286703557016645
    ],
    "best_params": {
      "check_inverse": true,
      "func": null,
      "inverse_func": null,
      "regressor__bootstrap": true,
      "regressor__ccp_alpha": 0.0,
      "regressor__criterion": "squared_error",
      "regressor__max_depth": null,
      "regressor__max_features": "sqrt",
      "regressor__max_leaf_nodes": null,
      "regressor__max_samples": null,
      "regressor__min_impurity_decrease": 0.0,
      "regressor__min_samples_leaf": 0.05,
      "regressor__min_samples_split": 0.05,
      "regressor__min_weight_fraction_leaf": 0.0,
      "regressor__monotonic_cst": null,
      "regressor__n_estimators": 790,
      "regressor__n_jobs": null,
      "regressor__oob_score": false,
      "regressor__random_state": null,
      "regressor__verbose": 0,
      "regressor__warm_start": false,
      "transformer__memory": null,
      "transformer__verbose": false,
      "transformer__y scaler__copy": true,
      "transformer__y scaler__with_mean": true,
      "transformer__y scaler__with_std": true
    }
  },
  "42": {
    "fit_time": [
      0.0815887451171875,
      0.08091187477111816,
      0.08272314071655273,
      0.07475590705871582,
      0.07689332962036133
    ],
    "score_time": [
      0.016506433486938477,
      0.01651930809020996,
      0.016549348831176758,
      0.016227245330810547,
      0.01652050018310547
    ],
    "test_r": [
      0.4466678277988923,
      0.5626936002772701,
      0.5690571989748314,
      0.5916341705780667,
      0.38691126489894834
    ],
    "test_r2": [
      0.14565104251041816,
      0.29206404362559324,
      0.13227110837559408,
      0.3252633315585255,
      0.10909413183606387
    ],
    "test_rmse": [
      -17.50789679294232,
      -6.6299369220762285,
      -19.29795476409113,
      -6.233797146638857,
      -7.065304877041656
    ],
    "test_mae": [
      -5.562091618349847,
      -4.996494075048473,
      -6.7149604590637635,
      -4.638742159936238,
      -4.307259458480154
    ],
    "best_params": {
      "check_inverse": true,
      "func": null,
      "inverse_func": null,
      "regressor__bootstrap": true,
      "regressor__ccp_alpha": 0.0,
      "regressor__criterion": "squared_error",
      "regressor__max_depth": null,
      "regressor__max_features": "sqrt",
      "regressor__max_leaf_nodes": null,
      "regressor__max_samples": null,
      "regressor__min_impurity_decrease": 0.0,
      "regressor__min_samples_leaf": 0.051764231483041226,
      "regressor__min_samples_split": 0.08853631769857212,
      "regressor__min_weight_fraction_leaf": 0.0,
      "regressor__monotonic_cst": null,
      "regressor__n_estimators": 54,
      "regressor__n_jobs": null,
      "regressor__oob_score": false,
      "regressor__random_state": null,
      "regressor__verbose": 0,
      "regressor__warm_start": false,
      "transformer__memory": null,
      "transformer__verbose": false,
      "transformer__y scaler__copy": true,
      "transformer__y scaler__with_mean": true,
      "transformer__y scaler__with_std": true
    }
  },
  "69": {
    "fit_time": [
      0.25052905082702637,
      0.20907211303710938,
      0.20365381240844727,
      0.20296812057495117,
      0.20239782333374023
    ],
    "score_time": [
      0.0211489200592041,
      0.021140575408935547,
      0.02080225944519043,
      0.02044391632080078,
      0.020730257034301758
    ],
    "test_r": [
      0.7499073687312074,
      0.5336032836224771,
      0.5199477312016214,
      0.5774095581297938,
      0.4823174826167948
    ],
    "test_r2": [
      0.4837202257264025,
      0.12396628507266327,
      0.1764976246989053,
      0.16686391132922884,
      0.13403846780102013
    ],
    "test_rmse": [
      -6.57150821523724,
      -18.80136659229951,
      -17.720213196534363,
      -4.661244866931788,
      -7.2479182769826425
    ],
    "test_mae": [
      -4.3836672940531605,
      -6.99789646886245,
      -6.259466431801741,
      -3.592119710038208,
      -5.021130063262805
    ],
    "best_params": {
      "check_inverse": true,
      "func": null,
      "inverse_func": null,
      "regressor__bootstrap": true,
      "regressor__ccp_alpha": 0.0,
      "regressor__criterion": "squared_error",
      "regressor__max_depth": null,
      "regressor__max_features": "sqrt",
      "regressor__max_leaf_nodes": null,
      "regressor__max_samples": null,
      "regressor__min_impurity_decrease": 0.0,
      "regressor__min_samples_leaf": 0.05027351611829944,
      "regressor__min_samples_split": 0.05382837252660281,
      "regressor__min_weight_fraction_leaf": 0.0,
      "regressor__monotonic_cst": null,
      "regressor__n_estimators": 166,
      "regressor__n_jobs": null,
      "regressor__oob_score": false,
      "regressor__random_state": null,
      "regressor__verbose": 0,
      "regressor__warm_start": false,
      "transformer__memory": null,
      "transformer__verbose": false,
      "transformer__y scaler__copy": true,
      "transformer__y scaler__with_mean": true,