{
  "6": {
    "fit_time": [
      0.06467628479003906,
      0.05674028396606445,
      0.0635080337524414,
      0.06384539604187012,
      0.0597074031829834
    ],
    "score_time": [
      0.0226290225982666,
      0.012859106063842773,
      0.03386521339416504,
      0.01567530632019043,
      0.014388084411621094
    ],
    "test_r": [
      0.5910911355077872,
      0.5517737641209143,
      0.6812212333403225,
      0.6945021079514317,
      0.7070000448230669
    ],
    "test_r2": [
      0.34539123522229565,
      0.2896060880748763,
      0.32218635718247834,
      0.44005192135497795,
      0.47390760164711254
    ],
    "test_rmse": [
      -6.039674723814818,
      -6.779020036359928,
      -7.607332442964232,
      -4.395789143057622,
      -4.997033577474722
    ],
    "test_mae": [
      -3.729082549937779,
      -3.842032354019904,
      -4.232070925178269,
      -3.122315520040665,
      -3.3257427749914132
    ],
    "best_params": {
      "check_inverse": true,
      "func": null,
      "inverse_func": null,
      "regressor__bootstrap": true,
      "regressor__ccp_alpha": 0.0,
      "regressor__criterion": "squared_error",
      "regressor__max_depth": null,
      "regressor__max_features": "sqrt",
      "regressor__max_leaf_nodes": null,
      "regressor__max_samples": null,
      "regressor__min_impurity_decrease": 0.0,
      "regressor__min_samples_leaf": 0.05,
      "regressor__min_samples_split": 0.05,
      "regressor__min_weight_fraction_leaf": 0.0,
      "regressor__monotonic_cst": null,
      "regressor__n_estimators": 50,
      "regressor__n_jobs": null,
      "regressor__oob_score": false,
      "regressor__random_state": null,
      "regressor__verbose": 0,
      "regressor__warm_start": false,
      "transformer__memory": null,
      "transformer__verbose": false,
      "transformer__y scaler__copy": true,
      "transformer__y scaler__with_mean": true,
      "transformer__y scaler__with_std": true
    }
  },
  "13": {
    "fit_time": [
      0.19507336616516113,
      0.19672894477844238,
      0.20577764511108398,
      0.20789670944213867,
      0.20704126358032227
    ],
    "score_time": [
      0.017990827560424805,
      0.0175321102142334,
      0.0202023983001709,
      0.019805431365966797,
      0.0258944034576416
    ],
    "test_r": [
      0.548305954512957,
      0.6396601556382283,
      0.525719143430059,
      0.6776569835187554,
      0.5624425681906853
    ],
    "test_r2": [
      0.2864842835896375,
      0.380677432366857,
      0.262543329863532,
      0.44079335826131594,
      0.27985087410013687
    ],
    "test_rmse": [
      -6.405546015888706,
      -5.390482295350742,
      -7.102107894213698,
      -4.727610008483655,
      -7.414827498231605
    ],
    "test_mae": [
      -4.171277323499754,
      -3.1843657878637948,
      -3.9295501015876115,
      -3.4320678483776095,
      -4.389485774947306
    ],
    "best_params": {
      "check_inverse": true,
      "func": null,
      "inverse_func": null,
      "regressor__bootstrap": true,
      "regressor__ccp_alpha": 0.0,
      "regressor__criterion": "squared_error",
      "regressor__max_depth": null,
      "regressor__max_features": "sqrt",
      "regressor__max_leaf_nodes": null,
      "regressor__max_samples": null,
      "regressor__min_impurity_decrease": 0.0,
      "regressor__min_samples_leaf": 0.05522518191284887,
      "regressor__min_samples_split": 0.09790133274935137,
      "regressor__min_weight_fraction_leaf": 0.0,
      "regressor__monotonic_cst": null,
      "regressor__n_estimators": 216,
      "regressor__n_jobs": null,
      "regressor__oob_score": false,
      "regressor__random_state": null,
      "regressor__verbose": 0,
      "regressor__warm_start": false,
      "transformer__memory": null,
      "transformer__verbose": false,
      "transformer__y scaler__copy": true,
      "transformer__y scaler__with_mean": true,
      "transformer__y scaler__with_std": true
    }
  },
  "42": {
    "fit_time": [
      1.7544076442718506,
      1.737292766571045,
      1.6810493469238281,
      1.6437525749206543,
      1.7250056266784668
    ],
    "score_time": [
      0.08109474182128906,
      0.07297730445861816,
      0.07428956031799316,
      0.06929159164428711,
      0.07231998443603516
    ],
    "test_r": [
      0.615156678397258,
      0.7681422062071809,
      0.5213169384393873,
      0.6790296058028746,
      0.5921768987692771
    ],
    "test_r2": [
      0.2515464504965004,
      0.5128149025518925,
      0.2652777201383544,
      0.4339949812060593,
      0.3475776552025257
    ],
    "test_rmse": [
      -8.922664224208843,
      -4.873799743493356,
      -5.885316409203236,
      -4.944561887423566,
      -5.311659140504452
    ],
    "test_mae": [
      -4.631943335598039,
      -3.18745767733844,
      -3.34251024057083,
      -3.311284843234402,
      -3.789032739988545
    ],
    "best_params": {
      "check_inverse": true,
      "func": null,
      "inverse_func": null,
      "regressor__bootstrap": true,
      "regressor__ccp_alpha": 0.0,
      "regressor__criterion": "squared_error",
      "regressor__max_depth": null,
      "regressor__max_features": "sqrt",
      "regressor__max_leaf_nodes": null,
      "regressor__max_samples": null,
      "regressor__min_impurity_decrease": 0.0,
      "regressor__min_samples_leaf": 0.05,
      "regressor__min_samples_split": 0.10883824301114024,
      "regressor__min_weight_fraction_leaf": 0.0,
      "regressor__monotonic_cst": null,
      "regressor__n_estimators": 2000,
      "regressor__n_jobs": null,
      "regressor__oob_score": false,
      "regressor__random_state": null,
      "regressor__verbose": 0,
      "regressor__warm_start": false,
      "transformer__memory": null,
      "transformer__verbose": false,
      "transformer__y scaler__copy": true,
      "transformer__y scaler__with_mean": true,
      "transformer__y scaler__with_std": true
    }
  },
  "69": {
    "fit_time": [
      0.20444655418395996,
      0.20247936248779297,
      0.2041182518005371,
      0.20697951316833496,
      0.2072315216064453
    ],
    "score_time": [
      0.01862025260925293,
      0.01956486701965332,
      0.018384218215942383,
      0.01873326301574707,
      0.019119977951049805
    ],
    "test_r": [
      0.586340453951518,
      0.647995626541562,
      0.6510153466130455,
      0.6290495093793056,
      0.5303752636925255
    ],
    "test_r2": [
      0.328304385716789,
      0.40775025696851486,
      0.3805047054043702,
      0.2783196001887219,
      0.26839377232236594
    ],
    "test_rmse": [
      -4.806253037211286,
      -5.376584620526179,
      -6.630629870302585,
      -7.730831398781501,
      -6.013364473024452
    ],
    "test_mae": [
      -3.451998895535909,
      -3.1039639664378886,
      -4.207230428634142,
      -4.310700201599039,
      -3.3422589612255935
    ],
    "best_params": {
      "check_inverse": true,
      "func": null,
      "inverse_func": null,
      "regressor__bootstrap": true,
      "regressor__ccp_alpha": 0.0,
      "regressor__criterion": "squared_error",
      "regressor__max_depth": null,
      "regressor__max_features": "sqrt",
      "regressor__max_leaf_nodes": null,
      "regressor__max_samples": null,
      "regressor__min_impurity_decrease": 0.0,
      "regressor__min_samples_leaf": 0.050246831607709166,
      "regressor__min_samples_split": 0.05954719949796721,
      "regressor__min_weight_fraction_leaf": 0.0,
      "regressor__monotonic_cst": null,
      "regressor__n_estimators": 216,
      "regressor__n_jobs": null,
      "regressor__oob_score": false,
      "regressor__random_state": null,
      "regressor__verbose": 0,
      "regressor__warm_start": false,
      "transformer__memory": null,
      "transformer__verbose": false,
      "transformer__y scaler__copy": true,
      "transformer__y scaler__with_mean": true,
      "transformer__y scaler__with_std": true
    }
  },