{
  "6": {
    "fit_time": [
      0.059659719467163086,
      0.06263351440429688,
      0.05779862403869629,
      0.06192779541015625,
      0.06001162528991699
    ],
    "score_time": [
      0.027320146560668945,
      0.02065587043762207,
      0.022454500198364258,
      0.014472484588623047,
      0.01352548599243164
    ],
    "test_r": [
      0.6750872891904846,
      0.5388424026326891,
      0.7304834453912703,
      0.7304642894239903,
      0.7985356682091148
    ],
    "test_r2": [
      0.44347330396631846,
      0.2873142043565602,
      0.3989485046744259,
      0.5070772922347415,
      0.6105115784277153
    ],
    "test_rmse": [
      -5.568851570897951,
      -6.789946519790339,
      -7.163628960097688,
      -4.124320296387485,
      -4.2996047132284785
    ],
    "test_mae": [
      -3.3871327603893886,
      -3.740457169372335,
      -3.9262023062173728,
      -2.813840177018909,
      -2.9232971021387173
    ],
    "best_params": {
      "check_inverse": true,
      "func": null,
      "inverse_func": null,
      "regressor__bootstrap": true,
      "regressor__ccp_alpha": 0.0,
      "regressor__criterion": "squared_error",
      "regressor__max_depth": null,
      "regressor__max_features": "sqrt",
      "regressor__max_leaf_nodes": null,
      "regressor__max_samples": null,
      "regressor__min_impurity_decrease": 0.0,
      "regressor__min_samples_leaf": 0.05,
      "regressor__min_samples_split": 0.05,
      "regressor__min_weight_fraction_leaf": 0.0,
      "regressor__monotonic_cst": null,
      "regressor__n_estimators": 50,
      "regressor__n_jobs": null,
      "regressor__oob_score": false,
      "regressor__random_state": null,
      "regressor__verbose": 0,
      "regressor__warm_start": false,
      "transformer__memory": null,
      "transformer__verbose": false,
      "transformer__y scaler__copy": true,
      "transformer__y scaler__with_mean": true,
      "transformer__y scaler__with_std": true
    }
  },
  "13": {
    "fit_time": [
      0.06878018379211426,
      0.0795755386352539,
      0.07765555381774902,
      0.07658553123474121,
      0.07918787002563477
    ],
    "score_time": [
      0.013080835342407227,
      0.014107465744018555,
      0.08907818794250488,
      0.013117790222167969,
      0.012526750564575195
    ],
    "test_r": [
      0.6392079234370053,
      0.6711451237355256,
      0.6209180655227324,
      0.6811977150446901,
      0.6206883646380179
    ],
    "test_r2": [
      0.3887429929940178,
      0.4124996775158851,
      0.35933020716520414,
      0.45705926235923056,
      0.3449885744614637
    ],
    "test_rmse": [
      -5.928793291964535,
      -5.250168304674557,
      -6.619666887879012,
      -4.658345511996313,
      -7.07154437054679
    ],
    "test_mae": [
      -3.926752854067247,
      -2.850314015496632,
      -3.6133308231748176,
      -3.3362785459510236,
      -4.03887779912272
    ],
    "best_params": {
      "check_inverse": true,
      "func": null,
      "inverse_func": null,
      "regressor__bootstrap": true,
      "regressor__ccp_alpha": 0.0,
      "regressor__criterion": "squared_error",
      "regressor__max_depth": null,
      "regressor__max_features": "sqrt",
      "regressor__max_leaf_nodes": null,
      "regressor__max_samples": null,
      "regressor__min_impurity_decrease": 0.0,
      "regressor__min_samples_leaf": 0.05107778990696086,
      "regressor__min_samples_split": 0.12109571901696249,
      "regressor__min_weight_fraction_leaf": 0.0,
      "regressor__monotonic_cst": null,
      "regressor__n_estimators": 69,
      "regressor__n_jobs": null,
      "regressor__oob_score": false,
      "regressor__random_state": null,
      "regressor__verbose": 0,
      "regressor__warm_start": false,
      "transformer__memory": null,
      "transformer__verbose": false,
      "transformer__y scaler__copy": true,
      "transformer__y scaler__with_mean": true,
      "transformer__y scaler__with_std": true
    }
  },
  "42": {
    "fit_time": [
      0.09515142440795898,
      0.0934596061706543,
      0.08798646926879883,
      0.09723401069641113,
      0.09431219100952148
    ],
    "score_time": [
      0.013309240341186523,
      0.012409448623657227,
      0.013239860534667969,
      0.013369083404541016,
      0.013678789138793945
    ],
    "test_r": [
      0.6693914330180607,
      0.8056615371396485,
      0.532327090860755,
      0.7457014563691043,
      0.6043931663814566
    ],
    "test_r2": [
      0.3297759727884402,
      0.5860555106806186,
      0.27971749247519206,
      0.5158942853464739,
      0.36498590114629526
    ],
    "test_rmse": [
      -8.443492469018242,
      -4.492537758034423,
      -5.827196263325543,
      -4.572858685194137,
      -5.240315900739205
    ],
    "test_mae": [
      -4.433173157987685,
      -2.9640692081930586,
      -3.1852568053100376,
      -3.086767054799005,
      -3.7099202863172476
    ],
    "best_params": {
      "check_inverse": true,
      "func": null,
      "inverse_func": null,
      "regressor__bootstrap": true,
      "regressor__ccp_alpha": 0.0,
      "regressor__criterion": "squared_error",
      "regressor__max_depth": null,
      "regressor__max_features": "sqrt",
      "regressor__max_leaf_nodes": null,
      "regressor__max_samples": null,
      "regressor__min_impurity_decrease": 0.0,
      "regressor__min_samples_leaf": 0.051205555303130965,
      "regressor__min_samples_split": 0.054716484092241384,
      "regressor__min_weight_fraction_leaf": 0.0,
      "regressor__monotonic_cst": null,
      "regressor__n_estimators": 91,
      "regressor__n_jobs": null,
      "regressor__oob_score": false,
      "regressor__random_state": null,
      "regressor__verbose": 0,
      "regressor__warm_start": false,
      "transformer__memory": null,
      "transformer__verbose": false,
      "transformer__y scaler__copy": true,
      "transformer__y scaler__with_mean": true,
      "transformer__y scaler__with_std": true
    }
  },
  "69": {
    "fit_time": [
      0.16973352432250977,
      0.1685194969177246,
      0.18880510330200195,
      0.1603095531463623,
      0.16676831245422363
    ],
    "score_time": [
      0.016420602798461914,
      0.018222570419311523,
      0.023137569427490234,
      0.016022443771362305,
      0.016301393508911133
    ],
    "test_r": [
      0.6817711814287322,
      0.7037669212784238,
      0.7076784367498618,
      0.6955524951017648,
      0.5609719959979875
    ],
    "test_r2": [
      0.4554538264239293,
      0.4888643595120985,
      0.4571793830262807,
      0.3688105264045777,
      0.30553369574141864
    ],
    "test_rmse": [
      -4.327506517278786,
      -4.99484628190403,
      -6.206745626686781,
      -7.229922141150386,
      -5.858742625071271
    ],
    "test_mae": [
      -3.1614468583367783,
      -3.006644818256638,
      -3.8020213861370893,
      -4.096026600991112,
      -3.0929740651609716
    ],
    "best_params": {
      "check_inverse": true,
      "func": null,
      "inverse_func": null,
      "regressor__bootstrap": true,
      "regressor__ccp_alpha": 0.0,
      "regressor__criterion": "squared_error",
      "regressor__max_depth": null,
      "regressor__max_features": "sqrt",
      "regressor__max_leaf_nodes": null,
      "regressor__max_samples": null,
      "regressor__min_impurity_decrease": 0.0,
      "regressor__min_samples_leaf": 0.05,
      "regressor__min_samples_split": 0.05,
      "regressor__min_weight_fraction_leaf": 0.0,
      "regressor__monotonic_cst": null,
      "regressor__n_estimators": 177,
      "regressor__n_jobs": null,
      "regressor__oob_score": false,
      "regressor__random_state": null,
      "regressor__verbose": 0,
      "regressor__warm_start": false,
      "transformer__memory": null,
      "transformer__verbose": false,
      "transformer__y scaler__copy": true,
      "transformer__y scaler__with_mean": true,
      "transformer__y scaler__with_std": true
    }
  },