{
  "6": {
    "fit_time": [
      0.6015405654907227,
      0.6064822673797607,
      0.649583101272583,
      0.5987374782562256,
      0.6121933460235596
    ],
    "score_time": [
      0.03735947608947754,
      0.035404205322265625,
      0.034441471099853516,
      0.0701603889465332,
      0.0364229679107666
    ],
    "test_r": [
      0.595269014802105,
      0.5003838845278461,
      0.6542030637999573,
      0.6769371129795939,
      0.7052333682020467
    ],
    "test_r2": [
      0.3446237464104286,
      0.2453131237608699,
      0.31209151617493525,
      0.41540537170318603,
      0.4680453800362593
    ],
    "test_rmse": [
      -6.043214261587038,
      -6.987160203615526,
      -7.663771990201908,
      -4.491489439060437,
      -5.024797298469204
    ],
    "test_mae": [
      -3.6811842286968437,
      -3.9650478848920843,
      -4.316849242552858,
      -3.2408375237166327,
      -3.3491986180165907
    ],
    "best_params": {
      "check_inverse": true,
      "func": null,
      "inverse_func": null,
      "regressor__bootstrap": true,
      "regressor__ccp_alpha": 0.0,
      "regressor__criterion": "squared_error",
      "regressor__max_depth": null,
      "regressor__max_features": "sqrt",
      "regressor__max_leaf_nodes": null,
      "regressor__max_samples": null,
      "regressor__min_impurity_decrease": 0.0,
      "regressor__min_samples_leaf": 0.05,
      "regressor__min_samples_split": 0.05,
      "regressor__min_weight_fraction_leaf": 0.0,
      "regressor__monotonic_cst": null,
      "regressor__n_estimators": 654,
      "regressor__n_jobs": null,
      "regressor__oob_score": false,
      "regressor__random_state": null,
      "regressor__verbose": 0,
      "regressor__warm_start": false,
      "transformer__memory": null,
      "transformer__verbose": false,
      "transformer__y scaler__copy": true,
      "transformer__y scaler__with_mean": true,
      "transformer__y scaler__with_std": true
    }
  },
  "13": {
    "fit_time": [
      0.11189603805541992,
      0.11057782173156738,
      0.10901975631713867,
      0.10910606384277344,
      0.10773110389709473
    ],
    "score_time": [
      0.018922805786132812,
      0.029953956604003906,
      0.01832294464111328,
      0.018598556518554688,
      0.018573999404907227
    ],
    "test_r": [
      0.5761624374323857,
      0.6401096814213253,
      0.5391905579097911,
      0.6288917674918939,
      0.509920860857911
    ],
    "test_r2": [
      0.3081073040096859,
      0.37131291414867584,
      0.2716768516652863,
      0.37928317811647905,
      0.23737429593178172
    ],
    "test_rmse": [
      -6.30773960517708,
      -5.43108301172129,
      -7.05799048277166,
      -4.980835979990461,
      -7.630369205857006
    ],
    "test_mae": [
      -4.167518971718202,
      -3.2495272503149844,
      -3.9035077258894004,
      -3.5511375611158047,
      -4.5215098543592935
    ],
    "best_params": {
      "check_inverse": true,
      "func": null,
      "inverse_func": null,
      "regressor__bootstrap": true,
      "regressor__ccp_alpha": 0.0,
      "regressor__criterion": "squared_error",
      "regressor__max_depth": null,
      "regressor__max_features": "sqrt",
      "regressor__max_leaf_nodes": null,
      "regressor__max_samples": null,
      "regressor__min_impurity_decrease": 0.0,
      "regressor__min_samples_leaf": 0.05305665498835168,
      "regressor__min_samples_split": 0.058121459967656997,
      "regressor__min_weight_fraction_leaf": 0.0,
      "regressor__monotonic_cst": null,
      "regressor__n_estimators": 99,
      "regressor__n_jobs": null,
      "regressor__oob_score": false,
      "regressor__random_state": null,
      "regressor__verbose": 0,
      "regressor__warm_start": false,
      "transformer__memory": null,
      "transformer__verbose": false,
      "transformer__y scaler__copy": true,
      "transformer__y scaler__with_mean": true,
      "transformer__y scaler__with_std": true
    }
  },
  "42": {
    "fit_time": [
      0.07928347587585449,
      0.07437396049499512,
      0.07985067367553711,
      0.07798051834106445,
      0.07711267471313477
    ],
    "score_time": [
      0.028118133544921875,
      0.01958489418029785,
      0.018357276916503906,
      0.018819808959960938,
      0.018866539001464844
    ],
    "test_r": [
      0.5557185421996873,
      0.7644521135297713,
      0.4535539986192122,
      0.6428355598633742,
      0.5843918276733299
    ],
    "test_r2": [
      0.20797961064543435,
      0.4881075322688412,
      0.20315428072622188,
      0.38885741276979413,
      0.33533286063337375
    ],
    "test_rmse": [
      -9.178681599786827,
      -4.9958576212027594,
      -6.129080615931954,
      -5.137939074988205,
      -5.361272580577445
    ],
    "test_mae": [
      -4.832849424512122,
      -3.249138137276341,
      -3.377167185533086,
      -3.4277555727026385,
      -3.818428413057848
    ],
    "best_params": {
      "check_inverse": true,
      "func": null,
      "inverse_func": null,
      "regressor__bootstrap": true,
      "regressor__ccp_alpha": 0.0,
      "regressor__criterion": "squared_error",
      "regressor__max_depth": null,
      "regressor__max_features": "sqrt",
      "regressor__max_leaf_nodes": null,
      "regressor__max_samples": null,
      "regressor__min_impurity_decrease": 0.0,
      "regressor__min_samples_leaf": 0.05139051332986798,
      "regressor__min_samples_split": 0.06378326193337319,
      "regressor__min_weight_fraction_leaf": 0.0,
      "regressor__monotonic_cst": null,
      "regressor__n_estimators": 58,
      "regressor__n_jobs": null,
      "regressor__oob_score": false,
      "regressor__random_state": null,
      "regressor__verbose": 0,
      "regressor__warm_start": false,
      "transformer__memory": null,
      "transformer__verbose": false,
      "transformer__y scaler__copy": true,
      "transformer__y scaler__with_mean": true,
      "transformer__y scaler__with_std": true
    }
  },
  "69": {
    "fit_time": [
      0.19830965995788574,
      0.1906270980834961,
      0.19293665885925293,
      0.1918489933013916,
      0.1855025291442871
    ],
    "score_time": [
      0.04927992820739746,
      0.053562164306640625,
      0.049558401107788086,
      0.03400373458862305,
      0.05007290840148926
    ],
    "test_r": [
      0.5595747609516843,
      0.6404657312143883,
      0.6203355818350856,
      0.5786544941865105,
      0.48846004674136134
    ],
    "test_r2": [
      0.2910633184616873,
      0.3851359849162749,
      0.3360611095312672,
      0.24552437504480884,
      0.22575215846278873
    ],
    "test_rmse": [
      -4.937693170637055,
      -5.478271896893864,
      -6.864356554198324,
      -7.904535484501787,
      -6.186127007343436
    ],
    "test_mae": [
      -3.6633109964867794,
      -3.1769514998896144,
      -4.307136349598241,
      -4.5283004732994225,
      -3.5232118771411125
    ],
    "best_params": {
      "check_inverse": true,
      "func": null,
      "inverse_func": null,
      "regressor__bootstrap": true,
      "regressor__ccp_alpha": 0.0,
      "regressor__criterion": "squared_error",
      "regressor__max_depth": null,
      "regressor__max_features": "sqrt",
      "regressor__max_leaf_nodes": null,
      "regressor__max_samples": null,
      "regressor__min_impurity_decrease": 0.0,
      "regressor__min_samples_leaf": 0.051656631978771655,
      "regressor__min_samples_split": 0.06162584058373917,
      "regressor__min_weight_fraction_leaf": 0.0,
      "regressor__monotonic_cst": null,
      "regressor__n_estimators": 194,
      "regressor__n_jobs": null,
      "regressor__oob_score": false,
      "regressor__random_state": null,
      "regressor__verbose": 0,
      "regressor__warm_start": false,
      "transformer__memory": null,
      "transformer__verbose": false,
      "transformer__y scaler__copy": true,
      "transformer__y scaler__with_mean": true,