{
  "6": {
    "fit_time": [
      0.02383565902709961,
      0.023285388946533203,
      0.012200593948364258,
      0.022670984268188477,
      0.035376787185668945
    ],
    "score_time": [
      0.023256301879882812,
      0.01053619384765625,
      0.011309623718261719,
      0.021502017974853516,
      0.023136615753173828
    ],
    "test_r": [
      0.29857337312213683,
      -0.11085091451329278,
      -0.021348881661941765,
      -0.0847342710492018,
      0.01062761149735491
    ],
    "test_r2": [
      -0.061507436577484365,
      -0.014288857500220908,
      -0.017946301486321037,
      -0.015125947453446198,
      -0.1905351756142215
    ],
    "test_rmse": [
      -655.7821258067431,
      -354940.8515554922,
      -68418.6676501653,
      -103094.63663566102,
      -1571.2820430380787
    ],
    "test_mae": [
      -240.89631572694205,
      -42168.536168212144,
      -9165.755574174169,
      -12633.416755155888,
      -677.1867424619161
    ],
    "best_params": {
      "check_inverse": true,
      "func": null,
      "inverse_func": null,
      "regressor__copy_X": true,
      "regressor__fit_intercept": false,
      "regressor__n_jobs": null,
      "regressor__positive": false,
      "transformer__memory": null,
      "transformer__verbose": false,
      "transformer__log transform__accept_sparse": false,
      "transformer__log transform__check_inverse": true,
      "transformer__log transform__feature_names_out": null,
      "transformer__log transform__inv_kw_args": null,
      "transformer__log transform__kw_args": null,
      "transformer__log transform__validate": false,
      "transformer__y scaler__copy": true,
      "transformer__y scaler__with_mean": true,
      "transformer__y scaler__with_std": true
    }
  },
  "13": {
    "fit_time": [
      0.024338960647583008,
      0.04642796516418457,
      0.04270529747009277,
      0.024010181427001953,
      0.01218724250793457
    ],
    "score_time": [
      0.02177882194519043,
      0.021741390228271484,
      0.021484851837158203,
      0.021263837814331055,
      0.009603261947631836
    ],
    "test_r": [
      0.04083535052117253,
      -0.08738866749815331,
      0.07604910228828854,
      -0.019190192434059977,
      -0.05733032371290035
    ],
    "test_r2": [
      -0.2564437376635098,
      -0.01467582361656894,
      -0.06141536691719285,
      -0.020346575795751054,
      -0.06722152984949759
    ],
    "test_rmse": [
      -1598.8499362467994,
      -102378.5529285943,
      -696.1398930280129,
      -363891.01223441324,
      -1621.6637345663953
    ],
    "test_mae": [
      -749.8401633492773,
      -12360.401769830327,
      -267.58400287363565,
      -51584.9489261852,
      -478.3712174704922
    ],
    "best_params": {
      "check_inverse": true,
      "func": null,
      "inverse_func": null,
      "regressor__copy_X": true,
      "regressor__fit_intercept": false,
      "regressor__n_jobs": null,
      "regressor__positive": false,
      "transformer__memory": null,
      "transformer__verbose": false,
      "transformer__log transform__accept_sparse": false,
      "transformer__log transform__check_inverse": true,
      "transformer__log transform__feature_names_out": null,
      "transformer__log transform__inv_kw_args": null,
      "transformer__log transform__kw_args": null,
      "transformer__log transform__validate": false,
      "transformer__y scaler__copy": true,
      "transformer__y scaler__with_mean": true,
      "transformer__y scaler__with_std": true
    }
  },
  "42": {
    "fit_time": [
      0.02505326271057129,
      0.02488231658935547,
      0.05298423767089844,
      0.04453396797180176,
      0.012624502182006836
    ],
    "score_time": [
      0.02267146110534668,
      0.02322840690612793,
      0.019442319869995117,
      0.02183055877685547,
      0.010191202163696289
    ],
    "test_r": [
      -0.10048682879903453,
      -0.154694564554298,
      0.038291509891473285,
      -0.05585755041711457,
      -0.02931963829949258
    ],
    "test_r2": [
      -0.014304390581655113,
      -0.029903154471183635,
      -0.11636695964646004,
      -4.553238801152719,
      -0.03639061131504984
    ],
    "test_rmse": [
      -354941.51042566466,
      -122868.47151446676,
      -1817.5828175870365,
      -2454.665030370532,
      -904.0500325060967
    ],
    "test_mae": [
      -42192.13027160819,
      -20969.54776122481,
      -649.9367334607947,
      -741.4472162701237,
      -243.58193230242497
    ],
    "best_params": {
      "check_inverse": true,
      "func": null,
      "inverse_func": null,
      "regressor__copy_X": true,
      "regressor__fit_intercept": true,
      "regressor__n_jobs": null,
      "regressor__positive": false,
      "transformer__memory": null,
      "transformer__verbose": false,
      "transformer__log transform__accept_sparse": false,
      "transformer__log transform__check_inverse": true,
      "transformer__log transform__feature_names_out": null,
      "transformer__log transform__inv_kw_args": null,
      "transformer__log transform__kw_args": null,
      "transformer__log transform__validate": false,
      "transformer__y scaler__copy": true,
      "transformer__y scaler__with_mean": true,
      "transformer__y scaler__with_std": true
    }
  },
  "69": {
    "fit_time": [
      0.022167444229125977,
      0.025569915771484375,
      0.02448272705078125,
      0.023777246475219727,
      0.024531126022338867
    ],
    "score_time": [
      0.021033763885498047,
      0.023020505905151367,
      0.021704435348510742,
      0.021270751953125,
      0.019193410873413086
    ],
    "test_r": [
      -0.02103011603741807,
      -0.10017301337560171,
      0.17113038188466245,
      0.051142676457276645,
      -0.009838430821116885
    ],
    "test_r2": [
      -0.022328051228562407,
      -0.01727360657959176,
      -0.1069912533699946,
      -0.09112056198752105,
      -0.028126493547561138
    ],
    "test_rmse": [
      -369458.07559404586,
      -67719.95987685415,
      -1028.9680177710245,
      -1561.0894571059011,
      -513.9069467037007
    ],
    "test_mae": [
      -54770.53531186146,
      -8852.983842779477,
      -376.43767706341714,
      -510.0298098127922,
      -188.21784432910044
    ],
    "best_params": {
      "check_inverse": true,
      "func": null,
      "inverse_func": null,
      "regressor__copy_X": true,
      "regressor__fit_intercept": false,
      "regressor__n_jobs": null,
      "regressor__positive": false,
      "transformer__memory": null,
      "transformer__verbose": false,
      "transformer__log transform__accept_sparse": false,
      "transformer__log transform__check_inverse": true,
      "transformer__log transform__feature_names_out": null,
      "transformer__log transform__inv_kw_args": null,
      "transformer__log transform__kw_args": null,
      "transformer__log transform__validate": false,
      "transformer__y scaler__copy": true,
      "transformer__y scaler__with_mean": true,
      "transformer__y scaler__with_std": true
    }
  },
  "420": {
    "fit_time": [
      0.022144556045532227,
      0.022795677185058594,
      0.039299726486206055,
      0.041074514389038086,
      0.013206005096435547
    ],
    "score_time": [
      0.01775956153869629,
      0.019073486328125,
      0.020877599716186523,
      0.018467426300048828,
      0.009683847427368164
    ],
    "test_r": [
      0.042287217112505895,
      -0.10668987172629527,
      -0.026883703452090776,
      -0.1183109189824562,
      0.09335132107864638
    ],
    "test_r2": [
      -0.08667199234904266,
      -0.01467010711048311,
      -0.03959003670304595,
      -0.019765747704164616,
      -0.10466155497247076
    ],
    "test_rmse": [
      -1141.3345571584678,
      -102380.31721131751,
      -6004.191748842629,
      -363836.96732416167,
      -1742.856070812067
    ],