{
  "6": {
    "fit_time": [
      0.10078692436218262,
      0.06640124320983887,
      0.06248950958251953,
      0.06083822250366211,
      0.06375932693481445
    ],
    "score_time": [
      0.013377189636230469,
      0.01578998565673828,
      0.012806415557861328,
      0.014206886291503906,
      0.02112293243408203
    ],
    "test_r": [
      0.018906916217135417,
      -0.07005804005559194,
      -0.04996280795247775,
      -0.04596559143247942,
      0.5311917563754182
    ],
    "test_r2": [
      -0.07712466308356136,
      -0.014290463717389068,
      -0.01794036612455141,
      -0.01512175219023093,
      -0.14503655447478625
    ],
    "test_rmse": [
      -660.5885469393087,
      -354941.1325956809,
      -68418.4681847634,
      -103094.4236031872,
      -1540.9647606646204
    ],
    "test_mae": [
      -258.3290952790846,
      -42151.85101977578,
      -9156.077141764348,
      -12623.338751344549,
      -663.6292200258492
    ],
    "best_params": {
      "check_inverse": true,
      "func": null,
      "inverse_func": null,
      "regressor__bootstrap": true,
      "regressor__ccp_alpha": 0.0,
      "regressor__criterion": "squared_error",
      "regressor__max_depth": null,
      "regressor__max_features": "sqrt",
      "regressor__max_leaf_nodes": null,
      "regressor__max_samples": null,
      "regressor__min_impurity_decrease": 0.0,
      "regressor__min_samples_leaf": 0.05,
      "regressor__min_samples_split": 0.09734632731458714,
      "regressor__min_weight_fraction_leaf": 0.0,
      "regressor__monotonic_cst": null,
      "regressor__n_estimators": 50,
      "regressor__n_jobs": null,
      "regressor__oob_score": false,
      "regressor__random_state": null,
      "regressor__verbose": 0,
      "regressor__warm_start": false,
      "transformer__memory": null,
      "transformer__verbose": false,
      "transformer__log transform__accept_sparse": false,
      "transformer__log transform__check_inverse": true,
      "transformer__log transform__feature_names_out": null,
      "transformer__log transform__inv_kw_args": null,
      "transformer__log transform__kw_args": null,
      "transformer__log transform__validate": false,
      "transformer__y scaler__copy": true,
      "transformer__y scaler__with_mean": true,
      "transformer__y scaler__with_std": true
    }
  },
  "13": {
    "fit_time": [
      1.1938362121582031,
      1.2349863052368164,
      1.2114102840423584,
      1.209014654159546,
      1.5534634590148926
    ],
    "score_time": [
      0.0553133487701416,
      0.05764627456665039,
      0.056015729904174805,
      0.05517721176147461,
      0.05549049377441406
    ],
    "test_r": [
      0.48855884305286196,
      -0.06812945892631835,
      -0.004560954638702559,
      -0.06986319619616048,
      0.568416381380192
    ],
    "test_r2": [
      -0.21052150350478072,
      -0.014695091121666781,
      -0.07374202493879412,
      -0.020332187935059087,
      -0.013950457206963529
    ],
    "test_rmse": [
      -1569.3594800980127,
      -102379.52494836673,
      -700.1705055391542,
      -363888.44662005623,
      -1580.6724478962124
    ],
    "test_mae": [
      -738.2471526639723,
      -12353.791083175014,
      -282.7063825806077,
      -51370.588451304175,
      -466.44190300493585
    ],
    "best_params": {
      "check_inverse": true,
      "func": null,
      "inverse_func": null,
      "regressor__bootstrap": true,
      "regressor__ccp_alpha": 0.0,
      "regressor__criterion": "squared_error",
      "regressor__max_depth": null,
      "regressor__max_features": "sqrt",
      "regressor__max_leaf_nodes": null,
      "regressor__max_samples": null,
      "regressor__min_impurity_decrease": 0.0,
      "regressor__min_samples_leaf": 0.05,
      "regressor__min_samples_split": 0.11203894560723106,
      "regressor__min_weight_fraction_leaf": 0.0,
      "regressor__monotonic_cst": null,
      "regressor__n_estimators": 1280,
      "regressor__n_jobs": null,
      "regressor__oob_score": false,
      "regressor__random_state": null,
      "regressor__verbose": 0,
      "regressor__warm_start": false,
      "transformer__memory": null,
      "transformer__verbose": false,
      "transformer__log transform__accept_sparse": false,
      "transformer__log transform__check_inverse": true,
      "transformer__log transform__feature_names_out": null,
      "transformer__log transform__inv_kw_args": null,
      "transformer__log transform__kw_args": null,
      "transformer__log transform__validate": false,
      "transformer__y scaler__copy": true,
      "transformer__y scaler__with_mean": true,
      "transformer__y scaler__with_std": true
    }
  },
  "42": {
    "fit_time": [
      1.9484739303588867,
      2.1422417163848877,
      2.4545037746429443,
      1.9051580429077148,
      2.614135980606079
    ],
    "score_time": [
      0.08125734329223633,
      0.09105110168457031,
      0.07809329032897949,
      0.0888679027557373,
      0.09206080436706543
    ],
    "test_r": [
      -0.0621586252561307,
      -0.08966269817682368,
      0.6248253523686074,
      0.4832871890449954,
      0.08859159282692558
    ],
    "test_r2": [
      -0.014303049930297407,
      -0.029955454246947788,
      -0.05900099209715548,
      -0.06864546574212271,
      -0.020436773309543854
    ],
    "test_rmse": [
      -354941.2758545736,
      -122871.59118251654,
      -1770.2675342725854,
      -1076.8020769903267,
      -897.0647294210137
    ],
    "test_mae": [
      -42189.16948345763,
      -20963.047429113896,
      -635.1129801850285,
      -472.9318181528798,
      -260.44933589924244
    ],
    "best_params": {
      "check_inverse": true,
      "func": null,
      "inverse_func": null,
      "regressor__bootstrap": true,
      "regressor__ccp_alpha": 0.0,
      "regressor__criterion": "squared_error",
      "regressor__max_depth": null,
      "regressor__max_features": "log2",
      "regressor__max_leaf_nodes": null,
      "regressor__max_samples": null,
      "regressor__min_impurity_decrease": 0.0,
      "regressor__min_samples_leaf": 0.05,
      "regressor__min_samples_split": 0.07177145693311228,
      "regressor__min_weight_fraction_leaf": 0.0,
      "regressor__monotonic_cst": null,
      "regressor__n_estimators": 2000,
      "regressor__n_jobs": null,
      "regressor__oob_score": false,
      "regressor__random_state": null,
      "regressor__verbose": 0,
      "regressor__warm_start": false,
      "transformer__memory": null,
      "transformer__verbose": false,
      "transformer__log transform__accept_sparse": false,
      "transformer__log transform__check_inverse": true,
      "transformer__log transform__feature_names_out": null,
      "transformer__log transform__inv_kw_args": null,
      "transformer__log transform__kw_args": null,
      "transformer__log transform__validate": false,
      "transformer__y scaler__copy": true,
      "transformer__y scaler__with_mean": true,
      "transformer__y scaler__with_std": true
    }
  },
  "69": {
    "fit_time": [
      0.18918824195861816,
      0.17879176139831543,
      0.1911170482635498,
      0.20177578926086426,
      0.19437623023986816
    ],
    "score_time": [
      0.021918535232543945,
      0.017981767654418945,
      0.020997285842895508,
      0.01873302459716797,
      0.01969313621520996
    ],
    "test_r": [
      -0.05734125582976622,
      -0.07449044031798277,
      0.26126284624665685,
      0.6609896586582609,
      0.49362279656263086
    ],
    "test_r2": [
      -0.022321958513399798,
      -0.01727464368217979,
      -0.05617294156990704,
      -0.035183430685399975,
      0.1791244041350697
    ],
    "test_rmse": [
      -369456.9746723944,
      -67719.99439683348,
      -1005.0722911224494,
      -1520.547798182539,
      -459.19789154113766
    ],