{
  "6": {
    "fit_time": [
      0.03435683250427246,
      0.020113468170166016,
      0.01794147491455078,
      0.03288078308105469,
      0.03321242332458496
    ],
    "score_time": [
      0.028748035430908203,
      0.01698780059814453,
      0.015689611434936523,
      0.027039289474487305,
      0.029946327209472656
    ],
    "test_r": [
      0.29501221104430014,
      0.4889830546005976,
      0.1846209241610145,
      0.37068565441094536,
      0.4625865082552094
    ],
    "test_r2": [
      0.05202522351422312,
      0.21155573670997463,
      -0.14821901643340474,
      0.13331452199929428,
      0.18964406288443358
    ],
    "test_rmse": [
      -0.780005813774026,
      -0.9852825043747032,
      -1.0709912578472438,
      -0.9258120162426209,
      -0.797282716409773
    ],
    "test_mae": [
      -0.6173710248076609,
      -0.7636830514829399,
      -0.7818162249195586,
      -0.710743073936553,
      -0.6544338319703829
    ],
    "best_params": {
      "check_inverse": true,
      "func": null,
      "inverse_func": null,
      "regressor__copy_X": true,
      "regressor__fit_intercept": true,
      "regressor__n_jobs": null,
      "regressor__positive": false,
      "transformer__memory": null,
      "transformer__verbose": false,
      "transformer__y scaler__copy": true,
      "transformer__y scaler__with_mean": true,
      "transformer__y scaler__with_std": true
    }
  },
  "13": {
    "fit_time": [
      0.017945289611816406,
      0.034423112869262695,
      0.03554487228393555,
      0.01778435707092285,
      0.0339508056640625
    ],
    "score_time": [
      0.014948844909667969,
      0.02758002281188965,
      0.031157970428466797,
      0.01506662368774414,
      0.028369903564453125
    ],
    "test_r": [
      0.48637809344343025,
      0.4114988622252387,
      0.2218349684026974,
      0.34613599311555016,
      0.35075565795041086
    ],
    "test_r2": [
      0.02472126681131337,
      0.16189647581030864,
      -0.18792241913124164,
      0.08206367079377586,
      0.04512636072809062
    ],
    "test_rmse": [
      -0.840345627601712,
      -0.8867679237422768,
      -0.9045496315289623,
      -1.1292524381830515,
      -0.8411634949365451
    ],
    "test_mae": [
      -0.7028612144349249,
      -0.6672884928012048,
      -0.7030715222121585,
      -0.8210495662869752,
      -0.6592532162285598
    ],
    "best_params": {
      "check_inverse": true,
      "func": null,
      "inverse_func": null,
      "regressor__copy_X": true,
      "regressor__fit_intercept": false,
      "regressor__n_jobs": null,
      "regressor__positive": false,
      "transformer__memory": null,
      "transformer__verbose": false,
      "transformer__y scaler__copy": true,
      "transformer__y scaler__with_mean": true,
      "transformer__y scaler__with_std": true
    }
  },
  "42": {
    "fit_time": [
      0.0334324836730957,
      0.03282642364501953,
      0.033492326736450195,
      0.018022775650024414,
      0.01742410659790039
    ],
    "score_time": [
      0.028231382369995117,
      0.028400182723999023,
      0.02840423583984375,
      0.01553487777709961,
      0.015659570693969727
    ],
    "test_r": [
      0.5029640687978668,
      0.3000307839044051,
      0.4265242262022455,
      0.2875086332643032,
      0.3519027319659731
    ],
    "test_r2": [
      0.18303601485195597,
      0.062183222750519906,
      0.1761458119837922,
      -0.07350596300097556,
      0.02459568503806675
    ],
    "test_rmse": [
      -0.9587466206855321,
      -1.1055606909192242,
      -0.8596556492834496,
      -0.8915696463699823,
      -0.735641286195039
    ],
    "test_mae": [
      -0.7011047506999512,
      -0.8237392473571954,
      -0.7126457094658065,
      -0.7083345234036577,
      -0.5842757290060094
    ],
    "best_params": {
      "check_inverse": true,
      "func": null,
      "inverse_func": null,
      "regressor__copy_X": true,
      "regressor__fit_intercept": false,
      "regressor__n_jobs": null,
      "regressor__positive": false,
      "transformer__memory": null,
      "transformer__verbose": false,
      "transformer__y scaler__copy": true,
      "transformer__y scaler__with_mean": true,
      "transformer__y scaler__with_std": true
    }
  },
  "69": {
    "fit_time": [
      0.03449106216430664,
      0.017572402954101562,
      0.032883644104003906,
      0.03440070152282715,
      0.033010005950927734
    ],
    "score_time": [
      0.02785515785217285,
      0.013259172439575195,
      0.025485992431640625,
      0.025600194931030273,
      0.024333953857421875
    ],
    "test_r": [
      0.31252974192161,
      0.5189817424362607,
      0.2073507302725985,
      0.2930880209375817,
      0.357233978669698
    ],
    "test_r2": [
      0.016756098511729434,
      0.16741423439427294,
      -0.08387807281456205,
      0.03997409946204755,
      -0.0664842232563525
    ],
    "test_rmse": [
      -1.1696932379314438,
      -0.9467750004392472,
      -0.8156609021594432,
      -0.8606075310118086,
      -0.818090430538223
    ],
    "test_mae": [
      -0.886790172479737,
      -0.7339154674218453,
      -0.6366200303753082,
      -0.63849557058255,
      -0.6728124154044881
    ],
    "best_params": {
      "check_inverse": true,
      "func": null,
      "inverse_func": null,
      "regressor__copy_X": true,
      "regressor__fit_intercept": false,
      "regressor__n_jobs": null,
      "regressor__positive": false,
      "transformer__memory": null,
      "transformer__verbose": false,
      "transformer__y scaler__copy": true,
      "transformer__y scaler__with_mean": true,
      "transformer__y scaler__with_std": true
    }
  },
  "420": {
    "fit_time": [
      0.03244447708129883,
      0.03310847282409668,
      0.033357858657836914,
      0.01787590980529785,
      0.03296160697937012
    ],
    "score_time": [
      0.02473163604736328,
      0.024842500686645508,
      0.026404142379760742,
      0.013744115829467773,
      0.027286529541015625
    ],
    "test_r": [
      0.38113294540962034,
      0.3824043024986549,
      0.2550303351613431,
      0.3274809234067769,
      0.4802969301243276
    ],
    "test_r2": [
      0.1295069360797323,
      0.13872550221824131,
      -0.11520206012711842,
      0.089147625091064,
      0.2233499564241237
    ],
    "test_rmse": [
      -0.7507968378616336,
      -0.9077362594237185,
      -1.0725810661797581,
      -1.0674640160886115,
      -0.7784513374833063
    ],
    "test_mae": [
      -0.5823598747098117,
      -0.6930372435741661,
      -0.7965614228183409,
      -0.8156670529109414,
      -0.6442630635083749
    ],
    "best_params": {
      "check_inverse": true,
      "func": null,
      "inverse_func": null,
      "regressor__copy_X": true,
      "regressor__fit_intercept": false,
      "regressor__n_jobs": null,
      "regressor__positive": false,
      "transformer__memory": null,
      "transformer__verbose": false,
      "transformer__y scaler__copy": true,
      "transformer__y scaler__with_mean": true,
      "transformer__y scaler__with_std": true
    }
  },
  "1234567890": {
    "fit_time": [
      0.03341317176818848,
      0.033583879470825195,
      0.03576540946960449,
      0.034958600997924805,
      0.03280282020568848
    ],
    "score_time": [
      0.028763294219970703,
      0.02604508399963379,
      0.027692556381225586,
      0.025989532470703125,
      0.02478480339050293
    ],
    "test_r": [
      0.4349542391472383,
      0.48654538117052565,
      0.22728399726535486,
      0.29846234825312656,
      0.3528857815025507
    ],
    "test_r2": [
      0.17879290048190133,
      0.21141510378340667,
      -0.22177369209295206,
      0.06057895737793395,
      0.033524768927841286
    ],
    "test_rmse": [
      -0.9084700242272243,
      -0.8241532599199991,
      -0.9132358445766268,
      -0.8470604179515236,
      -1.1312179266307476
    ],