{
  "6": {
    "fit_time": [
      0.0949411392211914,
      0.09009552001953125,
      0.0935819149017334,
      0.09245443344116211,
      0.09485006332397461
    ],
    "score_time": [
      0.026718616485595703,
      0.0276644229888916,
      0.027613162994384766,
      0.027539730072021484,
      0.026782989501953125
    ],
    "test_r": [
      0.08470548986975154,
      0.06189532656286848,
      0.40779377142044027,
      0.25249675643402547,
      0.5578040441784886
    ],
    "test_r2": [
      -0.06033895001092815,
      -0.01418853910745499,
      -0.016285055098661738,
      -0.014168712109779102,
      -0.07310577518820005
    ],
    "test_rmse": [
      -655.4210903731757,
      -354923.29838216957,
      -68362.81663208612,
      -103046.01749355027,
      -1491.7783416957252
    ],
    "test_mae": [
      -236.75142201262167,
      -42105.316993000895,
      -9082.70257531241,
      -12583.379697115077,
      -635.6607534406451
    ],
    "best_params": {
      "check_inverse": true,
      "func": null,
      "inverse_func": null,
      "regressor__bootstrap": true,
      "regressor__ccp_alpha": 0.0,
      "regressor__criterion": "squared_error",
      "regressor__max_depth": null,
      "regressor__max_features": "sqrt",
      "regressor__max_leaf_nodes": null,
      "regressor__max_samples": null,
      "regressor__min_impurity_decrease": 0.0,
      "regressor__min_samples_leaf": 0.05,
      "regressor__min_samples_split": 0.05,
      "regressor__min_weight_fraction_leaf": 0.0,
      "regressor__monotonic_cst": null,
      "regressor__n_estimators": 50,
      "regressor__n_jobs": null,
      "regressor__oob_score": false,
      "regressor__random_state": null,
      "regressor__verbose": 0,
      "regressor__warm_start": false,
      "transformer__memory": null,
      "transformer__verbose": false,
      "transformer__log transform__accept_sparse": false,
      "transformer__log transform__check_inverse": true,
      "transformer__log transform__feature_names_out": null,
      "transformer__log transform__inv_kw_args": null,
      "transformer__log transform__kw_args": null,
      "transformer__log transform__validate": false,
      "transformer__y scaler__copy": true,
      "transformer__y scaler__with_mean": true,
      "transformer__y scaler__with_std": true
    }
  },
  "13": {
    "fit_time": [
      0.11752080917358398,
      0.21322178840637207,
      0.1572120189666748,
      0.2202751636505127,
      0.22044968605041504
    ],
    "score_time": [
      0.030123233795166016,
      0.03451657295227051,
      0.031795501708984375,
      0.0344233512878418,
      0.029208898544311523
    ],
    "test_r": [
      0.5775061333204708,
      0.23155922010337807,
      0.39902194765635374,
      0.18116069053395034,
      0.6316598580155947
    ],
    "test_r2": [
      -0.11255525702432645,
      -0.01383926957418602,
      0.035215049888368544,
      -0.020147376881691992,
      0.0622586560695183
    ],
    "test_rmse": [
      -1504.516572766051,
      -102336.3409973383,
      -663.6958419495321,
      -363855.4898764357,
      -1520.1101106592616
    ],
    "test_mae": [
      -700.0378514314564,
      -12328.131469837403,
      -239.9533894529282,
      -51342.90452172471,
      -444.9152837053987
    ],
    "best_params": {
      "check_inverse": true,
      "func": null,
      "inverse_func": null,
      "regressor__bootstrap": true,
      "regressor__ccp_alpha": 0.0,
      "regressor__criterion": "squared_error",
      "regressor__max_depth": null,
      "regressor__max_features": "log2",
      "regressor__max_leaf_nodes": null,
      "regressor__max_samples": null,
      "regressor__min_impurity_decrease": 0.0,
      "regressor__min_samples_leaf": 0.053608770497179395,
      "regressor__min_samples_split": 0.0705732851452666,
      "regressor__min_weight_fraction_leaf": 0.0,
      "regressor__monotonic_cst": null,
      "regressor__n_estimators": 65,
      "regressor__n_jobs": null,
      "regressor__oob_score": false,
      "regressor__random_state": null,
      "regressor__verbose": 0,
      "regressor__warm_start": false,
      "transformer__memory": null,
      "transformer__verbose": false,
      "transformer__log transform__accept_sparse": false,
      "transformer__log transform__check_inverse": true,
      "transformer__log transform__feature_names_out": null,
      "transformer__log transform__inv_kw_args": null,
      "transformer__log transform__kw_args": null,
      "transformer__log transform__validate": false,
      "transformer__y scaler__copy": true,
      "transformer__y scaler__with_mean": true,
      "transformer__y scaler__with_std": true
    }
  },
  "42": {
    "fit_time": [
      0.3884122371673584,
      0.4167158603668213,
      0.5047252178192139,
      0.3155229091644287,
      0.3044900894165039
    ],
    "score_time": [
      0.03765535354614258,
      0.044161319732666016,
      0.03765249252319336,
      0.034836530685424805,
      0.03841996192932129
    ],
    "test_r": [
      0.062100755004488195,
      0.24043976121588323,
      0.6862083086507755,
      0.586295538612454,
      0.21863804139602472
    ],
    "test_r2": [
      -0.014214029442194187,
      -0.029244424213246134,
      0.05298023953171194,
      0.036730811657126994,
      0.0255520357648632
    ],
    "test_rmse": [
      -354925.6997706127,
      -122829.17164162929,
      -1674.0570021234096,
      -1022.3342139125091,
      -876.6173408768393
    ],
    "test_mae": [
      -42137.927288464656,
      -20920.061983739433,
      -605.2841913152658,
      -443.0091974652444,
      -220.378404407466
    ],
    "best_params": {
      "check_inverse": true,
      "func": null,
      "inverse_func": null,
      "regressor__bootstrap": true,
      "regressor__ccp_alpha": 0.0,
      "regressor__criterion": "squared_error",
      "regressor__max_depth": null,
      "regressor__max_features": "sqrt",
      "regressor__max_leaf_nodes": null,
      "regressor__max_samples": null,
      "regressor__min_impurity_decrease": 0.0,
      "regressor__min_samples_leaf": 0.05070908049874376,
      "regressor__min_samples_split": 0.09316747971969655,
      "regressor__min_weight_fraction_leaf": 0.0,
      "regressor__monotonic_cst": null,
      "regressor__n_estimators": 222,
      "regressor__n_jobs": null,
      "regressor__oob_score": false,
      "regressor__random_state": null,
      "regressor__verbose": 0,
      "regressor__warm_start": false,
      "transformer__memory": null,
      "transformer__verbose": false,
      "transformer__log transform__accept_sparse": false,
      "transformer__log transform__check_inverse": true,
      "transformer__log transform__feature_names_out": null,
      "transformer__log transform__inv_kw_args": null,
      "transformer__log transform__kw_args": null,
      "transformer__log transform__validate": false,
      "transformer__y scaler__copy": true,
      "transformer__y scaler__with_mean": true,
      "transformer__y scaler__with_std": true
    }
  },
  "69": {
    "fit_time": [
      0.13732552528381348,
      0.12489128112792969,
      0.12807869911193848,
      0.11934781074523926,
      0.11363744735717773
    ],
    "score_time": [
      0.036270856857299805,
      0.035660505294799805,
      0.030613422393798828,
      0.03310370445251465,
      0.032602548599243164
    ],
    "test_r": [
      0.14487689827171715,
      0.3174301168221004,
      0.48269703604763825,
      0.6288123466933572,
      0.7179727138318551
    ],
    "test_r2": [
      -0.02218927411825411,
      -0.015929872773710718,
      0.12446077445152826,
      0.04035209624529423,
      0.3738013967805679
    ],
    "test_rmse": [
      -369432.99848490616,
      -67675.21888054865,
      -915.0979565543132,
      -1464.0212489580256,
      -401.0673055010522
    ],
    "test_mae": [
      -54571.37992292866,
      -8799.484666640094,
      -357.6349888742139,
      -473.9586447430647,
      -155.3096440135014
    ],