{
  "6": {
    "fit_time": [
      6.631840944290161,
      1.141221284866333,
      1.1055946350097656,
      1.1181719303131104,
      1.1909441947937012
    ],
    "score_time": [
      0.03810000419616699,
      0.03310537338256836,
      0.033574819564819336,
      0.03429770469665527,
      0.03773760795593262
    ],
    "test_r": [
      0.6968304526934268,
      -0.026211819687568187,
      0.814030512115523,
      0.4294454003424867,
      0.676186696073327
    ],
    "test_r2": [
      0.3719422221183777,
      -0.014232754707336426,
      0.01011812686920166,
      -0.008179068565368652,
      0.3905259966850281
    ],
    "test_rmse": [
      -504.4264007692504,
      -354931.02866595885,
      -67468.93146347698,
      -102741.27961682605,
      -1124.2441641221428
    ],
    "test_mae": [
      -190.34685109408818,
      -41967.04464941834,
      -9032.729167855881,
      -12445.749231719325,
      -438.2109022485377
    ],
    "best_params": {
      "check_inverse": true,
      "func": null,
      "inverse_func": null,
      "regressor__kernel": "matern",
      "regressor__lengthscale": 0.503947079288224,
      "regressor__lr": 0.01,
      "regressor__n_epoch": 100,
      "regressor__nu": 0.5,
      "transformer__memory": null,
      "transformer__verbose": false,
      "transformer__log transform__accept_sparse": false,
      "transformer__log transform__check_inverse": true,
      "transformer__log transform__feature_names_out": null,
      "transformer__log transform__inv_kw_args": null,
      "transformer__log transform__kw_args": null,
      "transformer__log transform__validate": false,
      "transformer__y scaler__copy": true,
      "transformer__y scaler__with_mean": true,
      "transformer__y scaler__with_std": true
    }
  },
  "13": {
    "fit_time": [
      1.3108327388763428,
      1.3124916553497314,
      1.2301194667816162,
      1.2640511989593506,
      1.2395639419555664
    ],
    "score_time": [
      0.03637123107910156,
      0.03546428680419922,
      0.03455400466918945,
      0.03515124320983887,
      0.03432464599609375
    ],
    "test_r": [
      0.666083287343006,
      0.20655937593778406,
      0.17254003707392487,
      0.06285044988501583,
      0.6895818026757581
    ],
    "test_r2": [
      0.2192215919494629,
      -0.011005282402038574,
      -0.6794238090515137,
      -0.019736170768737793,
      0.338134765625
    ],
    "test_rmse": [
      -1260.3758526618305,
      -102193.21639848796,
      -875.6569432221556,
      -363782.10981402657,
      -1277.0806381546188
    ],
    "test_mae": [
      -552.0163136442873,
      -12237.373851375885,
      -281.4132841084137,
      -51140.624887674836,
      -380.0990875178789
    ],
    "best_params": {
      "check_inverse": true,
      "func": null,
      "inverse_func": null,
      "regressor__kernel": "matern",
      "regressor__lengthscale": 2.888003742715755,
      "regressor__lr": 0.01,
      "regressor__n_epoch": 100,
      "regressor__nu": 2.5,
      "transformer__memory": null,
      "transformer__verbose": false,
      "transformer__log transform__accept_sparse": false,
      "transformer__log transform__check_inverse": true,
      "transformer__log transform__feature_names_out": null,
      "transformer__log transform__inv_kw_args": null,
      "transformer__log transform__kw_args": null,
      "transformer__log transform__validate": false,
      "transformer__y scaler__copy": true,
      "transformer__y scaler__with_mean": true,
      "transformer__y scaler__with_std": true
    }
  },
  "42": {
    "fit_time": [
      1.0985474586486816,
      1.1367530822753906,
      1.0983467102050781,
      1.1229932308197021,
      1.1166841983795166
    ],
    "score_time": [
      0.0474245548248291,
      0.03650379180908203,
      0.03688549995422363,
      0.03746366500854492,
      0.037104129791259766
    ],
    "test_r": [
      -0.024265476451696168,
      -0.0016111970513617382,
      0.5375436709458298,
      0.7772040555932251,
      0.24228295182726037
    ],
    "test_r2": [
      -0.014253377914428711,
      -0.02945232391357422,
      0.25892406702041626,
      0.43738728761672974,
      -0.09185659885406494
    ],
    "test_rmse": [
      -354932.61665418244,
      -122841.56623882594,
      -1480.8875368040954,
      -781.3108015129591,
      -927.9263764809817
    ],
    "test_mae": [
      -42002.117279481725,
      -20822.810348169864,
      -565.8011177468507,
      -342.83922137921087,
      -247.47504547681748
    ],
    "best_params": {
      "check_inverse": true,
      "func": null,
      "inverse_func": null,
      "regressor__kernel": "matern",
      "regressor__lengthscale": 1.259806678617276,
      "regressor__lr": 0.01,
      "regressor__n_epoch": 100,
      "regressor__nu": 0.5,
      "transformer__memory": null,
      "transformer__verbose": false,
      "transformer__log transform__accept_sparse": false,
      "transformer__log transform__check_inverse": true,
      "transformer__log transform__feature_names_out": null,
      "transformer__log transform__inv_kw_args": null,
      "transformer__log transform__kw_args": null,
      "transformer__log transform__validate": false,
      "transformer__y scaler__copy": true,
      "transformer__y scaler__with_mean": true,
      "transformer__y scaler__with_std": true
    }
  },
  "69": {
    "fit_time": [
      1.0702557563781738,
      1.1044597625732422,
      1.0558102130889893,
      1.0691945552825928,
      1.0049057006835938
    ],
    "score_time": [
      0.03160715103149414,
      0.03789520263671875,
      0.032169342041015625,
      0.031433820724487305,
      0.03187298774719238
    ],
    "test_r": [
      0.14000972539129564,
      0.403067257276449,
      0.042495120241400196,
      0.8151415423934341,
      0.891006251124619
    ],
    "test_r2": [
      -0.02185213565826416,
      -0.00737762451171875,
      -13.356290817260742,
      0.5044625997543335,
      0.7210327386856079
    ],
    "test_rmse": [
      -369372.01856389,
      -67389.76981332997,
      -3705.5350129093026,
      -1052.0337146931536,
      -267.69347674381424
    ],
    "test_mae": [
      -54468.06292742494,
      -8581.227391577755,
      -907.4941403873072,
      -372.81130227813424,
      -120.39993731097674
    ],
    "best_params": {
      "check_inverse": true,
      "func": null,
      "inverse_func": null,
      "regressor__kernel": "matern",
      "regressor__lengthscale": 1.0535263630521259,
      "regressor__lr": 0.01,
      "regressor__n_epoch": 100,
      "regressor__nu": 0.5,
      "transformer__memory": null,
      "transformer__verbose": false,
      "transformer__log transform__accept_sparse": false,
      "transformer__log transform__check_inverse": true,
      "transformer__log transform__feature_names_out": null,
      "transformer__log transform__inv_kw_args": null,
      "transformer__log transform__kw_args": null,
      "transformer__log transform__validate": false,
      "transformer__y scaler__copy": true,
      "transformer__y scaler__with_mean": true,
      "transformer__y scaler__with_std": true
    }
  },
  "420": {
    "fit_time": [
      1.1028738021850586,
      1.104203462600708,
      1.0864043235778809,
      1.0805366039276123,
      1.0800106525421143
    ],
    "score_time": [
      0.03246259689331055,
      0.03222084045410156,
      0.032309532165527344,
      0.03208279609680176,
      0.03215432167053223
    ],
    "test_r": [
      0.4569809343630007,
      0.572439693569829,
      0.050093276979899216,
      0.06273487656380505,
      0.8279743382430724
    ],
    "test_r2": [
      0.07462561130523682,
      -0.008582353591918945,
      -0.02999114990234375,
      -0.019391179084777832,
      0.5240747332572937
    ],
    "test_rmse": [
      -1053.228107262563,
      -102072.71553790141,
      -5976.4077476276025,
      -363770.2076005012,
      -1143.9744000762394
    ],