{
  "6": {
    "fit_time": [
      0.0929560661315918,
      0.08602118492126465,
      0.08115267753601074,
      0.07949972152709961,
      0.07610797882080078
    ],
    "score_time": [
      0.022978544235229492,
      0.022373676300048828,
      0.02008843421936035,
      0.02125072479248047,
      0.021093130111694336
    ],
    "test_r": [
      0.5669505188104849,
      0.607019556100565,
      0.4288045135786982,
      0.4274151327354918,
      0.4489034577897483
    ],
    "test_r2": [
      0.26586876471476983,
      0.3074108916751448,
      0.1760280974977867,
      0.17021001697453364,
      0.19023286413467067
    ],
    "test_rmse": [
      -0.6864142644180353,
      -0.9234493949442591,
      -0.9072558129062746,
      -0.9058914221059315,
      -0.79699301262457
    ],
    "test_mae": [
      -0.5309031565315477,
      -0.6688882696797249,
      -0.6506311024361074,
      -0.653583141495541,
      -0.6349714584787173
    ],
    "best_params": {
      "check_inverse": true,
      "func": null,
      "inverse_func": null,
      "regressor__bootstrap": true,
      "regressor__ccp_alpha": 0.0,
      "regressor__criterion": "squared_error",
      "regressor__max_depth": null,
      "regressor__max_features": "sqrt",
      "regressor__max_leaf_nodes": null,
      "regressor__max_samples": null,
      "regressor__min_impurity_decrease": 0.0,
      "regressor__min_samples_leaf": 0.05060301334581676,
      "regressor__min_samples_split": 0.055609912806435235,
      "regressor__min_weight_fraction_leaf": 0.0,
      "regressor__monotonic_cst": null,
      "regressor__n_estimators": 56,
      "regressor__n_jobs": null,
      "regressor__oob_score": false,
      "regressor__random_state": null,
      "regressor__verbose": 0,
      "regressor__warm_start": false,
      "transformer__memory": null,
      "transformer__verbose": false,
      "transformer__y scaler__copy": true,
      "transformer__y scaler__with_mean": true,
      "transformer__y scaler__with_std": true
    }
  },
  "13": {
    "fit_time": [
      1.948559045791626,
      1.9493134021759033,
      1.869615077972412,
      1.944896936416626,
      1.998211145401001
    ],
    "score_time": [
      0.09746670722961426,
      0.10598516464233398,
      0.08594703674316406,
      0.09044361114501953,
      0.11661267280578613
    ],
    "test_r": [
      0.607019542177851,
      0.49718283710189126,
      0.43852900818949514,
      0.5159544361223652,
      0.6141644233473149
    ],
    "test_r2": [
      0.17062776340940544,
      0.22512653087625922,
      0.08799290637117563,
      0.2000921127937746,
      0.3037389848672727
    ],
    "test_rmse": [
      -0.7749404208338049,
      -0.8526612718438636,
      -0.7925697085296511,
      -1.0541556657349946,
      -0.7182795537846148
    ],
    "test_mae": [
      -0.5968530486538238,
      -0.6280105697653413,
      -0.6434283811366639,
      -0.7000192096675799,
      -0.5450840604396328
    ],
    "best_params": {
      "check_inverse": true,
      "func": null,
      "inverse_func": null,
      "regressor__bootstrap": true,
      "regressor__ccp_alpha": 0.0,
      "regressor__criterion": "squared_error",
      "regressor__max_depth": null,
      "regressor__max_features": "sqrt",
      "regressor__max_leaf_nodes": null,
      "regressor__max_samples": null,
      "regressor__min_impurity_decrease": 0.0,
      "regressor__min_samples_leaf": 0.05,
      "regressor__min_samples_split": 0.05,
      "regressor__min_weight_fraction_leaf": 0.0,
      "regressor__monotonic_cst": null,
      "regressor__n_estimators": 2000,
      "regressor__n_jobs": null,
      "regressor__oob_score": false,
      "regressor__random_state": null,
      "regressor__verbose": 0,
      "regressor__warm_start": false,
      "transformer__memory": null,
      "transformer__verbose": false,
      "transformer__y scaler__copy": true,
      "transformer__y scaler__with_mean": true,
      "transformer__y scaler__with_std": true
    }
  },
  "42": {
    "fit_time": [
      0.2267138957977295,
      0.23884916305541992,
      0.22368407249450684,
      0.2254505157470703,
      0.22824668884277344
    ],
    "score_time": [
      0.028400182723999023,
      0.03146624565124512,
      0.028262615203857422,
      0.027806758880615234,
      0.028627395629882812
    ],
    "test_r": [
      0.5497269095241357,
      0.49474084478512986,
      0.5269341559107638,
      0.55756938186396,
      0.5446686615403592
    ],
    "test_r2": [
      0.25545696653571537,
      0.19567912213542737,
      0.26208940071150033,
      0.27761093745628507,
      0.2461283126352305
    ],
    "test_rmse": [
      -0.9152659218990014,
      -1.0238545405823214,
      -0.813581789055132,
      -0.7313724969323736,
      -0.6467292081289177
    ],
    "test_mae": [
      -0.6502437371507473,
      -0.7220728669537493,
      -0.6375638403404759,
      -0.5788270613857575,
      -0.4756307101477701
    ],
    "best_params": {
      "check_inverse": true,
      "func": null,
      "inverse_func": null,
      "regressor__bootstrap": true,
      "regressor__ccp_alpha": 0.0,
      "regressor__criterion": "squared_error",
      "regressor__max_depth": null,
      "regressor__max_features": "log2",
      "regressor__max_leaf_nodes": null,
      "regressor__max_samples": null,
      "regressor__min_impurity_decrease": 0.0,
      "regressor__min_samples_leaf": 0.05154354928206572,
      "regressor__min_samples_split": 0.06572568689390444,
      "regressor__min_weight_fraction_leaf": 0.0,
      "regressor__monotonic_cst": null,
      "regressor__n_estimators": 208,
      "regressor__n_jobs": null,
      "regressor__oob_score": false,
      "regressor__random_state": null,
      "regressor__verbose": 0,
      "regressor__warm_start": false,
      "transformer__memory": null,
      "transformer__verbose": false,
      "transformer__y scaler__copy": true,
      "transformer__y scaler__with_mean": true,
      "transformer__y scaler__with_std": true
    }
  },
  "69": {
    "fit_time": [
      0.2986946105957031,
      0.29564619064331055,
      0.2798275947570801,
      0.27400684356689453,
      0.28827881813049316
    ],
    "score_time": [
      0.03086566925048828,
      0.030045747756958008,
      0.030337810516357422,
      0.030200481414794922,
      0.029677867889404297
    ],
    "test_r": [
      0.47933422957111954,
      0.5518355226220246,
      0.510994270787673,
      0.4679151553417754,
      0.5891886844326719
    ],
    "test_r2": [
      0.15038226973518165,
      0.2022058141964288,
      0.24970766799623711,
      0.21277266494491143,
      0.10675505206326108
    ],
    "test_rmse": [
      -1.0873093734097565,
      -0.9267822863759022,
      -0.6786325465054387,
      -0.7793162822889415,
      -0.7487026655054883
    ],
    "test_mae": [
      -0.7444210998791855,
      -0.6881360277977553,
      -0.5412362266742443,
      -0.583198582134417,
      -0.599984298407358
    ],
    "best_params": {
      "check_inverse": true,
      "func": null,
      "inverse_func": null,
      "regressor__bootstrap": true,
      "regressor__ccp_alpha": 0.0,
      "regressor__criterion": "squared_error",
      "regressor__max_depth": null,
      "regressor__max_features": "log2",
      "regressor__max_leaf_nodes": null,
      "regressor__max_samples": null,
      "regressor__min_impurity_decrease": 0.0,
      "regressor__min_samples_leaf": 0.050156374293837847,
      "regressor__min_samples_split": 0.07220500961722781,
      "regressor__min_weight_fraction_leaf": 0.0,
      "regressor__monotonic_cst": null,
      "regressor__n_estimators": 266,
      "regressor__n_jobs": null,
      "regressor__oob_score": false,
      "regressor__random_state": null,
      "regressor__verbose": 0,
      "regressor__warm_start": false,
      "transformer__memory": null,
      "transformer__verbose": false,
      "transformer__y scaler__copy": true,
      "transformer__y scaler__with_mean": true,