{
  "6": {
    "fit_time": [
      0.49782824516296387,
      0.49282336235046387,
      0.5241384506225586,
      0.38715362548828125,
      0.35180091857910156
    ],
    "score_time": [
      0.03545975685119629,
      0.0277864933013916,
      0.03437352180480957,
      0.04079031944274902,
      0.05864715576171875
    ],
    "test_r": [
      0.7414721075456101,
      -0.03349271905230868,
      -0.00997181908325978,
      -0.01601885415497619,
      0.6134212482124907
    ],
    "test_r2": [
      0.452273592228561,
      -0.014265352014018573,
      -0.017752333274652754,
      -0.014947292720783878,
      -0.07087534004268714
    ],
    "test_rmse": [
      -471.06397756111534,
      -354936.7387696897,
      -68412.14879998409,
      -103085.56428595011,
      -1490.2272152071148
    ],
    "test_mae": [
      -223.19612299398707,
      -41888.69844404342,
      -9065.049967472069,
      -12470.613469989006,
      -584.0838618842785
    ],
    "best_params": {
      "check_inverse": true,
      "func": null,
      "inverse_func": null,
      "regressor__alpha": 1e-10,
      "regressor__copy_X_train": true,
      "regressor__kernel__length_scale": 0.09119134485194402,
      "regressor__n_restarts_optimizer": 0,
      "regressor__n_targets": null,
      "regressor__normalize_y": false,
      "regressor__optimizer": "fmin_l_bfgs_b",
      "regressor__random_state": null,
      "transformer__memory": null,
      "transformer__verbose": false,
      "transformer__log transform__accept_sparse": false,
      "transformer__log transform__check_inverse": true,
      "transformer__log transform__feature_names_out": null,
      "transformer__log transform__inv_kw_args": null,
      "transformer__log transform__kw_args": null,
      "transformer__log transform__validate": false,
      "transformer__y scaler__copy": true,
      "transformer__y scaler__unit_variance": false,
      "transformer__y scaler__with_centering": true,
      "transformer__y scaler__with_scaling": true
    }
  },
  "13": {
    "fit_time": [
      0.13250398635864258,
      0.44481992721557617,
      0.3720886707305908,
      0.2731506824493408,
      0.4192965030670166
    ],
    "score_time": [
      0.02827596664428711,
      0.031911611557006836,
      0.02649831771850586,
      0.0262298583984375,
      0.0350801944732666
    ],
    "test_r": [
      0.6768973099039546,
      -0.02635350401851159,
      0.4598993014788204,
      -0.031908072420955474,
      0.7215813509439603
    ],
    "test_r2": [
      0.37639414598507726,
      -0.014605785066770016,
      0.17130030357514536,
      -0.02028705142747156,
      0.5016926935133385
    ],
    "test_rmse": [
      -1126.3964488544304,
      -102375.01950001004,
      -615.1094887827137,
      -363880.39785149106,
      -1108.108135013987
    ],
    "test_mae": [
      -510.30929780062127,
      -12270.45047753062,
      -242.37085705764315,
      -51159.17612472593,
      -364.653755699492
    ],
    "best_params": {
      "check_inverse": true,
      "func": null,
      "inverse_func": null,
      "regressor__alpha": 1e-10,
      "regressor__copy_X_train": true,
      "regressor__kernel__length_scale": 0.34888819542641364,
      "regressor__n_restarts_optimizer": 0,
      "regressor__n_targets": null,
      "regressor__normalize_y": false,
      "regressor__optimizer": "fmin_l_bfgs_b",
      "regressor__random_state": null,
      "transformer__memory": null,
      "transformer__verbose": false,
      "transformer__log transform__accept_sparse": false,
      "transformer__log transform__check_inverse": true,
      "transformer__log transform__feature_names_out": null,
      "transformer__log transform__inv_kw_args": null,
      "transformer__log transform__kw_args": null,
      "transformer__log transform__validate": false,
      "transformer__y scaler__copy": true,
      "transformer__y scaler__unit_variance": false,
      "transformer__y scaler__with_centering": true,
      "transformer__y scaler__with_scaling": true
    }
  },
  "42": {
    "fit_time": [
      0.418933629989624,
      0.37979841232299805,
      0.5228025913238525,
      0.5544579029083252,
      0.418060302734375
    ],
    "score_time": [
      0.031980276107788086,
      0.05566906929016113,
      0.026848316192626953,
      0.02650594711303711,
      0.061954498291015625
    ],
    "test_r": [
      -0.029019953667326258,
      -0.03148425151919637,
      0.8300102451182562,
      0.7433312719164389,
      0.27214051576227954
    ],
    "test_r2": [
      -0.0142795484039977,
      -0.02988711920757492,
      0.5932394700900505,
      0.5111298195146482,
      -0.08686069718119893
    ],
    "test_rmse": [
      -354937.16381426685,
      -122867.51499928841,
      -1097.1351354715193,
      -728.3092647820282,
      -925.8010589521574
    ],
    "test_mae": [
      -41971.06960966829,
      -20893.69594396344,
      -415.278678735775,
      -360.9061062134132,
      -264.5150880434337
    ],
    "best_params": {
      "check_inverse": true,
      "func": null,
      "inverse_func": null,
      "regressor__alpha": 1e-10,
      "regressor__copy_X_train": true,
      "regressor__kernel__length_scale": 2.3557754218338403,
      "regressor__n_restarts_optimizer": 0,
      "regressor__n_targets": null,
      "regressor__normalize_y": false,
      "regressor__optimizer": "fmin_l_bfgs_b",
      "regressor__random_state": null,
      "transformer__memory": null,
      "transformer__verbose": false,
      "transformer__log transform__accept_sparse": false,
      "transformer__log transform__check_inverse": true,
      "transformer__log transform__feature_names_out": null,
      "transformer__log transform__inv_kw_args": null,
      "transformer__log transform__kw_args": null,
      "transformer__log transform__validate": false,
      "transformer__y scaler__copy": true,
      "transformer__y scaler__unit_variance": false,
      "transformer__y scaler__with_centering": true,
      "transformer__y scaler__with_scaling": true
    }
  },
  "69": {
    "fit_time": [
      0.4831838607788086,
      0.5507559776306152,
      0.4742615222930908,
      0.3794212341308594,
      0.4778554439544678
    ],
    "score_time": [
      0.06271100044250488,
      0.024764299392700195,
      0.05593276023864746,
      0.05921530723571777,
      0.02566218376159668
    ],
    "test_r": [
      -0.03401207225952195,
      -0.015227185302674006,
      0.44042529915361717,
      0.8477344389776881,
      0.8736207207926957
    ],
    "test_r2": [
      -0.02228976446564168,
      -0.016633988706126868,
      0.054954043455633816,
      0.6792642881116648,
      -0.4596740962097279
    ],
    "test_rmse": [
      -369451.15732247307,
      -67698.66683080216,
      -950.7279150079933,
      -846.3793910668037,
      -612.3351125690316
    ],
    "test_mae": [
      -54540.57227810481,
      -8531.6276728725,
      -333.04450897331304,
      -351.38050690625823,
      -204.54374057487112
    ],
    "best_params": {
      "check_inverse": true,
      "func": null,
      "inverse_func": null,
      "regressor__alpha": 1e-10,
      "regressor__copy_X_train": true,
      "regressor__kernel__length_scale": 1.875548822832117,
      "regressor__n_restarts_optimizer": 0,
      "regressor__n_targets": null,
      "regressor__normalize_y": false,
      "regressor__optimizer": "fmin_l_bfgs_b",
      "regressor__random_state": null,
      "transformer__memory": null,
      "transformer__verbose": false,
      "transformer__log transform__accept_sparse": false,
      "transformer__log transform__check_inverse": true,
      "transformer__log transform__feature_names_out": null,
      "transformer__log transform__inv_kw_args": null,
      "transformer__log transform__kw_args": null,
      "transformer__log transform__validate": false,
      "transformer__y scaler__copy": true,
      "transformer__y scaler__unit_variance": false,
      "transformer__y scaler__with_centering": true,