{
  "6": {
    "fit_time": [
      1.9730515480041504,
      1.915207862854004,
      1.908578634262085,
      1.9081957340240479,
      1.9474027156829834
    ],
    "score_time": [
      0.09055638313293457,
      0.0896596908569336,
      0.08940315246582031,
      0.09367012977600098,
      0.09081077575683594
    ],
    "test_r": [
      0.5651261116645839,
      0.6860741067171191,
      0.562213411136179,
      0.5998834385648559,
      0.610790806100929
    ],
    "test_r2": [
      0.28952279430521377,
      0.3687390656297541,
      0.27406434581586636,
      0.32093469479721426,
      0.33557700650887023
    ],
    "test_rmse": [
      -0.6752654401799835,
      -0.8816165396636634,
      -0.8515744482628744,
      -0.8194978611966831,
      -0.7219327888351826
    ],
    "test_mae": [
      -0.5266312922930212,
      -0.6622249487681758,
      -0.6109176227485213,
      -0.6039920445926673,
      -0.5944341320768006
    ],
    "best_params": {
      "check_inverse": true,
      "func": null,
      "inverse_func": null,
      "regressor__bootstrap": true,
      "regressor__ccp_alpha": 0.0,
      "regressor__criterion": "squared_error",
      "regressor__max_depth": null,
      "regressor__max_features": "sqrt",
      "regressor__max_leaf_nodes": null,
      "regressor__max_samples": null,
      "regressor__min_impurity_decrease": 0.0,
      "regressor__min_samples_leaf": 0.05,
      "regressor__min_samples_split": 0.05,
      "regressor__min_weight_fraction_leaf": 0.0,
      "regressor__monotonic_cst": null,
      "regressor__n_estimators": 2000,
      "regressor__n_jobs": null,
      "regressor__oob_score": false,
      "regressor__random_state": null,
      "regressor__verbose": 0,
      "regressor__warm_start": false,
      "transformer__memory": null,
      "transformer__verbose": false,
      "transformer__y scaler__copy": true,
      "transformer__y scaler__with_mean": true,
      "transformer__y scaler__with_std": true
    }
  },
  "13": {
    "fit_time": [
      0.07701730728149414,
      0.09282660484313965,
      0.076995849609375,
      0.08071255683898926,
      0.07955789566040039
    ],
    "score_time": [
      0.02112865447998047,
      0.02239394187927246,
      0.02102351188659668,
      0.020987749099731445,
      0.021374225616455078
    ],
    "test_r": [
      0.6710557890221649,
      0.5650597913305621,
      0.6629623772465221,
      0.5764157785838011,
      0.6200843130623389
    ],
    "test_r2": [
      0.22798640889051702,
      0.3034229866233794,
      0.3231165551621531,
      0.26736847603991765,
      0.3239116687521336
    ],
    "test_rmse": [
      -0.7476632611186059,
      -0.8084361243792831,
      -0.6828028227869309,
      -1.0088522307681782,
      -0.707797761702254
    ],
    "test_mae": [
      -0.6058727227280827,
      -0.6186089640776549,
      -0.56356396639032,
      -0.6945731492129151,
      -0.5528263479640638
    ],
    "best_params": {
      "check_inverse": true,
      "func": null,
      "inverse_func": null,
      "regressor__bootstrap": true,
      "regressor__ccp_alpha": 0.0,
      "regressor__criterion": "squared_error",
      "regressor__max_depth": null,
      "regressor__max_features": "sqrt",
      "regressor__max_leaf_nodes": null,
      "regressor__max_samples": null,
      "regressor__min_impurity_decrease": 0.0,
      "regressor__min_samples_leaf": 0.050196051166875026,
      "regressor__min_samples_split": 0.08489264567299774,
      "regressor__min_weight_fraction_leaf": 0.0,
      "regressor__monotonic_cst": null,
      "regressor__n_estimators": 50,
      "regressor__n_jobs": null,
      "regressor__oob_score": false,
      "regressor__random_state": null,
      "regressor__verbose": 0,
      "regressor__warm_start": false,
      "transformer__memory": null,
      "transformer__verbose": false,
      "transformer__y scaler__copy": true,
      "transformer__y scaler__with_mean": true,
      "transformer__y scaler__with_std": true
    }
  },
  "42": {
    "fit_time": [
      1.9321458339691162,
      1.9193627834320068,
      1.941026210784912,
      1.9659316539764404,
      1.9348905086517334
    ],
    "score_time": [
      0.08920979499816895,
      0.0894172191619873,
      0.09204578399658203,
      0.08997082710266113,
      0.08851981163024902
    ],
    "test_r": [
      0.6639247242292777,
      0.6427791507434772,
      0.5720823632548971,
      0.5743173136559547,
      0.5879907845784679
    ],
    "test_r2": [
      0.3432622679600734,
      0.2988740325742445,
      0.30890801091201736,
      0.3100909918662673,
      0.2876533156305904
    ],
    "test_rmse": [
      -0.8596038952532061,
      -0.9559201490168185,
      -0.787348988769773,
      -0.7147414216412837,
      -0.6286652606917517
    ],
    "test_mae": [
      -0.617563047955718,
      -0.6847229436074345,
      -0.6420106356155316,
      -0.5823976200551277,
      -0.47213340182654545
    ],
    "best_params": {
      "check_inverse": true,
      "func": null,
      "inverse_func": null,
      "regressor__bootstrap": true,
      "regressor__ccp_alpha": 0.0,
      "regressor__criterion": "squared_error",
      "regressor__max_depth": null,
      "regressor__max_features": "log2",
      "regressor__max_leaf_nodes": null,
      "regressor__max_samples": null,
      "regressor__min_impurity_decrease": 0.0,
      "regressor__min_samples_leaf": 0.05,
      "regressor__min_samples_split": 0.08708262817860281,
      "regressor__min_weight_fraction_leaf": 0.0,
      "regressor__monotonic_cst": null,
      "regressor__n_estimators": 2000,
      "regressor__n_jobs": null,
      "regressor__oob_score": false,
      "regressor__random_state": null,
      "regressor__verbose": 0,
      "regressor__warm_start": false,
      "transformer__memory": null,
      "transformer__verbose": false,
      "transformer__y scaler__copy": true,
      "transformer__y scaler__with_mean": true,
      "transformer__y scaler__with_std": true
    }
  },
  "69": {
    "fit_time": [
      0.17219305038452148,
      0.1748361587524414,
      0.17038321495056152,
      0.17226505279541016,
      0.17656373977661133
    ],
    "score_time": [
      0.024520397186279297,
      0.024592876434326172,
      0.024517059326171875,
      0.024578571319580078,
      0.032415151596069336
    ],
    "test_r": [
      0.6026792124612024,
      0.6738069165746011,
      0.4427015552042518,
      0.6172337652941301,
      0.601553760460119
    ],
    "test_r2": [
      0.2484062811986122,
      0.2969529957511762,
      0.15423624122019008,
      0.3444387209229187,
      0.18166684160435675
    ],
    "test_rmse": [
      -1.0226638855777002,
      -0.8700104558977413,
      -0.7205165583973794,
      -0.7111649008679832,
      -0.7166204039697565
    ],
    "test_mae": [
      -0.7288269263680055,
      -0.6711727913991979,
      -0.5759841407745347,
      -0.545757486267204,
      -0.580329210587418
    ],
    "best_params": {
      "check_inverse": true,
      "func": null,
      "inverse_func": null,
      "regressor__bootstrap": true,
      "regressor__ccp_alpha": 0.0,
      "regressor__criterion": "squared_error",
      "regressor__max_depth": null,
      "regressor__max_features": "sqrt",
      "regressor__max_leaf_nodes": null,
      "regressor__max_samples": null,
      "regressor__min_impurity_decrease": 0.0,
      "regressor__min_samples_leaf": 0.05094521546846843,
      "regressor__min_samples_split": 0.09052185625200138,
      "regressor__min_weight_fraction_leaf": 0.0,
      "regressor__monotonic_cst": null,
      "regressor__n_estimators": 148,
      "regressor__n_jobs": null,
      "regressor__oob_score": false,
      "regressor__random_state": null,
      "regressor__verbose": 0,
      "regressor__warm_start": false,
      "transformer__memory": null,
      "transformer__verbose": false,
      "transformer__y scaler__copy": true,
      "transformer__y scaler__with_mean": true,