{
  "6": {
    "fit_time": [
      1.7069175243377686,
      1.650205135345459,
      1.648956298828125,
      1.6801435947418213,
      1.6193277835845947
    ],
    "score_time": [
      0.07680416107177734,
      0.0746297836303711,
      0.07489347457885742,
      0.07491636276245117,
      0.07537508010864258
    ],
    "test_r": [
      0.09786291932699932,
      0.08481094616109752,
      0.36397698437636705,
      0.2355675577693446,
      0.6021050820405535
    ],
    "test_r2": [
      -0.054763873554097176,
      -0.014179105522653002,
      -0.016725015675827626,
      -0.014275259441121069,
      -0.027761607716205727
    ],
    "test_rmse": [
      -653.6957748919943,
      -354921.647699535,
      -68377.61252505859,
      -103051.43029601894,
      -1459.9205666778457
    ],
    "test_mae": [
      -236.92059520321126,
      -42111.832433250995,
      -9078.131488028266,
      -12586.515124142681,
      -621.0189426424012
    ],
    "best_params": {
      "check_inverse": true,
      "func": null,
      "inverse_func": null,
      "regressor__bootstrap": true,
      "regressor__ccp_alpha": 0.0,
      "regressor__criterion": "squared_error",
      "regressor__max_depth": null,
      "regressor__max_features": "log2",
      "regressor__max_leaf_nodes": null,
      "regressor__max_samples": null,
      "regressor__min_impurity_decrease": 0.0,
      "regressor__min_samples_leaf": 0.05,
      "regressor__min_samples_split": 0.05,
      "regressor__min_weight_fraction_leaf": 0.0,
      "regressor__monotonic_cst": null,
      "regressor__n_estimators": 2000,
      "regressor__n_jobs": null,
      "regressor__oob_score": false,
      "regressor__random_state": null,
      "regressor__verbose": 0,
      "regressor__warm_start": false,
      "transformer__memory": null,
      "transformer__verbose": false,
      "transformer__log transform__accept_sparse": false,
      "transformer__log transform__check_inverse": true,
      "transformer__log transform__feature_names_out": null,
      "transformer__log transform__inv_kw_args": null,
      "transformer__log transform__kw_args": null,
      "transformer__log transform__validate": false,
      "transformer__y scaler__copy": true,
      "transformer__y scaler__unit_variance": false,
      "transformer__y scaler__with_centering": true,
      "transformer__y scaler__with_scaling": true
    }
  },
  "13": {
    "fit_time": [
      0.07105231285095215,
      0.06984639167785645,
      0.06939148902893066,
      0.06816554069519043,
      0.06848287582397461
    ],
    "score_time": [
      0.017075538635253906,
      0.017887353897094727,
      0.01721024513244629,
      0.018281221389770508,
      0.018080711364746094
    ],
    "test_r": [
      0.5741726801788879,
      0.24519040652923307,
      0.2937506504557219,
      0.0961764823044388,
      0.6349694881513369
    ],
    "test_r2": [
      -0.11063600287417663,
      -0.013819006890645635,
      0.020519211487240896,
      -0.020206397451470792,
      0.08223622600861802
    ],
    "test_rmse": [
      -1503.2183019378763,
      -102335.31834053485,
      -668.7315262646026,
      -363866.0151437731,
      -1503.8307856960107
    ],
    "test_mae": [
      -694.4339776843889,
      -12322.771476847212,
      -243.34127882871033,
      -51335.39434242726,
      -439.3508580454917
    ],
    "best_params": {
      "check_inverse": true,
      "func": null,
      "inverse_func": null,
      "regressor__bootstrap": true,
      "regressor__ccp_alpha": 0.0,
      "regressor__criterion": "squared_error",
      "regressor__max_depth": null,
      "regressor__max_features": "log2",
      "regressor__max_leaf_nodes": null,
      "regressor__max_samples": null,
      "regressor__min_impurity_decrease": 0.0,
      "regressor__min_samples_leaf": 0.05,
      "regressor__min_samples_split": 0.05,
      "regressor__min_weight_fraction_leaf": 0.0,
      "regressor__monotonic_cst": null,
      "regressor__n_estimators": 50,
      "regressor__n_jobs": null,
      "regressor__oob_score": false,
      "regressor__random_state": null,
      "regressor__verbose": 0,
      "regressor__warm_start": false,
      "transformer__memory": null,
      "transformer__verbose": false,
      "transformer__log transform__accept_sparse": false,
      "transformer__log transform__check_inverse": true,
      "transformer__log transform__feature_names_out": null,
      "transformer__log transform__inv_kw_args": null,
      "transformer__log transform__kw_args": null,
      "transformer__log transform__validate": false,
      "transformer__y scaler__copy": true,
      "transformer__y scaler__unit_variance": false,
      "transformer__y scaler__with_centering": true,
      "transformer__y scaler__with_scaling": true
    }
  },
  "42": {
    "fit_time": [
      0.21684908866882324,
      0.22380852699279785,
      0.21977543830871582,
      0.2173924446105957,
      0.21510887145996094
    ],
    "score_time": [
      0.022412776947021484,
      0.023505687713623047,
      0.022632837295532227,
      0.02260565757751465,
      0.02270817756652832
    ],
    "test_r": [
      0.0784341849989146,
      0.21502311253948517,
      0.6761270660735179,
      0.5763510228856039,
      0.220768456672019
    ],
    "test_r2": [
      -0.014198033763217932,
      -0.02925941163953194,
      0.04964439892835859,
      0.02403647969304812,
      0.02871819600245329
    ],
    "test_rmse": [
      -354922.90090381826,
      -122830.06593185371,
      -1677.0028109110528,
      -1029.04852217898,
      -875.1920368706341
    ],
    "test_mae": [
      -42137.239513808956,
      -20915.544319246677,
      -608.0292331556118,
      -445.8071382500102,
      -221.20004201593946
    ],
    "best_params": {
      "check_inverse": true,
      "func": null,
      "inverse_func": null,
      "regressor__bootstrap": true,
      "regressor__ccp_alpha": 0.0,
      "regressor__criterion": "squared_error",
      "regressor__max_depth": null,
      "regressor__max_features": "log2",
      "regressor__max_leaf_nodes": null,
      "regressor__max_samples": null,
      "regressor__min_impurity_decrease": 0.0,
      "regressor__min_samples_leaf": 0.05,
      "regressor__min_samples_split": 0.05,
      "regressor__min_weight_fraction_leaf": 0.0,
      "regressor__monotonic_cst": null,
      "regressor__n_estimators": 235,
      "regressor__n_jobs": null,
      "regressor__oob_score": false,
      "regressor__random_state": null,
      "regressor__verbose": 0,
      "regressor__warm_start": false,
      "transformer__memory": null,
      "transformer__verbose": false,
      "transformer__log transform__accept_sparse": false,
      "transformer__log transform__check_inverse": true,
      "transformer__log transform__feature_names_out": null,
      "transformer__log transform__inv_kw_args": null,
      "transformer__log transform__kw_args": null,
      "transformer__log transform__validate": false,
      "transformer__y scaler__copy": true,
      "transformer__y scaler__unit_variance": false,
      "transformer__y scaler__with_centering": true,
      "transformer__y scaler__with_scaling": true
    }
  },
  "69": {
    "fit_time": [
      0.3462679386138916,
      0.3593907356262207,
      0.34384965896606445,
      0.3434906005859375,
      0.35137271881103516
    ],
    "score_time": [
      0.02725076675415039,
      0.027237653732299805,
      0.02623772621154785,
      0.02740645408630371,
      0.02826833724975586
    ],
    "test_r": [
      0.1236237580345199,
      0.2228533761391027,
      0.44126403733615444,
      0.6570470558510314,
      0.675541854631519
    ],
    "test_r2": [
      -0.02219331522699952,
      -0.016247044524191567,
      0.0987799992848204,
      0.047204539276029855,
      0.33073195472441674
    ],
    "test_rmse": [
      -369433.72873980284,
      -67685.78210600548,
      -928.4215068190462,
      -1458.7849038437541,
      -414.6305119241859
    ],