{
  "6": {
    "fit_time": [
      2.905491352081299,
      2.863294839859009,
      3.2949814796447754,
      5.365302085876465,
      3.914198398590088
    ],
    "score_time": [
      0.04199051856994629,
      0.0392303466796875,
      0.03926968574523926,
      0.05373263359069824,
      0.054422855377197266
    ],
    "test_r": [
      0.530637530375034,
      -0.029338172350422943,
      0.7505710159235561,
      -0.011750379056939375,
      0.6746122680170382
    ],
    "test_r2": [
      0.2032315731048584,
      -0.014255762100219727,
      0.01223301887512207,
      -0.014984965324401855,
      0.23113125562667847
    ],
    "test_rmse": [
      -568.1514149803912,
      -354935.05250099604,
      -67396.81481922939,
      -103087.46593799736,
      -1262.7260051830713
    ],
    "test_mae": [
      -215.656201455179,
      -42039.19169237339,
      -9071.68588960343,
      -12533.369754917097,
      -525.2234492248425
    ],
    "best_params": {
      "check_inverse": true,
      "func": null,
      "inverse_func": null,
      "regressor__kernel": "rbf",
      "regressor__lengthscale": 1.632478145304319,
      "regressor__lr": 0.01,
      "regressor__n_epoch": 100,
      "regressor__nu": 2.5,
      "transformer__memory": null,
      "transformer__verbose": false,
      "transformer__log transform__accept_sparse": false,
      "transformer__log transform__check_inverse": true,
      "transformer__log transform__feature_names_out": null,
      "transformer__log transform__inv_kw_args": null,
      "transformer__log transform__kw_args": null,
      "transformer__log transform__validate": false,
      "transformer__y scaler__copy": true,
      "transformer__y scaler__unit_variance": false,
      "transformer__y scaler__with_centering": true,
      "transformer__y scaler__with_scaling": true
    }
  },
  "13": {
    "fit_time": [
      2.4822635650634766,
      3.82183837890625,
      3.4723012447357178,
      3.1598708629608154,
      4.1837263107299805
    ],
    "score_time": [
      0.03582191467285156,
      0.041924238204956055,
      0.04219961166381836,
      0.03814530372619629,
      0.04550337791442871
    ],
    "test_r": [
      0.650335882544988,
      0.37613292244558605,
      0.18919464880045883,
      0.10255616506555507,
      0.6495742521500666
    ],
    "test_r2": [
      0.09438258409500122,
      -0.010428547859191895,
      -0.3584710359573364,
      -0.019736289978027344,
      0.2045479416847229
    ],
    "test_rmse": [
      -1357.402246305107,
      -102164.0553272748,
      -787.5516373404682,
      -363782.1300960246,
      -1400.0402909429577
    ],
    "test_mae": [
      -619.6647024211904,
      -12227.44098576896,
      -267.84585616857487,
      -51206.96748906921,
      -435.58655201820557
    ],
    "best_params": {
      "check_inverse": true,
      "func": null,
      "inverse_func": null,
      "regressor__kernel": "rbf",
      "regressor__lengthscale": 0.47481646870406946,
      "regressor__lr": 0.01,
      "regressor__n_epoch": 100,
      "regressor__nu": 0.5,
      "transformer__memory": null,
      "transformer__verbose": false,
      "transformer__log transform__accept_sparse": false,
      "transformer__log transform__check_inverse": true,
      "transformer__log transform__feature_names_out": null,
      "transformer__log transform__inv_kw_args": null,
      "transformer__log transform__kw_args": null,
      "transformer__log transform__validate": false,
      "transformer__y scaler__copy": true,
      "transformer__y scaler__unit_variance": false,
      "transformer__y scaler__with_centering": true,
      "transformer__y scaler__with_scaling": true
    }
  },
  "42": {
    "fit_time": [
      3.4448604583740234,
      4.63121223449707,
      4.256075143814087,
      1.984886646270752,
      3.7509593963623047
    ],
    "score_time": [
      0.040651798248291016,
      0.05123496055603027,
      0.04256701469421387,
      0.03466939926147461,
      0.03409385681152344
    ],
    "test_r": [
      -0.03345158335616062,
      -0.04207317980875795,
      0.35667376158446795,
      0.7665409019702897,
      0.17989072986468094
    ],
    "test_r2": [
      -0.014288187026977539,
      -0.029876232147216797,
      0.034715473651885986,
      0.3010978102684021,
      -0.2194967269897461
    ],
    "test_rmse": [
      -354938.6929254817,
      -122866.85803615383,
      -1690.1233723976675,
      -870.8176808375708,
      -980.6658255659694
    ],
    "test_mae": [
      -42055.261712907464,
      -20857.766314332006,
      -631.5783406731547,
      -369.91888998056874,
      -257.07215702641525
    ],
    "best_params": {
      "check_inverse": true,
      "func": null,
      "inverse_func": null,
      "regressor__kernel": "rbf",
      "regressor__lengthscale": 1.259806678617276,
      "regressor__lr": 0.01,
      "regressor__n_epoch": 100,
      "regressor__nu": 0.5,
      "transformer__memory": null,
      "transformer__verbose": false,
      "transformer__log transform__accept_sparse": false,
      "transformer__log transform__check_inverse": true,
      "transformer__log transform__feature_names_out": null,
      "transformer__log transform__inv_kw_args": null,
      "transformer__log transform__kw_args": null,
      "transformer__log transform__validate": false,
      "transformer__y scaler__copy": true,
      "transformer__y scaler__unit_variance": false,
      "transformer__y scaler__with_centering": true,
      "transformer__y scaler__with_scaling": true
    }
  },
  "69": {
    "fit_time": [
      3.1850125789642334,
      4.820010423660278,
      3.580082654953003,
      3.263136863708496,
      2.8148374557495117
    ],
    "score_time": [
      0.040857791900634766,
      0.05707383155822754,
      0.05086183547973633,
      0.043920040130615234,
      0.0439605712890625
    ],
    "test_r": [
      0.21112090743028872,
      -0.012404040460553885,
      0.2540025112059503,
      0.7854639085349766,
      0.8898825674568278
    ],
    "test_r2": [
      -0.02164924144744873,
      -0.016926169395446777,
      -0.04063296318054199,
      0.3694952130317688,
      0.7856757044792175
    ],
    "test_rmse": [
      -369335.3558011239,
      -67708.3920031793,
      -997.6507402298183,
      -1186.6855091587506,
      -234.63722497286395
    ],
    "test_mae": [
      -54481.83351493065,
      -8729.205326669084,
      -369.8197110601297,
      -406.649105328347,
      -107.21336461838504
    ],
    "best_params": {
      "check_inverse": true,
      "func": null,
      "inverse_func": null,
      "regressor__kernel": "rbf",
      "regressor__lengthscale": 2.3642729195320245,
      "regressor__lr": 0.01,
      "regressor__n_epoch": 100,
      "regressor__nu": 2.5,
      "transformer__memory": null,
      "transformer__verbose": false,
      "transformer__log transform__accept_sparse": false,
      "transformer__log transform__check_inverse": true,
      "transformer__log transform__feature_names_out": null,
      "transformer__log transform__inv_kw_args": null,
      "transformer__log transform__kw_args": null,
      "transformer__log transform__validate": false,
      "transformer__y scaler__copy": true,
      "transformer__y scaler__unit_variance": false,
      "transformer__y scaler__with_centering": true,
      "transformer__y scaler__with_scaling": true
    }
  },
  "420": {
    "fit_time": [
      2.4970459938049316,
      2.0604629516601562,
      2.3292534351348877,
      2.56646728515625,
      2.7361719608306885
    ],
    "score_time": [
      0.03333759307861328,
      0.034180641174316406,
      0.03427910804748535,
      0.03833794593811035,
      0.03944063186645508
    ],
    "test_r": [
      0.4248193776289134,
      0.5423739969712145,
      0.015977727936054134,
      0.07278312092086776,
      0.6044328347858678
    ],