{
  "6": {
    "fit_time": [
      0.07225346565246582,
      0.04302620887756348,
      0.09287810325622559,
      0.1033780574798584,
      0.07044291496276855
    ],
    "score_time": [
      0.05212044715881348,
      0.02424144744873047,
      0.04334449768066406,
      0.02438974380493164,
      0.0330808162689209
    ],
    "test_r": [
      -0.06884428151765964,
      0.26756227591355075,
      0.28064891637635264,
      0.31979104058357827,
      0.6199805839589755
    ],
    "test_r2": [
      -0.6510767525084817,
      -0.013684609002398096,
      -0.013323044111832605,
      -0.013661514856557977,
      0.15549993370907045
    ],
    "test_rmse": [
      -817.8651181176939,
      -354835.1102636748,
      -68263.1206014066,
      -103020.24703121244,
      -1323.3748458790544
    ],
    "test_mae": [
      -327.9142801125919,
      -42070.52353396908,
      -9109.692815433364,
      -12584.765561626478,
      -592.9458722986207
    ],
    "best_params": {
      "check_inverse": true,
      "func": null,
      "inverse_func": null,
      "regressor__ccp_alpha": 0.05,
      "regressor__criterion": "squared_error",
      "regressor__max_depth": null,
      "regressor__max_features": null,
      "regressor__max_leaf_nodes": null,
      "regressor__min_impurity_decrease": 0.0,
      "regressor__min_samples_leaf": 0.05,
      "regressor__min_samples_split": 0.05,
      "regressor__min_weight_fraction_leaf": 0.0,
      "regressor__monotonic_cst": null,
      "regressor__random_state": null,
      "regressor__splitter": "best",
      "transformer__memory": null,
      "transformer__verbose": false,
      "transformer__log transform__accept_sparse": false,
      "transformer__log transform__check_inverse": true,
      "transformer__log transform__feature_names_out": null,
      "transformer__log transform__inv_kw_args": null,
      "transformer__log transform__kw_args": null,
      "transformer__log transform__validate": false,
      "transformer__y scaler__copy": true,
      "transformer__y scaler__with_mean": true,
      "transformer__y scaler__with_std": true
    }
  },
  "13": {
    "fit_time": [
      0.0826115608215332,
      0.037747859954833984,
      0.04252886772155762,
      0.06244468688964844,
      0.03827714920043945
    ],
    "score_time": [
      0.025160789489746094,
      0.02759242057800293,
      0.030278682708740234,
      0.04566073417663574,
      0.027318239212036133
    ],
    "test_r": [
      0.6851560814998483,
      0.28338652920094515,
      0.556272050302795,
      0.2971453938140479,
      0.7017369513536021
    ],
    "test_r2": [
      0.15192619999331836,
      -0.01196301945951439,
      0.29362027520884115,
      -0.0195580516148377,
      0.16992672805033926
    ],
    "test_rmse": [
      -1313.5693434452087,
      -102241.60335291491,
      -567.9014130569927,
      -363750.37750949286,
      -1430.1833924442228
    ],
    "test_mae": [
      -642.8156581582527,
      -12332.423379709893,
      -251.64494341177675,
      -51323.83105112487,
      -422.7802784202023
    ],
    "best_params": {
      "check_inverse": true,
      "func": null,
      "inverse_func": null,
      "regressor__ccp_alpha": 0.05,
      "regressor__criterion": "squared_error",
      "regressor__max_depth": null,
      "regressor__max_features": null,
      "regressor__max_leaf_nodes": null,
      "regressor__min_impurity_decrease": 0.0,
      "regressor__min_samples_leaf": 0.05,
      "regressor__min_samples_split": 0.05,
      "regressor__min_weight_fraction_leaf": 0.0,
      "regressor__monotonic_cst": null,
      "regressor__random_state": null,
      "regressor__splitter": "best",
      "transformer__memory": null,
      "transformer__verbose": false,
      "transformer__log transform__accept_sparse": false,
      "transformer__log transform__check_inverse": true,
      "transformer__log transform__feature_names_out": null,
      "transformer__log transform__inv_kw_args": null,
      "transformer__log transform__kw_args": null,
      "transformer__log transform__validate": false,
      "transformer__y scaler__copy": true,
      "transformer__y scaler__with_mean": true,
      "transformer__y scaler__with_std": true
    }
  },
  "42": {
    "fit_time": [
      0.03957867622375488,
      0.06356596946716309,
      0.08369112014770508,
      0.09830331802368164,
      0.07123446464538574
    ],
    "score_time": [
      0.029369115829467773,
      0.04700136184692383,
      0.05452561378479004,
      0.029665231704711914,
      0.028662443161010742
    ],
    "test_r": [
      -0.043407117429472064,
      -0.007698900682485917,
      0.3284654729873341,
      0.32081103714087345,
      0.013906470556447705
    ],
    "test_r2": [
      -0.014289566502108109,
      -0.029706408493172853,
      -0.08438474635893867,
      -0.07730022221096422,
      -0.12025562581551053
    ],
    "test_rmse": [
      -354938.91667744715,
      -122856.73495841044,
      -1791.358138596133,
      -1081.153691688859,
      -939.9165525972236
    ],
    "test_mae": [
      -42126.77240959834,
      -20894.650297611297,
      -647.0540845302977,
      -480.1967310683572,
      -295.34753180145776
    ],
    "best_params": {
      "check_inverse": true,
      "func": null,
      "inverse_func": null,
      "regressor__ccp_alpha": 0.05,
      "regressor__criterion": "squared_error",
      "regressor__max_depth": null,
      "regressor__max_features": "log2",
      "regressor__max_leaf_nodes": null,
      "regressor__min_impurity_decrease": 0.0,
      "regressor__min_samples_leaf": 0.05,
      "regressor__min_samples_split": 0.05,
      "regressor__min_weight_fraction_leaf": 0.0,
      "regressor__monotonic_cst": null,
      "regressor__random_state": null,
      "regressor__splitter": "best",
      "transformer__memory": null,
      "transformer__verbose": false,
      "transformer__log transform__accept_sparse": false,
      "transformer__log transform__check_inverse": true,
      "transformer__log transform__feature_names_out": null,
      "transformer__log transform__inv_kw_args": null,
      "transformer__log transform__kw_args": null,
      "transformer__log transform__validate": false,
      "transformer__y scaler__copy": true,
      "transformer__y scaler__with_mean": true,
      "transformer__y scaler__with_std": true
    }
  },
  "69": {
    "fit_time": [
      0.06909680366516113,
      0.07253813743591309,
      0.09828615188598633,
      0.09916353225708008,
      0.03931140899658203
    ],
    "score_time": [
      0.05077171325683594,
      0.05753445625305176,
      0.03208565711975098,
      0.045938730239868164,
      0.03128480911254883
    ],
    "test_r": [
      0.34673607687392605,
      0.15272035712688972,
      0.39484558285353455,
      0.5841369827426447,
      0.5799801421937312
    ],
    "test_r2": [
      -0.02151043152708998,
      -0.016529619731796785,
      0.08734056102271004,
      0.18490882617693194,
      -0.8592278167551115
    ],
    "test_rmse": [
      -369310.3066745763,
      -67695.19172479035,
      -934.2952835260343,
      -1349.2564905198165,
      -691.0787152896617
    ],
    "test_mae": [
      -54567.63844136337,
      -8831.433734971519,
      -373.63023169252415,
      -452.9356312811956,
      -234.21675982386373
    ],
    "best_params": {
      "check_inverse": true,
      "func": null,
      "inverse_func": null,
      "regressor__ccp_alpha": 0.05115624658369856,
      "regressor__criterion": "squared_error",
      "regressor__max_depth": null,
      "regressor__max_features": "sqrt",
      "regressor__max_leaf_nodes": null,
      "regressor__min_impurity_decrease": 0.0,
      "regressor__min_samples_leaf": 0.05,
      "regressor__min_samples_split": 0.10890988788456449,
      "regressor__min_weight_fraction_leaf": 0.0,
      "regressor__monotonic_cst": null,
      "regressor__random_state": null,
      "regressor__splitter": "best",
      "transformer__memory": null,