{
  "6": {
    "fit_time": [
      0.07071948051452637,
      0.07231736183166504,
      0.07005190849304199,
      0.07089734077453613,
      0.07114553451538086
    ],
    "score_time": [
      0.01719808578491211,
      0.017325639724731445,
      0.017013072967529297,
      0.017121076583862305,
      0.0172727108001709
    ],
    "test_r": [
      -0.0506319051505746,
      0.13214815753227233,
      0.037338455071657374,
      0.035418446809616914,
      0.1689110742214942
    ],
    "test_r2": [
      -0.08906041977692625,
      -0.014220721793151592,
      -0.017638028928740335,
      -0.014970916475432139,
      -0.15135765636975895
    ],
    "test_rmse": [
      -664.2384966599774,
      -354928.9296301596,
      -68408.30698835693,
      -103086.76398071523,
      -1545.2123059171993
    ],
    "test_mae": [
      -238.27583702806209,
      -42140.658752695075,
      -9092.989602593552,
      -12611.297446568671,
      -664.3694353996549
    ],
    "best_params": {
      "check_inverse": true,
      "func": null,
      "inverse_func": null,
      "regressor__bootstrap": true,
      "regressor__ccp_alpha": 0.0,
      "regressor__criterion": "squared_error",
      "regressor__max_depth": null,
      "regressor__max_features": "sqrt",
      "regressor__max_leaf_nodes": null,
      "regressor__max_samples": null,
      "regressor__min_impurity_decrease": 0.0,
      "regressor__min_samples_leaf": 0.05,
      "regressor__min_samples_split": 0.05,
      "regressor__min_weight_fraction_leaf": 0.0,
      "regressor__monotonic_cst": null,
      "regressor__n_estimators": 50,
      "regressor__n_jobs": null,
      "regressor__oob_score": false,
      "regressor__random_state": null,
      "regressor__verbose": 0,
      "regressor__warm_start": false,
      "transformer__memory": null,
      "transformer__verbose": false,
      "transformer__log transform__accept_sparse": false,
      "transformer__log transform__check_inverse": true,
      "transformer__log transform__feature_names_out": null,
      "transformer__log transform__inv_kw_args": null,
      "transformer__log transform__kw_args": null,
      "transformer__log transform__validate": false,
      "transformer__y scaler__copy": true,
      "transformer__y scaler__with_mean": true,
      "transformer__y scaler__with_std": true
    }
  },
  "13": {
    "fit_time": [
      1.6966350078582764,
      1.6725919246673584,
      1.6988146305084229,
      1.649967908859253,
      1.7145836353302002
    ],
    "score_time": [
      0.07921338081359863,
      0.08065962791442871,
      0.08183836936950684,
      0.08027100563049316,
      0.0793156623840332
    ],
    "test_r": [
      0.23718503380186468,
      0.06724328878711029,
      0.17927602765266787,
      -0.004897479188291141,
      0.4627299199509794
    ],
    "test_r2": [
      -0.21833796922573123,
      -0.014455504019486698,
      -0.02347468690134602,
      -0.020277424925882137,
      -0.0026065670933572704
    ],
    "test_rmse": [
      -1574.418087541461,
      -102367.43744444064,
      -683.5847879807054,
      -363878.6812250349,
      -1571.8054420890824
    ],
    "test_mae": [
      -726.6167077136331,
      -12347.278186201143,
      -256.3285623606568,
      -51356.23974523751,
      -455.82095255705775
    ],
    "best_params": {
      "check_inverse": true,
      "func": null,
      "inverse_func": null,
      "regressor__bootstrap": true,
      "regressor__ccp_alpha": 0.0,
      "regressor__criterion": "squared_error",
      "regressor__max_depth": null,
      "regressor__max_features": "sqrt",
      "regressor__max_leaf_nodes": null,
      "regressor__max_samples": null,
      "regressor__min_impurity_decrease": 0.0,
      "regressor__min_samples_leaf": 0.05,
      "regressor__min_samples_split": 0.05,
      "regressor__min_weight_fraction_leaf": 0.0,
      "regressor__monotonic_cst": null,
      "regressor__n_estimators": 2000,
      "regressor__n_jobs": null,
      "regressor__oob_score": false,
      "regressor__random_state": null,
      "regressor__verbose": 0,
      "regressor__warm_start": false,
      "transformer__memory": null,
      "transformer__verbose": false,
      "transformer__log transform__accept_sparse": false,
      "transformer__log transform__check_inverse": true,
      "transformer__log transform__feature_names_out": null,
      "transformer__log transform__inv_kw_args": null,
      "transformer__log transform__kw_args": null,
      "transformer__log transform__validate": false,
      "transformer__y scaler__copy": true,
      "transformer__y scaler__with_mean": true,
      "transformer__y scaler__with_std": true
    }
  },
  "42": {
    "fit_time": [
      0.08994007110595703,
      0.0892629623413086,
      0.09031367301940918,
      0.08300113677978516,
      0.08684873580932617
    ],
    "score_time": [
      0.018657684326171875,
      0.01883864402770996,
      0.01869511604309082,
      0.018641233444213867,
      0.018620967864990234
    ],
    "test_r": [
      0.10462488480067474,
      0.05735387574105633,
      0.45516940654504534,
      0.5749927710380871,
      0.14919380278758282
    ],
    "test_r2": [
      -0.014229011327217878,
      -0.029647192334429917,
      -0.053725030945543484,
      -0.032133948971984294,
      -0.0065006415301962495
    ],
    "test_rmse": [
      -354928.3212273439,
      -122853.20229683975,
      -1765.8522765363768,
      -1058.2471131946158,
      -890.918052673459
    ],
    "test_mae": [
      -42178.77501407752,
      -20942.4084017173,
      -631.6739748824498,
      -452.64941851854314,
      -216.75322565400427
    ],
    "best_params": {
      "check_inverse": true,
      "func": null,
      "inverse_func": null,
      "regressor__bootstrap": true,
      "regressor__ccp_alpha": 0.0,
      "regressor__criterion": "squared_error",
      "regressor__max_depth": null,
      "regressor__max_features": "log2",
      "regressor__max_leaf_nodes": null,
      "regressor__max_samples": null,
      "regressor__min_impurity_decrease": 0.0,
      "regressor__min_samples_leaf": 0.05,
      "regressor__min_samples_split": 0.09016905934222672,
      "regressor__min_weight_fraction_leaf": 0.0,
      "regressor__monotonic_cst": null,
      "regressor__n_estimators": 74,
      "regressor__n_jobs": null,
      "regressor__oob_score": false,
      "regressor__random_state": null,
      "regressor__verbose": 0,
      "regressor__warm_start": false,
      "transformer__memory": null,
      "transformer__verbose": false,
      "transformer__log transform__accept_sparse": false,
      "transformer__log transform__check_inverse": true,
      "transformer__log transform__feature_names_out": null,
      "transformer__log transform__inv_kw_args": null,
      "transformer__log transform__kw_args": null,
      "transformer__log transform__validate": false,
      "transformer__y scaler__copy": true,
      "transformer__y scaler__with_mean": true,
      "transformer__y scaler__with_std": true
    }
  },
  "69": {
    "fit_time": [
      0.06937241554260254,
      0.07165884971618652,
      0.06424427032470703,
      0.07344222068786621,
      0.06501579284667969
    ],
    "score_time": [
      0.017772674560546875,
      0.0177762508392334,
      0.017725229263305664,
      0.017620563507080078,
      0.017558813095092773
    ],
    "test_r": [
      0.01663265884087332,
      0.17277575576344265,
      0.41185473365533837,
      0.1750613742091928,
      0.5142549917843486
    ],
    "test_r2": [
      -0.02227274244994648,
      -0.016877455005003927,
      -0.006758760954731935,
      -0.06224222723159145,
      0.15435043613645605
    ],
    "test_rmse": [
      -369448.0814677614,
      -67706.77267683142,
      -981.2789675038621,
      -1540.292503099079,
      -466.07566469831323
    ],
    "test_mae": [
      -54577.89987033153,
      -8834.33825283681,
      -350.24493345941835,
      -513.3173459668413,
      -173.87362361955604
    ],