{
  "6": {
    "fit_time": [
      0.26241326332092285,
      0.26580142974853516,
      0.3320937156677246,
      0.3458554744720459,
      0.25731635093688965
    ],
    "score_time": [
      0.022229433059692383,
      0.023582935333251953,
      0.023094654083251953,
      0.024052858352661133,
      0.02245640754699707
    ],
    "test_r": [
      0.04349822284138234,
      0.15435299761405874,
      -0.051192842172481046,
      0.4208815819821536,
      0.06476696276262897
    ],
    "test_r2": [
      -0.10078976499797476,
      0.017096371445271985,
      -0.04529943044961704,
      0.11371176512819614,
      -0.07793602165869351
    ],
    "test_rmse": [
      -0.8405269448696201,
      -1.1000963949296012,
      -1.0218659194366104,
      -0.936223516067593,
      -0.9195406501875273
    ],
    "test_mae": [
      -0.6435194008272298,
      -0.828142030346156,
      -0.789672386021771,
      -0.6808223357355616,
      -0.7441149813132574
    ],
    "best_params": {
      "check_inverse": true,
      "func": null,
      "inverse_func": null,
      "regressor__bootstrap": true,
      "regressor__ccp_alpha": 0.0,
      "regressor__criterion": "squared_error",
      "regressor__max_depth": null,
      "regressor__max_features": "sqrt",
      "regressor__max_leaf_nodes": null,
      "regressor__max_samples": null,
      "regressor__min_impurity_decrease": 0.0,
      "regressor__min_samples_leaf": 0.05113500276410613,
      "regressor__min_samples_split": 0.13847181330571673,
      "regressor__min_weight_fraction_leaf": 0.0,
      "regressor__monotonic_cst": null,
      "regressor__n_estimators": 224,
      "regressor__n_jobs": null,
      "regressor__oob_score": false,
      "regressor__random_state": null,
      "regressor__verbose": 0,
      "regressor__warm_start": false,
      "transformer__memory": null,
      "transformer__verbose": false,
      "transformer__y scaler__copy": true,
      "transformer__y scaler__with_mean": true,
      "transformer__y scaler__with_std": true
    }
  },
  "13": {
    "fit_time": [
      0.0683293342590332,
      0.07119011878967285,
      0.06993484497070312,
      0.06783390045166016,
      0.06809830665588379
    ],
    "score_time": [
      0.014190435409545898,
      0.013769388198852539,
      0.015137434005737305,
      0.01414179801940918,
      0.014243841171264648
    ],
    "test_r": [
      0.05556905524338083,
      0.15817976785452229,
      -0.0780496226768524,
      0.23765072662326692,
      0.26072399628069287
    ],
    "test_r2": [
      -0.20542569333288685,
      0.022177197456808462,
      -0.32320883630135966,
      0.02590718039779505,
      0.023157394065141612
    ],
    "test_rmse": [
      -0.9342514696835664,
      -0.9578361465362196,
      -0.9546684230644664,
      -1.1632817875390478,
      -0.8507848768157961
    ],
    "test_mae": [
      -0.7438445923884993,
      -0.6890377701026326,
      -0.7746886236987335,
      -0.846082147679803,
      -0.6534168259750479
    ],
    "best_params": {
      "check_inverse": true,
      "func": null,
      "inverse_func": null,
      "regressor__bootstrap": true,
      "regressor__ccp_alpha": 0.0,
      "regressor__criterion": "squared_error",
      "regressor__max_depth": null,
      "regressor__max_features": "log2",
      "regressor__max_leaf_nodes": null,
      "regressor__max_samples": null,
      "regressor__min_impurity_decrease": 0.0,
      "regressor__min_samples_leaf": 0.05,
      "regressor__min_samples_split": 0.1028482124677696,
      "regressor__min_weight_fraction_leaf": 0.0,
      "regressor__monotonic_cst": null,
      "regressor__n_estimators": 50,
      "regressor__n_jobs": null,
      "regressor__oob_score": false,
      "regressor__random_state": null,
      "regressor__verbose": 0,
      "regressor__warm_start": false,
      "transformer__memory": null,
      "transformer__verbose": false,
      "transformer__y scaler__copy": true,
      "transformer__y scaler__with_mean": true,
      "transformer__y scaler__with_std": true
    }
  },
  "42": {
    "fit_time": [
      0.6779518127441406,
      0.6729922294616699,
      0.6394319534301758,
      0.6351735591888428,
      0.5404772758483887
    ],
    "score_time": [
      0.03663992881774902,
      0.03521609306335449,
      0.0349421501159668,
      0.0358891487121582,
      0.03545117378234863
    ],
    "test_r": [
      0.09796720734995629,
      0.13582513755041506,
      0.2772658399485157,
      0.2668374721378617,
      0.039281633736126996
    ],
    "test_r2": [
      -0.0026445896141977787,
      -0.0043231536572145846,
      0.07444940640272202,
      0.06601234817555413,
      -0.16372361963058357
    ],
    "test_rmse": [
      -1.0621256516381954,
      -1.1440903624027414,
      -0.9111700297722718,
      -0.8316174834355081,
      -0.8035236861526378
    ],
    "test_mae": [
      -0.8039489132166237,
      -0.8393311758954494,
      -0.7387137810215191,
      -0.6733416224548423,
      -0.5826917304482198
    ],
    "best_params": {
      "check_inverse": true,
      "func": null,
      "inverse_func": null,
      "regressor__bootstrap": true,
      "regressor__ccp_alpha": 0.0,
      "regressor__criterion": "squared_error",
      "regressor__max_depth": null,
      "regressor__max_features": "sqrt",
      "regressor__max_leaf_nodes": null,
      "regressor__max_samples": null,
      "regressor__min_impurity_decrease": 0.0,
      "regressor__min_samples_leaf": 0.05,
      "regressor__min_samples_split": 0.1854267379599503,
      "regressor__min_weight_fraction_leaf": 0.0,
      "regressor__monotonic_cst": null,
      "regressor__n_estimators": 477,
      "regressor__n_jobs": null,
      "regressor__oob_score": false,
      "regressor__random_state": null,
      "regressor__verbose": 0,
      "regressor__warm_start": false,
      "transformer__memory": null,
      "transformer__verbose": false,
      "transformer__y scaler__copy": true,
      "transformer__y scaler__with_mean": true,
      "transformer__y scaler__with_std": true
    }
  },
  "69": {
    "fit_time": [
      0.13230443000793457,
      0.06683897972106934,
      0.06893348693847656,
      0.0666348934173584,
      0.07383894920349121
    ],
    "score_time": [
      0.015109539031982422,
      0.01384878158569336,
      0.014019966125488281,
      0.013311386108398438,
      0.014351129531860352
    ],
    "test_r": [
      -0.004659386999202497,
      0.20015867449468278,
      0.12353523910241052,
      0.1289405503858811,
      0.04145216599564044
    ],
    "test_r2": [
      -0.05105344415010471,
      -0.03765304652109447,
      0.003293612431114812,
      0.009969121227949684,
      -0.4063171466436857
    ],
    "test_rmse": [
      -1.2093548436612318,
      -1.0569595662712263,
      -0.7821734151706938,
      -0.8739529191887149,
      -0.9394328251368347
    ],
    "test_mae": [
      -0.9093139822571661,
      -0.8042722771578648,
      -0.6242847788658656,
      -0.6494403495768337,
      -0.738859110339352
    ],
    "best_params": {
      "check_inverse": true,
      "func": null,
      "inverse_func": null,
      "regressor__bootstrap": true,
      "regressor__ccp_alpha": 0.0,
      "regressor__criterion": "squared_error",
      "regressor__max_depth": null,
      "regressor__max_features": "sqrt",
      "regressor__max_leaf_nodes": null,
      "regressor__max_samples": null,
      "regressor__min_impurity_decrease": 0.0,
      "regressor__min_samples_leaf": 0.07469669777906746,
      "regressor__min_samples_split": 0.13894903532593889,
      "regressor__min_weight_fraction_leaf": 0.0,
      "regressor__monotonic_cst": null,
      "regressor__n_estimators": 50,
      "regressor__n_jobs": null,
      "regressor__oob_score": false,
      "regressor__random_state": null,
      "regressor__verbose": 0,
      "regressor__warm_start": false,
      "transformer__memory": null,
      "transformer__verbose": false,
      "transformer__y scaler__copy": true,