{
  "6": {
    "fit_time": [
      2.485621452331543,
      2.4987316131591797,
      2.6439802646636963,
      2.2790749073028564,
      2.3447682857513428
    ],
    "score_time": [
      0.11514425277709961,
      0.11320996284484863,
      0.1115257740020752,
      0.11599397659301758,
      0.11789464950561523
    ],
    "test_r": [
      -0.053964813114093686,
      0.0896693866155116,
      0.08501204732128995,
      0.25189719135734373,
      0.060887704645328396
    ],
    "test_r2": [
      -0.14346829244483628,
      -0.0018536907994146645,
      0.0053622966617959955,
      0.04184126287645773,
      -0.04046375690622139
    ],
    "test_rmse": [
      -0.856665963227405,
      -1.1106505180982964,
      -0.9967953816382069,
      -0.9734435805637706,
      -0.903416292951113
    ],
    "test_mae": [
      -0.6556796475722323,
      -0.8365263349645953,
      -0.7549973045792805,
      -0.7179901163090028,
      -0.7316120027421893
    ],
    "best_params": {
      "check_inverse": true,
      "func": null,
      "inverse_func": null,
      "regressor__bootstrap": true,
      "regressor__ccp_alpha": 0.0,
      "regressor__criterion": "squared_error",
      "regressor__max_depth": null,
      "regressor__max_features": "log2",
      "regressor__max_leaf_nodes": null,
      "regressor__max_samples": null,
      "regressor__min_impurity_decrease": 0.0,
      "regressor__min_samples_leaf": 0.05,
      "regressor__min_samples_split": 0.05,
      "regressor__min_weight_fraction_leaf": 0.0,
      "regressor__monotonic_cst": null,
      "regressor__n_estimators": 2000,
      "regressor__n_jobs": null,
      "regressor__oob_score": false,
      "regressor__random_state": null,
      "regressor__verbose": 0,
      "regressor__warm_start": false,
      "transformer__memory": null,
      "transformer__verbose": false,
      "transformer__y scaler__copy": true,
      "transformer__y scaler__with_mean": true,
      "transformer__y scaler__with_std": true
    }
  },
  "13": {
    "fit_time": [
      0.06988143920898438,
      0.06919431686401367,
      0.06627893447875977,
      0.10355043411254883,
      0.1400282382965088
    ],
    "score_time": [
      0.014234304428100586,
      0.01368260383605957,
      0.014367103576660156,
      0.014795541763305664,
      0.021757841110229492
    ],
    "test_r": [
      0.13028003721267087,
      0.21161576099644408,
      -0.23230946514471934,
      0.31865171768553663,
      0.07907345795934542
    ],
    "test_r2": [
      -0.1868787735024564,
      0.030187309967707465,
      -0.30593309241755207,
      0.011021140631306103,
      -0.05491239803771286
    ],
    "test_rmse": [
      -0.9270363190585231,
      -0.9539048858935509,
      -0.9484158978878018,
      -1.1721366939961135,
      -0.884129054974738
    ],
    "test_mae": [
      -0.7406949811732685,
      -0.6856400119996949,
      -0.7758461605575617,
      -0.8419783602528375,
      -0.6767509374491626
    ],
    "best_params": {
      "check_inverse": true,
      "func": null,
      "inverse_func": null,
      "regressor__bootstrap": true,
      "regressor__ccp_alpha": 0.0,
      "regressor__criterion": "squared_error",
      "regressor__max_depth": null,
      "regressor__max_features": "log2",
      "regressor__max_leaf_nodes": null,
      "regressor__max_samples": null,
      "regressor__min_impurity_decrease": 0.0,
      "regressor__min_samples_leaf": 0.26003124767848873,
      "regressor__min_samples_split": 0.06825306622236582,
      "regressor__min_weight_fraction_leaf": 0.0,
      "regressor__monotonic_cst": null,
      "regressor__n_estimators": 50,
      "regressor__n_jobs": null,
      "regressor__oob_score": false,
      "regressor__random_state": null,
      "regressor__verbose": 0,
      "regressor__warm_start": false,
      "transformer__memory": null,
      "transformer__verbose": false,
      "transformer__y scaler__copy": true,
      "transformer__y scaler__with_mean": true,
      "transformer__y scaler__with_std": true
    }
  },
  "42": {
    "fit_time": [
      1.1990549564361572,
      1.1951580047607422,
      1.2203447818756104,
      1.1799330711364746,
      1.2268857955932617
    ],
    "score_time": [
      0.05930209159851074,
      0.06337618827819824,
      0.06452631950378418,
      0.05955958366394043,
      0.061820030212402344
    ],
    "test_r": [
      0.11811872714997566,
      0.11491674595968532,
      0.16854055105723467,
      0.15223872607717218,
      -0.010706164351156497
    ],
    "test_r2": [
      0.007761687544825313,
      -0.008697770819946493,
      0.024167627764351662,
      0.023079617328185753,
      -0.14826223143940487
    ],
    "test_rmse": [
      -1.0565994649238863,
      -1.146579361597451,
      -0.9355929816369378,
      -0.8505162767049337,
      -0.7981679757309572
    ],
    "test_mae": [
      -0.7841072931267971,
      -0.8476694566345767,
      -0.7620586015772651,
      -0.6825883487252848,
      -0.579360394226682
    ],
    "best_params": {
      "check_inverse": true,
      "func": null,
      "inverse_func": null,
      "regressor__bootstrap": true,
      "regressor__ccp_alpha": 0.0,
      "regressor__criterion": "squared_error",
      "regressor__max_depth": null,
      "regressor__max_features": "log2",
      "regressor__max_leaf_nodes": null,
      "regressor__max_samples": null,
      "regressor__min_impurity_decrease": 0.0,
      "regressor__min_samples_leaf": 0.05,
      "regressor__min_samples_split": 0.05,
      "regressor__min_weight_fraction_leaf": 0.0,
      "regressor__monotonic_cst": null,
      "regressor__n_estimators": 973,
      "regressor__n_jobs": null,
      "regressor__oob_score": false,
      "regressor__random_state": null,
      "regressor__verbose": 0,
      "regressor__warm_start": false,
      "transformer__memory": null,
      "transformer__verbose": false,
      "transformer__y scaler__copy": true,
      "transformer__y scaler__with_mean": true,
      "transformer__y scaler__with_std": true
    }
  },
  "69": {
    "fit_time": [
      0.1304943561553955,
      0.06623721122741699,
      0.12578368186950684,
      0.12873554229736328,
      0.12618780136108398
    ],
    "score_time": [
      0.01796555519104004,
      0.014780282974243164,
      0.01498556137084961,
      0.014620304107666016,
      0.01337575912475586
    ],
    "test_r": [
      0.09182699154544553,
      0.2889251564845768,
      0.1461547266515525,
      0.09168596866810734,
      -0.07082262936937053
    ],
    "test_r2": [
      -0.013372982676767453,
      -0.05441491640105056,
      0.021157075201034936,
      0.002213213562141436,
      -0.36489903316890904
    ],
    "test_rmse": [
      -1.1874791946619256,
      -1.0654622367574924,
      -0.7751324761525837,
      -0.8773695169585255,
      -0.9254955993661029
    ],
    "test_mae": [
      -0.8972037134320682,
      -0.802070363345155,
      -0.6240655642711208,
      -0.6461312142346662,
      -0.7144864525633747
    ],
    "best_params": {
      "check_inverse": true,
      "func": null,
      "inverse_func": null,
      "regressor__bootstrap": true,
      "regressor__ccp_alpha": 0.0,
      "regressor__criterion": "squared_error",
      "regressor__max_depth": null,
      "regressor__max_features": "log2",
      "regressor__max_leaf_nodes": null,
      "regressor__max_samples": null,
      "regressor__min_impurity_decrease": 0.0,
      "regressor__min_samples_leaf": 0.22658789291732828,
      "regressor__min_samples_split": 0.43948189384705094,
      "regressor__min_weight_fraction_leaf": 0.0,
      "regressor__monotonic_cst": null,
      "regressor__n_estimators": 50,
      "regressor__n_jobs": null,
      "regressor__oob_score": false,
      "regressor__random_state": null,
      "regressor__verbose": 0,
      "regressor__warm_start": false,
      "transformer__memory": null,
      "transformer__verbose": false,
      "transformer__y scaler__copy": true,
      "transformer__y scaler__with_mean": true,