{
  "6": {
    "fit_time": [
      0.05211186408996582,
      0.05132460594177246,
      0.028523921966552734,
      0.015172004699707031,
      0.012828588485717773
    ],
    "score_time": [
      0.04039287567138672,
      0.03856468200683594,
      0.023041486740112305,
      0.014454126358032227,
      0.013648748397827148
    ],
    "test_r": [
      0.0355162680690189,
      0.10175246396329653,
      -0.15754812233570303,
      0.22114138294033486,
      0.20091225315756017
    ],
    "test_r2": [
      -0.09698217457023173,
      0.004794581812860077,
      -0.05624621752544767,
      0.03752605879611004,
      0.0035722771275490395
    ],
    "test_rmse": [
      -0.8390720100815808,
      -1.1069592615039803,
      -1.0272026747386676,
      -0.9756331388592289,
      -0.8840917570332018
    ],
    "test_mae": [
      -0.6233546415073268,
      -0.8388786824944486,
      -0.7927223351456654,
      -0.7213076494959184,
      -0.7092839583246019
    ],
    "best_params": {
      "check_inverse": true,
      "func": null,
      "inverse_func": null,
      "regressor__copy_X": true,
      "regressor__fit_intercept": true,
      "regressor__n_jobs": null,
      "regressor__positive": false,
      "transformer__memory": null,
      "transformer__verbose": false,
      "transformer__y scaler__copy": true,
      "transformer__y scaler__with_mean": true,
      "transformer__y scaler__with_std": true
    }
  },
  "13": {
    "fit_time": [
      0.02473759651184082,
      0.027082443237304688,
      0.01361703872680664,
      0.02381730079650879,
      0.02117633819580078
    ],
    "score_time": [
      0.024141550064086914,
      0.02247452735900879,
      0.012886285781860352,
      0.023432493209838867,
      0.014108657836914062
    ],
    "test_r": [
      0.07272614984351422,
      0.15491700605463438,
      0.07583281984315647,
      0.03453209155555251,
      0.1359989096764023
    ],
    "test_r2": [
      -0.20488934688260318,
      0.022739944962503755,
      -0.1752254991948281,
      -0.01643869135812559,
      -0.044964633324187986
    ],
    "test_rmse": [
      -0.9340436019514569,
      -0.9575604843834332,
      -0.8997025775215236,
      -1.188297961137416,
      -0.8799505371580837
    ],
    "test_mae": [
      -0.7404320823670782,
      -0.6919040560084264,
      -0.7477186739149071,
      -0.8521202351969271,
      -0.6836045316143274
    ],
    "best_params": {
      "check_inverse": true,
      "func": null,
      "inverse_func": null,
      "regressor__copy_X": true,
      "regressor__fit_intercept": false,
      "regressor__n_jobs": null,
      "regressor__positive": false,
      "transformer__memory": null,
      "transformer__verbose": false,
      "transformer__y scaler__copy": true,
      "transformer__y scaler__with_mean": true,
      "transformer__y scaler__with_std": true
    }
  },
  "42": {
    "fit_time": [
      0.02759528160095215,
      0.05017399787902832,
      0.046549081802368164,
      0.013051033020019531,
      0.024079561233520508
    ],
    "score_time": [
      0.022432804107666016,
      0.023035526275634766,
      0.013251304626464844,
      0.012939691543579102,
      0.023386240005493164
    ],
    "test_r": [
      0.14832832706977978,
      0.14765349832209276,
      0.14715499265384935,
      0.17721844478701315,
      0.0726227104846889
    ],
    "test_r2": [
      0.015056649124298604,
      -0.011649410311912689,
      0.018605083818971635,
      0.029622458887277103,
      -0.1300723503006216
    ],
    "test_rmse": [
      -1.0527082263948313,
      -1.148255689666821,
      -0.9382557758792129,
      -0.8476633615102727,
      -0.7918207589474535
    ],
    "test_mae": [
      -0.7763495653333332,
      -0.8465114559073348,
      -0.7634552193692615,
      -0.6838187015239822,
      -0.5959405145690406
    ],
    "best_params": {
      "check_inverse": true,
      "func": null,
      "inverse_func": null,
      "regressor__copy_X": true,
      "regressor__fit_intercept": true,
      "regressor__n_jobs": null,
      "regressor__positive": false,
      "transformer__memory": null,
      "transformer__verbose": false,
      "transformer__y scaler__copy": true,
      "transformer__y scaler__with_mean": true,
      "transformer__y scaler__with_std": true
    }
  },
  "69": {
    "fit_time": [
      0.024736404418945312,
      0.027942657470703125,
      0.025571823120117188,
      0.014195919036865234,
      0.0276491641998291
    ],
    "score_time": [
      0.023414134979248047,
      0.02015995979309082,
      0.017673254013061523,
      0.014525413513183594,
      0.023572444915771484
    ],
    "test_r": [
      0.003952999986808991,
      0.22269664429403208,
      0.03511380389725387,
      0.06751525400257075,
      0.10926036707398584
    ],
    "test_r2": [
      -0.04110643350211873,
      -0.0460192786431699,
      -0.01604933429505717,
      -0.00614864333090992,
      -0.27030799808283557
    ],
    "test_rmse": [
      -1.203618664253482,
      -1.0612119589971187,
      -0.7897267119123612,
      -0.8810382024597012,
      -0.8928502226281612
    ],
    "test_mae": [
      -0.8964203203699994,
      -0.8039752244824316,
      -0.6325332547894438,
      -0.6435002028406781,
      -0.6920547833268316
    ],
    "best_params": {
      "check_inverse": true,
      "func": null,
      "inverse_func": null,
      "regressor__copy_X": true,
      "regressor__fit_intercept": true,
      "regressor__n_jobs": null,
      "regressor__positive": false,
      "transformer__memory": null,
      "transformer__verbose": false,
      "transformer__y scaler__copy": true,
      "transformer__y scaler__with_mean": true,
      "transformer__y scaler__with_std": true
    }
  },
  "420": {
    "fit_time": [
      0.02447056770324707,
      0.02281641960144043,
      0.026279211044311523,
      0.023346424102783203,
      0.022835731506347656
    ],
    "score_time": [
      0.024939298629760742,
      0.023793935775756836,
      0.010542154312133789,
      0.021367788314819336,
      0.013727188110351562
    ],
    "test_r": [
      0.24506155242622124,
      -0.04272109261990042,
      0.13215070799598488,
      0.1347198760104624,
      -0.021342993184366027
    ],
    "test_r2": [
      0.047122643690353905,
      -0.04562629120009798,
      0.017010999419700634,
      -0.01807591048678736,
      -0.022975951714337306
    ],
    "test_rmse": [
      -0.7855218696176933,
      -1.0001776301249559,
      -1.0069958340181515,
      -1.1285461595001212,
      -0.893411412466584
    ],
    "test_mae": [
      -0.5983005062301978,
      -0.7418676091198797,
      -0.8238040358686217,
      -0.8263304853191724,
      -0.6877161336388296
    ],
    "best_params": {
      "check_inverse": true,
      "func": null,
      "inverse_func": null,
      "regressor__copy_X": true,
      "regressor__fit_intercept": true,
      "regressor__n_jobs": null,
      "regressor__positive": false,
      "transformer__memory": null,
      "transformer__verbose": false,
      "transformer__y scaler__copy": true,
      "transformer__y scaler__with_mean": true,
      "transformer__y scaler__with_std": true
    }
  },
  "1234567890": {
    "fit_time": [
      0.02509927749633789,
      0.0486142635345459,
      0.02504873275756836,
      0.01392674446105957,
      0.04415154457092285
    ],
    "score_time": [
      0.01927924156188965,
      0.03843545913696289,
      0.0219573974609375,
      0.01567840576171875,
      0.043480873107910156
    ],
    "test_r": [
      0.10038368531698395,
      0.13472105290092132,
      0.2034427652380768,
      -0.04067043654793332,
      0.0113727515714242
    ],
    "test_r2": [
      -0.003361281251386572,
      0.015933321148409174,
      0.01801989045773289,
      -0.06660205074919845,
      -0.03795938947877309
    ],
    "test_rmse": [
      -1.0041831351746395,
      -0.9206530933483088,
      -0.8187266177804116,
      -0.9025794752394666,
      -1.1723062911889877
    ],