{
  "6": {
    "fit_time": [
      0.02636432647705078,
      0.015285730361938477,
      0.01606440544128418,
      0.024351119995117188,
      0.010424375534057617
    ],
    "score_time": [
      0.028913021087646484,
      0.0344693660736084,
      0.03560161590576172,
      0.026287078857421875,
      0.03699302673339844
    ],
    "test_r": [
      NaN,
      NaN,
      NaN,
      NaN,
      NaN
    ],
    "test_r2": [
      -0.07239492419020177,
      -0.0070187212761410045,
      -0.0006883701712447898,
      -0.002589729431490495,
      -0.02801818247511756
    ],
    "test_rmse": [
      -0.829615435264289,
      -1.1135098024304115,
      -0.9998226809409732,
      -0.9957577130437141,
      -0.8979969019279698
    ],
    "test_mae": [
      -0.6345116312525377,
      -0.8479697867932189,
      -0.7640133485641947,
      -0.7458939362278486,
      -0.7219049924623641
    ],
    "best_params": {
      "check_inverse": true,
      "func": null,
      "inverse_func": null,
      "regressor__ccp_alpha": 0.05,
      "regressor__criterion": "squared_error",
      "regressor__max_depth": null,
      "regressor__max_features": "sqrt",
      "regressor__max_leaf_nodes": null,
      "regressor__min_impurity_decrease": 0.0,
      "regressor__min_samples_leaf": 0.05,
      "regressor__min_samples_split": 0.05,
      "regressor__min_weight_fraction_leaf": 0.0,
      "regressor__monotonic_cst": null,
      "regressor__random_state": null,
      "regressor__splitter": "best",
      "transformer__memory": null,
      "transformer__verbose": false,
      "transformer__y scaler__copy": true,
      "transformer__y scaler__with_mean": true,
      "transformer__y scaler__with_std": true
    }
  },
  "13": {
    "fit_time": [
      0.023530006408691406,
      0.01585841178894043,
      0.014292478561401367,
      0.015457391738891602,
      0.022218942642211914
    ],
    "score_time": [
      0.01992487907409668,
      0.008877992630004883,
      0.009320974349975586,
      0.009920835494995117,
      0.021378278732299805
    ],
    "test_r": [
      NaN,
      NaN,
      NaN,
      NaN,
      NaN
    ],
    "test_r2": [
      -0.2251564123556411,
      -9.588115652059415e-05,
      -0.15556909789672235,
      -0.015671515419468873,
      -0.06448549268173953
    ],
    "test_rmse": [
      -0.9418664697444908,
      -0.9686836316268355,
      -0.8921467987500274,
      -1.1878494315337476,
      -0.8881316318151397
    ],
    "test_mae": [
      -0.7583738651198769,
      -0.7122514309229437,
      -0.745832999622702,
      -0.8597924848567486,
      -0.6818036914691358
    ],
    "best_params": {
      "check_inverse": true,
      "func": null,
      "inverse_func": null,
      "regressor__ccp_alpha": 0.185365247654856,
      "regressor__criterion": "squared_error",
      "regressor__max_depth": null,
      "regressor__max_features": "log2",
      "regressor__max_leaf_nodes": null,
      "regressor__min_impurity_decrease": 0.0,
      "regressor__min_samples_leaf": 0.0678099018588246,
      "regressor__min_samples_split": 0.7883985107902242,
      "regressor__min_weight_fraction_leaf": 0.0,
      "regressor__monotonic_cst": null,
      "regressor__random_state": null,
      "regressor__splitter": "best",
      "transformer__memory": null,
      "transformer__verbose": false,
      "transformer__y scaler__copy": true,
      "transformer__y scaler__with_mean": true,
      "transformer__y scaler__with_std": true
    }
  },
  "42": {
    "fit_time": [
      0.03316068649291992,
      0.01645207405090332,
      0.03025984764099121,
      0.018454551696777344,
      0.015778779983520508
    ],
    "score_time": [
      0.025290250778198242,
      0.012620925903320312,
      0.023829221725463867,
      0.012150764465332031,
      0.011209487915039062
    ],
    "test_r": [
      NaN,
      NaN,
      NaN,
      NaN,
      NaN
    ],
    "test_r2": [
      -0.006408226601628542,
      -0.027239959894070465,
      -0.0015899260228038337,
      -0.00018570668985695704,
      -0.11277170269020687
    ],
    "test_rmse": [
      -1.0641172402486336,
      -1.1570697569216164,
      -0.9478602667789767,
      -0.860584194991646,
      -0.785736260108478
    ],
    "test_mae": [
      -0.7842454952050798,
      -0.8639196743183843,
      -0.7652067255106467,
      -0.7043443669030829,
      -0.6052169132201947
    ],
    "best_params": {
      "check_inverse": true,
      "func": null,
      "inverse_func": null,
      "regressor__ccp_alpha": 0.05328270978883093,
      "regressor__criterion": "squared_error",
      "regressor__max_depth": null,
      "regressor__max_features": null,
      "regressor__max_leaf_nodes": null,
      "regressor__min_impurity_decrease": 0.0,
      "regressor__min_samples_leaf": 0.05204837577723076,
      "regressor__min_samples_split": 0.05318152109102116,
      "regressor__min_weight_fraction_leaf": 0.0,
      "regressor__monotonic_cst": null,
      "regressor__random_state": null,
      "regressor__splitter": "best",
      "transformer__memory": null,
      "transformer__verbose": false,
      "transformer__y scaler__copy": true,
      "transformer__y scaler__with_mean": true,
      "transformer__y scaler__with_std": true
    }
  },
  "69": {
    "fit_time": [
      0.036228179931640625,
      0.028403282165527344,
      0.01738262176513672,
      0.013003349304199219,
      0.01788473129272461
    ],
    "score_time": [
      0.027765989303588867,
      0.02590465545654297,
      0.02561163902282715,
      0.031848907470703125,
      0.023013591766357422
    ],
    "test_r": [
      NaN,
      NaN,
      NaN,
      NaN,
      NaN
    ],
    "test_r2": [
      -0.028636278982491215,
      -0.08198458510719142,
      -0.0002939406070414652,
      -0.0032165073476102535,
      -0.3065839796261012
    ],
    "test_rmse": [
      -1.1963886030243558,
      -1.0793016171844922,
      -0.7835798314014835,
      -0.8797534973256661,
      -0.9055089755056831
    ],
    "test_mae": [
      -0.9132707888543959,
      -0.8165876134434531,
      -0.6334664654584145,
      -0.6500211899227605,
      -0.7230363277800713
    ],
    "best_params": {
      "check_inverse": true,
      "func": null,
      "inverse_func": null,
      "regressor__ccp_alpha": 0.7874293370712214,
      "regressor__criterion": "squared_error",
      "regressor__max_depth": null,
      "regressor__max_features": null,
      "regressor__max_leaf_nodes": null,
      "regressor__min_impurity_decrease": 0.0,
      "regressor__min_samples_leaf": 0.7832449374594603,
      "regressor__min_samples_split": 0.6959604091263834,
      "regressor__min_weight_fraction_leaf": 0.0,
      "regressor__monotonic_cst": null,
      "regressor__random_state": null,
      "regressor__splitter": "best",
      "transformer__memory": null,
      "transformer__verbose": false,
      "transformer__y scaler__copy": true,
      "transformer__y scaler__with_mean": true,
      "transformer__y scaler__with_std": true
    }
  },
  "420": {
    "fit_time": [
      0.014141082763671875,
      0.015333175659179688,
      0.01043391227722168,
      0.02637481689453125,
      0.02397012710571289
    ],
    "score_time": [
      0.009241342544555664,
      0.009515762329101562,
      0.009665727615356445,
      0.0185549259185791,
      0.020076751708984375
    ],
    "test_r": [
      NaN,
      NaN,
      NaN,
      NaN,
      NaN
    ],
    "test_r2": [
      -0.023224075451781845,
      -0.005043303075160432,
      -7.914094230465629e-05,
      -0.02606841471816157,
      -2.5598386713454602e-05
    ],
    "test_rmse": [
      -0.8140014010259331,
      -0.9805760387596468,
      -1.015711873518992,
      -1.1329673800062858,
      -0.8833327699509265
    ],
    "test_mae": [
      -0.6296177007350635,
      -0.7238091613271704,
      -0.8315115178511633,
      -0.8406214352431673,
      -0.6881131701142819
    ],
    "best_params": {
      "check_inverse": true,
      "func": null,
      "inverse_func": null,