{
  "6": {
    "fit_time": [
      2.184779405593872,
      2.98001766204834,
      3.166153907775879,
      2.476088047027588,
      2.253713607788086
    ],
    "score_time": [
      0.10795974731445312,
      0.10851216316223145,
      0.11218404769897461,
      0.11617732048034668,
      0.10860657691955566
    ],
    "test_r": [
      0.31432923626292847,
      0.400763705562716,
      0.17107356877745522,
      0.2708334860413651,
      0.43230997911361335
    ],
    "test_r2": [
      0.044377897158327406,
      0.1428004508181454,
      0.0044615747362442,
      0.06246415955316764,
      0.15960476909558152
    ],
    "test_rmse": [
      -0.7831456533517526,
      -1.0273448289546299,
      -0.9972466174397024,
      -0.9629106562711912,
      -0.8119255906749192
    ],
    "test_mae": [
      -0.6155634721456936,
      -0.7638696646313634,
      -0.7234995313142041,
      -0.7199523490743005,
      -0.6520145389435501
    ],
    "best_params": {
      "check_inverse": true,
      "func": null,
      "inverse_func": null,
      "regressor__bootstrap": true,
      "regressor__ccp_alpha": 0.0,
      "regressor__criterion": "squared_error",
      "regressor__max_depth": null,
      "regressor__max_features": "sqrt",
      "regressor__max_leaf_nodes": null,
      "regressor__max_samples": null,
      "regressor__min_impurity_decrease": 0.0,
      "regressor__min_samples_leaf": 0.05,
      "regressor__min_samples_split": 0.06921732697686761,
      "regressor__min_weight_fraction_leaf": 0.0,
      "regressor__monotonic_cst": null,
      "regressor__n_estimators": 2000,
      "regressor__n_jobs": null,
      "regressor__oob_score": false,
      "regressor__random_state": null,
      "regressor__verbose": 0,
      "regressor__warm_start": false,
      "transformer__memory": null,
      "transformer__verbose": false,
      "transformer__y scaler__copy": true,
      "transformer__y scaler__with_mean": true,
      "transformer__y scaler__with_std": true
    }
  },
  "13": {
    "fit_time": [
      2.309796094894409,
      2.402130126953125,
      2.738997459411621,
      3.4225103855133057,
      2.902827262878418
    ],
    "score_time": [
      0.11050534248352051,
      0.10781717300415039,
      0.10605621337890625,
      0.11821722984313965,
      0.10733866691589355
    ],
    "test_r": [
      0.4377496751829867,
      0.2561624875001208,
      0.3275155792046023,
      0.25834632261845886,
      0.3696394007172543
    ],
    "test_r2": [
      -0.01897581116454905,
      0.058775328527638226,
      0.0034145301101132786,
      0.037524899943152445,
      0.048727605196219104
    ],
    "test_rmse": [
      -0.8589650729548876,
      -0.9397401735213482,
      -0.8285059604686534,
      -1.1563239187371288,
      -0.8395757995607382
    ],
    "test_mae": [
      -0.6896257083286187,
      -0.6762602265491872,
      -0.6932739271071728,
      -0.8117554144801404,
      -0.6694205766711003
    ],
    "best_params": {
      "check_inverse": true,
      "func": null,
      "inverse_func": null,
      "regressor__bootstrap": true,
      "regressor__ccp_alpha": 0.0,
      "regressor__criterion": "squared_error",
      "regressor__max_depth": null,
      "regressor__max_features": "log2",
      "regressor__max_leaf_nodes": null,
      "regressor__max_samples": null,
      "regressor__min_impurity_decrease": 0.0,
      "regressor__min_samples_leaf": 0.05,
      "regressor__min_samples_split": 0.05,
      "regressor__min_weight_fraction_leaf": 0.0,
      "regressor__monotonic_cst": null,
      "regressor__n_estimators": 2000,
      "regressor__n_jobs": null,
      "regressor__oob_score": false,
      "regressor__random_state": null,
      "regressor__verbose": 0,
      "regressor__warm_start": false,
      "transformer__memory": null,
      "transformer__verbose": false,
      "transformer__y scaler__copy": true,
      "transformer__y scaler__with_mean": true,
      "transformer__y scaler__with_std": true
    }
  },
  "42": {
    "fit_time": [
      0.06582021713256836,
      0.06680560111999512,
      0.06593155860900879,
      0.10616540908813477,
      0.10149931907653809
    ],
    "score_time": [
      0.012750625610351562,
      0.012930631637573242,
      0.012802600860595703,
      0.01277923583984375,
      0.013502359390258789
    ],
    "test_r": [
      0.3800999155891486,
      0.2607253462485535,
      0.4173163386098617,
      0.22486651100635463,
      0.34800016092699515
    ],
    "test_r2": [
      0.13082925867127182,
      0.0390261773450189,
      0.17089165008031582,
      0.030931267978973498,
      -0.001659148159460555
    ],
    "test_rmse": [
      -0.9889058352811805,
      -1.1191269865664544,
      -0.8623925361210385,
      -0.8470915202376658,
      -0.7454761260717098
    ],
    "test_mae": [
      -0.7021443868598776,
      -0.7931541536020266,
      -0.7102929001473943,
      -0.6943003868355129,
      -0.582684346220325
    ],
    "best_params": {
      "check_inverse": true,
      "func": null,
      "inverse_func": null,
      "regressor__bootstrap": true,
      "regressor__ccp_alpha": 0.0,
      "regressor__criterion": "squared_error",
      "regressor__max_depth": null,
      "regressor__max_features": "log2",
      "regressor__max_leaf_nodes": null,
      "regressor__max_samples": null,
      "regressor__min_impurity_decrease": 0.0,
      "regressor__min_samples_leaf": 0.05,
      "regressor__min_samples_split": 0.05,
      "regressor__min_weight_fraction_leaf": 0.0,
      "regressor__monotonic_cst": null,
      "regressor__n_estimators": 50,
      "regressor__n_jobs": null,
      "regressor__oob_score": false,
      "regressor__random_state": null,
      "regressor__verbose": 0,
      "regressor__warm_start": false,
      "transformer__memory": null,
      "transformer__verbose": false,
      "transformer__y scaler__copy": true,
      "transformer__y scaler__with_mean": true,
      "transformer__y scaler__with_std": true
    }
  },
  "69": {
    "fit_time": [
      0.2422316074371338,
      0.24180841445922852,
      0.23932886123657227,
      0.3744630813598633,
      0.37236618995666504
    ],
    "score_time": [
      0.02018594741821289,
      0.02118539810180664,
      0.020420551300048828,
      0.020165205001831055,
      0.0203244686126709
    ],
    "test_r": [
      0.17966020896889812,
      0.3609356735740766,
      0.26058383385764744,
      0.3329774400336775,
      0.43750519150835343
    ],
    "test_r2": [
      0.0027778721891404956,
      0.04863094623921593,
      0.031915158949772815,
      0.1086271050064872,
      -0.04767199184614723
    ],
    "test_rmse": [
      -1.1779783316289822,
      -1.0120612604760786,
      -0.7708611169887833,
      -0.8292650824705732,
      -0.8108429814881448
    ],
    "test_mae": [
      -0.845617423707154,
      -0.7698792587952367,
      -0.6262717558372847,
      -0.6060537288491058,
      -0.6585325185259226
    ],
    "best_params": {
      "check_inverse": true,
      "func": null,
      "inverse_func": null,
      "regressor__bootstrap": true,
      "regressor__ccp_alpha": 0.0,
      "regressor__criterion": "squared_error",
      "regressor__max_depth": null,
      "regressor__max_features": "log2",
      "regressor__max_leaf_nodes": null,
      "regressor__max_samples": null,
      "regressor__min_impurity_decrease": 0.0,
      "regressor__min_samples_leaf": 0.05,
      "regressor__min_samples_split": 0.05,
      "regressor__min_weight_fraction_leaf": 0.0,
      "regressor__monotonic_cst": null,
      "regressor__n_estimators": 210,
      "regressor__n_jobs": null,
      "regressor__oob_score": false,
      "regressor__random_state": null,
      "regressor__verbose": 0,
      "regressor__warm_start": false,
      "transformer__memory": null,
      "transformer__verbose": false,
      "transformer__y scaler__copy": true,
      "transformer__y scaler__with_mean": true,
      "transformer__y scaler__with_std": true
    }
  },