{
  "6": {
    "fit_time": [
      0.016391277313232422,
      0.016739606857299805,
      0.016147136688232422,
      0.03128981590270996,
      0.02894282341003418
    ],
    "score_time": [
      0.013914823532104492,
      0.013076066970825195,
      0.012816905975341797,
      0.012806415557861328,
      0.013093233108520508
    ],
    "test_r": [
      0.1824987913703862,
      0.3475928608120267,
      0.15263794760349775,
      0.16191604305304336,
      0.20087800131390793
    ],
    "test_r2": [
      -0.026794062889828663,
      0.06844677622520934,
      0.01946845684936771,
      0.021234211795788105,
      0.015832279360310286
    ],
    "test_rmse": [
      -0.8117851886931874,
      -1.0709744469815636,
      -0.9897017606054647,
      -0.9838557852989448,
      -0.8786360105158235
    ],
    "test_mae": [
      -0.6237021239769445,
      -0.8072207328977741,
      -0.7426387619379187,
      -0.7377889395412898,
      -0.7224900105237676
    ],
    "best_params": {
      "check_inverse": true,
      "func": null,
      "inverse_func": null,
      "regressor__copy_X": true,
      "regressor__fit_intercept": false,
      "regressor__n_jobs": null,
      "regressor__positive": false,
      "transformer__memory": null,
      "transformer__verbose": false,
      "transformer__y scaler__copy": true,
      "transformer__y scaler__with_mean": true,
      "transformer__y scaler__with_std": true
    }
  },
  "13": {
    "fit_time": [
      0.016827821731567383,
      0.0293276309967041,
      0.016278982162475586,
      0.017856597900390625,
      0.029968738555908203
    ],
    "score_time": [
      0.012824535369873047,
      0.015181541442871094,
      0.013295888900756836,
      0.013589859008789062,
      0.012497663497924805
    ],
    "test_r": [
      0.33632917473854174,
      0.305153998925744,
      0.13394365265718955,
      0.13172697608204587,
      0.2255316524213566
    ],
    "test_r2": [
      -0.12069239512061714,
      0.08307071960376466,
      -0.14516831912950834,
      -0.0033750847773177384,
      -0.04064936901986127
    ],
    "test_rmse": [
      -0.9008174285681184,
      -0.9275323435215617,
      -0.8881228095703704,
      -1.1806370670405866,
      -0.8781317447482108
    ],
    "test_mae": [
      -0.7292722708616967,
      -0.6880773825693902,
      -0.7309136758146416,
      -0.8524100843386488,
      -0.6863823909371674
    ],
    "best_params": {
      "check_inverse": true,
      "func": null,
      "inverse_func": null,
      "regressor__copy_X": true,
      "regressor__fit_intercept": true,
      "regressor__n_jobs": null,
      "regressor__positive": false,
      "transformer__memory": null,
      "transformer__verbose": false,
      "transformer__y scaler__copy": true,
      "transformer__y scaler__with_mean": true,
      "transformer__y scaler__with_std": true
    }
  },
  "42": {
    "fit_time": [
      0.016611576080322266,
      0.015772342681884766,
      0.016095876693725586,
      0.030062437057495117,
      0.02697920799255371
    ],
    "score_time": [
      0.013509511947631836,
      0.01190638542175293,
      0.013000726699829102,
      0.012723922729492188,
      0.013528585433959961
    ],
    "test_r": [
      0.1642353304594363,
      0.277257254344107,
      0.20790410088232336,
      0.18399768515750142,
      0.24248360058642393
    ],
    "test_r2": [
      0.018869515343312604,
      0.03792021456992667,
      0.043005077400612435,
      -0.004129213295414713,
      -0.02877690001693245
    ],
    "test_rmse": [
      -1.050668653402552,
      -1.1197707902006004,
      -0.9265186409021499,
      -0.8622790706761169,
      -0.7554998124431037
    ],
    "test_mae": [
      -0.7760692357848652,
      -0.8208010669165788,
      -0.7632502022179399,
      -0.6905475468593153,
      -0.5859715576052896
    ],
    "best_params": {
      "check_inverse": true,
      "func": null,
      "inverse_func": null,
      "regressor__copy_X": true,
      "regressor__fit_intercept": false,
      "regressor__n_jobs": null,
      "regressor__positive": false,
      "transformer__memory": null,
      "transformer__verbose": false,
      "transformer__y scaler__copy": true,
      "transformer__y scaler__with_mean": true,
      "transformer__y scaler__with_std": true
    }
  },
  "69": {
    "fit_time": [
      0.017008304595947266,
      0.029682159423828125,
      0.016626358032226562,
      0.015943527221679688,
      0.027346372604370117
    ],
    "score_time": [
      0.012408256530761719,
      0.013342618942260742,
      0.012320280075073242,
      0.013049125671386719,
      0.013325214385986328
    ],
    "test_r": [
      0.30420629099949636,
      0.2668303133356574,
      0.017579557506009945,
      0.09094265206615232,
      0.32916527333636486
    ],
    "test_r2": [
      0.04000366622440643,
      0.002544696672200142,
      -0.16440742607317027,
      -0.018824817349879508,
      -0.18359706989998692
    ],
    "test_rmse": [
      -1.1557825568191078,
      -1.0362845252734592,
      -0.8454188236717367,
      -0.8865708030838668,
      -0.8618387871851725
    ],
    "test_mae": [
      -0.8645471751017686,
      -0.7834419895104205,
      -0.6666800096495589,
      -0.6834785552663638,
      -0.6948606806668369
    ],
    "best_params": {
      "check_inverse": true,
      "func": null,
      "inverse_func": null,
      "regressor__copy_X": true,
      "regressor__fit_intercept": false,
      "regressor__n_jobs": null,
      "regressor__positive": false,
      "transformer__memory": null,
      "transformer__verbose": false,
      "transformer__y scaler__copy": true,
      "transformer__y scaler__with_mean": true,
      "transformer__y scaler__with_std": true
    }
  },
  "420": {
    "fit_time": [
      0.028753995895385742,
      0.01671433448791504,
      0.015698909759521484,
      0.01578831672668457,
      0.02851581573486328
    ],
    "score_time": [
      0.013989925384521484,
      0.012060403823852539,
      0.011851310729980469,
      0.011710882186889648,
      0.012781620025634766
    ],
    "test_r": [
      0.19807677526835044,
      0.15327160680640775,
      0.30424301901969475,
      0.22478528107321144,
      0.21921896957780346
    ],
    "test_r2": [
      -0.0010601867441357715,
      0.02065613947103062,
      0.07654502555502529,
      0.01257506645965567,
      0.04282518850063932
    ],
    "test_rmse": [
      -0.8051371611683079,
      -0.9679579523819134,
      -0.9760255965309161,
      -1.1114278912681945,
      -0.8642003032993727
    ],
    "test_mae": [
      -0.5997630068082188,
      -0.7300752433975254,
      -0.7770020510442157,
      -0.8374361235767458,
      -0.6906507942663969
    ],
    "best_params": {
      "check_inverse": true,
      "func": null,
      "inverse_func": null,
      "regressor__copy_X": true,
      "regressor__fit_intercept": false,
      "regressor__n_jobs": null,
      "regressor__positive": false,
      "transformer__memory": null,
      "transformer__verbose": false,
      "transformer__y scaler__copy": true,
      "transformer__y scaler__with_mean": true,
      "transformer__y scaler__with_std": true
    }
  },
  "1234567890": {
    "fit_time": [
      0.03219747543334961,
      0.016450881958007812,
      0.01655268669128418,
      0.015947818756103516,
      0.02956533432006836
    ],
    "score_time": [
      0.012237071990966797,
      0.011755943298339844,
      0.012299776077270508,
      0.011898994445800781,
      0.018190383911132812
    ],
    "test_r": [
      0.21554036805678187,
      0.25728637135485977,
      0.23127733731651676,
      0.24803525518003317,
      0.18109094026139622
    ],
    "test_r2": [
      0.03856271266754574,
      0.0590451496448825,
      0.028069312799095636,
      0.036823151068538285,
      -0.01746184527059147
    ],