{
  "6": {
    "fit_time": [
      0.17742609977722168,
      0.1389601230621338,
      0.11448788642883301,
      0.17894220352172852,
      0.1085653305053711
    ],
    "score_time": [
      0.03543496131896973,
      0.05187869071960449,
      0.04273343086242676,
      0.03560376167297363,
      0.06016969680786133
    ],
    "test_r": [
      0.7345129122336982,
      0.3706775423396652,
      0.6499468539469996,
      0.4858090107320208,
      0.3833039371843966
    ],
    "test_r2": [
      0.40563773378050316,
      0.01265329481973343,
      0.4086345480831758,
      0.017333120217622677,
      0.021408358241790992
    ],
    "test_rmse": [
      -4.058745601906011,
      -7.640629975327779,
      -6.37613990157064,
      -5.873913293437179,
      -27.003984580927987
    ],
    "test_mae": [
      -3.017292313094579,
      -5.215359521419226,
      -4.05562516826833,
      -4.163280497621672,
      -10.405163092648964
    ],
    "best_params": {
      "check_inverse": true,
      "func": null,
      "inverse_func": null,
      "regressor__bootstrap": true,
      "regressor__ccp_alpha": 0.0,
      "regressor__criterion": "squared_error",
      "regressor__max_depth": null,
      "regressor__max_features": "sqrt",
      "regressor__max_leaf_nodes": null,
      "regressor__max_samples": null,
      "regressor__min_impurity_decrease": 0.0,
      "regressor__min_samples_leaf": 0.09400244545940815,
      "regressor__min_samples_split": 0.28078075334013847,
      "regressor__min_weight_fraction_leaf": 0.0,
      "regressor__monotonic_cst": null,
      "regressor__n_estimators": 50,
      "regressor__n_jobs": null,
      "regressor__oob_score": false,
      "regressor__random_state": null,
      "regressor__verbose": 0,
      "regressor__warm_start": false,
      "transformer__memory": null,
      "transformer__verbose": false,
      "transformer__y scaler__copy": true,
      "transformer__y scaler__with_mean": true,
      "transformer__y scaler__with_std": true
    }
  },
  "13": {
    "fit_time": [
      0.17984771728515625,
      0.11975264549255371,
      0.17560648918151855,
      0.1009366512298584,
      0.1040799617767334
    ],
    "score_time": [
      0.034246206283569336,
      0.03784918785095215,
      0.034290313720703125,
      0.054219722747802734,
      0.04963254928588867
    ],
    "test_r": [
      0.4562179108961753,
      0.5356307851327552,
      0.6443842644966868,
      0.41729104425443,
      0.4407236120900065
    ],
    "test_r2": [
      -0.1421665011607256,
      0.2042799491198849,
      0.4113730969317415,
      0.100363818867791,
      0.14274726456584497
    ],
    "test_rmse": [
      -6.148773507825776,
      -6.989103824084567,
      -6.175833799387245,
      -25.477124387373628,
      -7.641420575930917
    ],
    "test_mae": [
      -4.426155544668753,
      -4.434848334913032,
      -3.8598688832833217,
      -9.126094301022517,
      -4.91804388454069
    ],
    "best_params": {
      "check_inverse": true,
      "func": null,
      "inverse_func": null,
      "regressor__bootstrap": true,
      "regressor__ccp_alpha": 0.0,
      "regressor__criterion": "squared_error",
      "regressor__max_depth": null,
      "regressor__max_features": "sqrt",
      "regressor__max_leaf_nodes": null,
      "regressor__max_samples": null,
      "regressor__min_impurity_decrease": 0.0,
      "regressor__min_samples_leaf": 0.05,
      "regressor__min_samples_split": 0.05,
      "regressor__min_weight_fraction_leaf": 0.0,
      "regressor__monotonic_cst": null,
      "regressor__n_estimators": 50,
      "regressor__n_jobs": null,
      "regressor__oob_score": false,
      "regressor__random_state": null,
      "regressor__verbose": 0,
      "regressor__warm_start": false,
      "transformer__memory": null,
      "transformer__verbose": false,
      "transformer__y scaler__copy": true,
      "transformer__y scaler__with_mean": true,
      "transformer__y scaler__with_std": true
    }
  },
  "42": {
    "fit_time": [
      0.10116100311279297,
      0.09103560447692871,
      0.15288066864013672,
      0.09108352661132812,
      0.15182018280029297
    ],
    "score_time": [
      0.03197145462036133,
      0.03620791435241699,
      0.040094614028930664,
      0.03340291976928711,
      0.037346601486206055
    ],
    "test_r": [
      0.5605366041692961,
      0.35221201410547953,
      0.5112136728537533,
      0.5597326013189042,
      0.3032855065738633
    ],
    "test_r2": [
      0.20312869869114425,
      -0.029204953160617775,
      0.14790562612126612,
      0.28760334695557643,
      -0.2646296989677368
    ],
    "test_rmse": [
      -16.90870799248712,
      -7.993985291930083,
      -19.123311707516937,
      -6.405402792978898,
      -8.41776283358804
    ],
    "test_mae": [
      -5.374337182419487,
      -5.451187331826357,
      -7.077047390495122,
      -4.436249920626572,
      -5.2079989101289845
    ],
    "best_params": {
      "check_inverse": true,
      "func": null,
      "inverse_func": null,
      "regressor__bootstrap": true,
      "regressor__ccp_alpha": 0.0,
      "regressor__criterion": "squared_error",
      "regressor__max_depth": null,
      "regressor__max_features": "sqrt",
      "regressor__max_leaf_nodes": null,
      "regressor__max_samples": null,
      "regressor__min_impurity_decrease": 0.0,
      "regressor__min_samples_leaf": 0.05846996458904135,
      "regressor__min_samples_split": 0.14966380529904616,
      "regressor__min_weight_fraction_leaf": 0.0,
      "regressor__monotonic_cst": null,
      "regressor__n_estimators": 50,
      "regressor__n_jobs": null,
      "regressor__oob_score": false,
      "regressor__random_state": null,
      "regressor__verbose": 0,
      "regressor__warm_start": false,
      "transformer__memory": null,
      "transformer__verbose": false,
      "transformer__y scaler__copy": true,
      "transformer__y scaler__with_mean": true,
      "transformer__y scaler__with_std": true
    }
  },
  "69": {
    "fit_time": [
      0.1966543197631836,
      0.11896634101867676,
      0.13071513175964355,
      0.11481189727783203,
      0.19559979438781738
    ],
    "score_time": [
      0.036734580993652344,
      0.0495762825012207,
      0.040914058685302734,
      0.0473783016204834,
      0.03692817687988281
    ],
    "test_r": [
      0.6920707177623546,
      0.5140499281599544,
      0.5521685432865212,
      0.43059059196217114,
      0.5625131841229525
    ],
    "test_r2": [
      0.45657131488929015,
      0.191032207383397,
      0.20250996331037108,
      -1.024211630083335,
      0.30270656188132816
    ],
    "test_rmse": [
      -6.742078098335199,
      -18.06735686582375,
      -17.438099348084563,
      -7.265606991461721,
      -6.503868876287168
    ],
    "test_mae": [
      -4.076821385388583,
      -6.5050738385335345,
      -6.656615049274568,
      -5.474265955167146,
      -3.659076170519533
    ],
    "best_params": {
      "check_inverse": true,
      "func": null,
      "inverse_func": null,
      "regressor__bootstrap": true,
      "regressor__ccp_alpha": 0.0,
      "regressor__criterion": "squared_error",
      "regressor__max_depth": null,
      "regressor__max_features": "sqrt",
      "regressor__max_leaf_nodes": null,
      "regressor__max_samples": null,
      "regressor__min_impurity_decrease": 0.0,
      "regressor__min_samples_leaf": 0.05,
      "regressor__min_samples_split": 0.05,
      "regressor__min_weight_fraction_leaf": 0.0,
      "regressor__monotonic_cst": null,
      "regressor__n_estimators": 50,
      "regressor__n_jobs": null,
      "regressor__oob_score": false,
      "regressor__random_state": null,
      "regressor__verbose": 0,
      "regressor__warm_start": false,
      "transformer__memory": null,
      "transformer__verbose": false,
      "transformer__y scaler__copy": true,
      "transformer__y scaler__with_mean": true,
      "transformer__y scaler__with_std": true
    }
  },