{
  "6": {
    "fit_time": [
      52.697036027908325,
      53.66149663925171,
      53.64071083068848,
      54.59899067878723,
      56.077329874038696
    ],
    "score_time": [
      1.8180527687072754,
      1.7007017135620117,
      1.9167702198028564,
      1.5242547988891602,
      1.4919533729553223
    ],
    "test_r": [
      0.9766807585879617,
      0.9511098364150616,
      0.8224386403470361,
      0.9699944966268128,
      0.8224786972432039
    ],
    "test_r2": [
      0.8780357713178039,
      0.8961315079598242,
      0.6350756549794534,
      0.9158453498034661,
      0.6619603987718977
    ],
    "test_rmse": [
      -57.6449529727914,
      -38.57579241114649,
      -37.21931661183529,
      -39.96899836338006,
      -40.4597307823379
    ],
    "test_mae": [
      -31.326277251429413,
      -26.147729529769727,
      -23.097041057921206,
      -25.74867001340056,
      -27.98871189115494
    ],
    "best_params": {
      "check_inverse": true,
      "func": null,
      "inverse_func": null,
      "regressor__natural_gradient": true,
      "regressor__n_estimators": 1945,
      "regressor__learning_rate": 0.0009635792533181749,
      "regressor__minibatch_frac": 1,
      "regressor__col_sample": 1.0,
      "regressor__verbose": false,
      "transformer__memory": null,
      "transformer__verbose": false,
      "transformer__y scaler__copy": true,
      "transformer__y scaler__with_mean": true,
      "transformer__y scaler__with_std": true
    }
  },
  "13": {
    "fit_time": [
      61.5483775138855,
      56.431391954422,
      59.57691740989685,
      61.62486243247986,
      56.84437656402588
    ],
    "score_time": [
      1.6088638305664062,
      1.879054307937622,
      1.519697904586792,
      1.601823329925537,
      1.9956309795379639
    ],
    "test_r": [
      0.6545186793017016,
      0.9548912833098249,
      0.984091319029572,
      0.9595747510076333,
      0.879479440173096
    ],
    "test_r2": [
      0.23927330187069384,
      0.8787600401053761,
      0.9336300477524856,
      0.9185838948953752,
      0.693051403548539
    ],
    "test_rmse": [
      -43.616026781851495,
      -51.13922701834627,
      -40.525893447730745,
      -35.00002738961195,
      -42.57942762605792
    ],
    "test_mae": [
      -27.37541647499651,
      -31.662236087759076,
      -22.736211122361215,
      -23.16005102602669,
      -28.085821274069097
    ],
    "best_params": {
      "check_inverse": true,
      "func": null,
      "inverse_func": null,
      "regressor__natural_gradient": true,
      "regressor__n_estimators": 2000,
      "regressor__learning_rate": 0.001,
      "regressor__minibatch_frac": 1,
      "regressor__col_sample": 1.0,
      "regressor__verbose": false,
      "transformer__memory": null,
      "transformer__verbose": false,
      "transformer__y scaler__copy": true,
      "transformer__y scaler__with_mean": true,
      "transformer__y scaler__with_std": true
    }
  },
  "42": {
    "fit_time": [
      59.430866718292236,
      60.00593185424805,
      57.75361466407776,
      61.11017727851868,
      60.50113892555237
    ],
    "score_time": [
      1.5703761577606201,
      1.5982210636138916,
      1.718254566192627,
      1.5112755298614502,
      1.5829753875732422
    ],
    "test_r": [
      0.957771723459726,
      0.8325123917690179,
      0.9757566583265959,
      0.9617319340731694,
      0.8797984621651594
    ],
    "test_r2": [
      0.91218866817789,
      0.673111615225275,
      0.8984693435587134,
      0.9159873325155392,
      0.6889405576766372
    ],
    "test_rmse": [
      -35.62198912813771,
      -42.486136439994034,
      -54.829541024639184,
      -38.05445154146219,
      -35.39886283402907
    ],
    "test_mae": [
      -21.582416249287256,
      -27.635864461193975,
      -30.290877925562597,
      -26.19693267767673,
      -22.605392153489007
    ],
    "best_params": {
      "check_inverse": true,
      "func": null,
      "inverse_func": null,
      "regressor__natural_gradient": true,
      "regressor__n_estimators": 2000,
      "regressor__learning_rate": 0.001,
      "regressor__minibatch_frac": 1,
      "regressor__col_sample": 1.0,
      "regressor__verbose": false,
      "transformer__memory": null,
      "transformer__verbose": false,
      "transformer__y scaler__copy": true,
      "transformer__y scaler__with_mean": true,
      "transformer__y scaler__with_std": true
    }
  },
  "69": {
    "fit_time": [
      57.66076135635376,
      56.460479497909546,
      55.64724826812744,
      57.4706768989563,
      55.29117274284363
    ],
    "score_time": [
      1.5061118602752686,
      1.6500999927520752,
      1.8000428676605225,
      1.486372947692871,
      1.9326701164245605
    ],
    "test_r": [
      0.9715796997770478,
      0.7593333590359147,
      0.7187959296245077,
      0.8398253137506413,
      0.9688564081793477
    ],
    "test_r2": [
      0.8869601804510693,
      0.4478273218599603,
      0.38622226509593105,
      0.7019877361920488,
      0.907257424519234
    ],
    "test_rmse": [
      -46.25000368830484,
      -116.45762078591538,
      -48.830810969266196,
      -36.95423034602514,
      -40.88940039881144
    ],
    "test_mae": [
      -27.27766756978535,
      -45.04139325658965,
      -29.64873006315035,
      -22.072241582656627,
      -26.23074079042911
    ],
    "best_params": {
      "check_inverse": true,
      "func": null,
      "inverse_func": null,
      "regressor__natural_gradient": true,
      "regressor__n_estimators": 2000,
      "regressor__learning_rate": 0.001,
      "regressor__minibatch_frac": 1,
      "regressor__col_sample": 1.0,
      "regressor__verbose": false,
      "transformer__memory": null,
      "transformer__verbose": false,
      "transformer__y scaler__copy": true,
      "transformer__y scaler__with_mean": true,
      "transformer__y scaler__with_std": true
    }
  },
  "420": {
    "fit_time": [
      54.97139072418213,
      56.36039710044861,
      57.19262218475342,
      57.68971490859985,
      58.464845418930054
    ],
    "score_time": [
      1.9225530624389648,
      1.610997200012207,
      1.5107154846191406,
      1.512178897857666,
      1.5007140636444092
    ],
    "test_r": [
      0.9191358861101784,
      0.9727628906445541,
      0.9465050092736305,
      0.8288211634219937,
      0.9637795173072267
    ],
    "test_r2": [
      0.8271176172053156,
      0.9215898415028712,
      0.8689137439480442,
      0.6770099687903716,
      0.909169974786439
    ],
    "test_rmse": [
      -28.42238432113343,
      -44.72717753022828,
      -49.892195436171946,
      -42.71685904154495,
      -38.09695691252152
    ],
    "test_mae": [
      -18.196604505305874,
      -29.42224849663757,
      -29.355066341229648,
      -28.098277539784753,
      -25.490237753822385
    ],
    "best_params": {
      "check_inverse": true,
      "func": null,
      "inverse_func": null,
      "regressor__natural_gradient": true,
      "regressor__n_estimators": 2000,
      "regressor__learning_rate": 0.001,
      "regressor__minibatch_frac": 1,
      "regressor__col_sample": 1.0,
      "regressor__verbose": false,
      "transformer__memory": null,
      "transformer__verbose": false,
      "transformer__y scaler__copy": true,
      "transformer__y scaler__with_mean": true,
      "transformer__y scaler__with_std": true
    }
  },
  "1234567890": {
    "fit_time": [
      50.66452503204346,
      53.74583721160889,
      52.60687470436096,
      51.62597870826721,
      53.81108784675598
    ],
    "score_time": [
      1.5901339054107666,
      1.5156073570251465,
      1.476750135421753,
      1.6096200942993164,
      1.4851210117340088
    ],
    "test_r": [
      0.8609643643473321,
      0.9551971715529318,
      0.9454866023395548,
      0.957879586872583,
      0.9433373903273448
    ],