{
  "6": {
    "fit_time": [
      0.18749475479125977,
      0.18729615211486816,
      0.18182706832885742,
      0.18422341346740723,
      0.18406391143798828
    ],
    "score_time": [
      0.06929612159729004,
      0.06682682037353516,
      0.06953310966491699,
      0.06574201583862305,
      0.06464076042175293
    ],
    "test_r": [
      0.07489541006251503,
      0.06052476282249025,
      0.08544279412135034,
      0.07644439003207082,
      0.022999144551105712
    ],
    "test_r2": [
      -1.886435250128657e+24,
      -3.1274219021553e+25,
      -1.2655635874675476e+25,
      -1.2779714656730714e+24,
      -1.49322809013078e+25
    ],
    "test_rmse": [
      -226707560636211.3,
      -669369900108326.5,
      -219184057159233.56,
      -155755999411565.22,
      -268907102941876.2
    ],
    "test_mae": [
      -31438682092739.707,
      -122266872084832.03,
      -30691906997717.32,
      -21810202394467.14,
      -37654526070411.305
    ],
    "best_params": {
      "check_inverse": true,
      "func": null,
      "inverse_func": null,
      "regressor__copy_X": true,
      "regressor__fit_intercept": false,
      "regressor__n_jobs": null,
      "regressor__positive": false,
      "transformer__memory": null,
      "transformer__verbose": false,
      "transformer__y scaler__copy": true,
      "transformer__y scaler__with_mean": true,
      "transformer__y scaler__with_std": true
    }
  },
  "13": {
    "fit_time": [
      0.17995691299438477,
      0.18053770065307617,
      0.18137121200561523,
      0.17810773849487305,
      0.18181729316711426
    ],
    "score_time": [
      0.06359648704528809,
      0.06446075439453125,
      0.06342864036560059,
      0.06342649459838867,
      0.06319832801818848
    ],
    "test_r": [
      -0.03342327455775667,
      -0.08990865827881854,
      -0.008593745785654978,
      -0.0747430208852462,
      -0.0721546875888142
    ],
    "test_r2": [
      -1.0962684976712532e+26,
      -9.322873630022975e+24,
      -3.108505229018114,
      -3.1348430573314557e+22,
      -3.23410951169723e+26
    ],
    "test_rmse": [
      -523588668364249.9,
      -448441881448854.8,
      -318.85172264370283,
      -21718064806949.336,
      -1382115552692940.2
    ],
    "test_mae": [
      -72608684271028.12,
      -62187699909085.8,
      -210.65738075152544,
      -3041137361332.9824,
      -393671767148417.2
    ],
    "best_params": {
      "check_inverse": true,
      "func": null,
      "inverse_func": null,
      "regressor__copy_X": true,
      "regressor__fit_intercept": false,
      "regressor__n_jobs": null,
      "regressor__positive": false,
      "transformer__memory": null,
      "transformer__verbose": false,
      "transformer__y scaler__copy": true,
      "transformer__y scaler__with_mean": true,
      "transformer__y scaler__with_std": true
    }
  },
  "42": {
    "fit_time": [
      0.18523049354553223,
      0.18801283836364746,
      0.18340635299682617,
      0.1847059726715088,
      0.1871781349182129
    ],
    "score_time": [
      0.08259797096252441,
      0.07956886291503906,
      0.08185124397277832,
      0.07931375503540039,
      0.07654833793640137
    ],
    "test_r": [
      0.2750279182835761,
      0.10284467521372632,
      0.0013565833175061433,
      0.47758824965411467,
      0.00667411561711312
    ],
    "test_r2": [
      -0.16262698064085712,
      -8.123126911067894,
      -2.680465976431413e+24,
      0.15469564085064758,
      -4.320614849880402e+26
    ],
    "test_rmse": [
      -129.6173336430052,
      -224.4498673325896,
      -281722259496101.1,
      -120.70899504956004,
      -1319290372756600.2
    ],
    "test_mae": [
      -79.45894631340099,
      -187.20374282090856,
      -67367479742375.34,
      -62.034269923562576,
      -206314906554287.28
    ],
    "best_params": {
      "check_inverse": true,
      "func": null,
      "inverse_func": null,
      "regressor__copy_X": true,
      "regressor__fit_intercept": false,
      "regressor__n_jobs": null,
      "regressor__positive": false,
      "transformer__memory": null,
      "transformer__verbose": false,
      "transformer__y scaler__copy": true,
      "transformer__y scaler__with_mean": true,
      "transformer__y scaler__with_std": true
    }
  },
  "69": {
    "fit_time": [
      0.17135930061340332,
      0.18065118789672852,
      0.1760101318359375,
      0.174330472946167,
      0.17760848999023438
    ],
    "score_time": [
      0.09398460388183594,
      0.08104395866394043,
      0.08323025703430176,
      0.08331727981567383,
      0.07829833030700684
    ],
    "test_r": [
      0.37374895256576035,
      0.049499253245060486,
      -0.09382773115758808,
      0.11731191110766687,
      0.014045831646891377
    ],
    "test_r2": [
      0.11270095179493611,
      -4.3100608914105524e+24,
      -20.474284676655667,
      -1.5058975399598118e+26,
      -6.00500606347172e+23
    ],
    "test_rmse": [
      -129.57793415450345,
      -325365993374554.25,
      -288.8336077675091,
      -830701137592193.5,
      -104046599547304.06
    ],
    "test_mae": [
      -71.72407617403692,
      -74580955296401.64,
      -159.676699307959,
      -173017356934651.9,
      -14569438115819.979
    ],
    "best_params": {
      "check_inverse": true,
      "func": null,
      "inverse_func": null,
      "regressor__copy_X": true,
      "regressor__fit_intercept": false,
      "regressor__n_jobs": null,
      "regressor__positive": false,
      "transformer__memory": null,
      "transformer__verbose": false,
      "transformer__y scaler__copy": true,
      "transformer__y scaler__with_mean": true,
      "transformer__y scaler__with_std": true
    }
  },
  "420": {
    "fit_time": [
      0.1856238842010498,
      0.18694067001342773,
      0.18651795387268066,
      0.18372654914855957,
      0.1854112148284912
    ],
    "score_time": [
      0.06424260139465332,
      0.06468605995178223,
      0.0642399787902832,
      0.0632319450378418,
      0.0639643669128418
    ],
    "test_r": [
      0.08898986554232179,
      -0.05660763801780698,
      0.03767338150666383,
      0.20893635402238084,
      0.2723291033119134
    ],
    "test_r2": [
      -8.401890511721791e+23,
      -1.6597835127986783e+22,
      -1.3401077083014278e+25,
      -7.81988082614683,
      -0.04022133081310697
    ],
    "test_rmse": [
      -62657584234692.41,
      -20578373740503.586,
      -504456691962776.7,
      -223.22154561884233,
      -128.92538795939325
    ],
    "test_mae": [
      -8689043567658.954,
      -4035147924336.288,
      -96995088346670.0,
      -151.44333214421758,
      -77.1167428461918
    ],
    "best_params": {
      "check_inverse": true,
      "func": null,
      "inverse_func": null,
      "regressor__copy_X": true,
      "regressor__fit_intercept": false,
      "regressor__n_jobs": null,
      "regressor__positive": false,
      "transformer__memory": null,
      "transformer__verbose": false,
      "transformer__y scaler__copy": true,
      "transformer__y scaler__with_mean": true,
      "transformer__y scaler__with_std": true
    }
  },
  "1234567890": {
    "fit_time": [
      0.18798303604125977,
      0.18621110916137695,
      0.18450164794921875,
      0.1895747184753418,
      0.18590140342712402
    ],
    "score_time": [
      0.06542015075683594,
      0.06456255912780762,
      0.06454277038574219,
      0.06620454788208008,
      0.0648336410522461
    ],
    "test_r": [
      0.06195611320136788,
      0.3566347469774643,
      0.04806506601944444,
      0.12492279208072217,
      -0.07028633596301163
    ],
    "test_r2": [
      -2.7948880526131612e+26,
      0.00876695807458483,
      -3.6095803488624714e+25,
      -1.3034079716594156,
      -2.0847491811868182e+24
    ],
    "test_rmse": [
      -1122304521138414.5,
      -124.85835873779276,
      -746319716215658.1,
      -207.96970195072615,
      -189377993029009.66
    ],