{
  "6": {
    "fit_time": [
      0.19850683212280273,
      0.19705700874328613,
      0.19758391380310059,
      0.20019030570983887,
      0.19953536987304688
    ],
    "score_time": [
      0.07434797286987305,
      0.07443594932556152,
      0.07260394096374512,
      0.07302570343017578,
      0.07335114479064941
    ],
    "test_r": [
      0.24773176475666453,
      0.37165645740106273,
      0.45073791356313503,
      0.4468703447644148,
      0.5516765858841992
    ],
    "test_r2": [
      0.01023211415110592,
      0.09522769553562593,
      -0.22209164505376155,
      0.10223855304142704,
      0.18947268766463665
    ],
    "test_rmse": [
      -164.21458673106298,
      -113.85250533278665,
      -68.11125203398186,
      -130.54633413825567,
      -62.65028128755295
    ],
    "test_mae": [
      -74.90503784517897,
      -56.944477153368794,
      -57.88158354752075,
      -68.67571051287734,
      -52.86287728696013
    ],
    "best_params": {
      "check_inverse": true,
      "func": null,
      "inverse_func": null,
      "regressor__bootstrap": true,
      "regressor__ccp_alpha": 0.0,
      "regressor__criterion": "squared_error",
      "regressor__max_depth": null,
      "regressor__max_features": "sqrt",
      "regressor__max_leaf_nodes": null,
      "regressor__max_samples": null,
      "regressor__min_impurity_decrease": 0.0,
      "regressor__min_samples_leaf": 0.05,
      "regressor__min_samples_split": 0.05,
      "regressor__min_weight_fraction_leaf": 0.0,
      "regressor__monotonic_cst": null,
      "regressor__n_estimators": 60,
      "regressor__n_jobs": null,
      "regressor__oob_score": false,
      "regressor__random_state": null,
      "regressor__verbose": 0,
      "regressor__warm_start": false,
      "transformer__memory": null,
      "transformer__verbose": false,
      "transformer__y scaler__copy": true,
      "transformer__y scaler__with_mean": true,
      "transformer__y scaler__with_std": true
    }
  },
  "13": {
    "fit_time": [
      0.32523488998413086,
      0.3272278308868408,
      0.32746100425720215,
      0.33269619941711426,
      0.33318567276000977
    ],
    "score_time": [
      0.07979035377502441,
      0.07763671875,
      0.07820677757263184,
      0.07811617851257324,
      0.07937169075012207
    ],
    "test_r": [
      0.5611006888367369,
      0.4506521009995608,
      0.10768171044248802,
      0.3108609054344654,
      0.6713747647886086
    ],
    "test_r2": [
      -0.25287380620307065,
      0.06481910095998422,
      0.0042547476725013356,
      0.08303905503495523,
      0.27002763404627017
    ],
    "test_rmse": [
      -55.9738830986588,
      -142.0296710431035,
      -156.9715576434906,
      -117.45963378422802,
      -65.66292171287986
    ],
    "test_mae": [
      -50.11954236736574,
      -78.55808104959402,
      -65.38561155548948,
      -61.25469534884754,
      -52.81829538961454
    ],
    "best_params": {
      "check_inverse": true,
      "func": null,
      "inverse_func": null,
      "regressor__bootstrap": true,
      "regressor__ccp_alpha": 0.0,
      "regressor__criterion": "squared_error",
      "regressor__max_depth": null,
      "regressor__max_features": "sqrt",
      "regressor__max_leaf_nodes": null,
      "regressor__max_samples": null,
      "regressor__min_impurity_decrease": 0.0,
      "regressor__min_samples_leaf": 0.05147281792725439,
      "regressor__min_samples_split": 0.07682705748212029,
      "regressor__min_weight_fraction_leaf": 0.0,
      "regressor__monotonic_cst": null,
      "regressor__n_estimators": 163,
      "regressor__n_jobs": null,
      "regressor__oob_score": false,
      "regressor__random_state": null,
      "regressor__verbose": 0,
      "regressor__warm_start": false,
      "transformer__memory": null,
      "transformer__verbose": false,
      "transformer__y scaler__copy": true,
      "transformer__y scaler__with_mean": true,
      "transformer__y scaler__with_std": true
    }
  },
  "42": {
    "fit_time": [
      0.18853116035461426,
      0.18964791297912598,
      0.1882941722869873,
      0.18915033340454102,
      0.19073843955993652
    ],
    "score_time": [
      0.09787893295288086,
      0.09549522399902344,
      0.09549808502197266,
      0.09335112571716309,
      0.09047985076904297
    ],
    "test_r": [
      0.35312473548542317,
      0.4711587153526815,
      0.16276433866342488,
      0.428674436296383,
      0.5639849042639385
    ],
    "test_r2": [
      0.08264384748504561,
      0.14823407473858996,
      0.02197671812134061,
      0.1074277695156397,
      0.18118616202490168
    ],
    "test_rmse": [
      -115.13619522858484,
      -68.58160205931955,
      -170.17298232388126,
      -124.03800298950888,
      -57.43282820992231
    ],
    "test_mae": [
      -57.9609908694834,
      -55.45734176670858,
      -74.91638601814901,
      -71.54552491523816,
      -48.294924029916444
    ],
    "best_params": {
      "check_inverse": true,
      "func": null,
      "inverse_func": null,
      "regressor__bootstrap": true,
      "regressor__ccp_alpha": 0.0,
      "regressor__criterion": "squared_error",
      "regressor__max_depth": null,
      "regressor__max_features": "sqrt",
      "regressor__max_leaf_nodes": null,
      "regressor__max_samples": null,
      "regressor__min_impurity_decrease": 0.0,
      "regressor__min_samples_leaf": 0.050765337173992314,
      "regressor__min_samples_split": 0.05198711695416256,
      "regressor__min_weight_fraction_leaf": 0.0,
      "regressor__monotonic_cst": null,
      "regressor__n_estimators": 52,
      "regressor__n_jobs": null,
      "regressor__oob_score": false,
      "regressor__random_state": null,
      "regressor__verbose": 0,
      "regressor__warm_start": false,
      "transformer__memory": null,
      "transformer__verbose": false,
      "transformer__y scaler__copy": true,
      "transformer__y scaler__with_mean": true,
      "transformer__y scaler__with_std": true
    }
  },
  "69": {
    "fit_time": [
      0.18436956405639648,
      0.18738985061645508,
      0.18700385093688965,
      0.18617653846740723,
      0.18908238410949707
    ],
    "score_time": [
      0.07402968406677246,
      0.07250475883483887,
      0.07268118858337402,
      0.07236075401306152,
      0.07330918312072754
    ],
    "test_r": [
      0.39034927329544383,
      0.16858191571011827,
      0.5290752009051024,
      0.6162094602383866,
      0.3528891631810653
    ],
    "test_r2": [
      0.09665805580215059,
      0.02026176034155336,
      -0.030936234399541185,
      0.2768774831905316,
      0.07991750492559124
    ],
    "test_rmse": [
      -130.74410964746866,
      -155.1263185655122,
      -63.2855084928587,
      -57.56427453606047,
      -128.7907137710019
    ],
    "test_mae": [
      -66.19000108589492,
      -75.02779334650356,
      -54.692352463336725,
      -45.801693821288715,
      -68.45487530388678
    ],
    "best_params": {
      "check_inverse": true,
      "func": null,
      "inverse_func": null,
      "regressor__bootstrap": true,
      "regressor__ccp_alpha": 0.0,
      "regressor__criterion": "squared_error",
      "regressor__max_depth": null,
      "regressor__max_features": "sqrt",
      "regressor__max_leaf_nodes": null,
      "regressor__max_samples": null,
      "regressor__min_impurity_decrease": 0.0,
      "regressor__min_samples_leaf": 0.05,
      "regressor__min_samples_split": 0.05,
      "regressor__min_weight_fraction_leaf": 0.0,
      "regressor__monotonic_cst": null,
      "regressor__n_estimators": 50,
      "regressor__n_jobs": null,
      "regressor__oob_score": false,
      "regressor__random_state": null,
      "regressor__verbose": 0,
      "regressor__warm_start": false,
      "transformer__memory": null,
      "transformer__verbose": false,
      "transformer__y scaler__copy": true,
      "transformer__y scaler__with_mean": true,
      "transformer__y scaler__with_std": true
    }
  },