{
  "6": {
    "fit_time": [
      0.11306571960449219,
      0.10777997970581055,
      0.09889364242553711,
      0.09917426109313965,
      0.09316015243530273
    ],
    "score_time": [
      0.03859972953796387,
      0.03563976287841797,
      0.038365840911865234,
      0.033071041107177734,
      0.03397321701049805
    ],
    "test_r": [
      0.20869915789179297,
      0.31888410119605765,
      0.49437558997368064,
      0.4649965031642554,
      0.44201669618529466
    ],
    "test_r2": [
      0.006054917754434119,
      0.08301510118988731,
      -0.139877421897173,
      0.08970125322643419,
      0.10057135405090945
    ],
    "test_rmse": [
      -164.5607458475986,
      -114.61831892211116,
      -65.7803306040932,
      -131.4547179517412,
      -65.99675101275216
    ],
    "test_mae": [
      -76.09651441549892,
      -57.67647594661572,
      -56.06696249893007,
      -69.77266390249024,
      -56.01307225494234
    ],
    "best_params": {
      "check_inverse": true,
      "func": null,
      "inverse_func": null,
      "regressor__bootstrap": true,
      "regressor__ccp_alpha": 0.0,
      "regressor__criterion": "squared_error",
      "regressor__max_depth": null,
      "regressor__max_features": "sqrt",
      "regressor__max_leaf_nodes": null,
      "regressor__max_samples": null,
      "regressor__min_impurity_decrease": 0.0,
      "regressor__min_samples_leaf": 0.05,
      "regressor__min_samples_split": 0.05,
      "regressor__min_weight_fraction_leaf": 0.0,
      "regressor__monotonic_cst": null,
      "regressor__n_estimators": 50,
      "regressor__n_jobs": null,
      "regressor__oob_score": false,
      "regressor__random_state": null,
      "regressor__verbose": 0,
      "regressor__warm_start": false,
      "transformer__memory": null,
      "transformer__verbose": false,
      "transformer__y scaler__copy": true,
      "transformer__y scaler__with_mean": true,
      "transformer__y scaler__with_std": true
    }
  },
  "13": {
    "fit_time": [
      0.16334128379821777,
      0.15727663040161133,
      0.16462326049804688,
      0.17650365829467773,
      0.18291187286376953
    ],
    "score_time": [
      0.04792428016662598,
      0.0528867244720459,
      0.04211235046386719,
      0.03293490409851074,
      0.0377197265625
    ],
    "test_r": [
      0.5407427355449437,
      0.4733492370148164,
      0.11162889413861259,
      0.3516742634196226,
      0.46500341694490205
    ],
    "test_r2": [
      -0.2924003768918553,
      0.055337728389107,
      0.008543719765066404,
      0.09784875673901305,
      0.17894710184452745
    ],
    "test_rmse": [
      -56.84997913896709,
      -142.74784235615002,
      -156.63313114203945,
      -116.50723596416026,
      -69.63900581812484
    ],
    "test_mae": [
      -51.261337928907174,
      -78.74911732117059,
      -67.15594018409796,
      -60.328303001935836,
      -56.4308455698273
    ],
    "best_params": {
      "check_inverse": true,
      "func": null,
      "inverse_func": null,
      "regressor__bootstrap": true,
      "regressor__ccp_alpha": 0.0,
      "regressor__criterion": "squared_error",
      "regressor__max_depth": null,
      "regressor__max_features": "sqrt",
      "regressor__max_leaf_nodes": null,
      "regressor__max_samples": null,
      "regressor__min_impurity_decrease": 0.0,
      "regressor__min_samples_leaf": 0.05051573144463337,
      "regressor__min_samples_split": 0.05392116755902686,
      "regressor__min_weight_fraction_leaf": 0.0,
      "regressor__monotonic_cst": null,
      "regressor__n_estimators": 128,
      "regressor__n_jobs": null,
      "regressor__oob_score": false,
      "regressor__random_state": null,
      "regressor__verbose": 0,
      "regressor__warm_start": false,
      "transformer__memory": null,
      "transformer__verbose": false,
      "transformer__y scaler__copy": true,
      "transformer__y scaler__with_mean": true,
      "transformer__y scaler__with_std": true
    }
  },
  "42": {
    "fit_time": [
      0.08543848991394043,
      0.08771920204162598,
      0.08501195907592773,
      0.0847618579864502,
      0.08499956130981445
    ],
    "score_time": [
      0.029111862182617188,
      0.028069734573364258,
      0.025742292404174805,
      0.03447985649108887,
      0.025098085403442383
    ],
    "test_r": [
      0.3317376833768936,
      0.49553653616057003,
      0.07278189242598093,
      0.5164747518181504,
      0.5765486999669278
    ],
    "test_r2": [
      0.07476594063918829,
      0.12856377915271655,
      -0.0033941221152016254,
      0.15160117367161408,
      0.15307722484730846
    ],
    "test_rmse": [
      -115.62951138648464,
      -69.36897836898522,
      -172.36607396900416,
      -120.92973731328715,
      -58.410311490588654
    ],
    "test_mae": [
      -60.20915379805903,
      -58.17564719966078,
      -77.50577142462205,
      -69.52232860843912,
      -50.34585397375486
    ],
    "best_params": {
      "check_inverse": true,
      "func": null,
      "inverse_func": null,
      "regressor__bootstrap": true,
      "regressor__ccp_alpha": 0.0,
      "regressor__criterion": "squared_error",
      "regressor__max_depth": null,
      "regressor__max_features": "sqrt",
      "regressor__max_leaf_nodes": null,
      "regressor__max_samples": null,
      "regressor__min_impurity_decrease": 0.0,
      "regressor__min_samples_leaf": 0.05,
      "regressor__min_samples_split": 0.05,
      "regressor__min_weight_fraction_leaf": 0.0,
      "regressor__monotonic_cst": null,
      "regressor__n_estimators": 50,
      "regressor__n_jobs": null,
      "regressor__oob_score": false,
      "regressor__random_state": null,
      "regressor__verbose": 0,
      "regressor__warm_start": false,
      "transformer__memory": null,
      "transformer__verbose": false,
      "transformer__y scaler__copy": true,
      "transformer__y scaler__with_mean": true,
      "transformer__y scaler__with_std": true
    }
  },
  "69": {
    "fit_time": [
      0.17723751068115234,
      0.18918299674987793,
      0.17301344871520996,
      0.17320966720581055,
      0.17537760734558105
    ],
    "score_time": [
      0.030252456665039062,
      0.03406715393066406,
      0.028485536575317383,
      0.028460264205932617,
      0.028909683227539062
    ],
    "test_r": [
      0.37498503512244435,
      0.15083005641654668,
      0.49986764817349044,
      0.574539862373795,
      0.31139591096873426
    ],
    "test_r2": [
      0.09124041397134508,
      0.015904516637808785,
      0.035674849828964295,
      0.24429772738412003,
      0.06690442574755118
    ],
    "test_rmse": [
      -131.13558151485057,
      -155.47088678611354,
      -61.206862617368536,
      -58.84674659695029,
      -129.6982842089611
    ],
    "test_mae": [
      -68.26349121301888,
      -76.65156018521472,
      -51.97843911624243,
      -47.842546003556116,
      -67.77194017858335
    ],
    "best_params": {
      "check_inverse": true,
      "func": null,
      "inverse_func": null,
      "regressor__bootstrap": true,
      "regressor__ccp_alpha": 0.0,
      "regressor__criterion": "squared_error",
      "regressor__max_depth": null,
      "regressor__max_features": "sqrt",
      "regressor__max_leaf_nodes": null,
      "regressor__max_samples": null,
      "regressor__min_impurity_decrease": 0.0,
      "regressor__min_samples_leaf": 0.05094521546846843,
      "regressor__min_samples_split": 0.09052185625200138,
      "regressor__min_weight_fraction_leaf": 0.0,
      "regressor__monotonic_cst": null,
      "regressor__n_estimators": 148,
      "regressor__n_jobs": null,
      "regressor__oob_score": false,
      "regressor__random_state": null,
      "regressor__verbose": 0,
      "regressor__warm_start": false,
      "transformer__memory": null,
      "transformer__verbose": false,
      "transformer__y scaler__copy": true,
      "transformer__y scaler__with_mean": true,