{
  "6": {
    "fit_time": [
      31.10028648376465,
      30.092963218688965,
      29.838701963424683,
      30.594920873641968,
      31.35324263572693
    ],
    "score_time": [
      0.7210009098052979,
      0.7435588836669922,
      0.7728416919708252,
      0.7682645320892334,
      0.7610020637512207
    ],
    "test_r": [
      0.9923792775776485,
      0.9929926957158084,
      0.92169805221277,
      0.9884183862351971,
      0.9313315977401804
    ],
    "test_r2": [
      0.9761109492300457,
      0.9859103144050285,
      0.8309657798467529,
      0.9753067887633137,
      0.8648865622464014
    ],
    "test_rmse": [
      -25.511999582978255,
      -14.207693962917617,
      -25.33111422617045,
      -21.650752282667884,
      -25.579289097314604
    ],
    "test_mae": [
      -16.14912228412135,
      -10.749773643119928,
      -13.118991085197655,
      -13.877121642117077,
      -16.06092069539815
    ],
    "best_params": {
      "check_inverse": true,
      "func": null,
      "inverse_func": null,
      "regressor__natural_gradient": true,
      "regressor__n_estimators": 2000,
      "regressor__learning_rate": 0.1,
      "regressor__minibatch_frac": 1,
      "regressor__col_sample": 1.0,
      "regressor__verbose": false,
      "transformer__memory": null,
      "transformer__verbose": false,
      "transformer__y scaler__copy": true,
      "transformer__y scaler__with_mean": true,
      "transformer__y scaler__with_std": true
    }
  },
  "13": {
    "fit_time": [
      21.412715673446655,
      21.869521141052246,
      23.437371015548706,
      20.880130767822266,
      21.95491313934326
    ],
    "score_time": [
      0.5317628383636475,
      0.5236542224884033,
      0.5371866226196289,
      0.5406808853149414,
      0.5367169380187988
    ],
    "test_r": [
      0.8776215053992138,
      0.9766956160930409,
      0.9779153398834878,
      0.9776173279022787,
      0.9411922647050049
    ],
    "test_r2": [
      0.7624620655419697,
      0.9491625618711986,
      0.952641050136634,
      0.9555619856125959,
      0.8826343364764376
    ],
    "test_rmse": [
      -24.372397887177243,
      -33.11487314329806,
      -34.233229966797566,
      -25.85773889511135,
      -26.329191446630556
    ],
    "test_mae": [
      -15.804066698904784,
      -18.408296352028913,
      -16.535260133913297,
      -14.014477397665337,
      -17.498762528106603
    ],
    "best_params": {
      "check_inverse": true,
      "func": null,
      "inverse_func": null,
      "regressor__natural_gradient": true,
      "regressor__n_estimators": 1395,
      "regressor__learning_rate": 0.1,
      "regressor__minibatch_frac": 1,
      "regressor__col_sample": 1.0,
      "regressor__verbose": false,
      "transformer__memory": null,
      "transformer__verbose": false,
      "transformer__y scaler__copy": true,
      "transformer__y scaler__with_mean": true,
      "transformer__y scaler__with_std": true
    }
  },
  "42": {
    "fit_time": [
      18.307838439941406,
      15.348308801651001,
      17.082767963409424,
      16.076249837875366,
      15.192578792572021
    ],
    "score_time": [
      0.4988670349121094,
      0.4683191776275635,
      0.4379444122314453,
      0.4716484546661377,
      0.4815855026245117
    ],
    "test_r": [
      0.9891898419954729,
      0.947872414341182,
      0.9708248535078441,
      0.9926550745644344,
      0.9144988038861446
    ],
    "test_r2": [
      0.977783117653682,
      0.8942372254032698,
      0.9070830596010083,
      0.9847566524860649,
      0.83465959530475
    ],
    "test_rmse": [
      -17.917790000975007,
      -24.1665086794689,
      -52.45217044252686,
      -16.20963573005726,
      -25.808164274958568
    ],
    "test_mae": [
      -12.298018508832358,
      -14.711289607491874,
      -27.590465561670605,
      -11.016966669087488,
      -13.720768027666525
    ],
    "best_params": {
      "check_inverse": true,
      "func": null,
      "inverse_func": null,
      "regressor__natural_gradient": true,
      "regressor__n_estimators": 1220,
      "regressor__learning_rate": 0.043984067053251814,
      "regressor__minibatch_frac": 1,
      "regressor__col_sample": 1.0,
      "regressor__verbose": false,
      "transformer__memory": null,
      "transformer__verbose": false,
      "transformer__y scaler__copy": true,
      "transformer__y scaler__with_mean": true,
      "transformer__y scaler__with_std": true
    }
  },
  "69": {
    "fit_time": [
      32.17565870285034,
      30.81887912750244,
      30.012437343597412,
      30.263961791992188,
      31.95402455329895
    ],
    "score_time": [
      0.7544887065887451,
      0.7477595806121826,
      0.7573204040527344,
      0.7492520809173584,
      0.8113923072814941
    ],
    "test_r": [
      0.992300323411171,
      0.8414319422417382,
      0.8287065180228912,
      0.9712910834423953,
      0.9903861931023648
    ],
    "test_r2": [
      0.9793395261215491,
      0.5882187760200275,
      0.582708467015105,
      0.9426014398501813,
      0.9806441311667514
    ],
    "test_rmse": [
      -19.772709381900825,
      -100.56890615950331,
      -40.26318794379068,
      -16.218011065174498,
      -18.680027069412322
    ],
    "test_mae": [
      -12.250424220005682,
      -37.75701758504282,
      -21.236487688719258,
      -10.288496241187142,
      -13.013070118706997
    ],
    "best_params": {
      "check_inverse": true,
      "func": null,
      "inverse_func": null,
      "regressor__natural_gradient": true,
      "regressor__n_estimators": 2000,
      "regressor__learning_rate": 0.07330675487073121,
      "regressor__minibatch_frac": 1,
      "regressor__col_sample": 1.0,
      "regressor__verbose": false,
      "transformer__memory": null,
      "transformer__verbose": false,
      "transformer__y scaler__copy": true,
      "transformer__y scaler__with_mean": true,
      "transformer__y scaler__with_std": true
    }
  },
  "420": {
    "fit_time": [
      24.42129635810852,
      21.24311900138855,
      22.398791313171387,
      24.735525131225586,
      24.38120150566101
    ],
    "score_time": [
      0.5706274509429932,
      0.5959343910217285,
      0.5905036926269531,
      0.5703475475311279,
      0.5994741916656494
    ],
    "test_r": [
      0.9512615355177941,
      0.9836318061128603,
      0.9741177715513707,
      0.8984135321147196,
      0.9733281168346496
    ],
    "test_r2": [
      0.9038889557246473,
      0.9624352360149199,
      0.9459722046877019,
      0.7998484720562904,
      0.9468211019521164
    ],
    "test_rmse": [
      -21.19199221497945,
      -30.95819701164263,
      -32.03042180767415,
      -33.62669674721427,
      -29.150448177226956
    ],
    "test_mae": [
      -13.897561584588429,
      -18.77311754056152,
      -16.82792161019046,
      -17.542181620963273,
      -16.390297115042145
    ],
    "best_params": {
      "check_inverse": true,
      "func": null,
      "inverse_func": null,
      "regressor__natural_gradient": true,
      "regressor__n_estimators": 1528,
      "regressor__learning_rate": 0.07898534965590533,
      "regressor__minibatch_frac": 1,
      "regressor__col_sample": 1.0,
      "regressor__verbose": false,
      "transformer__memory": null,
      "transformer__verbose": false,
      "transformer__y scaler__copy": true,
      "transformer__y scaler__with_mean": true,
      "transformer__y scaler__with_std": true
    }
  },
  "1234567890": {
    "fit_time": [
      2.607402801513672,
      2.748786449432373,
      2.306687355041504,
      2.1041295528411865,
      2.7892274856567383
    ],
    "score_time": [
      0.10567116737365723,
      0.10485410690307617,
      0.11467862129211426,
      0.10816693305969238,
      0.10553860664367676
    ],
    "test_r": [
      0.940369726578336,
      0.9900761373728028,
      0.9835389132547224,
      0.9938590446393589,
      0.9241495336177143
    ],