{
  "6": {
    "fit_time": [
      56.18403077125549,
      60.64842343330383,
      60.05472803115845,
      60.469058990478516,
      61.60310196876526
    ],
    "score_time": [
      1.5073857307434082,
      1.4877676963806152,
      1.5261778831481934,
      1.5485739707946777,
      1.5299978256225586
    ],
    "test_r": [
      0.9899740909750768,
      0.9911786448775237,
      0.9143238056983467,
      0.9861743289565037,
      0.9340667019479122
    ],
    "test_r2": [
      0.9779603067904161,
      0.9820904479618178,
      0.8199076085929713,
      0.9722312306086354,
      0.8718160769088615
    ],
    "test_rmse": [
      -24.50461168817921,
      -16.018258732949658,
      -26.146566026136966,
      -22.959505086468486,
      -24.914718111117068
    ],
    "test_mae": [
      -13.836049085117988,
      -11.624923263157779,
      -12.061478814965362,
      -13.84345589913515,
      -14.655766866212238
    ],
    "best_params": {
      "check_inverse": true,
      "func": null,
      "inverse_func": null,
      "regressor__natural_gradient": true,
      "regressor__n_estimators": 2000,
      "regressor__learning_rate": 0.1,
      "regressor__minibatch_frac": 1,
      "regressor__col_sample": 1.0,
      "regressor__verbose": false,
      "transformer__memory": null,
      "transformer__verbose": false,
      "transformer__y scaler__copy": true,
      "transformer__y scaler__with_mean": true,
      "transformer__y scaler__with_std": true
    }
  },
  "13": {
    "fit_time": [
      30.77407431602478,
      31.268193006515503,
      31.35351872444153,
      31.049145698547363,
      31.265554428100586
    ],
    "score_time": [
      0.9134433269500732,
      0.8458397388458252,
      0.8743999004364014,
      0.8762054443359375,
      0.8539304733276367
    ],
    "test_r": [
      0.9279933546789871,
      0.9849617021816509,
      0.9814425830082751,
      0.982286245904313,
      0.9512412562879835
    ],
    "test_r2": [
      0.8606250072877558,
      0.9596593940754576,
      0.9618218266580021,
      0.964684408838555,
      0.9004543027806426
    ],
    "test_rmse": [
      -18.669135185880716,
      -29.498672739916792,
      -30.736500424967996,
      -23.051355227221062,
      -24.248129321855394
    ],
    "test_mae": [
      -11.97292781589284,
      -17.94940286593387,
      -14.6695421021383,
      -11.823149451367417,
      -15.096903155599634
    ],
    "best_params": {
      "check_inverse": true,
      "func": null,
      "inverse_func": null,
      "regressor__natural_gradient": true,
      "regressor__n_estimators": 1136,
      "regressor__learning_rate": 0.0964934024596019,
      "regressor__minibatch_frac": 1,
      "regressor__col_sample": 1.0,
      "regressor__verbose": false,
      "transformer__memory": null,
      "transformer__verbose": false,
      "transformer__y scaler__copy": true,
      "transformer__y scaler__with_mean": true,
      "transformer__y scaler__with_std": true
    }
  },
  "42": {
    "fit_time": [
      42.42427134513855,
      41.489471673965454,
      40.99110651016235,
      41.36881422996521,
      41.55052995681763
    ],
    "score_time": [
      1.1347997188568115,
      1.0826568603515625,
      1.0873007774353027,
      1.1328938007354736,
      1.0733222961425781
    ],
    "test_r": [
      0.9895536895620727,
      0.9449843866997258,
      0.971820482989783,
      0.9912529469214076,
      0.9142219371410106
    ],
    "test_r2": [
      0.9786316119100091,
      0.8874714046029453,
      0.933591910411609,
      0.9814947782391349,
      0.8346730116831441
    ],
    "test_rmse": [
      -17.572306352090465,
      -24.92751256535016,
      -44.34314652357806,
      -17.859949514819284,
      -25.807117165141218
    ],
    "test_mae": [
      -12.41167410838661,
      -15.063257439277304,
      -25.123181464080304,
      -11.284636303677907,
      -13.326687803685976
    ],
    "best_params": {
      "check_inverse": true,
      "func": null,
      "inverse_func": null,
      "regressor__natural_gradient": true,
      "regressor__n_estimators": 1450,
      "regressor__learning_rate": 0.1,
      "regressor__minibatch_frac": 1,
      "regressor__col_sample": 1.0,
      "regressor__verbose": false,
      "transformer__memory": null,
      "transformer__verbose": false,
      "transformer__y scaler__copy": true,
      "transformer__y scaler__with_mean": true,
      "transformer__y scaler__with_std": true
    }
  },
  "69": {
    "fit_time": [
      19.160247564315796,
      20.52053213119507,
      19.54484748840332,
      19.738637685775757,
      20.574394941329956
    ],
    "score_time": [
      0.6411590576171875,
      0.6234016418457031,
      0.6074950695037842,
      0.6156289577484131,
      0.6455504894256592
    ],
    "test_r": [
      0.9907145220400403,
      0.8702021500293582,
      0.8037403446566358,
      0.9677503374463937,
      0.9857453348334798
    ],
    "test_r2": [
      0.9742762241606714,
      0.6808979457626827,
      0.5196631506935196,
      0.9339833963469524,
      0.9679667746643401
    ],
    "test_rmse": [
      -22.062940925270105,
      -88.53097689117834,
      -43.197769667959875,
      -17.392967363132442,
      -24.03098101891483
    ],
    "test_mae": [
      -12.774011152011955,
      -32.28888561160487,
      -24.1199168711495,
      -10.565442648076004,
      -16.967855300553794
    ],
    "best_params": {
      "check_inverse": true,
      "func": null,
      "inverse_func": null,
      "regressor__natural_gradient": true,
      "regressor__n_estimators": 786,
      "regressor__learning_rate": 0.03765294965860078,
      "regressor__minibatch_frac": 1,
      "regressor__col_sample": 1.0,
      "regressor__verbose": false,
      "transformer__memory": null,
      "transformer__verbose": false,
      "transformer__y scaler__copy": true,
      "transformer__y scaler__with_mean": true,
      "transformer__y scaler__with_std": true
    }
  },
  "420": {
    "fit_time": [
      56.9554181098938,
      55.45210289955139,
      52.84900259971619,
      55.211525678634644,
      56.768394947052
    ],
    "score_time": [
      1.4760627746582031,
      1.5048105716705322,
      1.4679925441741943,
      1.494940996170044,
      1.5149297714233398
    ],
    "test_r": [
      0.9413302494750087,
      0.9870860679363641,
      0.987720726658217,
      0.9568005632048059,
      0.9761574473237856
    ],
    "test_r2": [
      0.8849499101209958,
      0.9718490002806195,
      0.9720523029872882,
      0.9119639363828252,
      0.948913126436142
    ],
    "test_rmse": [
      -23.18614881093062,
      -26.799842308009197,
      -23.03705972008774,
      -22.30155060735563,
      -28.571315178252416
    ],
    "test_mae": [
      -15.496635474517525,
      -17.90564784400043,
      -13.921734327369172,
      -12.495681015142905,
      -16.282576506275866
    ],
    "best_params": {
      "check_inverse": true,
      "func": null,
      "inverse_func": null,
      "regressor__natural_gradient": true,
      "regressor__n_estimators": 2000,
      "regressor__learning_rate": 0.1,
      "regressor__minibatch_frac": 1,
      "regressor__col_sample": 1.0,
      "regressor__verbose": false,
      "transformer__memory": null,
      "transformer__verbose": false,
      "transformer__y scaler__copy": true,
      "transformer__y scaler__with_mean": true,
      "transformer__y scaler__with_std": true
    }
  },
  "1234567890": {
    "fit_time": [
      55.50119948387146,
      54.62061095237732,
      49.80404591560364,
      56.517279624938965,
      54.61651968955994
    ],
    "score_time": [
      1.4673824310302734,
      1.477752685546875,
      1.5248138904571533,
      1.4720008373260498,
      1.4931573867797852
    ],
    "test_r": [
      0.9388520711582401,
      0.9866065226904213,
      0.9874502528796284,
      0.993572467594523,
      0.9407006286963256
    ],