{
  "6": {
    "fit_time": [
      2.3535468578338623,
      2.3757777214050293,
      2.402132987976074,
      2.409052610397339,
      2.435185194015503
    ],
    "score_time": [
      0.15865802764892578,
      0.13988661766052246,
      0.14315390586853027,
      0.14495158195495605,
      0.15009522438049316
    ],
    "test_r": [
      0.24703045051283928,
      0.4106510163660959,
      0.49723914299491484,
      0.46974529690868005,
      0.5599984506349478
    ],
    "test_r2": [
      0.012969217169349845,
      0.11799240461268257,
      -0.10776181887674019,
      0.10428706274839539,
      0.1903672135785518
    ],
    "test_rmse": [
      -163.98737011778968,
      -112.4110760755537,
      -64.84704226265045,
      -130.39730893754356,
      -62.615700237435846
    ],
    "test_mae": [
      -74.23354545436406,
      -55.813338323540734,
      -54.074054929202205,
      -68.64894490264992,
      -52.380170610455366
    ],
    "best_params": {
      "check_inverse": true,
      "func": null,
      "inverse_func": null,
      "regressor__bootstrap": true,
      "regressor__ccp_alpha": 0.0,
      "regressor__criterion": "squared_error",
      "regressor__max_depth": null,
      "regressor__max_features": "sqrt",
      "regressor__max_leaf_nodes": null,
      "regressor__max_samples": null,
      "regressor__min_impurity_decrease": 0.0,
      "regressor__min_samples_leaf": 0.05,
      "regressor__min_samples_split": 0.05,
      "regressor__min_weight_fraction_leaf": 0.0,
      "regressor__monotonic_cst": null,
      "regressor__n_estimators": 2000,
      "regressor__n_jobs": null,
      "regressor__oob_score": false,
      "regressor__random_state": null,
      "regressor__verbose": 0,
      "regressor__warm_start": false,
      "transformer__memory": null,
      "transformer__verbose": false,
      "transformer__y scaler__copy": true,
      "transformer__y scaler__with_mean": true,
      "transformer__y scaler__with_std": true
    }
  },
  "13": {
    "fit_time": [
      2.377546787261963,
      2.368753433227539,
      2.3870484828948975,
      2.3931422233581543,
      2.4487929344177246
    ],
    "score_time": [
      0.19967889785766602,
      0.16803956031799316,
      0.18802499771118164,
      0.18082880973815918,
      0.14799880981445312
    ],
    "test_r": [
      0.569008120694716,
      0.4892645539148579,
      0.13974164401810016,
      0.329645921266164,
      0.6798002458577873
    ],
    "test_r2": [
      -0.22791770377808973,
      0.07221939758587681,
      0.016420992278062596,
      0.0908435675627648,
      0.2821328049646763
    ],
    "test_rmse": [
      -55.41360468067892,
      -141.4665985475483,
      -156.0096531160876,
      -116.95869961733777,
      -65.11619978038473
    ],
    "test_mae": [
      -49.33690103898792,
      -78.4343388521653,
      -65.61503190200835,
      -61.02788910277685,
      -52.245713218023575
    ],
    "best_params": {
      "check_inverse": true,
      "func": null,
      "inverse_func": null,
      "regressor__bootstrap": true,
      "regressor__ccp_alpha": 0.0,
      "regressor__criterion": "squared_error",
      "regressor__max_depth": null,
      "regressor__max_features": "sqrt",
      "regressor__max_leaf_nodes": null,
      "regressor__max_samples": null,
      "regressor__min_impurity_decrease": 0.0,
      "regressor__min_samples_leaf": 0.05,
      "regressor__min_samples_split": 0.09081938858313568,
      "regressor__min_weight_fraction_leaf": 0.0,
      "regressor__monotonic_cst": null,
      "regressor__n_estimators": 2000,
      "regressor__n_jobs": null,
      "regressor__oob_score": false,
      "regressor__random_state": null,
      "regressor__verbose": 0,
      "regressor__warm_start": false,
      "transformer__memory": null,
      "transformer__verbose": false,
      "transformer__y scaler__copy": true,
      "transformer__y scaler__with_mean": true,
      "transformer__y scaler__with_std": true
    }
  },
  "42": {
    "fit_time": [
      0.1419663429260254,
      0.14217448234558105,
      0.14231085777282715,
      0.14281654357910156,
      0.1445467472076416
    ],
    "score_time": [
      0.05269193649291992,
      0.05148196220397949,
      0.05073046684265137,
      0.05090689659118652,
      0.051509857177734375
    ],
    "test_r": [
      0.3724690824938911,
      0.5182265775603848,
      0.07966366084291229,
      0.43871219867550976,
      0.59549479033572
    ],
    "test_r2": [
      0.09718855570284579,
      0.15973422669695736,
      0.0009413342068930186,
      0.1133484196415101,
      0.19160606562324478
    ],
    "test_rmse": [
      -114.21980451965324,
      -68.11705005693491,
      -171.993291961686,
      -123.6259312889075,
      -57.06622434383573
    ],
    "test_mae": [
      -56.21390470595453,
      -55.911182150548484,
      -74.77133765041656,
      -70.38992262928018,
      -47.98307361260933
    ],
    "best_params": {
      "check_inverse": true,
      "func": null,
      "inverse_func": null,
      "regressor__bootstrap": true,
      "regressor__ccp_alpha": 0.0,
      "regressor__criterion": "squared_error",
      "regressor__max_depth": null,
      "regressor__max_features": "sqrt",
      "regressor__max_leaf_nodes": null,
      "regressor__max_samples": null,
      "regressor__min_impurity_decrease": 0.0,
      "regressor__min_samples_leaf": 0.05,
      "regressor__min_samples_split": 0.09396296186279371,
      "regressor__min_weight_fraction_leaf": 0.0,
      "regressor__monotonic_cst": null,
      "regressor__n_estimators": 50,
      "regressor__n_jobs": null,
      "regressor__oob_score": false,
      "regressor__random_state": null,
      "regressor__verbose": 0,
      "regressor__warm_start": false,
      "transformer__memory": null,
      "transformer__verbose": false,
      "transformer__y scaler__copy": true,
      "transformer__y scaler__with_mean": true,
      "transformer__y scaler__with_std": true
    }
  },
  "69": {
    "fit_time": [
      0.18772244453430176,
      0.18678569793701172,
      0.1899864673614502,
      0.19009017944335938,
      0.1910383701324463
    ],
    "score_time": [
      0.052649736404418945,
      0.05323910713195801,
      0.053095340728759766,
      0.052518606185913086,
      0.05324435234069824
    ],
    "test_r": [
      0.39697354261092277,
      0.13782599964565403,
      0.5712861045539074,
      0.6684969722267994,
      0.3723256664224433
    ],
    "test_r2": [
      0.10149734174571512,
      0.007668746092634349,
      0.056203118870086666,
      0.3133427007948274,
      0.08857051668774274
    ],
    "test_rmse": [
      -130.39343525314868,
      -156.12008942933102,
      -60.55188129522706,
      -56.094090880763105,
      -128.18367030019303
    ],
    "test_mae": [
      -65.87811604615347,
      -74.8595220936713,
      -51.636636723707234,
      -44.60520448335862,
      -67.87437565434706
    ],
    "best_params": {
      "check_inverse": true,
      "func": null,
      "inverse_func": null,
      "regressor__bootstrap": true,
      "regressor__ccp_alpha": 0.0,
      "regressor__criterion": "squared_error",
      "regressor__max_depth": null,
      "regressor__max_features": "sqrt",
      "regressor__max_leaf_nodes": null,
      "regressor__max_samples": null,
      "regressor__min_impurity_decrease": 0.0,
      "regressor__min_samples_leaf": 0.05,
      "regressor__min_samples_split": 0.05,
      "regressor__min_weight_fraction_leaf": 0.0,
      "regressor__monotonic_cst": null,
      "regressor__n_estimators": 90,
      "regressor__n_jobs": null,
      "regressor__oob_score": false,
      "regressor__random_state": null,
      "regressor__verbose": 0,
      "regressor__warm_start": false,
      "transformer__memory": null,
      "transformer__verbose": false,
      "transformer__y scaler__copy": true,
      "transformer__y scaler__with_mean": true,
      "transformer__y scaler__with_std": true
    }
  },