{
  "6": {
    "fit_time": [
      0.10150909423828125,
      0.10279393196105957,
      0.10321402549743652,
      0.10383868217468262,
      0.16930675506591797
    ],
    "score_time": [
      0.05738377571105957,
      0.056714534759521484,
      0.04997372627258301,
      0.04647660255432129,
      0.03289079666137695
    ],
    "test_r": [
      0.28999007094418844,
      0.496541041313744,
      0.4955468658843135,
      0.5885749511212145,
      0.5754486723868601
    ],
    "test_r2": [
      0.0353933230943998,
      0.1769127371482705,
      -0.06610829423447195,
      0.17438840196404204,
      0.25182181026285855
    ],
    "test_rmse": [
      -162.113874052543,
      -108.59151276042432,
      -63.616187323586345,
      -125.19070867627595,
      -60.192408359443895
    ],
    "test_mae": [
      -72.18971992577188,
      -55.94993242105469,
      -51.702813054420965,
      -64.65297856401425,
      -48.63354253555253
    ],
    "best_params": {
      "check_inverse": true,
      "func": null,
      "inverse_func": null,
      "regressor__bootstrap": true,
      "regressor__ccp_alpha": 0.0,
      "regressor__criterion": "squared_error",
      "regressor__max_depth": null,
      "regressor__max_features": "sqrt",
      "regressor__max_leaf_nodes": null,
      "regressor__max_samples": null,
      "regressor__min_impurity_decrease": 0.0,
      "regressor__min_samples_leaf": 0.05,
      "regressor__min_samples_split": 0.05,
      "regressor__min_weight_fraction_leaf": 0.0,
      "regressor__monotonic_cst": null,
      "regressor__n_estimators": 50,
      "regressor__n_jobs": null,
      "regressor__oob_score": false,
      "regressor__random_state": null,
      "regressor__verbose": 0,
      "regressor__warm_start": false,
      "transformer__memory": null,
      "transformer__verbose": false,
      "transformer__y scaler__copy": true,
      "transformer__y scaler__with_mean": true,
      "transformer__y scaler__with_std": true
    }
  },
  "13": {
    "fit_time": [
      2.0446605682373047,
      2.0719497203826904,
      1.685706377029419,
      1.7678399085998535,
      1.6817643642425537
    ],
    "score_time": [
      0.12783265113830566,
      0.15027642250061035,
      0.09835553169250488,
      0.09562182426452637,
      0.09755563735961914
    ],
    "test_r": [
      0.582411917129306,
      0.5383864204928546,
      0.18159376601904223,
      0.41276946406045156,
      0.6381177585174542
    ],
    "test_r2": [
      -0.1451177937201964,
      0.11069659493020412,
      0.029843325928188058,
      0.13791323713686598,
      0.2958277020849265
    ],
    "test_rmse": [
      -53.51269867328176,
      -138.50206381466558,
      -154.94150977795118,
      -113.89081780441543,
      -64.49209145553928
    ],
    "test_mae": [
      -46.854388559313975,
      -76.02624323443223,
      -64.68441518971166,
      -58.1681950383474,
      -51.70993231474646
    ],
    "best_params": {
      "check_inverse": true,
      "func": null,
      "inverse_func": null,
      "regressor__bootstrap": true,
      "regressor__ccp_alpha": 0.0,
      "regressor__criterion": "squared_error",
      "regressor__max_depth": null,
      "regressor__max_features": "sqrt",
      "regressor__max_leaf_nodes": null,
      "regressor__max_samples": null,
      "regressor__min_impurity_decrease": 0.0,
      "regressor__min_samples_leaf": 0.05280582735279844,
      "regressor__min_samples_split": 0.05737254716414554,
      "regressor__min_weight_fraction_leaf": 0.0,
      "regressor__monotonic_cst": null,
      "regressor__n_estimators": 1268,
      "regressor__n_jobs": null,
      "regressor__oob_score": false,
      "regressor__random_state": null,
      "regressor__verbose": 0,
      "regressor__warm_start": false,
      "transformer__memory": null,
      "transformer__verbose": false,
      "transformer__y scaler__copy": true,
      "transformer__y scaler__with_mean": true,
      "transformer__y scaler__with_std": true
    }
  },
  "42": {
    "fit_time": [
      0.2132565975189209,
      0.15802240371704102,
      0.19908404350280762,
      0.1782081127166748,
      0.21159124374389648
    ],
    "score_time": [
      0.03907155990600586,
      0.050240278244018555,
      0.08741474151611328,
      0.0515899658203125,
      0.06794261932373047
    ],
    "test_r": [
      0.4288614028272174,
      0.5100247748066212,
      0.18060144492627594,
      0.475675387505294,
      0.6180494133297765
    ],
    "test_r2": [
      0.13623229425218653,
      0.20079954177927462,
      0.030371949456158287,
      0.14095155600727916,
      0.2800671503567175
    ],
    "test_rmse": [
      -111.72268542905596,
      -66.43169857932445,
      -169.44103624950378,
      -121.68636209222197,
      -53.85346002389203
    ],
    "test_mae": [
      -54.589810343946134,
      -53.316899994369024,
      -72.96609572093203,
      -68.13245379745189,
      -43.56589685789027
    ],
    "best_params": {
      "check_inverse": true,
      "func": null,
      "inverse_func": null,
      "regressor__bootstrap": true,
      "regressor__ccp_alpha": 0.0,
      "regressor__criterion": "squared_error",
      "regressor__max_depth": null,
      "regressor__max_features": "sqrt",
      "regressor__max_leaf_nodes": null,
      "regressor__max_samples": null,
      "regressor__min_impurity_decrease": 0.0,
      "regressor__min_samples_leaf": 0.05,
      "regressor__min_samples_split": 0.12057498572670995,
      "regressor__min_weight_fraction_leaf": 0.0,
      "regressor__monotonic_cst": null,
      "regressor__n_estimators": 72,
      "regressor__n_jobs": null,
      "regressor__oob_score": false,
      "regressor__random_state": null,
      "regressor__verbose": 0,
      "regressor__warm_start": false,
      "transformer__memory": null,
      "transformer__verbose": false,
      "transformer__y scaler__copy": true,
      "transformer__y scaler__with_mean": true,
      "transformer__y scaler__with_std": true
    }
  },
  "69": {
    "fit_time": [
      0.13510560989379883,
      0.11973953247070312,
      0.11616849899291992,
      0.20145010948181152,
      0.15770316123962402
    ],
    "score_time": [
      0.03495526313781738,
      0.045542001724243164,
      0.03493452072143555,
      0.04447460174560547,
      0.03421378135681152
    ],
    "test_r": [
      0.4122029422605806,
      0.23611097354593227,
      0.613559769528742,
      0.6414948642179454,
      0.39103111322536965
    ],
    "test_r2": [
      0.11971122332989526,
      0.04576381551998365,
      0.16325534970904132,
      0.33573001598362306,
      0.1073431844275341
    ],
    "test_rmse": [
      -129.06504178322515,
      -153.0940798698317,
      -57.01443752045881,
      -55.17208639748511,
      -126.8567055512646
    ],
    "test_mae": [
      -65.0869222250696,
      -71.4265783535974,
      -47.3274438949692,
      -43.2595624336047,
      -64.1100706032423
    ],
    "best_params": {
      "check_inverse": true,
      "func": null,
      "inverse_func": null,
      "regressor__bootstrap": true,
      "regressor__ccp_alpha": 0.0,
      "regressor__criterion": "squared_error",
      "regressor__max_depth": null,
      "regressor__max_features": "sqrt",
      "regressor__max_leaf_nodes": null,
      "regressor__max_samples": null,
      "regressor__min_impurity_decrease": 0.0,
      "regressor__min_samples_leaf": 0.05,
      "regressor__min_samples_split": 0.05,
      "regressor__min_weight_fraction_leaf": 0.0,
      "regressor__monotonic_cst": null,
      "regressor__n_estimators": 50,
      "regressor__n_jobs": null,
      "regressor__oob_score": false,
      "regressor__random_state": null,
      "regressor__verbose": 0,
      "regressor__warm_start": false,
      "transformer__memory": null,
      "transformer__verbose": false,
      "transformer__y scaler__copy": true,
      "transformer__y scaler__with_mean": true,
      "transformer__y scaler__with_std": true
    }
  },