{
  "6": {
    "fit_time": [
      0.10303497314453125,
      0.10488295555114746,
      0.1030893325805664,
      0.08762216567993164,
      0.08783555030822754
    ],
    "score_time": [
      0.03002166748046875,
      0.029288768768310547,
      0.02984142303466797,
      0.02938985824584961,
      0.025694847106933594
    ],
    "test_r": [
      0.1788850319085824,
      0.34678719662705815,
      0.5040574021344543,
      0.4324023042008882,
      0.5008584479954761
    ],
    "test_r2": [
      -0.005505619776188464,
      0.09603344219634946,
      -0.06760699097319378,
      0.09205305828026966,
      0.16842074213299296
    ],
    "test_rmse": [
      -165.5149791012007,
      -113.8017982606253,
      -63.66088629537414,
      -131.28479801631957,
      -63.45867828469086
    ],
    "test_mae": [
      -75.02146352447669,
      -58.46489383792312,
      -52.026476867222854,
      -68.99077513479858,
      -53.04010092582683
    ],
    "best_params": {
      "check_inverse": true,
      "func": null,
      "inverse_func": null,
      "regressor__bootstrap": true,
      "regressor__ccp_alpha": 0.0,
      "regressor__criterion": "squared_error",
      "regressor__max_depth": null,
      "regressor__max_features": "sqrt",
      "regressor__max_leaf_nodes": null,
      "regressor__max_samples": null,
      "regressor__min_impurity_decrease": 0.0,
      "regressor__min_samples_leaf": 0.051431420813693556,
      "regressor__min_samples_split": 0.1579845401920138,
      "regressor__min_weight_fraction_leaf": 0.0,
      "regressor__monotonic_cst": null,
      "regressor__n_estimators": 54,
      "regressor__n_jobs": null,
      "regressor__oob_score": false,
      "regressor__random_state": null,
      "regressor__verbose": 0,
      "regressor__warm_start": false,
      "transformer__memory": null,
      "transformer__verbose": false,
      "transformer__y scaler__copy": true,
      "transformer__y scaler__with_mean": true,
      "transformer__y scaler__with_std": true
    }
  },
  "13": {
    "fit_time": [
      1.9779205322265625,
      2.126271963119507,
      1.933696985244751,
      1.914013385772705,
      1.914027214050293
    ],
    "score_time": [
      0.08643937110900879,
      0.10827398300170898,
      0.08839035034179688,
      0.09525775909423828,
      0.09311699867248535
    ],
    "test_r": [
      0.4814943629154426,
      0.46596285756492944,
      0.09423989056235674,
      0.2820956891921219,
      0.5883588083638905
    ],
    "test_r2": [
      -0.31546906770762195,
      0.07070975624863074,
      -0.0014621306840354453,
      0.07667615248466375,
      0.2599694300198825
    ],
    "test_rmse": [
      -57.35510667884521,
      -141.58164569327695,
      -157.42152360561352,
      -117.86646252607275,
      -66.11375489848574
    ],
    "test_mae": [
      -51.1539793020939,
      -77.56042790629213,
      -66.18711209159228,
      -61.56440383472236,
      -52.78832893653354
    ],
    "best_params": {
      "check_inverse": true,
      "func": null,
      "inverse_func": null,
      "regressor__bootstrap": true,
      "regressor__ccp_alpha": 0.0,
      "regressor__criterion": "squared_error",
      "regressor__max_depth": null,
      "regressor__max_features": "sqrt",
      "regressor__max_leaf_nodes": null,
      "regressor__max_samples": null,
      "regressor__min_impurity_decrease": 0.0,
      "regressor__min_samples_leaf": 0.05,
      "regressor__min_samples_split": 0.17033576095615965,
      "regressor__min_weight_fraction_leaf": 0.0,
      "regressor__monotonic_cst": null,
      "regressor__n_estimators": 2000,
      "regressor__n_jobs": null,
      "regressor__oob_score": false,
      "regressor__random_state": null,
      "regressor__verbose": 0,
      "regressor__warm_start": false,
      "transformer__memory": null,
      "transformer__verbose": false,
      "transformer__y scaler__copy": true,
      "transformer__y scaler__with_mean": true,
      "transformer__y scaler__with_std": true
    }
  },
  "42": {
    "fit_time": [
      0.10123133659362793,
      0.10566139221191406,
      0.10417556762695312,
      0.09674334526062012,
      0.10017871856689453
    ],
    "score_time": [
      0.05302691459655762,
      0.03672480583190918,
      0.028615474700927734,
      0.04185295104980469,
      0.03581047058105469
    ],
    "test_r": [
      0.3930274288763015,
      0.5295315642384263,
      0.11916816147429944,
      0.41898851826060124,
      0.5236026496769528
    ],
    "test_r2": [
      0.11154921965810827,
      0.21230308284535238,
      0.011334255127778747,
      0.10638582701716315,
      0.1468782815998564
    ],
    "test_rmse": [
      -113.30773842348877,
      -65.95186296821664,
      -171.09635476104825,
      -124.11037963711976,
      -58.623685175102445
    ],
    "test_mae": [
      -57.0478939686055,
      -54.197485800190414,
      -75.0220765176756,
      -71.78588034022164,
      -49.11529294640289
    ],
    "best_params": {
      "check_inverse": true,
      "func": null,
      "inverse_func": null,
      "regressor__bootstrap": true,
      "regressor__ccp_alpha": 0.0,
      "regressor__criterion": "squared_error",
      "regressor__max_depth": null,
      "regressor__max_features": "sqrt",
      "regressor__max_leaf_nodes": null,
      "regressor__max_samples": null,
      "regressor__min_impurity_decrease": 0.0,
      "regressor__min_samples_leaf": 0.05,
      "regressor__min_samples_split": 0.05,
      "regressor__min_weight_fraction_leaf": 0.0,
      "regressor__monotonic_cst": null,
      "regressor__n_estimators": 50,
      "regressor__n_jobs": null,
      "regressor__oob_score": false,
      "regressor__random_state": null,
      "regressor__verbose": 0,
      "regressor__warm_start": false,
      "transformer__memory": null,
      "transformer__verbose": false,
      "transformer__y scaler__copy": true,
      "transformer__y scaler__with_mean": true,
      "transformer__y scaler__with_std": true
    }
  },
  "69": {
    "fit_time": [
      0.8214600086212158,
      0.8080685138702393,
      0.8146476745605469,
      0.8107430934906006,
      0.8106646537780762
    ],
    "score_time": [
      0.06458163261413574,
      0.06066298484802246,
      0.06637859344482422,
      0.06772089004516602,
      0.0654442310333252
    ],
    "test_r": [
      0.33504408227327886,
      0.166883313547852,
      0.536596634027649,
      0.5925263907584523,
      0.342322492964883
    ],
    "test_r2": [
      0.08709539858787729,
      0.02056731122208766,
      0.03205512377537734,
      0.28838714874865035,
      0.08894322177675063
    ],
    "test_rmse": [
      -131.4343077143126,
      -155.10212706340047,
      -61.32162917615699,
      -57.104322663501634,
      -128.15745895188013
    ],
    "test_mae": [
      -67.8696138270702,
      -74.36289187411491,
      -52.525093588763454,
      -46.17848893708757,
      -66.03089428266088
    ],
    "best_params": {
      "check_inverse": true,
      "func": null,
      "inverse_func": null,
      "regressor__bootstrap": true,
      "regressor__ccp_alpha": 0.0,
      "regressor__criterion": "squared_error",
      "regressor__max_depth": null,
      "regressor__max_features": "sqrt",
      "regressor__max_leaf_nodes": null,
      "regressor__max_samples": null,
      "regressor__min_impurity_decrease": 0.0,
      "regressor__min_samples_leaf": 0.05,
      "regressor__min_samples_split": 0.05,
      "regressor__min_weight_fraction_leaf": 0.0,
      "regressor__monotonic_cst": null,
      "regressor__n_estimators": 722,
      "regressor__n_jobs": null,
      "regressor__oob_score": false,
      "regressor__random_state": null,
      "regressor__verbose": 0,
      "regressor__warm_start": false,
      "transformer__memory": null,
      "transformer__verbose": false,
      "transformer__y scaler__copy": true,
      "transformer__y scaler__with_mean": true,
      "transformer__y scaler__with_std": true
    }
  },