{
  "6": {
    "fit_time": [
      43.05713415145874,
      41.92553496360779,
      42.117323875427246,
      43.15926241874695,
      43.989007234573364
    ],
    "score_time": [
      1.0873126983642578,
      1.1094741821289062,
      1.1337921619415283,
      1.1123502254486084,
      1.1048510074615479
    ],
    "test_r": [
      0.9934305753786915,
      0.9888488228290134,
      0.9129517605533024,
      0.979875130990973,
      0.9252482642044889
    ],
    "test_r2": [
      0.9723651722847071,
      0.9775797779480399,
      0.8240062426285371,
      0.9583414206427509,
      0.8552203992840594
    ],
    "test_rmse": [
      -27.439325598872767,
      -17.922265119832076,
      -25.84732524983125,
      -28.121367311574474,
      -26.478469929598724
    ],
    "test_mae": [
      -16.8255951873506,
      -12.354839127780867,
      -13.23979238601363,
      -16.091256504480885,
      -16.072114490322313
    ],
    "best_params": {
      "check_inverse": true,
      "func": null,
      "inverse_func": null,
      "regressor__natural_gradient": true,
      "regressor__n_estimators": 2000,
      "regressor__learning_rate": 0.02754655845016782,
      "regressor__minibatch_frac": 1,
      "regressor__col_sample": 1.0,
      "regressor__verbose": false,
      "transformer__memory": null,
      "transformer__verbose": false,
      "transformer__y scaler__copy": true,
      "transformer__y scaler__with_mean": true,
      "transformer__y scaler__with_std": true
    }
  },
  "13": {
    "fit_time": [
      9.447866201400757,
      9.462913274765015,
      9.260764598846436,
      8.871740818023682,
      8.98534107208252
    ],
    "score_time": [
      0.2823915481567383,
      0.2868690490722656,
      0.27855563163757324,
      0.2867569923400879,
      0.2932775020599365
    ],
    "test_r": [
      0.8860224202508181,
      0.9810466240436378,
      0.9880337116882916,
      0.9792560965942364,
      0.9538626379837863
    ],
    "test_r2": [
      0.7789282283683762,
      0.9524402098997008,
      0.9751660410880543,
      0.9589307350765468,
      0.903897791952017
    ],
    "test_rmse": [
      -23.512478826751234,
      -32.02957911710014,
      -24.78961744537146,
      -24.85831505571187,
      -23.825042075114414
    ],
    "test_mae": [
      -15.853074069479037,
      -18.72495584275137,
      -13.697609254245176,
      -13.41257200424246,
      -15.791173560728131
    ],
    "best_params": {
      "check_inverse": true,
      "func": null,
      "inverse_func": null,
      "regressor__natural_gradient": true,
      "regressor__n_estimators": 462,
      "regressor__learning_rate": 0.06610392791400534,
      "regressor__minibatch_frac": 1,
      "regressor__col_sample": 1.0,
      "regressor__verbose": false,
      "transformer__memory": null,
      "transformer__verbose": false,
      "transformer__y scaler__copy": true,
      "transformer__y scaler__with_mean": true,
      "transformer__y scaler__with_std": true
    }
  },
  "42": {
    "fit_time": [
      13.57627010345459,
      13.008655548095703,
      13.243661880493164,
      13.243682622909546,
      15.958820819854736
    ],
    "score_time": [
      0.3753681182861328,
      0.37808918952941895,
      0.3806328773498535,
      0.3799257278442383,
      0.3789064884185791
    ],
    "test_r": [
      0.9910217402478673,
      0.9032011539455161,
      0.9800879641782044,
      0.9834757421435678,
      0.923739906610351
    ],
    "test_r2": [
      0.9820363011977554,
      0.8092478340097254,
      0.938812127687528,
      0.964582198281789,
      0.8522957261377225
    ],
    "test_rmse": [
      -16.111677752554474,
      -32.45504636516773,
      -42.56461301351639,
      -24.70835776604869,
      -24.392939983871226
    ],
    "test_mae": [
      -11.483456745849567,
      -18.108106090658687,
      -21.98646771976556,
      -14.598336041531482,
      -13.731910346073368
    ],
    "best_params": {
      "check_inverse": true,
      "func": null,
      "inverse_func": null,
      "regressor__natural_gradient": true,
      "regressor__n_estimators": 622,
      "regressor__learning_rate": 0.06884251221850886,
      "regressor__minibatch_frac": 1,
      "regressor__col_sample": 1.0,
      "regressor__verbose": false,
      "transformer__memory": null,
      "transformer__verbose": false,
      "transformer__y scaler__copy": true,
      "transformer__y scaler__with_mean": true,
      "transformer__y scaler__with_std": true
    }
  },
  "69": {
    "fit_time": [
      45.61489820480347,
      43.513137340545654,
      54.95696306228638,
      42.90049457550049,
      44.170833110809326
    ],
    "score_time": [
      1.1125998497009277,
      1.104706048965454,
      1.104299545288086,
      1.1173722743988037,
      1.0714209079742432
    ],
    "test_r": [
      0.9924353183532967,
      0.8810736336435516,
      0.8435450711398257,
      0.9722131706407559,
      0.9874190818423336
    ],
    "test_r2": [
      0.977647947879956,
      0.7004384433530937,
      0.6180519709147057,
      0.9429446060412815,
      0.9717184818639593
    ],
    "test_rmse": [
      -20.56623266514671,
      -85.77752198256717,
      -38.52037519688099,
      -16.169457438211538,
      -22.579926569090414
    ],
    "test_mae": [
      -11.56982445612693,
      -32.29016372616406,
      -22.526061426643764,
      -10.064483296646523,
      -15.498100474507334
    ],
    "best_params": {
      "check_inverse": true,
      "func": null,
      "inverse_func": null,
      "regressor__natural_gradient": true,
      "regressor__n_estimators": 2000,
      "regressor__learning_rate": 0.05725592819314738,
      "regressor__minibatch_frac": 1,
      "regressor__col_sample": 1.0,
      "regressor__verbose": false,
      "transformer__memory": null,
      "transformer__verbose": false,
      "transformer__y scaler__copy": true,
      "transformer__y scaler__with_mean": true,
      "transformer__y scaler__with_std": true
    }
  },
  "420": {
    "fit_time": [
      51.23226547241211,
      49.536001682281494,
      48.024962425231934,
      52.80382990837097,
      50.29837131500244
    ],
    "score_time": [
      1.1712579727172852,
      1.093122959136963,
      1.1362864971160889,
      1.0843923091888428,
      1.1358869075775146
    ],
    "test_r": [
      0.9457773458296325,
      0.9866068296047947,
      0.9791223959899711,
      0.9055665784828323,
      0.9743104907343982
    ],
    "test_r2": [
      0.891112359034964,
      0.9728416298952742,
      0.9539587162700783,
      0.8182671740353773,
      0.9464676029674848
    ],
    "test_rmse": [
      -22.556641241001284,
      -26.323108787179837,
      -29.568394716008758,
      -32.04213474543649,
      -29.247174380850296
    ],
    "test_mae": [
      -14.831163379248002,
      -17.45299870846963,
      -16.119689526502334,
      -18.913203401771202,
      -16.49684341104974
    ],
    "best_params": {
      "check_inverse": true,
      "func": null,
      "inverse_func": null,
      "regressor__natural_gradient": true,
      "regressor__n_estimators": 2000,
      "regressor__learning_rate": 0.03759074564823662,
      "regressor__minibatch_frac": 1,
      "regressor__col_sample": 1.0,
      "regressor__verbose": false,
      "transformer__memory": null,
      "transformer__verbose": false,
      "transformer__y scaler__copy": true,
      "transformer__y scaler__with_mean": true,
      "transformer__y scaler__with_std": true
    }
  },
  "1234567890": {
    "fit_time": [
      26.522788047790527,
      26.257871627807617,
      25.53392720222473,
      26.59855008125305,
      27.55955958366394
    ],
    "score_time": [
      0.6968441009521484,
      0.67014479637146,
      0.694190263748169,
      0.7001466751098633,
      0.7037789821624756
    ],
    "test_r": [
      0.9363788204502198,
      0.9879238777243017,
      0.9763232109621265,
      0.9959204667190824,
      0.9279611517229936
    ],