{
  "6": {
    "fit_time": [
      0.21192383766174316,
      0.22120881080627441,
      0.21665120124816895,
      0.2129356861114502,
      0.35770106315612793
    ],
    "score_time": [
      0.08681607246398926,
      0.07781720161437988,
      0.2103135585784912,
      0.08018636703491211,
      0.07265019416809082
    ],
    "test_r": [
      0.07489541006285173,
      -0.05389648593513684,
      -0.08544279412098497,
      -0.07644439002930138,
      -0.022999144550867764
    ],
    "test_r2": [
      -1.0636677511464735e+23,
      -5.336054516615791e+26,
      -7.39499337754588e+24,
      -5.758248138472081e+22,
      -3.965493130670969e+24
    ],
    "test_rmse": [
      -53832933776598.49,
      -2764923193873580.0,
      -167546697085832.5,
      -33062020680923.05,
      -138575929163203.94
    ],
    "test_mae": [
      -7465284732389.985,
      -418832245428262.0,
      -23461230307466.965,
      -4629608909858.401,
      -19404511373376.04
    ],
    "best_params": {
      "check_inverse": true,
      "func": null,
      "inverse_func": null,
      "regressor__copy_X": true,
      "regressor__fit_intercept": false,
      "regressor__n_jobs": null,
      "regressor__positive": false,
      "transformer__memory": null,
      "transformer__verbose": false,
      "transformer__y scaler__copy": true,
      "transformer__y scaler__with_mean": true,
      "transformer__y scaler__with_std": true
    }
  },
  "13": {
    "fit_time": [
      0.21521210670471191,
      0.2174665927886963,
      0.3634226322174072,
      0.2266254425048828,
      0.23046255111694336
    ],
    "score_time": [
      0.08466124534606934,
      0.08648848533630371,
      0.07193350791931152,
      0.07502365112304688,
      0.07545804977416992
    ],
    "test_r": [
      0.033423274557770166,
      0.08990865827999037,
      0.3068460952556622,
      0.0747430208865373,
      0.0493359094884629
    ],
    "test_r2": [
      -4.810836340789282e+26,
      -4.614029559931161e+22,
      -0.009636767832096771,
      -3.5591745917468577e+23,
      -2.088215804382715e+26
    ],
    "test_rmse": [
      -1096836926491050.8,
      -31547972494998.656,
      -158.06271032022127,
      -73179235704330.78,
      -1110592362117617.2
    ],
    "test_mae": [
      -152103914587997.44,
      -4374916633458.935,
      -97.47743864736822,
      -10247142632179.002,
      -237086861629141.28
    ],
    "best_params": {
      "check_inverse": true,
      "func": null,
      "inverse_func": null,
      "regressor__copy_X": true,
      "regressor__fit_intercept": false,
      "regressor__n_jobs": null,
      "regressor__positive": false,
      "transformer__memory": null,
      "transformer__verbose": false,
      "transformer__y scaler__copy": true,
      "transformer__y scaler__with_mean": true,
      "transformer__y scaler__with_std": true
    }
  },
  "42": {
    "fit_time": [
      0.2229001522064209,
      0.24323773384094238,
      0.3718531131744385,
      0.3707082271575928,
      0.21906375885009766
    ],
    "score_time": [
      0.09074664115905762,
      0.09557414054870605,
      0.08255457878112793,
      0.0873262882232666,
      0.08509230613708496
    ],
    "test_r": [
      0.06288160173512769,
      0.3770888078569928,
      -0.053510708570661446,
      0.4278660786189845,
      0.1013699340601409
    ],
    "test_r2": [
      -1.2878573262866526,
      -0.4585435290602391,
      -1.140526533421473e+25,
      0.14637338060699878,
      -1.1485460550878307e+27
    ],
    "test_rmse": [
      -181.82657309918818,
      -89.74436567873848,
      -581123863719273.2,
      -121.30174675131761,
      -2151006999121460.5
    ],
    "test_mae": [
      -121.31355869421067,
      -65.73720323428734,
      -136207115373634.67,
      -68.94071311079433,
      -394318026660863.94
    ],
    "best_params": {
      "check_inverse": true,
      "func": null,
      "inverse_func": null,
      "regressor__copy_X": true,
      "regressor__fit_intercept": false,
      "regressor__n_jobs": null,
      "regressor__positive": false,
      "transformer__memory": null,
      "transformer__verbose": false,
      "transformer__y scaler__copy": true,
      "transformer__y scaler__with_mean": true,
      "transformer__y scaler__with_std": true
    }
  },
  "69": {
    "fit_time": [
      0.4642374515533447,
      0.5569915771484375,
      0.5574731826782227,
      0.35546350479125977,
      0.46137547492980957
    ],
    "score_time": [
      0.0937507152557373,
      0.0831599235534668,
      0.08384060859680176,
      0.10158205032348633,
      0.08611059188842773
    ],
    "test_r": [
      0.1369054832723417,
      -0.10465038800717241,
      0.028355120711024737,
      -0.10561484850654314,
      0.0140458316465895
    ],
    "test_r2": [
      -0.5659716507945138,
      -4.637829985168186e+24,
      -5.380092844580319,
      -1.1774231309106794e+26,
      -3.3241654022356735e+25
    ],
    "test_rmse": [
      -172.1424547671665,
      -337510950873015.6,
      -157.43521126941442,
      -734536489397865.8,
      -774127469722438.2
    ],
    "test_mae": [
      -124.5542707193948,
      -67033245382426.38,
      -127.1226210665693,
      -191972423346047.7,
      -108399527835360.33
    ],
    "best_params": {
      "check_inverse": true,
      "func": null,
      "inverse_func": null,
      "regressor__copy_X": true,
      "regressor__fit_intercept": true,
      "regressor__n_jobs": null,
      "regressor__positive": false,
      "transformer__memory": null,
      "transformer__verbose": false,
      "transformer__y scaler__copy": true,
      "transformer__y scaler__with_mean": true,
      "transformer__y scaler__with_std": true
    }
  },
  "420": {
    "fit_time": [
      0.22385811805725098,
      0.22983479499816895,
      0.3772871494293213,
      0.3793771266937256,
      0.2253570556640625
    ],
    "score_time": [
      0.09203100204467773,
      0.0865476131439209,
      0.08510684967041016,
      0.08500409126281738,
      0.08449745178222656
    ],
    "test_r": [
      0.08898986554189076,
      -0.008428221999911441,
      -0.0773057591304976,
      0.10971781018584296,
      0.24649336076585948
    ],
    "test_r2": [
      -4.5488319188135154e+24,
      -3.418264432296486e+25,
      -2.48972309624004e+26,
      -1.7116974184735834,
      -0.3840008310411611
    ],
    "test_rmse": [
      -145792466251511.62,
      -933873722780892.2,
      -2174350532259641.5,
      -123.77284290796162,
      -148.7112228395867
    ],
    "test_mae": [
      -20217777409541.87,
      -137308449101500.94,
      -471625814779865.5,
      -95.58165460334098,
      -94.19835826976505
    ],
    "best_params": {
      "check_inverse": true,
      "func": null,
      "inverse_func": null,
      "regressor__copy_X": true,
      "regressor__fit_intercept": false,
      "regressor__n_jobs": null,
      "regressor__positive": false,
      "transformer__memory": null,
      "transformer__verbose": false,
      "transformer__y scaler__copy": true,
      "transformer__y scaler__with_mean": true,
      "transformer__y scaler__with_std": true
    }
  },
  "1234567890": {
    "fit_time": [
      0.22202181816101074,
      0.2404613494873047,
      0.2840585708618164,
      0.4308583736419678,
      0.4278542995452881
    ],
    "score_time": [
      0.08292531967163086,
      0.07971668243408203,
      0.08569455146789551,
      0.08987045288085938,
      0.08452415466308594
    ],
    "test_r": [
      -0.061956113201295626,
      0.40962010546144395,
      -0.06546452706736777,
      0.45586622563854184,
      0.07028633596320602
    ],
    "test_r2": [
      -9.559405579469896e+24,
      0.08164818729838785,
      -1.7593870399010522e+25,
      0.20061066492206892,
      -1.5697804544131012e+25
    ],
    "test_rmse": [
      -207560136588523.12,
      -120.18057578667302,
      -521047423103861.94,
      -122.51628278946593,
      -519663318581107.2
    ],