{
  "6": {
    "fit_time": [
      2.3200559616088867,
      2.315643548965454,
      2.3276402950286865,
      2.254262685775757,
      2.111415386199951
    ],
    "score_time": [
      0.11581254005432129,
      0.11541438102722168,
      0.11754894256591797,
      0.12511610984802246,
      0.10984659194946289
    ],
    "test_r": [
      0.18180502295321355,
      0.33041705263908167,
      0.4996117983233318,
      0.4233889331941146,
      0.4956126540066141
    ],
    "test_r2": [
      -0.0043316533743387176,
      0.09072644755790682,
      -0.12664821543061566,
      0.08565033408498335,
      0.14780144917376026
    ],
    "test_rmse": [
      -165.41832833685447,
      -114.13536243489813,
      -65.39749942205609,
      -131.74688649333552,
      -64.24060080271033
    ],
    "test_mae": [
      -75.70674234984222,
      -56.52938121637473,
      -54.84904397788748,
      -69.96103054275612,
      -54.154074364686046
    ],
    "best_params": {
      "check_inverse": true,
      "func": null,
      "inverse_func": null,
      "regressor__bootstrap": true,
      "regressor__ccp_alpha": 0.0,
      "regressor__criterion": "squared_error",
      "regressor__max_depth": null,
      "regressor__max_features": "sqrt",
      "regressor__max_leaf_nodes": null,
      "regressor__max_samples": null,
      "regressor__min_impurity_decrease": 0.0,
      "regressor__min_samples_leaf": 0.051630268708929686,
      "regressor__min_samples_split": 0.0980519818416537,
      "regressor__min_weight_fraction_leaf": 0.0,
      "regressor__monotonic_cst": null,
      "regressor__n_estimators": 1971,
      "regressor__n_jobs": null,
      "regressor__oob_score": false,
      "regressor__random_state": null,
      "regressor__verbose": 0,
      "regressor__warm_start": false,
      "transformer__memory": null,
      "transformer__verbose": false,
      "transformer__y scaler__copy": true,
      "transformer__y scaler__with_mean": true,
      "transformer__y scaler__with_std": true
    }
  },
  "13": {
    "fit_time": [
      0.11371231079101562,
      0.11480569839477539,
      0.11548852920532227,
      0.11370992660522461,
      0.11533617973327637
    ],
    "score_time": [
      0.040691375732421875,
      0.03750038146972656,
      0.03674745559692383,
      0.037966251373291016,
      0.03720426559448242
    ],
    "test_r": [
      0.5150023068440341,
      0.44503824733180186,
      0.06794673433406045,
      0.22597500304465104,
      0.6078521489736951
    ],
    "test_r2": [
      -0.27305808732121495,
      0.05762298813367783,
      -0.008101573909112814,
      0.050569938270472736,
      0.2376969292197717
    ],
    "test_rmse": [
      -56.42296205870656,
      -142.57507509522637,
      -157.9424942025543,
      -119.52113604438803,
      -67.10128357331766
    ],
    "test_mae": [
      -50.44253433693817,
      -79.30954032650536,
      -66.74680830562635,
      -64.22920512201664,
      -54.13223236814236
    ],
    "best_params": {
      "check_inverse": true,
      "func": null,
      "inverse_func": null,
      "regressor__bootstrap": true,
      "regressor__ccp_alpha": 0.0,
      "regressor__criterion": "squared_error",
      "regressor__max_depth": null,
      "regressor__max_features": "sqrt",
      "regressor__max_leaf_nodes": null,
      "regressor__max_samples": null,
      "regressor__min_impurity_decrease": 0.0,
      "regressor__min_samples_leaf": 0.05,
      "regressor__min_samples_split": 0.12598907076845306,
      "regressor__min_weight_fraction_leaf": 0.0,
      "regressor__monotonic_cst": null,
      "regressor__n_estimators": 50,
      "regressor__n_jobs": null,
      "regressor__oob_score": false,
      "regressor__random_state": null,
      "regressor__verbose": 0,
      "regressor__warm_start": false,
      "transformer__memory": null,
      "transformer__verbose": false,
      "transformer__y scaler__copy": true,
      "transformer__y scaler__with_mean": true,
      "transformer__y scaler__with_std": true
    }
  },
  "42": {
    "fit_time": [
      0.11401987075805664,
      0.11419486999511719,
      0.11695027351379395,
      0.11615753173828125,
      0.1178739070892334
    ],
    "score_time": [
      0.10828280448913574,
      0.10481381416320801,
      0.1005094051361084,
      0.09885311126708984,
      0.09406661987304688
    ],
    "test_r": [
      0.27455959022341603,
      0.5073357886283557,
      0.10418068332348758,
      0.41831493364771105,
      0.5450629416699483
    ],
    "test_r2": [
      0.052705601108594013,
      0.16010274721233553,
      0.007586992460385633,
      0.1041042757433377,
      0.17691566976869344
    ],
    "test_rmse": [
      -116.99986737153887,
      -68.10211116251776,
      -171.42029468517276,
      -124.26871625033975,
      -57.58240279790971
    ],
    "test_mae": [
      -58.46528940109191,
      -56.83941693162794,
      -75.2064581755966,
      -71.17014121136647,
      -47.93640058896833
    ],
    "best_params": {
      "check_inverse": true,
      "func": null,
      "inverse_func": null,
      "regressor__bootstrap": true,
      "regressor__ccp_alpha": 0.0,
      "regressor__criterion": "squared_error",
      "regressor__max_depth": null,
      "regressor__max_features": "sqrt",
      "regressor__max_leaf_nodes": null,
      "regressor__max_samples": null,
      "regressor__min_impurity_decrease": 0.0,
      "regressor__min_samples_leaf": 0.05,
      "regressor__min_samples_split": 0.05,
      "regressor__min_weight_fraction_leaf": 0.0,
      "regressor__monotonic_cst": null,
      "regressor__n_estimators": 50,
      "regressor__n_jobs": null,
      "regressor__oob_score": false,
      "regressor__random_state": null,
      "regressor__verbose": 0,
      "regressor__warm_start": false,
      "transformer__memory": null,
      "transformer__verbose": false,
      "transformer__y scaler__copy": true,
      "transformer__y scaler__with_mean": true,
      "transformer__y scaler__with_std": true
    }
  },
  "69": {
    "fit_time": [
      2.2492570877075195,
      2.2738771438598633,
      2.253199815750122,
      2.2587890625,
      2.303922176361084
    ],
    "score_time": [
      0.11278653144836426,
      0.1131899356842041,
      0.11090898513793945,
      0.11100983619689941,
      0.11478686332702637
    ],
    "test_r": [
      0.3441110096715755,
      0.14027689337995117,
      0.5260823558305535,
      0.6083447316166453,
      0.31582890542108544
    ],
    "test_r2": [
      0.08331399719159527,
      0.01089048735400533,
      0.02175560103790286,
      0.27267889649611077,
      0.07407088927540006
    ],
    "test_rmse": [
      -131.70623769858622,
      -155.86645061500118,
      -61.64701562164726,
      -57.73114721935045,
      -129.19926266953155
    ],
    "test_mae": [
      -68.43608020884207,
      -75.41509502530221,
      -52.73371755588208,
      -46.80432026199434,
      -67.37476532904886
    ],
    "best_params": {
      "check_inverse": true,
      "func": null,
      "inverse_func": null,
      "regressor__bootstrap": true,
      "regressor__ccp_alpha": 0.0,
      "regressor__criterion": "squared_error",
      "regressor__max_depth": null,
      "regressor__max_features": "sqrt",
      "regressor__max_leaf_nodes": null,
      "regressor__max_samples": null,
      "regressor__min_impurity_decrease": 0.0,
      "regressor__min_samples_leaf": 0.05,
      "regressor__min_samples_split": 0.05,
      "regressor__min_weight_fraction_leaf": 0.0,
      "regressor__monotonic_cst": null,
      "regressor__n_estimators": 2000,
      "regressor__n_jobs": null,
      "regressor__oob_score": false,
      "regressor__random_state": null,
      "regressor__verbose": 0,
      "regressor__warm_start": false,
      "transformer__memory": null,
      "transformer__verbose": false,
      "transformer__y scaler__copy": true,
      "transformer__y scaler__with_mean": true,
      "transformer__y scaler__with_std": true
    }
  },