{
  "6": {
    "fit_time": [
      0.09459185600280762,
      0.09455490112304688,
      0.0935964584350586,
      0.09098982810974121,
      0.09388256072998047
    ],
    "score_time": [
      0.028900861740112305,
      0.029470443725585938,
      0.029211997985839844,
      0.029541969299316406,
      0.029289960861206055
    ],
    "test_r": [
      0.1898751902739006,
      0.35533938967775963,
      0.525892085022577,
      0.4719554641631394,
      0.4910405521844969
    ],
    "test_r2": [
      0.001121035460572961,
      0.09939925444130959,
      -0.10900727640183905,
      0.1099639169716623,
      0.14463122969649134
    ],
    "test_rmse": [
      -164.96867495422023,
      -113.58973693219357,
      -64.883485813655,
      -129.9834357538317,
      -64.3599789405324
    ],
    "test_mae": [
      -75.18957574358707,
      -58.42947273735459,
      -54.73091032139222,
      -69.0172491211249,
      -54.420792283165305
    ],
    "best_params": {
      "check_inverse": true,
      "func": null,
      "inverse_func": null,
      "regressor__bootstrap": true,
      "regressor__ccp_alpha": 0.0,
      "regressor__criterion": "squared_error",
      "regressor__max_depth": null,
      "regressor__max_features": "sqrt",
      "regressor__max_leaf_nodes": null,
      "regressor__max_samples": null,
      "regressor__min_impurity_decrease": 0.0,
      "regressor__min_samples_leaf": 0.05,
      "regressor__min_samples_split": 0.05,
      "regressor__min_weight_fraction_leaf": 0.0,
      "regressor__monotonic_cst": null,
      "regressor__n_estimators": 50,
      "regressor__n_jobs": null,
      "regressor__oob_score": false,
      "regressor__random_state": null,
      "regressor__verbose": 0,
      "regressor__warm_start": false,
      "transformer__memory": null,
      "transformer__verbose": false,
      "transformer__y scaler__copy": true,
      "transformer__y scaler__with_mean": true,
      "transformer__y scaler__with_std": true
    }
  },
  "13": {
    "fit_time": [
      0.10999083518981934,
      0.12736225128173828,
      0.1091759204864502,
      0.10609579086303711,
      0.10621857643127441
    ],
    "score_time": [
      0.04023313522338867,
      0.03780078887939453,
      0.03811168670654297,
      0.03947806358337402,
      0.03827309608459473
    ],
    "test_r": [
      0.45771663158976905,
      0.4877024145376964,
      0.05097786286434787,
      0.32857019911521146,
      0.5944103216611522
    ],
    "test_r2": [
      -0.39011011555386843,
      0.08650017599063187,
      -0.018991517497440213,
      0.0986920173494289,
      0.23928091781711003
    ],
    "test_rmse": [
      -58.959850476785874,
      -140.37362048025315,
      -158.7932838522909,
      -116.4527722960377,
      -67.03153248394445
    ],
    "test_mae": [
      -52.61221989847208,
      -77.17439607778844,
      -66.42875505191252,
      -60.84931063126442,
      -54.275039929529825
    ],
    "best_params": {
      "check_inverse": true,
      "func": null,
      "inverse_func": null,
      "regressor__bootstrap": true,
      "regressor__ccp_alpha": 0.0,
      "regressor__criterion": "squared_error",
      "regressor__max_depth": null,
      "regressor__max_features": "sqrt",
      "regressor__max_leaf_nodes": null,
      "regressor__max_samples": null,
      "regressor__min_impurity_decrease": 0.0,
      "regressor__min_samples_leaf": 0.05336830316582475,
      "regressor__min_samples_split": 0.05944157203766103,
      "regressor__min_weight_fraction_leaf": 0.0,
      "regressor__monotonic_cst": null,
      "regressor__n_estimators": 63,
      "regressor__n_jobs": null,
      "regressor__oob_score": false,
      "regressor__random_state": null,
      "regressor__verbose": 0,
      "regressor__warm_start": false,
      "transformer__memory": null,
      "transformer__verbose": false,
      "transformer__y scaler__copy": true,
      "transformer__y scaler__with_mean": true,
      "transformer__y scaler__with_std": true
    }
  },
  "42": {
    "fit_time": [
      1.9265172481536865,
      1.9156908988952637,
      1.9354825019836426,
      2.0048463344573975,
      1.9565372467041016
    ],
    "score_time": [
      0.09528470039367676,
      0.09890532493591309,
      0.09604692459106445,
      0.09867644309997559,
      0.09596586227416992
    ],
    "test_r": [
      0.33092979518175986,
      0.49239735781226557,
      0.10592037204493726,
      0.4039041081645217,
      0.558082271868981
    ],
    "test_r2": [
      0.07887577948203295,
      0.15659680176224644,
      0.007478125175229722,
      0.0974586217183735,
      0.17686090292153156
    ],
    "test_rmse": [
      -115.37241559997753,
      -68.24410093625862,
      -171.42969679406505,
      -124.72877037057843,
      -57.58431849116255
    ],
    "test_mae": [
      -57.784201832930044,
      -56.81408334678846,
      -75.16150458053171,
      -71.64333533559861,
      -47.959771877934436
    ],
    "best_params": {
      "check_inverse": true,
      "func": null,
      "inverse_func": null,
      "regressor__bootstrap": true,
      "regressor__ccp_alpha": 0.0,
      "regressor__criterion": "squared_error",
      "regressor__max_depth": null,
      "regressor__max_features": "sqrt",
      "regressor__max_leaf_nodes": null,
      "regressor__max_samples": null,
      "regressor__min_impurity_decrease": 0.0,
      "regressor__min_samples_leaf": 0.05,
      "regressor__min_samples_split": 0.05,
      "regressor__min_weight_fraction_leaf": 0.0,
      "regressor__monotonic_cst": null,
      "regressor__n_estimators": 2000,
      "regressor__n_jobs": null,
      "regressor__oob_score": false,
      "regressor__random_state": null,
      "regressor__verbose": 0,
      "regressor__warm_start": false,
      "transformer__memory": null,
      "transformer__verbose": false,
      "transformer__y scaler__copy": true,
      "transformer__y scaler__with_mean": true,
      "transformer__y scaler__with_std": true
    }
  },
  "69": {
    "fit_time": [
      0.16299152374267578,
      0.1608583927154541,
      0.16010069847106934,
      0.1535177230834961,
      0.1598212718963623
    ],
    "score_time": [
      0.031202316284179688,
      0.031450748443603516,
      0.031368255615234375,
      0.03341317176818848,
      0.030971527099609375
    ],
    "test_r": [
      0.3393684209445718,
      0.16209866160600564,
      0.519187011883134,
      0.5910071055977668,
      0.3124208750772544
    ],
    "test_r2": [
      0.08743503214779247,
      0.018639721803834886,
      0.0032088577864312073,
      0.2622150837750732,
      0.07557795721331462
    ],
    "test_rmse": [
      -131.4098562796254,
      -155.25467775270332,
      -62.228661109981154,
      -58.144947038347546,
      -129.09407569660297
    ],
    "test_mae": [
      -68.46515256559941,
      -75.0279818368749,
      -53.879278453481405,
      -47.42856494755264,
      -66.75212362076635
    ],
    "best_params": {
      "check_inverse": true,
      "func": null,
      "inverse_func": null,
      "regressor__bootstrap": true,
      "regressor__ccp_alpha": 0.0,
      "regressor__criterion": "squared_error",
      "regressor__max_depth": null,
      "regressor__max_features": "sqrt",
      "regressor__max_leaf_nodes": null,
      "regressor__max_samples": null,
      "regressor__min_impurity_decrease": 0.0,
      "regressor__min_samples_leaf": 0.05249047099152588,
      "regressor__min_samples_split": 0.0649122771542344,
      "regressor__min_weight_fraction_leaf": 0.0,
      "regressor__monotonic_cst": null,
      "regressor__n_estimators": 125,
      "regressor__n_jobs": null,
      "regressor__oob_score": false,
      "regressor__random_state": null,
      "regressor__verbose": 0,
      "regressor__warm_start": false,
      "transformer__memory": null,
      "transformer__verbose": false,
      "transformer__y scaler__copy": true,
      "transformer__y scaler__with_mean": true,