{
  "6": {
    "fit_time": [
      0.1768491268157959,
      0.10453271865844727,
      0.14382195472717285,
      0.22183728218078613,
      0.10937905311584473
    ],
    "score_time": [
      0.03556704521179199,
      0.05424976348876953,
      0.05048656463623047,
      0.05132246017456055,
      0.031752824783325195
    ],
    "test_r": [
      0.29092783196698324,
      0.4514697325622987,
      0.5222980851713475,
      0.5685332674213467,
      0.521670293424186
    ],
    "test_r2": [
      0.04000484951279548,
      0.15583706046772483,
      -0.028370813487449853,
      0.16486862060150886,
      0.18807725128294828
    ],
    "test_rmse": [
      -161.72589826772662,
      -109.9730028004095,
      -62.480118892451394,
      -125.91040080548787,
      -62.70418871576862
    ],
    "test_mae": [
      -72.3546542675476,
      -56.16633614604862,
      -51.90157074395452,
      -65.40701280115164,
      -52.51247720242737
    ],
    "best_params": {
      "check_inverse": true,
      "func": null,
      "inverse_func": null,
      "regressor__bootstrap": true,
      "regressor__ccp_alpha": 0.0,
      "regressor__criterion": "squared_error",
      "regressor__max_depth": null,
      "regressor__max_features": "sqrt",
      "regressor__max_leaf_nodes": null,
      "regressor__max_samples": null,
      "regressor__min_impurity_decrease": 0.0,
      "regressor__min_samples_leaf": 0.05060301334581676,
      "regressor__min_samples_split": 0.055609912806435235,
      "regressor__min_weight_fraction_leaf": 0.0,
      "regressor__monotonic_cst": null,
      "regressor__n_estimators": 56,
      "regressor__n_jobs": null,
      "regressor__oob_score": false,
      "regressor__random_state": null,
      "regressor__verbose": 0,
      "regressor__warm_start": false,
      "transformer__memory": null,
      "transformer__verbose": false,
      "transformer__y scaler__copy": true,
      "transformer__y scaler__with_mean": true,
      "transformer__y scaler__with_std": true
    }
  },
  "13": {
    "fit_time": [
      0.184281587600708,
      0.1824812889099121,
      0.1663055419921875,
      0.15553951263427734,
      0.11744832992553711
    ],
    "score_time": [
      0.04405498504638672,
      0.035539865493774414,
      0.03579115867614746,
      0.03428483009338379,
      0.06042313575744629
    ],
    "test_r": [
      0.6449822347233622,
      0.6050116565809717,
      0.22334646137015096,
      0.4652760852677966,
      0.45872960073372204
    ],
    "test_r2": [
      -0.06080698262844986,
      0.15828988723450943,
      0.04505019498073892,
      0.15550942531525935,
      0.19080826812697027
    ],
    "test_rmse": [
      -51.505067010100824,
      -134.74496309453315,
      -153.7223863880173,
      -112.72250373252868,
      -69.13416335809731
    ],
    "test_mae": [
      -45.008660459726876,
      -73.73890035384028,
      -63.967881012870016,
      -56.202300209658645,
      -56.70824372715925
    ],
    "best_params": {
      "check_inverse": true,
      "func": null,
      "inverse_func": null,
      "regressor__bootstrap": true,
      "regressor__ccp_alpha": 0.0,
      "regressor__criterion": "squared_error",
      "regressor__max_depth": null,
      "regressor__max_features": "sqrt",
      "regressor__max_leaf_nodes": null,
      "regressor__max_samples": null,
      "regressor__min_impurity_decrease": 0.0,
      "regressor__min_samples_leaf": 0.05038018698871009,
      "regressor__min_samples_split": 0.06417796171831663,
      "regressor__min_weight_fraction_leaf": 0.0,
      "regressor__monotonic_cst": null,
      "regressor__n_estimators": 67,
      "regressor__n_jobs": null,
      "regressor__oob_score": false,
      "regressor__random_state": null,
      "regressor__verbose": 0,
      "regressor__warm_start": false,
      "transformer__memory": null,
      "transformer__verbose": false,
      "transformer__y scaler__copy": true,
      "transformer__y scaler__with_mean": true,
      "transformer__y scaler__with_std": true
    }
  },
  "42": {
    "fit_time": [
      0.285919189453125,
      0.29146409034729004,
      0.35771703720092773,
      0.405811071395874,
      0.30420422554016113
    ],
    "score_time": [
      0.037415266036987305,
      0.038130998611450195,
      0.06389188766479492,
      0.06009030342102051,
      0.03903079032897949
    ],
    "test_r": [
      0.5088668225629314,
      0.5367116102148937,
      0.2630280887138871,
      0.5533113103796851,
      0.6082714693542703
    ],
    "test_r2": [
      0.16358617704393108,
      0.2091651410803621,
      0.05886390943667785,
      0.17361081005019363,
      0.26534406169750835
    ],
    "test_rmse": [
      -109.93943114811873,
      -66.0830983462884,
      -166.93301119000913,
      -119.35081630360494,
      -54.4013419702229
    ],
    "test_mae": [
      -55.99838584646689,
      -52.96595350676785,
      -74.9139937059175,
      -67.68887810584813,
      -45.1377696643726
    ],
    "best_params": {
      "check_inverse": true,
      "func": null,
      "inverse_func": null,
      "regressor__bootstrap": true,
      "regressor__ccp_alpha": 0.0,
      "regressor__criterion": "squared_error",
      "regressor__max_depth": null,
      "regressor__max_features": "sqrt",
      "regressor__max_leaf_nodes": null,
      "regressor__max_samples": null,
      "regressor__min_impurity_decrease": 0.0,
      "regressor__min_samples_leaf": 0.05260807098329498,
      "regressor__min_samples_split": 0.06048602395822063,
      "regressor__min_weight_fraction_leaf": 0.0,
      "regressor__monotonic_cst": null,
      "regressor__n_estimators": 188,
      "regressor__n_jobs": null,
      "regressor__oob_score": false,
      "regressor__random_state": null,
      "regressor__verbose": 0,
      "regressor__warm_start": false,
      "transformer__memory": null,
      "transformer__verbose": false,
      "transformer__y scaler__copy": true,
      "transformer__y scaler__with_mean": true,
      "transformer__y scaler__with_std": true
    }
  },
  "69": {
    "fit_time": [
      0.17710375785827637,
      0.12995338439941406,
      0.1766197681427002,
      0.16904473304748535,
      0.18134093284606934
    ],
    "score_time": [
      0.03570079803466797,
      0.03885149955749512,
      0.04156494140625,
      0.05634808540344238,
      0.034960031509399414
    ],
    "test_r": [
      0.49883713469395174,
      0.286260146011607,
      0.5637806826696263,
      0.606883400556274,
      0.46456294231891687
    ],
    "test_r2": [
      0.1565203872698091,
      0.0528265025478164,
      0.06587829333980333,
      0.2937458616541958,
      0.1410124360600742
    ],
    "test_rmse": [
      -126.33780841699433,
      -152.5264721170682,
      -60.24071307200466,
      -56.888907825144834,
      -124.44131856755726
    ],
    "test_mae": [
      -61.86164168514678,
      -73.46843664247879,
      -50.91219003685774,
      -45.299203726025965,
      -65.24921738999774
    ],
    "best_params": {
      "check_inverse": true,
      "func": null,
      "inverse_func": null,
      "regressor__bootstrap": true,
      "regressor__ccp_alpha": 0.0,
      "regressor__criterion": "squared_error",
      "regressor__max_depth": null,
      "regressor__max_features": "sqrt",
      "regressor__max_leaf_nodes": null,
      "regressor__max_samples": null,
      "regressor__min_impurity_decrease": 0.0,
      "regressor__min_samples_leaf": 0.05,
      "regressor__min_samples_split": 0.05,
      "regressor__min_weight_fraction_leaf": 0.0,
      "regressor__monotonic_cst": null,
      "regressor__n_estimators": 50,
      "regressor__n_jobs": null,
      "regressor__oob_score": false,
      "regressor__random_state": null,
      "regressor__verbose": 0,
      "regressor__warm_start": false,
      "transformer__memory": null,
      "transformer__verbose": false,
      "transformer__y scaler__copy": true,
      "transformer__y scaler__with_mean": true,