{
  "6": {
    "fit_time": [
      0.14629340171813965,
      0.15566372871398926,
      0.24475789070129395,
      0.14394259452819824,
      0.24523663520812988
    ],
    "score_time": [
      0.04514288902282715,
      0.04632377624511719,
      0.046337127685546875,
      0.0455327033996582,
      0.04571175575256348
    ],
    "test_r": [
      0.3795156411521703,
      0.4787981599222388,
      0.4917192329550082,
      0.6004360198598888,
      0.5636858673534682
    ],
    "test_r2": [
      0.08606316892600196,
      0.1949570592077715,
      -0.10641742743609672,
      0.23254247439972897,
      0.2666002554971445
    ],
    "test_rmse": [
      -157.798598676723,
      -107.39460518270478,
      -64.80768078903333,
      -120.70114218775004,
      -59.59496588096732
    ],
    "test_mae": [
      -67.13253889949353,
      -51.304509505983496,
      -49.17324514583677,
      -61.05981277233828,
      -46.37663402812956
    ],
    "best_params": {
      "check_inverse": true,
      "func": null,
      "inverse_func": null,
      "regressor__bootstrap": true,
      "regressor__ccp_alpha": 0.0,
      "regressor__criterion": "squared_error",
      "regressor__max_depth": null,
      "regressor__max_features": "sqrt",
      "regressor__max_leaf_nodes": null,
      "regressor__max_samples": null,
      "regressor__min_impurity_decrease": 0.0,
      "regressor__min_samples_leaf": 0.05,
      "regressor__min_samples_split": 0.05,
      "regressor__min_weight_fraction_leaf": 0.0,
      "regressor__monotonic_cst": null,
      "regressor__n_estimators": 50,
      "regressor__n_jobs": null,
      "regressor__oob_score": false,
      "regressor__random_state": null,
      "regressor__verbose": 0,
      "regressor__warm_start": false,
      "transformer__memory": null,
      "transformer__verbose": false,
      "transformer__y scaler__copy": true,
      "transformer__y scaler__unit_variance": false,
      "transformer__y scaler__with_centering": true,
      "transformer__y scaler__with_scaling": true
    }
  },
  "13": {
    "fit_time": [
      0.15834617614746094,
      0.1556243896484375,
      0.2514481544494629,
      0.15204644203186035,
      0.2427358627319336
    ],
    "score_time": [
      0.047003746032714844,
      0.05472826957702637,
      0.04419684410095215,
      0.04344058036804199,
      0.04577159881591797
    ],
    "test_r": [
      0.5047201620095977,
      0.5754200250852641,
      0.2917803274893429,
      0.3970077015096682,
      0.6610579938700522
    ],
    "test_r2": [
      -0.23153247591305748,
      0.17479680623476168,
      0.08062794024446684,
      0.14637391150472023,
      0.3888866924060016
    ],
    "test_rmse": [
      -55.49510865793358,
      -133.41716785693575,
      -150.83165494946653,
      -113.33056734202684,
      -60.07971498187325
    ],
    "test_mae": [
      -43.771837834338825,
      -73.56682076846506,
      -60.50585258412566,
      -59.6168219824231,
      -44.9396910406669
    ],
    "best_params": {
      "check_inverse": true,
      "func": null,
      "inverse_func": null,
      "regressor__bootstrap": true,
      "regressor__ccp_alpha": 0.0,
      "regressor__criterion": "squared_error",
      "regressor__max_depth": null,
      "regressor__max_features": "sqrt",
      "regressor__max_leaf_nodes": null,
      "regressor__max_samples": null,
      "regressor__min_impurity_decrease": 0.0,
      "regressor__min_samples_leaf": 0.05,
      "regressor__min_samples_split": 0.07338309546240021,
      "regressor__min_weight_fraction_leaf": 0.0,
      "regressor__monotonic_cst": null,
      "regressor__n_estimators": 50,
      "regressor__n_jobs": null,
      "regressor__oob_score": false,
      "regressor__random_state": null,
      "regressor__verbose": 0,
      "regressor__warm_start": false,
      "transformer__memory": null,
      "transformer__verbose": false,
      "transformer__y scaler__copy": true,
      "transformer__y scaler__unit_variance": false,
      "transformer__y scaler__with_centering": true,
      "transformer__y scaler__with_scaling": true
    }
  },
  "42": {
    "fit_time": [
      0.14708375930786133,
      0.14492225646972656,
      0.23607277870178223,
      0.1448380947113037,
      0.22965359687805176
    ],
    "score_time": [
      0.04412102699279785,
      0.045244693756103516,
      0.04620170593261719,
      0.04498720169067383,
      0.04594898223876953
    ],
    "test_r": [
      0.5029457884070528,
      0.5321797550898971,
      0.30385391218810764,
      0.5571376724367901,
      0.5260339545713963
    ],
    "test_r2": [
      0.20901726676038712,
      0.2093081950491632,
      0.07778792073139129,
      0.2173416260006109,
      0.18419523869719512
    ],
    "test_rmse": [
      -106.9119833451979,
      -66.07712119636302,
      -165.2461753957498,
      -116.14999571648018,
      -57.32720050630294
    ],
    "test_mae": [
      -48.70548945423215,
      -51.97923878332552,
      -68.72833642393068,
      -62.714100898126105,
      -43.56855733532061
    ],
    "best_params": {
      "check_inverse": true,
      "func": null,
      "inverse_func": null,
      "regressor__bootstrap": true,
      "regressor__ccp_alpha": 0.0,
      "regressor__criterion": "squared_error",
      "regressor__max_depth": null,
      "regressor__max_features": "sqrt",
      "regressor__max_leaf_nodes": null,
      "regressor__max_samples": null,
      "regressor__min_impurity_decrease": 0.0,
      "regressor__min_samples_leaf": 0.05175356390815047,
      "regressor__min_samples_split": 0.08853426900299631,
      "regressor__min_weight_fraction_leaf": 0.0,
      "regressor__monotonic_cst": null,
      "regressor__n_estimators": 54,
      "regressor__n_jobs": null,
      "regressor__oob_score": false,
      "regressor__random_state": null,
      "regressor__verbose": 0,
      "regressor__warm_start": false,
      "transformer__memory": null,
      "transformer__verbose": false,
      "transformer__y scaler__copy": true,
      "transformer__y scaler__unit_variance": false,
      "transformer__y scaler__with_centering": true,
      "transformer__y scaler__with_scaling": true
    }
  },
  "69": {
    "fit_time": [
      0.41498351097106934,
      0.48746466636657715,
      0.4370608329772949,
      0.6211864948272705,
      0.6375384330749512
    ],
    "score_time": [
      0.055442094802856445,
      0.05902409553527832,
      0.05838346481323242,
      0.058770179748535156,
      0.05995893478393555
    ],
    "test_r": [
      0.5273190833868623,
      0.29711830005367473,
      0.5799949773548015,
      0.7073065830377557,
      0.462919738865923
    ],
    "test_r2": [
      0.19255585660353625,
      0.07767898865330825,
      0.14811809420936606,
      0.4629765097569427,
      0.1736204248220763
    ],
    "test_rmse": [
      -123.60962484567551,
      -150.51213202983803,
      -57.52784012850464,
      -49.60708806482629,
      -122.05651153269353
    ],
    "test_mae": [
      -60.894109185896646,
      -70.68334452973464,
      -43.33307664167922,
      -36.8475070711675,
      -65.89472221930765
    ],
    "best_params": {
      "check_inverse": true,
      "func": null,
      "inverse_func": null,
      "regressor__bootstrap": true,
      "regressor__ccp_alpha": 0.0,
      "regressor__criterion": "squared_error",
      "regressor__max_depth": null,
      "regressor__max_features": "sqrt",
      "regressor__max_leaf_nodes": null,
      "regressor__max_samples": null,
      "regressor__min_impurity_decrease": 0.0,
      "regressor__min_samples_leaf": 0.05049095965021414,
      "regressor__min_samples_split": 0.08748678799860066,
      "regressor__min_weight_fraction_leaf": 0.0,
      "regressor__monotonic_cst": null,
      "regressor__n_estimators": 243,
      "regressor__n_jobs": null,
      "regressor__oob_score": false,
      "regressor__random_state": null,
      "regressor__verbose": 0,
      "regressor__warm_start": false,
      "transformer__memory": null,