{
  "6": {
    "fit_time": [
      7.595616340637207,
      6.467135190963745,
      6.689560651779175,
      7.4970879554748535,
      7.405991077423096
    ],
    "score_time": [
      0.12158632278442383,
      0.46970677375793457,
      0.21874547004699707,
      0.13076376914978027,
      0.13115525245666504
    ],
    "test_r": [
      0.9755469240835056,
      0.9501888626196789,
      0.8468501073580211,
      0.9576477650959488,
      0.8434118320367912
    ],
    "test_r2": [
      0.9495658539669223,
      0.8942256247319907,
      0.681314032555068,
      0.9164483371277637,
      0.7077520183383317
    ],
    "test_rmse": [
      -37.06870278671232,
      -38.928097303690684,
      -34.78151112549355,
      -39.825547427385,
      -37.61966800408406
    ],
    "test_mae": [
      -21.609716326577026,
      -21.93626338427212,
      -15.582232167181237,
      -20.626166732418607,
      -22.677099274039932
    ],
    "best_params": {
      "check_inverse": true,
      "func": null,
      "inverse_func": null,
      "regressor__natural_gradient": true,
      "regressor__n_estimators": 204,
      "regressor__learning_rate": 0.1,
      "regressor__minibatch_frac": 1,
      "regressor__col_sample": 1.0,
      "regressor__verbose": false,
      "transformer__memory": null,
      "transformer__verbose": false,
      "transformer__y scaler__copy": true,
      "transformer__y scaler__with_mean": true,
      "transformer__y scaler__with_std": true
    }
  },
  "13": {
    "fit_time": [
      21.769984245300293,
      21.430847883224487,
      23.200404167175293,
      23.519517183303833,
      21.560142993927002
    ],
    "score_time": [
      0.3140420913696289,
      0.3418548107147217,
      0.2991006374359131,
      0.290006160736084,
      0.32814621925354004
    ],
    "test_r": [
      0.6843633388775527,
      0.9574169652613652,
      0.9706373331852967,
      0.9607785649948729,
      0.9169123871856277
    ],
    "test_r2": [
      0.1726747874749306,
      0.9083068448124297,
      0.9373415928506094,
      0.9156368762584695,
      0.8060379069821972
    ],
    "test_rmse": [
      -45.485178296575164,
      -44.473337864980955,
      -39.37644648928899,
      -35.627844586420345,
      -33.847408598236264
    ],
    "test_mae": [
      -22.456463997009408,
      -24.68788418139593,
      -20.980123997571113,
      -19.919399367218162,
      -20.399980477518543
    ],
    "best_params": {
      "check_inverse": true,
      "func": null,
      "inverse_func": null,
      "regressor__natural_gradient": true,
      "regressor__n_estimators": 586,
      "regressor__learning_rate": 0.06991692945397764,
      "regressor__minibatch_frac": 1,
      "regressor__col_sample": 1.0,
      "regressor__verbose": false,
      "transformer__memory": null,
      "transformer__verbose": false,
      "transformer__y scaler__copy": true,
      "transformer__y scaler__with_mean": true,
      "transformer__y scaler__with_std": true
    }
  },
  "42": {
    "fit_time": [
      9.730182886123657,
      8.731204748153687,
      8.173084020614624,
      8.725446939468384,
      9.864947319030762
    ],
    "score_time": [
      0.16061830520629883,
      0.16073250770568848,
      0.168961763381958,
      0.1640167236328125,
      0.15465998649597168
    ],
    "test_r": [
      0.9582964819408225,
      0.8481075201853484,
      0.8984363784985493,
      0.969997608945102,
      0.8776135344701267
    ],
    "test_r2": [
      0.9162241335162716,
      0.6937122379384801,
      0.7969852682458843,
      0.9398084906666475,
      0.7420373276929937
    ],
    "test_rmse": [
      -34.79383894934035,
      -41.12560663353268,
      -77.53178632661223,
      -32.21073959130257,
      -32.2363639197942
    ],
    "test_mae": [
      -20.47146230223647,
      -22.38133855805014,
      -33.03060403816575,
      -17.682626547535556,
      -18.079370462677357
    ],
    "best_params": {
      "check_inverse": true,
      "func": null,
      "inverse_func": null,
      "regressor__natural_gradient": true,
      "regressor__n_estimators": 266,
      "regressor__learning_rate": 0.06071028862953025,
      "regressor__minibatch_frac": 1,
      "regressor__col_sample": 1.0,
      "regressor__verbose": false,
      "transformer__memory": null,
      "transformer__verbose": false,
      "transformer__y scaler__copy": true,
      "transformer__y scaler__with_mean": true,
      "transformer__y scaler__with_std": true
    }
  },
  "69": {
    "fit_time": [
      5.635967016220093,
      5.430417537689209,
      5.691103935241699,
      5.41132664680481,
      5.718204498291016
    ],
    "score_time": [
      0.11461830139160156,
      0.12656140327453613,
      0.11568427085876465,
      0.14527010917663574,
      0.11824440956115723
    ],
    "test_r": [
      0.9795311753023812,
      0.9111143837488284,
      0.7284291616840499,
      0.8530824537348984,
      0.9766446212357782
    ],
    "test_r2": [
      0.9414895584206243,
      0.7856671251269998,
      0.33762601080154386,
      0.7191198998400455,
      0.9495400089279815
    ],
    "test_rmse": [
      -33.27459144653083,
      -72.55625376464036,
      -50.72709670840429,
      -35.876294382229,
      -30.16093152798649
    ],
    "test_mae": [
      -17.77730363547246,
      -33.09302648503919,
      -26.00798781858027,
      -20.565043689979966,
      -18.492338195684166
    ],
    "best_params": {
      "check_inverse": true,
      "func": null,
      "inverse_func": null,
      "regressor__natural_gradient": true,
      "regressor__n_estimators": 172,
      "regressor__learning_rate": 0.042604636432698934,
      "regressor__minibatch_frac": 1,
      "regressor__col_sample": 1.0,
      "regressor__verbose": false,
      "transformer__memory": null,
      "transformer__verbose": false,
      "transformer__y scaler__copy": true,
      "transformer__y scaler__with_mean": true,
      "transformer__y scaler__with_std": true
    }
  },
  "420": {
    "fit_time": [
      11.86079740524292,
      10.887996196746826,
      10.541303396224976,
      10.565126180648804,
      10.478476285934448
    ],
    "score_time": [
      0.18162035942077637,
      0.18070340156555176,
      0.18677449226379395,
      0.1937730312347412,
      0.1989459991455078
    ],
    "test_r": [
      0.9147359445752342,
      0.9755827492416426,
      0.9390332907181953,
      0.8641324703882663,
      0.9770011297068495
    ],
    "test_r2": [
      0.8066105674377108,
      0.9460827772606788,
      0.8777473657184321,
      0.7465101317085232,
      0.9530685748786271
    ],
    "test_rmse": [
      -30.06086735758198,
      -37.08933821254615,
      -48.181814138307,
      -37.84295621857233,
      -27.38466550095789
    ],
    "test_mae": [
      -17.171628672637635,
      -20.261867689193174,
      -25.802577610014765,
      -23.065792450492815,
      -15.188460710871505
    ],
    "best_params": {
      "check_inverse": true,
      "func": null,
      "inverse_func": null,
      "regressor__natural_gradient": true,
      "regressor__n_estimators": 316,
      "regressor__learning_rate": 0.09559608520775065,
      "regressor__minibatch_frac": 1,
      "regressor__col_sample": 1.0,
      "regressor__verbose": false,
      "transformer__memory": null,
      "transformer__verbose": false,
      "transformer__y scaler__copy": true,
      "transformer__y scaler__with_mean": true,
      "transformer__y scaler__with_std": true
    }
  },
  "1234567890": {
    "fit_time": [
      3.631488800048828,
      4.008942365646362,
      3.4678537845611572,
      3.628950834274292,
      3.649146795272827
    ],
    "score_time": [
      0.08830022811889648,
      0.08468389511108398,
      0.093536376953125,
      0.08757901191711426,
      0.08988237380981445
    ],
    "test_r": [
      0.884393348780124,
      0.9577328645542363,
      0.9527154506566543,
      0.961725777372265,
      0.9242678654965422
    ],