{
  "6": {
    "fit_time": [
      7.992113351821899,
      8.090775728225708,
      8.044313430786133,
      9.05745244026184,
      8.865936994552612
    ],
    "score_time": [
      0.28898072242736816,
      0.2938835620880127,
      0.29958009719848633,
      0.30405139923095703,
      0.29271507263183594
    ],
    "test_r": [
      0.20707535156016474,
      0.20425634244911745,
      0.10427952763235351,
      0.3289841945287387,
      0.20450516906062588
    ],
    "test_r2": [
      -0.023689227590311557,
      0.03412845072913362,
      0.009593831838133005,
      0.08592778198647355,
      0.01497444000812398
    ],
    "test_rmse": [
      -0.8105569153531451,
      -1.0905233252115716,
      -0.9946727642979777,
      -0.9507849706584967,
      -0.8790188539869791
    ],
    "test_mae": [
      -0.6247660908349771,
      -0.8230886453433768,
      -0.7584134217352995,
      -0.7012453452070583,
      -0.7061019665860532
    ],
    "best_params": {
      "check_inverse": true,
      "func": null,
      "inverse_func": null,
      "regressor__natural_gradient": true,
      "regressor__n_estimators": 576,
      "regressor__learning_rate": 0.001,
      "regressor__minibatch_frac": 1,
      "regressor__col_sample": 1.0,
      "regressor__verbose": false,
      "transformer__memory": null,
      "transformer__verbose": false,
      "transformer__y scaler__copy": true,
      "transformer__y scaler__with_mean": true,
      "transformer__y scaler__with_std": true
    }
  },
  "13": {
    "fit_time": [
      27.741267204284668,
      27.570330142974854,
      27.947786569595337,
      27.663068771362305,
      27.886126041412354
    ],
    "score_time": [
      0.9588797092437744,
      0.9357056617736816,
      0.9750270843505859,
      0.967174768447876,
      0.956573486328125
    ],
    "test_r": [
      0.024885874789971646,
      0.2782900718767918,
      0.1279123577219799,
      0.3041006897677578,
      0.2645080024327772
    ],
    "test_r2": [
      -0.26788902548943017,
      0.0773681586083409,
      -0.2524983017214577,
      0.060622660795680794,
      0.022549926015531407
    ],
    "test_rmse": [
      -0.9581515114609999,
      -0.9304121247326479,
      -0.9288101111946258,
      -1.1423647602176292,
      -0.8510493740348458
    ],
    "test_mae": [
      -0.7634828564854361,
      -0.6714328908586608,
      -0.7384029654241312,
      -0.8262368140632285,
      -0.6496357300593159
    ],
    "best_params": {
      "check_inverse": true,
      "func": null,
      "inverse_func": null,
      "regressor__natural_gradient": true,
      "regressor__n_estimators": 2000,
      "regressor__learning_rate": 0.0008160569478414955,
      "regressor__minibatch_frac": 1,
      "regressor__col_sample": 1.0,
      "regressor__verbose": false,
      "transformer__memory": null,
      "transformer__verbose": false,
      "transformer__y scaler__copy": true,
      "transformer__y scaler__with_mean": true,
      "transformer__y scaler__with_std": true
    }
  },
  "42": {
    "fit_time": [
      23.116167545318604,
      23.48570489883423,
      23.55155110359192,
      25.53547716140747,
      25.655336618423462
    ],
    "score_time": [
      0.8142290115356445,
      0.8221638202667236,
      0.8360908031463623,
      0.813274621963501,
      0.8042118549346924
    ],
    "test_r": [
      0.21886495301787656,
      0.1338878312573714,
      0.2796143158673432,
      0.37882609482409124,
      0.08131546017792793
    ],
    "test_r2": [
      0.04353873803308117,
      -0.01013213067803509,
      0.07243465212673983,
      0.13418508628590908,
      -0.18195076835530632
    ],
    "test_rmse": [
      -1.0373757294411743,
      -1.1473942851646204,
      -0.912161215867828,
      -0.8006921579396735,
      -0.8097919448686419
    ],
    "test_mae": [
      -0.7732264559119885,
      -0.8365117230261291,
      -0.7391031422866642,
      -0.6383899019542327,
      -0.5992185183410847
    ],
    "best_params": {
      "check_inverse": true,
      "func": null,
      "inverse_func": null,
      "regressor__natural_gradient": true,
      "regressor__n_estimators": 1690,
      "regressor__learning_rate": 0.0006583254966067714,
      "regressor__minibatch_frac": 1,
      "regressor__col_sample": 1.0,
      "regressor__verbose": false,
      "transformer__memory": null,
      "transformer__verbose": false,
      "transformer__y scaler__copy": true,
      "transformer__y scaler__with_mean": true,
      "transformer__y scaler__with_std": true
    }
  },
  "69": {
    "fit_time": [
      9.360788822174072,
      9.382601976394653,
      10.292217254638672,
      9.505188703536987,
      9.573192596435547
    ],
    "score_time": [
      0.33791017532348633,
      0.3445250988006592,
      0.3538353443145752,
      0.33774566650390625,
      0.356417179107666
    ],
    "test_r": [
      0.18995312613355267,
      0.30813945742687043,
      0.29011182989482837,
      0.2130915466198589,
      0.08440217131153732
    ],
    "test_r2": [
      0.00812448900849383,
      -0.0006133064357802809,
      0.07843077323244063,
      0.0414610617610377,
      -0.3250096634342885
    ],
    "test_rmse": [
      -1.174816215959687,
      -1.037923698241611,
      -0.752113548803534,
      -0.8599407850118803,
      -0.911871448595533
    ],
    "test_mae": [
      -0.886891255067676,
      -0.7871706539890984,
      -0.6046435204570483,
      -0.6365297619412549,
      -0.7097046365022708
    ],
    "best_params": {
      "check_inverse": true,
      "func": null,
      "inverse_func": null,
      "regressor__natural_gradient": true,
      "regressor__n_estimators": 687,
      "regressor__learning_rate": 0.001,
      "regressor__minibatch_frac": 1,
      "regressor__col_sample": 1.0,
      "regressor__verbose": false,
      "transformer__memory": null,
      "transformer__verbose": false,
      "transformer__y scaler__copy": true,
      "transformer__y scaler__with_mean": true,
      "transformer__y scaler__with_std": true
    }
  },
  "420": {
    "fit_time": [
      27.694331884384155,
      28.813740253448486,
      28.0222008228302,
      28.063193321228027,
      30.592770099639893
    ],
    "score_time": [
      0.9347555637359619,
      1.0024611949920654,
      0.963430643081665,
      0.9698653221130371,
      0.9761536121368408
    ],
    "test_r": [
      0.2748892323048356,
      0.06405397522218817,
      0.36084316780644765,
      0.17999079630989887,
      0.1373400158087047
    ],
    "test_r2": [
      0.05508508900368825,
      -0.025680847236883686,
      0.07830457611708852,
      -0.010118775856026163,
      0.008915356461777102
    ],
    "test_rmse": [
      -0.7822329908786042,
      -0.9905924477072221,
      -0.9750952938729425,
      -1.1241272310452948,
      -0.8793750858241927
    ],
    "test_mae": [
      -0.6071910859973649,
      -0.7263485001629838,
      -0.792220795988142,
      -0.8160554021282125,
      -0.6680755928396243
    ],
    "best_params": {
      "check_inverse": true,
      "func": null,
      "inverse_func": null,
      "regressor__natural_gradient": true,
      "regressor__n_estimators": 2000,
      "regressor__learning_rate": 0.00035353230171623575,
      "regressor__minibatch_frac": 1,
      "regressor__col_sample": 1.0,
      "regressor__verbose": false,
      "transformer__memory": null,
      "transformer__verbose": false,
      "transformer__y scaler__copy": true,
      "transformer__y scaler__with_mean": true,
      "transformer__y scaler__with_std": true
    }
  },
  "1234567890": {
    "fit_time": [
      10.462377071380615,
      10.344501733779907,
      10.404660940170288,
      10.417183637619019,
      11.210528135299683
    ],
    "score_time": [
      0.36443114280700684,
      0.35587358474731445,
      0.3615105152130127,
      0.3649570941925049,
      0.36215758323669434
    ],