{
  "6": {
    "fit_time": [
      39.34071612358093,
      38.41769289970398,
      38.50084471702576,
      38.83729124069214,
      39.19706463813782
    ],
    "score_time": [
      1.242415428161621,
      1.283524513244629,
      1.178844690322876,
      1.2297704219818115,
      1.2294108867645264
    ],
    "test_r": [
      0.11146434854093022,
      0.22761216799626813,
      0.11219749797204727,
      0.34804235824982244,
      0.17404160089183865
    ],
    "test_r2": [
      -0.08781169031817893,
      0.047171197456971736,
      -0.003088728489183401,
      0.10843631006163479,
      -0.013095778840849892
    ],
    "test_rmse": [
      -0.835557438095718,
      -1.0831353017417689,
      -1.0010211035966947,
      -0.9390057245396856,
      -0.8914555502188056
    ],
    "test_mae": [
      -0.6377223354364724,
      -0.8129876550943895,
      -0.7608237375611789,
      -0.6873586465597759,
      -0.7164693590059932
    ],
    "best_params": {
      "check_inverse": true,
      "func": null,
      "inverse_func": null,
      "regressor__natural_gradient": true,
      "regressor__n_estimators": 1380,
      "regressor__learning_rate": 0.001,
      "regressor__minibatch_frac": 1,
      "regressor__col_sample": 1.0,
      "regressor__verbose": false,
      "transformer__memory": null,
      "transformer__verbose": false,
      "transformer__y scaler__copy": true,
      "transformer__y scaler__with_mean": true,
      "transformer__y scaler__with_std": true
    }
  },
  "13": {
    "fit_time": [
      28.15167737007141,
      31.19065833091736,
      31.186898708343506,
      31.751869440078735,
      28.05768895149231
    ],
    "score_time": [
      0.8617210388183594,
      0.8423106670379639,
      0.836188554763794,
      0.8677515983581543,
      0.8668479919433594
    ],
    "test_r": [
      0.014444408854809451,
      0.27932156063001634,
      0.08850896857261739,
      0.26375570917786784,
      0.26865255092860385
    ],
    "test_r2": [
      -0.24909021984117619,
      0.07700011830961573,
      -0.2688196071787283,
      0.04156259958222619,
      0.026276435595302572
    ],
    "test_rmse": [
      -0.9510217986117243,
      -0.9305976781672884,
      -0.93484218611866,
      -1.1538959101551638,
      -0.8494255201559984
    ],
    "test_mae": [
      -0.7565885806676607,
      -0.6734106543647556,
      -0.7490299934898531,
      -0.8366028848635177,
      -0.6536807162747151
    ],
    "best_params": {
      "check_inverse": true,
      "func": null,
      "inverse_func": null,
      "regressor__natural_gradient": true,
      "regressor__n_estimators": 939,
      "regressor__learning_rate": 0.001,
      "regressor__minibatch_frac": 1,
      "regressor__col_sample": 1.0,
      "regressor__verbose": false,
      "transformer__memory": null,
      "transformer__verbose": false,
      "transformer__y scaler__copy": true,
      "transformer__y scaler__with_mean": true,
      "transformer__y scaler__with_std": true
    }
  },
  "42": {
    "fit_time": [
      48.500295877456665,
      48.99614953994751,
      54.92845845222473,
      55.20451259613037,
      47.080646991729736
    ],
    "score_time": [
      1.347177505493164,
      1.3527348041534424,
      1.3123042583465576,
      1.6704797744750977,
      1.3524444103240967
    ],
    "test_r": [
      0.2628859335395879,
      0.1281932847375659,
      0.30204775317566196,
      0.36619649028865003,
      0.036203846801744106
    ],
    "test_r2": [
      0.06286308567089205,
      -0.009222339800226464,
      0.08225325814690398,
      0.13066411889304697,
      -0.22188722253953186
    ],
    "test_rmse": [
      -1.0268426835885187,
      -1.1468774597035307,
      -0.9073205979485667,
      -0.8023185740254323,
      -0.8233591581350841
    ],
    "test_mae": [
      -0.7677114936681382,
      -0.839745227809255,
      -0.7381338212512194,
      -0.63987225985603,
      -0.6075780879320978
    ],
    "best_params": {
      "check_inverse": true,
      "func": null,
      "inverse_func": null,
      "regressor__natural_gradient": true,
      "regressor__n_estimators": 1504,
      "regressor__learning_rate": 0.0008261694480551998,
      "regressor__minibatch_frac": 1,
      "regressor__col_sample": 1.0,
      "regressor__verbose": false,
      "transformer__memory": null,
      "transformer__verbose": false,
      "transformer__y scaler__copy": true,
      "transformer__y scaler__with_mean": true,
      "transformer__y scaler__with_std": true
    }
  },
  "69": {
    "fit_time": [
      37.27297639846802,
      36.314213275909424,
      41.04454302787781,
      40.65416359901428,
      36.277785778045654
    ],
    "score_time": [
      1.0204288959503174,
      1.0134906768798828,
      1.0379788875579834,
      1.0591459274291992,
      1.022655963897705
    ],
    "test_r": [
      0.17626733640575568,
      0.270343139243103,
      0.30296747392903245,
      0.2859868412195943,
      0.05955237508853119
    ],
    "test_r2": [
      0.004025000105792653,
      -0.015579839088852632,
      0.08827542901575847,
      0.07129227881455591,
      -0.340451393850137
    ],
    "test_rmse": [
      -1.177241510202428,
      -1.0456571862284583,
      -0.7480855391857812,
      -0.8464536758146043,
      -0.9171695554668206
    ],
    "test_mae": [
      -0.8904362002856789,
      -0.794040077582436,
      -0.595643441448209,
      -0.626030990758309,
      -0.7106664305297551
    ],
    "best_params": {
      "check_inverse": true,
      "func": null,
      "inverse_func": null,
      "regressor__natural_gradient": true,
      "regressor__n_estimators": 1157,
      "regressor__learning_rate": 0.0005299295372979228,
      "regressor__minibatch_frac": 1,
      "regressor__col_sample": 1.0,
      "regressor__verbose": false,
      "transformer__memory": null,
      "transformer__verbose": false,
      "transformer__y scaler__copy": true,
      "transformer__y scaler__with_mean": true,
      "transformer__y scaler__with_std": true
    }
  },
  "420": {
    "fit_time": [
      21.500022888183594,
      20.74472403526306,
      20.61988067626953,
      24.6308434009552,
      23.7635817527771
    ],
    "score_time": [
      0.6371674537658691,
      0.6284458637237549,
      0.6326794624328613,
      0.6643204689025879,
      0.658613920211792
    ],
    "test_r": [
      0.24262139829234783,
      0.0599028420944854,
      0.3162355889836356,
      0.11017597816466211,
      0.12753353430095193
    ],
    "test_r2": [
      0.0326294055208417,
      -0.025139369001944356,
      0.06518220737723568,
      -0.049568463850000244,
      0.006614970145540244
    ],
    "test_rmse": [
      -0.7914732080250777,
      -0.9903309360184913,
      -0.9820120788327656,
      -1.1458681100903216,
      -0.8803950440882967
    ],
    "test_mae": [
      -0.6139852793535546,
      -0.7283011327474088,
      -0.7990978480436248,
      -0.8326247739048256,
      -0.6705976538131821
    ],
    "best_params": {
      "check_inverse": true,
      "func": null,
      "inverse_func": null,
      "regressor__natural_gradient": true,
      "regressor__n_estimators": 692,
      "regressor__learning_rate": 0.001,
      "regressor__minibatch_frac": 1,
      "regressor__col_sample": 1.0,
      "regressor__verbose": false,
      "transformer__memory": null,
      "transformer__verbose": false,
      "transformer__y scaler__copy": true,
      "transformer__y scaler__with_mean": true,
      "transformer__y scaler__with_std": true
    }
  },
  "1234567890": {
    "fit_time": [
      45.69271922111511,
      45.85759115219116,
      57.462523221969604,
      57.545849561691284,
      45.40262460708618
    ],
    "score_time": [
      1.3776445388793945,
      1.347961664199829,
      1.4456360340118408,
      1.3923616409301758,
      1.3714277744293213
    ],