{
  "6": {
    "fit_time": [
      18.731467485427856,
      19.482263326644897,
      18.460602045059204,
      19.759779691696167,
      20.34374165534973
    ],
    "score_time": [
      0.7474396228790283,
      0.7608528137207031,
      0.7591440677642822,
      0.7698445320129395,
      0.7420716285705566
    ],
    "test_r": [
      -0.05907743644743024,
      0.0924752827618361,
      0.007931820886486425,
      0.07457990683336481,
      -0.006823193765351496
    ],
    "test_r2": [
      -0.07438128813286826,
      -0.014256758589234808,
      -0.017713733444437718,
      -0.014711843066947727,
      -0.18268879846451758
    ],
    "test_rmse": [
      -659.5449167410674,
      -354935.2351549688,
      -68410.85146944472,
      -153998.69246611273,
      -1566.9085348521862
    ],
    "test_mae": [
      -243.4956974122642,
      -42168.99096782482,
      -9110.41890950928,
      -18624.318162938132,
      -678.9456328537631
    ],
    "best_params": {
      "check_inverse": true,
      "func": null,
      "inverse_func": null,
      "regressor__natural_gradient": true,
      "regressor__n_estimators": 2000,
      "regressor__learning_rate": 0.001,
      "regressor__minibatch_frac": 1,
      "regressor__col_sample": 1.0,
      "regressor__verbose": false,
      "transformer__memory": null,
      "transformer__verbose": false,
      "transformer__log transform__accept_sparse": false,
      "transformer__log transform__check_inverse": true,
      "transformer__log transform__feature_names_out": null,
      "transformer__log transform__inv_kw_args": null,
      "transformer__log transform__kw_args": null,
      "transformer__log transform__validate": false,
      "transformer__y scaler__copy": true,
      "transformer__y scaler__with_mean": true,
      "transformer__y scaler__with_std": true
    }
  },
  "13": {
    "fit_time": [
      6.6182849407196045,
      6.861078500747681,
      6.994934320449829,
      6.958233594894409,
      7.164214134216309
    ],
    "score_time": [
      0.271742582321167,
      0.28366589546203613,
      0.28340744972229004,
      0.27204275131225586,
      0.268263578414917
    ],
    "test_r": [
      -0.09937427831964568,
      0.026025283339454742,
      -0.11699915438683656,
      0.06353658479670428,
      0.15372227081230627
    ],
    "test_r2": [
      -0.2595125225696575,
      -0.014389900659172117,
      -0.06853211180088126,
      -0.020295694191968305,
      -0.06297283912847162
    ],
    "test_rmse": [
      -1600.8012907273041,
      -152937.56339637854,
      -698.2502994621151,
      -363882.7937720106,
      -1619.0664235279187
    ],
    "test_mae": [
      -752.0337168206166,
      -18279.061935943675,
      -270.88575164814443,
      -51377.74936234698,
      -477.41880427907097
    ],
    "best_params": {
      "check_inverse": true,
      "func": null,
      "inverse_func": null,
      "regressor__natural_gradient": true,
      "regressor__n_estimators": 715,
      "regressor__learning_rate": 0.00046218913690578234,
      "regressor__minibatch_frac": 1,
      "regressor__col_sample": 1.0,
      "regressor__verbose": false,
      "transformer__memory": null,
      "transformer__verbose": false,
      "transformer__log transform__accept_sparse": false,
      "transformer__log transform__check_inverse": true,
      "transformer__log transform__feature_names_out": null,
      "transformer__log transform__inv_kw_args": null,
      "transformer__log transform__kw_args": null,
      "transformer__log transform__validate": false,
      "transformer__y scaler__copy": true,
      "transformer__y scaler__with_mean": true,
      "transformer__y scaler__with_std": true
    }
  },
  "42": {
    "fit_time": [
      19.797921895980835,
      20.32358717918396,
      20.872641801834106,
      20.288904905319214,
      20.482121229171753
    ],
    "score_time": [
      0.7551324367523193,
      0.7429201602935791,
      0.7472567558288574,
      0.7600834369659424,
      0.7792038917541504
    ],
    "test_r": [
      0.1238200584570161,
      0.055396914029972835,
      0.029265310988401738,
      0.10196312422808063,
      0.059314373445356866
    ],
    "test_r2": [
      -0.014263573332029988,
      -0.02636742911795631,
      -0.11291252192182655,
      -0.15197474227976637,
      -0.02716383967406011
    ],
    "test_rmse": [
      -354934.6509120674,
      -167344.7380447537,
      -1814.7929431370358,
      -1118.449987884774,
      -900.2852515763682
    ],
    "test_mae": [
      -42195.72943131494,
      -26881.904150990686,
      -649.5284265710903,
      -474.25207880442576,
      -246.02957911001613
    ],
    "best_params": {
      "check_inverse": true,
      "func": null,
      "inverse_func": null,
      "regressor__natural_gradient": true,
      "regressor__n_estimators": 2000,
      "regressor__learning_rate": 0.001,
      "regressor__minibatch_frac": 1,
      "regressor__col_sample": 1.0,
      "regressor__verbose": false,
      "transformer__memory": null,
      "transformer__verbose": false,
      "transformer__log transform__accept_sparse": false,
      "transformer__log transform__check_inverse": true,
      "transformer__log transform__feature_names_out": null,
      "transformer__log transform__inv_kw_args": null,
      "transformer__log transform__kw_args": null,
      "transformer__log transform__validate": false,
      "transformer__y scaler__copy": true,
      "transformer__y scaler__with_mean": true,
      "transformer__y scaler__with_std": true
    }
  },
  "69": {
    "fit_time": [
      19.64477562904358,
      20.223661184310913,
      20.514973402023315,
      20.807781219482422,
      20.923527479171753
    ],
    "score_time": [
      0.7447354793548584,
      0.7733745574951172,
      0.7657222747802734,
      0.7202203273773193,
      0.7451465129852295
    ],
    "test_r": [
      -0.027418762712025636,
      0.03558228063586179,
      -0.01992659855314205,
      -0.04940247559467992,
      0.018574339902341308
    ],
    "test_r2": [
      -0.02509514386415801,
      -0.017156821436189018,
      -0.09992193198645993,
      -0.0916323934518446,
      -0.02544298914807519
    ],
    "test_rmse": [
      -386527.8908751722,
      -67716.38258132903,
      -1026.6074769811196,
      -1561.4150471764162,
      -513.23182362378
    ],
    "test_mae": [
      -60529.24230922478,
      -8852.731128049301,
      -376.3379728956202,
      -510.0303618568909,
      -193.7036943999581
    ],
    "best_params": {
      "check_inverse": true,
      "func": null,
      "inverse_func": null,
      "regressor__natural_gradient": true,
      "regressor__n_estimators": 2000,
      "regressor__learning_rate": 0.001,
      "regressor__minibatch_frac": 1,
      "regressor__col_sample": 1.0,
      "regressor__verbose": false,
      "transformer__memory": null,
      "transformer__verbose": false,
      "transformer__log transform__accept_sparse": false,
      "transformer__log transform__check_inverse": true,
      "transformer__log transform__feature_names_out": null,
      "transformer__log transform__inv_kw_args": null,
      "transformer__log transform__kw_args": null,
      "transformer__log transform__validate": false,
      "transformer__y scaler__copy": true,
      "transformer__y scaler__with_mean": true,
      "transformer__y scaler__with_std": true
    }
  },
  "420": {
    "fit_time": [
      14.98350715637207,
      15.03230357170105,
      15.219687938690186,
      15.076839208602905,
      15.777122020721436
    ],
    "score_time": [
      0.5582172870635986,
      0.5690195560455322,
      0.5687854290008545,
      0.5575592517852783,
      0.5869557857513428
    ],
    "test_r": [
      0.023577093388331444,
      -0.0014995979891187627,
      -0.01489013905715007,
      -0.004726162448725965,
      -0.022912711273918526
    ],