{
  "CO_ionic-EG": {
    "6": [
      2.9621392769543604,
      2.9621392769543604,
      2.9621392769543604,
      2.9621392769543604,
      2.9621392769543604,
      2.9621392769543604,
      44.69338989525023,
      57.18212629184619,
      162.6435069150116,
      148.1670847075992,
      105.24412186848195,
      79.3951542166372,
      82.71406853235136,
      84.96919323289825,
      77.62763217736119,
      81.91580550065517
    ],
    "13": [
      2.464341532153462,
      2.464341532153462,
      2.464341532153462,
      2.464341532153462,
      2.464341532153462,
      2.464341532153462,
      44.928717790714906,
      57.18212629184618,
      162.56575392932507,
      147.51815890171352,
      105.16636888279547,
      79.31740123095064,
      82.64387912905156,
      84.96919323289825,
      77.62763217736118,
      79.413010639762
    ],
    "42": [
      4.803538409189919,
      4.803538409189919,
      4.803538409189919,
      4.803538409189919,
      4.803538409189919,
      4.803538409189919,
      44.79081322236928,
      58.23371890568719,
      162.5288694706084,
      149.16356037456094,
      105.12948442407853,
      78.89361118053746,
      81.22198054650835,
      82.96955776907144,
      76.50101782438762,
      78.25049978418913
    ],
    "69": [
      -23.259374030978798,
      -23.259374030978798,
      -23.259374030978798,
      -23.259374030978798,
      -23.259374030978798,
      -23.259374030978798,
      8.425398433074264,
      51.13856600214612,
      131.57322903323166,
      109.84283021743593,
      70.94378106429639,
      69.67072774331398,
      68.9435246348995,
      70.41305531303145,
      65.86593115301426,
      68.66361762103256
    ],
    "420": [
      2.334835139307131,
      2.334835139307131,
      2.334835139307131,
      2.334835139307131,
      2.334835139307131,
      2.334835139307131,
      46.85927739756812,
      57.18212629184619,
      162.46263710925837,
      146.5732226344461,
      105.06325206272885,
      79.21428441088406,
      82.58502617570122,
      84.96919323289825,
      77.62763217736119,
      79.413010639762
    ],
    "1234567890": [
      2.199241672555857,
      2.199241672555857,
      2.199241672555857,
      2.199241672555857,
      2.199241672555857,
      2.199241672555857,
      45.52215765876094,
      57.18212629184618,
      162.86380849867322,
      148.38738629126078,
      105.46442345214355,
      79.21239933112932,
      82.49831142735779,
      84.96919323289825,
      77.62763217736119,
      79.413010639762
    ],
    "473129": [
      5.139076334762315,
      5.139076334762315,
      5.139076334762315,
      5.139076334762315,
      5.139076334762315,
      5.139076334762315,
      44.93355704283465,
      58.35172752558195,
      162.27557941240417,
      146.38616493759187,
      104.8761943658744,
      78.64032112233329,
      80.96869048830419,
      83.07743653461026,
      76.40298229543156,
      78.1883607578324
    ]
  }
}