{
  "6": {
    "fit_time": [
      7.50947642326355,
      7.385791301727295,
      7.489576578140259,
      7.2769622802734375,
      7.4545979499816895
    ],
    "score_time": [
      0.26145267486572266,
      0.2611079216003418,
      0.2696394920349121,
      0.26642870903015137,
      0.27237510681152344
    ],
    "test_r2": [
      [
        -0.13220966607445783,
        0.1057825259343681,
        -1.9814042292174543
      ],
      [
        0.02554405705761542,
        -0.07840252290450445,
        -0.018395433194753563
      ],
      [
        0.083407853061929,
        0.09166586217321293,
        -0.8559813625659882
      ],
      [
        0.12762489308853375,
        0.06483673319746774,
        -2.2799482280237595
      ],
      [
        0.00829060099282719,
        0.03597887899604013,
        -1.2636336707792513
      ]
    ],
    "test_rmse": [
      [
        6.892285329764852,
        134.76591310107798,
        29645.598185124203
      ],
      [
        8.63900944239504,
        141.96029786484957,
        337165.2554692594
      ],
      [
        8.44761580159757,
        176.5531916121642,
        32746.150597240463
      ],
      [
        9.003457075413714,
        161.38999571285754,
        23428.355341706694
      ],
      [
        9.549673162658449,
        158.35002133739025,
        29499.08990218908
      ]
    ],
    "test_mae": [
      [
        5.396506769652894,
        97.47114273865357,
        17254.873522063717
      ],
      [
        6.703892391479033,
        98.93312577185357,
        56341.29554868856
      ],
      [
        6.428823383262743,
        110.45489982242319,
        18519.279037132943
      ],
      [
        6.718395083887292,
        107.49910533552548,
        13290.635424663351
      ],
      [
        7.324634110638474,
        108.5607696775721,
        17528.761378263247
      ]
    ],
    "best_params": {
      "check_inverse": true,
      "func": null,
      "inverse_func": null,
      "regressor__estimator__natural_gradient": true,
      "regressor__estimator__n_estimators": 158,
      "regressor__estimator__learning_rate": 0.002469311618599412,
      "regressor__estimator__minibatch_frac": 1,
      "regressor__estimator__col_sample": 1.0,
      "regressor__estimator__verbose": false,
      "regressor__n_jobs": null,
      "transformer__memory": null,
      "transformer__verbose": false,
      "transformer__y scaler__copy": true,
      "transformer__y scaler__unit_variance": false,
      "transformer__y scaler__with_centering": true,
      "transformer__y scaler__with_scaling": true
    }
  },
  "13": {
    "fit_time": [
      46.92386746406555,
      46.861395835876465,
      47.35713577270508,
      46.946264028549194,
      47.733160972595215
    ],
    "score_time": [
      1.5520868301391602,
      1.518343210220337,
      1.5780837535858154,
      1.6142945289611816,
      1.5899450778961182
    ],
    "test_r2": [
      [
        0.09574561582595353,
        0.031340097075635676,
        -5.403190714759276
      ],
      [
        0.06982599693178004,
        0.04514807689635525,
        -0.2157563210051474
      ],
      [
        -0.0025846519446295346,
        0.08333586331921083,
        0.0537876411660797
      ],
      [
        -0.19816832133274986,
        0.05166049579615195,
        -0.007837574952672455
      ],
      [
        0.07041602273822445,
        0.02371291530355424,
        -1.4029246802226791
      ]
    ],
    "test_rmse": [
      [
        9.333940269152755,
        178.5037338889681,
        22181.12206472525
      ],
      [
        8.625192251903782,
        157.93058354944847,
        30493.236693373154
      ],
      [
        9.513064487047314,
        144.11705034754635,
        91049.24215304114
      ],
      [
        7.05186212502851,
        150.73175134291884,
        323553.2350933462
      ],
      [
        8.433584586983374,
        142.94355678740166,
        22930.706801208737
      ]
    ],
    "test_mae": [
      [
        6.907275820595073,
        116.06810457154367,
        14624.65025173776
      ],
      [
        6.72429924089845,
        104.9347224484226,
        17979.768844537255
      ],
      [
        7.19174712831704,
        101.72113644895019,
        22917.94890315327
      ],
      [
        5.860838411209195,
        101.83010502608381,
        50219.37098202567
      ],
      [
        6.395056746829452,
        104.62798338482992,
        15004.183443330208
      ]
    ],
    "best_params": {
      "check_inverse": true,
      "func": null,
      "inverse_func": null,
      "regressor__estimator__natural_gradient": true,
      "regressor__estimator__n_estimators": 1035,
      "regressor__estimator__learning_rate": 0.00027040626397159523,
      "regressor__estimator__minibatch_frac": 1,
      "regressor__estimator__col_sample": 1.0,
      "regressor__estimator__verbose": false,
      "regressor__n_jobs": null,
      "transformer__memory": null,
      "transformer__verbose": false,
      "transformer__y scaler__copy": true,
      "transformer__y scaler__unit_variance": false,
      "transformer__y scaler__with_centering": true,
      "transformer__y scaler__with_scaling": true
    }
  },
  "42": {
    "fit_time": [
      90.47533535957336,
      90.37352514266968,
      88.6465220451355,
      89.71883845329285,
      90.7146110534668
    ],
    "score_time": [
      2.9309639930725098,
      3.027425527572632,
      3.134718179702759,
      3.0925326347351074,
      3.089487075805664
    ],
    "test_r2": [
      [
        0.024406439632824073,
        0.008901581513667267,
        -0.5315976191462066
      ],
      [
        0.03337505294166332,
        0.07295352250243425,
        0.0759216775509789
      ],
      [
        -0.26912946376625313,
        0.043292496890097065,
        -0.012607247758177342
      ],
      [
        0.03333113465852233,
        0.06798050242215758,
        -1.898501223200463
      ],
      [
        0.02041628176156185,
        0.03807366142565105,
        -0.21970354679525061
      ]
    ],
    "test_rmse": [
      [
        8.904783194564489,
        154.6591336200343,
        29026.006192336532
      ],
      [
        8.554662855786335,
        160.62172635596306,
        57568.96569614167
      ],
      [
        7.300816568605766,
        159.7126959852851,
        331968.49342373584
      ],
      [
        10.028026864351528,
        170.26465832994495,
        23488.35261612673
      ],
      [
        8.878136478152712,
        131.7232433019614,
        21515.311864774863
      ]
    ],
    "test_mae": [
      [
        6.916192744567091,
        104.11250749237917,
        19190.85031710235
      ],
      [
        6.4223095345392425,
        106.92392070765982,
        21798.637903274128
      ],
      [
        6.07723450073107,
        113.1402425441374,
        50994.47021862947
      ],
      [
        7.352404752350124,
        111.62996589341768,
        17466.700861597677
      ],
      [
        6.8092875786821985,
        94.79732422439838,
        15702.33031196376
      ]
    ],
    "best_params": {
      "check_inverse": true,
      "func": null,
      "inverse_func": null,
      "regressor__estimator__natural_gradient": true,
      "regressor__estimator__n_estimators": 2000,
      "regressor__estimator__learning_rate": 0.0001,
      "regressor__estimator__minibatch_frac": 1,
      "regressor__estimator__col_sample": 1.0,
      "regressor__estimator__verbose": false,
      "regressor__n_jobs": null,
      "transformer__memory": null,
      "transformer__verbose": false,
      "transformer__y scaler__copy": true,
      "transformer__y scaler__unit_variance": false,
      "transformer__y scaler__with_centering": true,
      "transformer__y scaler__with_scaling": true
    }
  },
  "69": {
    "fit_time": [
      5.466787338256836,
      5.452115297317505,
      5.546724796295166,
      6.457734107971191,
      6.494126796722412
    ],