{
  "6": {
    "fit_time": [
      0.05469465255737305,
      0.060445308685302734,
      0.05848550796508789,
      0.06017494201660156,
      0.05908846855163574
    ],
    "score_time": [
      0.018625736236572266,
      0.012518167495727539,
      0.011534929275512695,
      0.011423349380493164,
      0.011614561080932617
    ],
    "test_r": [
      0.685608416755037,
      0.5591044582369861,
      0.6852358064289336,
      0.717071946325898,
      0.8015723434312071
    ],
    "test_r2": [
      0.4419411877057833,
      0.3108525824421541,
      0.34719918467955135,
      0.48110586610144934,
      0.6055113037182972
    ],
    "test_rmse": [
      -5.576511817876036,
      -6.6768768891780494,
      -7.465649327127367,
      -4.231578025256543,
      -4.327115983036076
    ],
    "test_mae": [
      -3.4420544812563354,
      -3.7852804995976737,
      -4.127255582877407,
      -2.95112426824179,
      -3.011770988654661
    ],
    "best_params": {
      "check_inverse": true,
      "func": null,
      "inverse_func": null,
      "regressor__bootstrap": true,
      "regressor__ccp_alpha": 0.0,
      "regressor__criterion": "squared_error",
      "regressor__max_depth": null,
      "regressor__max_features": "sqrt",
      "regressor__max_leaf_nodes": null,
      "regressor__max_samples": null,
      "regressor__min_impurity_decrease": 0.0,
      "regressor__min_samples_leaf": 0.05,
      "regressor__min_samples_split": 0.05,
      "regressor__min_weight_fraction_leaf": 0.0,
      "regressor__monotonic_cst": null,
      "regressor__n_estimators": 50,
      "regressor__n_jobs": null,
      "regressor__oob_score": false,
      "regressor__random_state": null,
      "regressor__verbose": 0,
      "regressor__warm_start": false,
      "transformer__memory": null,
      "transformer__verbose": false,
      "transformer__y scaler__copy": true,
      "transformer__y scaler__with_mean": true,
      "transformer__y scaler__with_std": true
    }
  },
  "13": {
    "fit_time": [
      0.17787885665893555,
      0.17525196075439453,
      0.16574668884277344,
      0.16510581970214844,
      0.17090654373168945
    ],
    "score_time": [
      0.04205441474914551,
      0.01596522331237793,
      0.01705336570739746,
      0.01564788818359375,
      0.0161285400390625
    ],
    "test_r": [
      0.6690038065400761,
      0.6475120733401407,
      0.6338511380802886,
      0.7373784900459379,
      0.6484376552179293
    ],
    "test_r2": [
      0.40821386914142743,
      0.3947004663712933,
      0.3737122590015455,
      0.5218253804803369,
      0.35663156666543516
    ],
    "test_rmse": [
      -5.833601719402306,
      -5.329105779320542,
      -6.544944484840361,
      -4.371683811482417,
      -7.008413333673032
    ],
    "test_mae": [
      -3.8751017887892902,
      -3.0510588643666594,
      -3.560437964469483,
      -3.2199745450503205,
      -4.0226985979340695
    ],
    "best_params": {
      "check_inverse": true,
      "func": null,
      "inverse_func": null,
      "regressor__bootstrap": true,
      "regressor__ccp_alpha": 0.0,
      "regressor__criterion": "squared_error",
      "regressor__max_depth": null,
      "regressor__max_features": "sqrt",
      "regressor__max_leaf_nodes": null,
      "regressor__max_samples": null,
      "regressor__min_impurity_decrease": 0.0,
      "regressor__min_samples_leaf": 0.05082426568410479,
      "regressor__min_samples_split": 0.1056528907520417,
      "regressor__min_weight_fraction_leaf": 0.0,
      "regressor__monotonic_cst": null,
      "regressor__n_estimators": 177,
      "regressor__n_jobs": null,
      "regressor__oob_score": false,
      "regressor__random_state": null,
      "regressor__verbose": 0,
      "regressor__warm_start": false,
      "transformer__memory": null,
      "transformer__verbose": false,
      "transformer__y scaler__copy": true,
      "transformer__y scaler__with_mean": true,
      "transformer__y scaler__with_std": true
    }
  },
  "42": {
    "fit_time": [
      0.05894136428833008,
      0.058789968490600586,
      0.05889391899108887,
      0.05937552452087402,
      0.0589449405670166
    ],
    "score_time": [
      0.013208627700805664,
      0.011676788330078125,
      0.011560916900634766,
      0.011966228485107422,
      0.011855363845825195
    ],
    "test_r": [
      0.7152657441814698,
      0.8152805997988397,
      0.5325786163360006,
      0.7858986815251752,
      0.6407912796224337
    ],
    "test_r2": [
      0.31527404437955575,
      0.6089302362882187,
      0.273787433681444,
      0.5609988326924764,
      0.41020999778400435
    ],
    "test_rmse": [
      -8.534351368028329,
      -4.3666441617676846,
      -5.851134637222669,
      -4.354622512592072,
      -5.050268724688207
    ],
    "test_mae": [
      -4.365299527211829,
      -2.9116328364172035,
      -3.141900823753477,
      -3.0183627928604038,
      -3.56766844086432
    ],
    "best_params": {
      "check_inverse": true,
      "func": null,
      "inverse_func": null,
      "regressor__bootstrap": true,
      "regressor__ccp_alpha": 0.0,
      "regressor__criterion": "squared_error",
      "regressor__max_depth": null,
      "regressor__max_features": "sqrt",
      "regressor__max_leaf_nodes": null,
      "regressor__max_samples": null,
      "regressor__min_impurity_decrease": 0.0,
      "regressor__min_samples_leaf": 0.05,
      "regressor__min_samples_split": 0.05,
      "regressor__min_weight_fraction_leaf": 0.0,
      "regressor__monotonic_cst": null,
      "regressor__n_estimators": 50,
      "regressor__n_jobs": null,
      "regressor__oob_score": false,
      "regressor__random_state": null,
      "regressor__verbose": 0,
      "regressor__warm_start": false,
      "transformer__memory": null,
      "transformer__verbose": false,
      "transformer__y scaler__copy": true,
      "transformer__y scaler__with_mean": true,
      "transformer__y scaler__with_std": true
    }
  },
  "69": {
    "fit_time": [
      0.058152198791503906,
      0.05953693389892578,
      0.05222368240356445,
      0.051419973373413086,
      0.05795454978942871
    ],
    "score_time": [
      0.011865377426147461,
      0.011388301849365234,
      0.011472225189208984,
      0.011587858200073242,
      0.01150965690612793
    ],
    "test_r": [
      0.6561658300803651,
      0.7020840425445686,
      0.6754630745667767,
      0.7122359047620496,
      0.5904892921611561
    ],
    "test_r2": [
      0.42043092948503635,
      0.47964183288848183,
      0.4231249264123992,
      0.3685426755897895,
      0.33047245928498015
    ],
    "test_rmse": [
      -4.464501524630436,
      -5.039706356563358,
      -6.398477787551345,
      -7.231456019022192,
      -5.752585122020805
    ],
    "test_mae": [
      -3.2787024099393793,
      -3.1129986033578905,
      -3.979106286343231,
      -4.049488581811627,
      -3.23625507384273
    ],
    "best_params": {
      "check_inverse": true,
      "func": null,
      "inverse_func": null,
      "regressor__bootstrap": true,
      "regressor__ccp_alpha": 0.0,
      "regressor__criterion": "squared_error",
      "regressor__max_depth": null,
      "regressor__max_features": "sqrt",
      "regressor__max_leaf_nodes": null,
      "regressor__max_samples": null,
      "regressor__min_impurity_decrease": 0.0,
      "regressor__min_samples_leaf": 0.05,
      "regressor__min_samples_split": 0.05,
      "regressor__min_weight_fraction_leaf": 0.0,
      "regressor__monotonic_cst": null,
      "regressor__n_estimators": 50,
      "regressor__n_jobs": null,
      "regressor__oob_score": false,
      "regressor__random_state": null,
      "regressor__verbose": 0,
      "regressor__warm_start": false,
      "transformer__memory": null,
      "transformer__verbose": false,
      "transformer__y scaler__copy": true,
      "transformer__y scaler__with_mean": true,
      "transformer__y scaler__with_std": true
    }
  },