{
  "6": {
    "fit_time": [
      0.4982149600982666,
      0.7696869373321533,
      0.7601861953735352,
      0.46784543991088867,
      0.5625455379486084
    ],
    "score_time": [
      0.03661632537841797,
      0.03932762145996094,
      0.03487563133239746,
      0.03616952896118164,
      0.0362091064453125
    ],
    "test_pearson_r": [
      0.9002631902757977,
      0.9091445341079311,
      0.8241487074726,
      0.8716117563288484,
      0.6940664086262732
    ],
    "test_spearman_r": [
      0.8981382842728334,
      0.9247155774685044,
      0.8437433361268414,
      0.8939996544536416,
      0.7503168473116055
    ],
    "test_rmse": [
      -0.29910965059746475,
      -0.27513207838937037,
      -0.375683422538661,
      -0.31307929636679765,
      -0.4219781245999211
    ],
    "test_mae": [
      -0.17946426796401185,
      -0.1650273293473476,
      -0.2125975980999824,
      -0.2064950584048096,
      -0.21195052072929363
    ],
    "test_r2": [
      0.7950275401057543,
      0.810829350000687,
      0.641739717314762,
      0.7504055241959945,
      0.41660293883732125
    ],
    "best_params": {
      "check_inverse": true,
      "func": null,
      "inverse_func": null,
      "regressor__bootstrap": true,
      "regressor__ccp_alpha": 0.0,
      "regressor__criterion": "squared_error",
      "regressor__max_depth": null,
      "regressor__max_features": "log2",
      "regressor__max_leaf_nodes": null,
      "regressor__max_samples": null,
      "regressor__min_impurity_decrease": 0.0,
      "regressor__min_samples_leaf": 0.0012586338125086137,
      "regressor__min_samples_split": 0.010801152747168148,
      "regressor__min_weight_fraction_leaf": 0.0,
      "regressor__monotonic_cst": null,
      "regressor__n_estimators": 235,
      "regressor__n_jobs": null,
      "regressor__oob_score": false,
      "regressor__random_state": null,
      "regressor__verbose": 0,
      "regressor__warm_start": false,
      "transformer__memory": null,
      "transformer__verbose": false,
      "transformer__y scaler__copy": true,
      "transformer__y scaler__with_mean": true,
      "transformer__y scaler__with_std": true
    }
  },
  "13": {
    "fit_time": [
      4.660215616226196,
      3.7628564834594727,
      3.8103713989257812,
      4.028149604797363,
      4.104370832443237
    ],
    "score_time": [
      0.1474471092224121,
      0.1344740390777588,
      0.1363532543182373,
      0.1431124210357666,
      0.15210700035095215
    ],
    "test_pearson_r": [
      0.8933886419576996,
      0.9535731057631069,
      0.7483993980667575,
      0.7673890970446309,
      0.8261189412592151
    ],
    "test_spearman_r": [
      0.8822964388485881,
      0.9511132952921302,
      0.7803586855893379,
      0.7830284146575249,
      0.86885097880435
    ],
    "test_rmse": [
      -0.28762822605891714,
      -0.22248063576511012,
      -0.4194136947195984,
      -0.4132277135376242,
      -0.3243091802673471
    ],
    "test_mae": [
      -0.17780916428649876,
      -0.15956536006817085,
      -0.2190158892263004,
      -0.22169339749128245,
      -0.1827341806886871
    ],
    "test_r2": [
      0.7896957393939388,
      0.8829114051404285,
      0.5486292248228598,
      0.5881037141079113,
      0.6714940301037462
    ],
    "best_params": {
      "check_inverse": true,
      "func": null,
      "inverse_func": null,
      "regressor__bootstrap": true,
      "regressor__ccp_alpha": 0.0,
      "regressor__criterion": "squared_error",
      "regressor__max_depth": null,
      "regressor__max_features": "log2",
      "regressor__max_leaf_nodes": null,
      "regressor__max_samples": null,
      "regressor__min_impurity_decrease": 0.0,
      "regressor__min_samples_leaf": 0.001,
      "regressor__min_samples_split": 0.001,
      "regressor__min_weight_fraction_leaf": 0.0,
      "regressor__monotonic_cst": null,
      "regressor__n_estimators": 2000,
      "regressor__n_jobs": null,
      "regressor__oob_score": false,
      "regressor__random_state": null,
      "regressor__verbose": 0,
      "regressor__warm_start": false,
      "transformer__memory": null,
      "transformer__verbose": false,
      "transformer__y scaler__copy": true,
      "transformer__y scaler__with_mean": true,
      "transformer__y scaler__with_std": true
    }
  },
  "42": {
    "fit_time": [
      0.8422725200653076,
      0.5246074199676514,
      0.5504698753356934,
      0.8214130401611328,
      0.5115494728088379
    ],
    "score_time": [
      0.03957319259643555,
      0.03806757926940918,
      0.03623175621032715,
      0.04557442665100098,
      0.03387022018432617
    ],
    "test_pearson_r": [
      0.9172612486933042,
      0.7218105929599627,
      0.8853717869060875,
      0.9539670045475079,
      0.8372820247083453
    ],
    "test_spearman_r": [
      0.9277525310573299,
      0.7596482268126995,
      0.8990906018603523,
      0.9520963335836939,
      0.8334167104220238
    ],
    "test_rmse": [
      -0.28649907108575984,
      -0.4558234551188142,
      -0.23160853771831966,
      -0.20152997524918087,
      -0.36140281460692936
    ],
    "test_mae": [
      -0.1974135267914552,
      -0.25720616115319717,
      -0.1428756998539901,
      -0.13830396378198312,
      -0.18927918046818748
    ],
    "test_r2": [
      0.8150892514914018,
      0.5177900254463259,
      0.783881903016959,
      0.9014277833981426,
      0.6866693005996882
    ],
    "best_params": {
      "check_inverse": true,
      "func": null,
      "inverse_func": null,
      "regressor__bootstrap": true,
      "regressor__ccp_alpha": 0.0,
      "regressor__criterion": "squared_error",
      "regressor__max_depth": null,
      "regressor__max_features": "sqrt",
      "regressor__max_leaf_nodes": null,
      "regressor__max_samples": null,
      "regressor__min_impurity_decrease": 0.0,
      "regressor__min_samples_leaf": 0.001718129831293097,
      "regressor__min_samples_split": 0.0162944124203924,
      "regressor__min_weight_fraction_leaf": 0.0,
      "regressor__monotonic_cst": null,
      "regressor__n_estimators": 259,
      "regressor__n_jobs": null,
      "regressor__oob_score": false,
      "regressor__random_state": null,
      "regressor__verbose": 0,
      "regressor__warm_start": false,
      "transformer__memory": null,
      "transformer__verbose": false,
      "transformer__y scaler__copy": true,
      "transformer__y scaler__with_mean": true,
      "transformer__y scaler__with_std": true
    }
  },
  "69": {
    "fit_time": [
      0.840869665145874,
      0.6448252201080322,
      0.5786628723144531,
      0.5569486618041992,
      0.8738584518432617
    ],
    "score_time": [
      0.03344869613647461,
      0.03252387046813965,
      0.03248882293701172,
      0.0354771614074707,
      0.03506731986999512
    ],
    "test_pearson_r": [
      0.8684093399681942,
      0.8297192698504465,
      0.9589364716882088,
      0.785556886667879,
      0.9375916365003641
    ],
    "test_spearman_r": [
      0.870148190121083,
      0.8221323232331618,
      0.9672281912365482,
      0.7991461218223324,
      0.9559256074935516
    ],
    "test_rmse": [
      -0.31104032644914564,
      -0.34009768448054956,
      -0.18995448527542774,
      -0.37978630471199554,
      -0.2588627358492466
    ],
    "test_mae": [
      -0.1871322719303515,
      -0.20275145183729615,
      -0.12154431576292493,
      -0.20760070419842633,
      -0.16596922791656504
    ],
    "test_r2": [
      0.7492124925133565,
      0.6709862599255711,
      0.9080648255697505,
      0.5928479395451327,
      0.857547738457826
    ],
    "best_params": {
      "check_inverse": true,
      "func": null,
      "inverse_func": null,
      "regressor__bootstrap": true,
      "regressor__ccp_alpha": 0.0,
      "regressor__criterion": "squared_error",
      "regressor__max_depth": null,
      "regressor__max_features": "log2",
      "regressor__max_leaf_nodes": null,