{
  "6": {
    "fit_time": [
      26.963133096694946,
      25.918510675430298,
      24.363900899887085,
      24.376219272613525,
      26.531963348388672
    ],
    "score_time": [
      0.34804868698120117,
      0.3473799228668213,
      0.3582010269165039,
      0.35692310333251953,
      0.34905362129211426
    ],
    "test_pearson_r": [
      0.8807724910687613,
      0.8328522756794268,
      0.8265892645442864,
      0.8270609161206418,
      0.807911220917151
    ],
    "test_spearman_r": [
      0.8784572936993843,
      0.874966076537735,
      0.8031544244916654,
      0.8504051483753029,
      0.8477454872334382
    ],
    "test_rmse": [
      -0.2759931379088118,
      -0.37395710087409906,
      -0.3116548224471725,
      -0.3360117129175982,
      -0.38693160031706736
    ],
    "test_mae": [
      -0.18759213213964485,
      -0.22528130703941382,
      -0.18572561429307227,
      -0.21133489483007217,
      -0.2532687416784657
    ],
    "test_r2": [
      0.7629080833796339,
      0.6681602717755091,
      0.683128709238467,
      0.6768612363973376,
      0.6284588151877497
    ],
    "best_params": {
      "check_inverse": true,
      "func": null,
      "inverse_func": null,
      "regressor__natural_gradient": true,
      "regressor__n_estimators": 2000,
      "regressor__learning_rate": 0.061070261932394315,
      "regressor__minibatch_frac": 1.0,
      "regressor__col_sample": 1.0,
      "regressor__verbose": false,
      "transformer__memory": null,
      "transformer__verbose": false,
      "transformer__y scaler__copy": true,
      "transformer__y scaler__with_mean": true,
      "transformer__y scaler__with_std": true
    }
  },
  "13": {
    "fit_time": [
      24.684725284576416,
      23.191455364227295,
      25.02310299873352,
      27.00581455230713,
      26.511809587478638
    ],
    "score_time": [
      0.35061216354370117,
      0.34918832778930664,
      0.3501155376434326,
      0.3414463996887207,
      0.35267210006713867
    ],
    "test_pearson_r": [
      0.9154956489608491,
      0.8128099432436985,
      0.8581166477851474,
      0.778793849121991,
      0.7916007431516227
    ],
    "test_spearman_r": [
      0.9171062658236779,
      0.8258960974022146,
      0.862822553971416,
      0.7851711420764903,
      0.7950564150385366
    ],
    "test_rmse": [
      -0.23714456731634861,
      -0.37295896471085804,
      -0.29990840729617857,
      -0.39205152653115843,
      -0.37718711735519256
    ],
    "test_mae": [
      -0.16628856623312555,
      -0.23461320387952206,
      -0.164638104520169,
      -0.25830359453931573,
      -0.25456226701243795
    ],
    "test_r2": [
      0.83201453762893,
      0.6519824050391929,
      0.7257870930936936,
      0.6057439078081545,
      0.5957831413990416
    ],
    "best_params": {
      "check_inverse": true,
      "func": null,
      "inverse_func": null,
      "regressor__natural_gradient": true,
      "regressor__n_estimators": 1972,
      "regressor__learning_rate": 0.08691279317584735,
      "regressor__minibatch_frac": 1.0,
      "regressor__col_sample": 1.0,
      "regressor__verbose": false,
      "transformer__memory": null,
      "transformer__verbose": false,
      "transformer__y scaler__copy": true,
      "transformer__y scaler__with_mean": true,
      "transformer__y scaler__with_std": true
    }
  },
  "42": {
    "fit_time": [
      24.10071587562561,
      26.18354368209839,
      23.71966576576233,
      24.229695558547974,
      25.88711714744568
    ],
    "score_time": [
      0.37243175506591797,
      0.3427543640136719,
      0.3388478755950928,
      0.34206151962280273,
      0.33354711532592773
    ],
    "test_pearson_r": [
      0.8614925288682347,
      0.8199308712262554,
      0.7042006345908493,
      0.8001994602064886,
      0.8769666990620815
    ],
    "test_spearman_r": [
      0.8582470940098085,
      0.8192989459303849,
      0.7821393250276911,
      0.7873987631007435,
      0.8583273052222092
    ],
    "test_rmse": [
      -0.3412373625206058,
      -0.33662258504521186,
      -0.3928057063501382,
      -0.38123192346378537,
      -0.27576363910472007
    ],
    "test_mae": [
      -0.20746595123774086,
      -0.23803435965762604,
      -0.2349279712452988,
      -0.2193622662451852,
      -0.16801064733681104
    ],
    "test_r2": [
      0.7383851133912854,
      0.6707130376762812,
      0.479883470758802,
      0.6213159590373654,
      0.7689096383184426
    ],
    "best_params": {
      "check_inverse": true,
      "func": null,
      "inverse_func": null,
      "regressor__natural_gradient": true,
      "regressor__n_estimators": 1915,
      "regressor__learning_rate": 0.09794384512916923,
      "regressor__minibatch_frac": 1.0,
      "regressor__col_sample": 1.0,
      "regressor__verbose": false,
      "transformer__memory": null,
      "transformer__verbose": false,
      "transformer__y scaler__copy": true,
      "transformer__y scaler__with_mean": true,
      "transformer__y scaler__with_std": true
    }
  },
  "69": {
    "fit_time": [
      1.3962669372558594,
      1.2011113166809082,
      1.7841405868530273,
      1.721376657485962,
      1.8225209712982178
    ],
    "score_time": [
      0.03823208808898926,
      0.038283348083496094,
      0.037362098693847656,
      0.036905765533447266,
      0.03558921813964844
    ],
    "test_pearson_r": [
      0.892496421862743,
      0.8160129693160879,
      0.8364471937364713,
      0.7699501482165197,
      0.7259577274053098
    ],
    "test_spearman_r": [
      0.90663715480831,
      0.819325642641498,
      0.8501082126338001,
      0.7946054904740234,
      0.7093620600655841
    ],
    "test_rmse": [
      -0.28143281267620834,
      -0.3718691644409766,
      -0.3199307291353207,
      -0.40434684002231214,
      -0.40762183573304905
    ],
    "test_mae": [
      -0.1750878175303584,
      -0.2810211302639756,
      -0.1883895808265701,
      -0.2399972558389996,
      -0.26165962164232986
    ],
    "test_r2": [
      0.7905002799352662,
      0.6118845963798065,
      0.6914170923525831,
      0.5922380971620831,
      0.5172521142473867
    ],
    "best_params": {
      "check_inverse": true,
      "func": null,
      "inverse_func": null,
      "regressor__natural_gradient": true,
      "regressor__n_estimators": 175,
      "regressor__learning_rate": 0.09943105366241581,
      "regressor__minibatch_frac": 1.0,
      "regressor__col_sample": 1.0,
      "regressor__verbose": false,
      "transformer__memory": null,
      "transformer__verbose": false,
      "transformer__y scaler__copy": true,
      "transformer__y scaler__with_mean": true,
      "transformer__y scaler__with_std": true
    }
  },
  "420": {
    "fit_time": [
      26.936128854751587,
      24.609099626541138,
      24.806747436523438,
      25.54948616027832,
      23.81157088279724
    ],
    "score_time": [
      0.35043883323669434,
      0.3423464298248291,
      0.33405137062072754,
      0.3293750286102295,
      0.34524011611938477
    ],
    "test_pearson_r": [
      0.7396353722136293,
      0.8951745536996372,
      0.8185986104403644,
      0.8656527547123631,
      0.89129134184041
    ],
    "test_spearman_r": [
      0.7606268490460997,
      0.9151238520174351,
      0.805849999236827,
      0.8433724112662682,
      0.8677695524103004
    ],
    "test_rmse": [
      -0.42852423740641277,
      -0.2870629495263387,
      -0.36635982388591876,
      -0.3078333612501678,
      -0.23492833021770665
    ],
    "test_mae": [
      -0.2620109432461359,
      -0.18871012735746304,
      -0.22892578016139695,
      -0.18349113441680515,
      -0.15848997362491354
    ],
    "test_r2": [
      0.5456030772171984,
      0.7898718625543621,
      0.6394231943359994,
      0.7287948226789396,
      0.7780369511498582
    ],
    "best_params": {
      "check_inverse": true,
      "func": null,
      "inverse_func": null,
      "regressor__natural_gradient": true,