{
  "6": {
    "fit_time": [
      2.0951790809631348,
      2.0443570613861084,
      2.046259641647339,
      2.1007821559906006,
      2.0878186225891113
    ],
    "score_time": [
      0.09925317764282227,
      0.08762001991271973,
      0.08623123168945312,
      0.08894991874694824,
      0.0974431037902832
    ],
    "test_pearson_r": [
      0.9214010946646831,
      0.9596275156013391,
      0.8704844287617303,
      0.9198417380910852,
      0.9173811156969403
    ],
    "test_spearman_r": [
      0.9250048085484802,
      0.9562866260338588,
      0.8712414310245908,
      0.9018303583837175,
      0.9076839542283327
    ],
    "test_rmse": [
      -0.22373576506484713,
      -0.19922796705442167,
      -0.27532199116660966,
      -0.23278230205114747,
      -0.2683432303802568
    ],
    "test_mae": [
      -0.13530638420225885,
      -0.1426162420088443,
      -0.15338994944125323,
      -0.14244674739582106,
      -0.17971254276117624
    ],
    "test_r2": [
      0.8441915505106097,
      0.905814202952213,
      0.7527040558489245,
      0.8449113044076775,
      0.8213019350279969
    ],
    "best_params": {
      "check_inverse": true,
      "func": null,
      "inverse_func": null,
      "regressor__bootstrap": true,
      "regressor__ccp_alpha": 0.0,
      "regressor__criterion": "squared_error",
      "regressor__max_depth": null,
      "regressor__max_features": "sqrt",
      "regressor__max_leaf_nodes": null,
      "regressor__max_samples": null,
      "regressor__min_impurity_decrease": 0.0,
      "regressor__min_samples_leaf": 0.001,
      "regressor__min_samples_split": 0.001,
      "regressor__min_weight_fraction_leaf": 0.0,
      "regressor__monotonic_cst": null,
      "regressor__n_estimators": 2000,
      "regressor__n_jobs": null,
      "regressor__oob_score": false,
      "regressor__random_state": null,
      "regressor__verbose": 0,
      "regressor__warm_start": false,
      "transformer__memory": null,
      "transformer__verbose": false,
      "transformer__y scaler__copy": true,
      "transformer__y scaler__with_mean": true,
      "transformer__y scaler__with_std": true
    }
  },
  "13": {
    "fit_time": [
      0.06430768966674805,
      0.0643765926361084,
      0.06474685668945312,
      0.06257176399230957,
      0.0709989070892334
    ],
    "score_time": [
      0.011409997940063477,
      0.011933565139770508,
      0.011373519897460938,
      0.011724472045898438,
      0.010592937469482422
    ],
    "test_pearson_r": [
      0.9404662819823782,
      0.9259644778542351,
      0.9647204506899398,
      0.834756182495535,
      0.9377260357288694
    ],
    "test_spearman_r": [
      0.9264627423099363,
      0.9253292340024243,
      0.9294296014352018,
      0.8112767836997524,
      0.9297531064682487
    ],
    "test_rmse": [
      -0.20152642266903656,
      -0.2452690717344609,
      -0.15484136874020796,
      -0.34539570460263774,
      -0.2177896159379902
    ],
    "test_mae": [
      -0.13042687782923795,
      -0.16896497800756824,
      -0.10993909149927442,
      -0.22800404813726613,
      -0.1419559572220469
    ],
    "test_r2": [
      0.8786864447151971,
      0.8494902359227526,
      0.9269055142291264,
      0.6939967922262101,
      0.8652356384088361
    ],
    "best_params": {
      "check_inverse": true,
      "func": null,
      "inverse_func": null,
      "regressor__bootstrap": true,
      "regressor__ccp_alpha": 0.0,
      "regressor__criterion": "squared_error",
      "regressor__max_depth": null,
      "regressor__max_features": "sqrt",
      "regressor__max_leaf_nodes": null,
      "regressor__max_samples": null,
      "regressor__min_impurity_decrease": 0.0,
      "regressor__min_samples_leaf": 0.0035756278398553663,
      "regressor__min_samples_split": 0.012776640965273811,
      "regressor__min_weight_fraction_leaf": 0.0,
      "regressor__monotonic_cst": null,
      "regressor__n_estimators": 57,
      "regressor__n_jobs": null,
      "regressor__oob_score": false,
      "regressor__random_state": null,
      "regressor__verbose": 0,
      "regressor__warm_start": false,
      "transformer__memory": null,
      "transformer__verbose": false,
      "transformer__y scaler__copy": true,
      "transformer__y scaler__with_mean": true,
      "transformer__y scaler__with_std": true
    }
  },
  "42": {
    "fit_time": [
      0.02984023094177246,
      0.03247404098510742,
      0.03146958351135254,
      0.03232002258300781,
      0.03296852111816406
    ],
    "score_time": [
      0.010159015655517578,
      0.00969696044921875,
      0.01110219955444336,
      0.010387659072875977,
      0.009977340698242188
    ],
    "test_pearson_r": [
      0.950627445059921,
      0.9249254609861703,
      0.9117165272031547,
      0.9178896945617222,
      0.9353429561042979
    ],
    "test_spearman_r": [
      0.9340220728236649,
      0.9031586605910586,
      0.8872923962668622,
      0.8953954124505336,
      0.9380218704325711
    ],
    "test_rmse": [
      -0.22339887807296063,
      -0.23038540331407553,
      -0.22457858695581687,
      -0.2510097806855329,
      -0.20458601679556726
    ],
    "test_mae": [
      -0.16000797168748593,
      -0.148144249391257,
      -0.15621216997085371,
      -0.1449035030736979,
      -0.13142974547708364
    ],
    "test_r2": [
      0.8878727230653319,
      0.8457596671868308,
      0.8299871415645171,
      0.8358353024891083,
      0.8728080215046877
    ],
    "best_params": {
      "check_inverse": true,
      "func": null,
      "inverse_func": null,
      "regressor__bootstrap": true,
      "regressor__ccp_alpha": 0.0,
      "regressor__criterion": "squared_error",
      "regressor__max_depth": null,
      "regressor__max_features": "sqrt",
      "regressor__max_leaf_nodes": null,
      "regressor__max_samples": null,
      "regressor__min_impurity_decrease": 0.0,
      "regressor__min_samples_leaf": 0.0014454224960901833,
      "regressor__min_samples_split": 0.007335414329630896,
      "regressor__min_weight_fraction_leaf": 0.0,
      "regressor__monotonic_cst": null,
      "regressor__n_estimators": 21,
      "regressor__n_jobs": null,
      "regressor__oob_score": false,
      "regressor__random_state": null,
      "regressor__verbose": 0,
      "regressor__warm_start": false,
      "transformer__memory": null,
      "transformer__verbose": false,
      "transformer__y scaler__copy": true,
      "transformer__y scaler__with_mean": true,
      "transformer__y scaler__with_std": true
    }
  },
  "69": {
    "fit_time": [
      0.047724246978759766,
      0.042566537857055664,
      0.04319190979003906,
      0.04386401176452637,
      0.03949284553527832
    ],
    "score_time": [
      0.010786771774291992,
      0.010755062103271484,
      0.010198831558227539,
      0.010091781616210938,
      0.011123418807983398
    ],
    "test_pearson_r": [
      0.9743523356300471,
      0.901055187079869,
      0.9554590049063251,
      0.8492367742261065,
      0.8683743178471395
    ],
    "test_spearman_r": [
      0.9657160014319944,
      0.890573381001946,
      0.9320058851657024,
      0.8440582892746982,
      0.8595189067847534
    ],
    "test_rmse": [
      -0.14291827816801858,
      -0.2697870683561865,
      -0.17406113925689778,
      -0.33958862509374554,
      -0.29484632618392725
    ],
    "test_mae": [
      -0.09972088603152732,
      -0.19535644621512427,
      -0.11541112453348916,
      -0.20416833457090874,
      -0.1726472930410739
    ],
    "test_r2": [
      0.9459731638800812,
      0.7957214336149118,
      0.9086594549598492,
      0.7123894519743617,
      0.7474211735968979
    ],
    "best_params": {
      "check_inverse": true,
      "func": null,
      "inverse_func": null,
      "regressor__bootstrap": true,
      "regressor__ccp_alpha": 0.0,
      "regressor__criterion": "squared_error",
      "regressor__max_depth": null,
      "regressor__max_features": "sqrt",