{
  "6": {
    "fit_time": [
      0.017099857330322266,
      0.009721994400024414,
      0.010716438293457031,
      0.02081918716430664,
      0.008378267288208008
    ],
    "score_time": [
      0.02042984962463379,
      0.00989389419555664,
      0.010044097900390625,
      0.01923847198486328,
      0.009477615356445312
    ],
    "test_pearson_r": [
      0.423227745136233,
      0.23614094889279544,
      0.3336946135576387,
      0.26902043648141816,
      0.0956352681242499
    ],
    "test_pearson_p": [
      -0.0017714600777374945,
      -0.09191712442941487,
      -0.015625277221265197,
      -0.05379378812035659,
      -0.5044059356810897
    ],
    "test_spearman_r": [
      0.6397107364193305,
      0.29562363472524356,
      0.25186085137665976,
      0.4260281242149044,
      0.15549476310670196
    ],
    "test_spearman_p": [
      -3.299291821654113e-07,
      -0.03335685627573136,
      -0.07167076764613287,
      -0.0016383681179429454,
      -0.27590304850088593
    ],
    "test_kendall_r": [
      0.41533756934514,
      0.18156202594700896,
      0.17947339689411795,
      0.2936353398483446,
      0.1059025956310881
    ],
    "test_kendall_p": [
      -1.9928266576862804e-05,
      -0.06090069160334907,
      -0.06420663434140599,
      -0.0024609771992157646,
      -0.2792245575290483
    ],
    "test_rmse": [
      -0.608971592739392,
      -0.6553373216642974,
      -0.6314827039730694,
      -0.6184486312937097,
      -0.5612789604056976
    ],
    "test_mae": [
      -0.5188013645919995,
      -0.549933661056004,
      -0.5253231207236158,
      -0.5213756309335436,
      -0.44471335536520684
    ],
    "test_r2": [
      0.15037216813113718,
      -0.07325050630026042,
      -0.012226075086546384,
      0.0260570096254662,
      -0.032147791495233946
    ],
    "best_params": {
      "check_inverse": true,
      "func": null,
      "inverse_func": null,
      "regressor__copy_X": true,
      "regressor__fit_intercept": false,
      "regressor__n_jobs": null,
      "regressor__positive": false,
      "transformer__memory": null,
      "transformer__verbose": false,
      "transformer__y scaler__copy": true,
      "transformer__y scaler__with_mean": true,
      "transformer__y scaler__with_std": true
    }
  },
  "13": {
    "fit_time": [
      0.017008543014526367,
      0.013575077056884766,
      0.013608694076538086,
      0.016877412796020508,
      0.00804901123046875
    ],
    "score_time": [
      0.023523807525634766,
      0.009953737258911133,
      0.010054588317871094,
      0.018590211868286133,
      0.010501623153686523
    ],
    "test_pearson_r": [
      0.2319036815052615,
      0.3941504908125401,
      0.3359919424640649,
      0.2732305588341813,
      0.24217222283356782
    ],
    "test_pearson_p": [
      -0.0980732322403421,
      -0.0038375765726206333,
      -0.014882251142631399,
      -0.050011270153546644,
      -0.08686535161568168
    ],
    "test_spearman_r": [
      0.3158298493595366,
      0.5821901751751104,
      0.4129531829115285,
      0.29947021802715684,
      0.33782081936400754
    ],
    "test_spearman_p": [
      -0.022557803468001514,
      -5.972006239853388e-06,
      -0.0023461236855011184,
      -0.031022607469855322,
      -0.015331130240159224
    ],
    "test_kendall_r": [
      0.2363486886102803,
      0.41407309869447256,
      0.27709245336394767,
      0.23266743079991242,
      0.21613594388740462
    ],
    "test_kendall_p": [
      -0.015422032462604466,
      -2.080773168404529e-05,
      -0.004293693520124102,
      -0.016532230319755273,
      -0.02740635119182598
    ],
    "test_rmse": [
      -0.6164764124965231,
      -0.6139707500300758,
      -0.6081352609552851,
      -0.6206856143677378,
      -0.5830309504749965
    ],
    "test_mae": [
      -0.5215576276076106,
      -0.5159463845344556,
      -0.5026658182127339,
      -0.5156590658444111,
      -0.4593201007811602
    ],
    "test_r2": [
      0.03390909317132862,
      0.10828612657205372,
      0.05103849945242522,
      0.07070766467829526,
      -0.061715118385923695
    ],
    "best_params": {
      "check_inverse": true,
      "func": null,
      "inverse_func": null,
      "regressor__copy_X": true,
      "regressor__fit_intercept": true,
      "regressor__n_jobs": null,
      "regressor__positive": false,
      "transformer__memory": null,
      "transformer__verbose": false,
      "transformer__y scaler__copy": true,
      "transformer__y scaler__with_mean": true,
      "transformer__y scaler__with_std": true
    }
  },
  "42": {
    "fit_time": [
      0.025057554244995117,
      0.012262821197509766,
      0.01255655288696289,
      0.018242835998535156,
      0.012098550796508789
    ],
    "score_time": [
      0.018990039825439453,
      0.009837865829467773,
      0.00977468490600586,
      0.019221067428588867,
      0.010600090026855469
    ],
    "test_pearson_r": [
      0.20010035854058023,
      0.17714881743116723,
      0.3377880510731817,
      0.3099934010223197,
      0.41111774636162496
    ],
    "test_pearson_p": [
      -0.15493972725776634,
      -0.20898936444663455,
      -0.014322555585715869,
      -0.025321482400750283,
      -0.0027272229613732406
    ],
    "test_spearman_r": [
      0.2684975253101777,
      0.39172055456495924,
      0.4407436963068747,
      0.36863528959973246,
      0.2810558079783053
    ],
    "test_spearman_p": [
      -0.05427933873534048,
      -0.004081286668061557,
      -0.0010748982840844412,
      -0.007165117339697749,
      -0.04573274097063334
    ],
    "test_kendall_r": [
      0.19564774800897494,
      0.26307364670766514,
      0.31058496524394485,
      0.25683825868223364,
      0.1912802402361182
    ],
    "test_kendall_p": [
      -0.044993723635056035,
      -0.006422502184748029,
      -0.0013006413799005391,
      -0.008078618599118702,
      -0.053057989926615645
    ],
    "test_rmse": [
      -0.6584441892139603,
      -0.6846614166836205,
      -0.46927975844560654,
      -0.6108505106074588,
      -0.6181693380651774
    ],
    "test_mae": [
      -0.5602881658349737,
      -0.5392276262120345,
      -0.3743341759729316,
      -0.5253447918129022,
      -0.533524710374902
    ],
    "test_r2": [
      0.02331693160354953,
      -0.08791398817350715,
      0.11275073211194186,
      0.09438188299214356,
      0.08328401030901134
    ],
    "best_params": {
      "check_inverse": true,
      "func": null,
      "inverse_func": null,
      "regressor__copy_X": true,
      "regressor__fit_intercept": true,
      "regressor__n_jobs": null,
      "regressor__positive": false,
      "transformer__memory": null,
      "transformer__verbose": false,
      "transformer__y scaler__copy": true,
      "transformer__y scaler__with_mean": true,
      "transformer__y scaler__with_std": true
    }
  },
  "69": {
    "fit_time": [
      0.01597881317138672,
      0.015504121780395508,
      0.013198137283325195,
      0.008312463760375977,
      0.009586095809936523
    ],
    "score_time": [
      0.009612083435058594,
      0.009538888931274414,
      0.010015726089477539,
      0.009598970413208008,
      0.00998234748840332
    ],
    "test_pearson_r": [
      0.20852487488208388,
      0.31815863585726367,
      0.29380198006196084,
      0.3420688802923577,
      0.24453372361699874
    ],
    "test_pearson_p": [
      -0.1379406923911586,
      -0.02152835913633865,
      -0.03451210909932006,
      -0.013060685595973634,
      -0.08373939945882122
    ],
    "test_spearman_r": [
      0.23215122382027278,
      0.34677430647676455,
      0.39183588792944746,
      0.5125106748833477,
      0.30521411663818615
    ],
    "test_spearman_p": [
      -0.09770502763823556,
      -0.011784808532538679,
      -0.0040694186861308275,
      -0.00010260966402746311,
      -0.02941436866932401
    ],