{
  "6": {
    "fit_time": [
      0.009681463241577148,
      0.014095067977905273,
      0.009264945983886719,
      0.009474039077758789,
      0.020699024200439453
    ],
    "score_time": [
      0.007718086242675781,
      0.0076313018798828125,
      0.007334232330322266,
      0.007895708084106445,
      0.008126020431518555
    ],
    "test_pearson_r": [
      0.15361813833117746,
      0.38655314333501206,
      0.3595023974512986,
      0.5745665469906088,
      0.48223534960052067
    ],
    "test_spearman_r": [
      0.22043966469235626,
      0.4159661187536759,
      0.44522749202199363,
      0.6241049713470771,
      0.43364166864811027
    ],
    "test_rmse": [
      -0.5953864594698332,
      -0.6173295579252833,
      -0.5757071386591169,
      -0.584873877562539,
      -0.5088508819192297
    ],
    "test_mae": [
      -0.5013899493502686,
      -0.542765545531294,
      -0.5012754398303501,
      -0.5008425574626845,
      -0.44824753365492287
    ],
    "test_r2": [
      -0.03657896702210128,
      0.13948621145064177,
      0.10159954149618344,
      0.2708006529605156,
      0.19887607776265837
    ],
    "best_params": {
      "check_inverse": true,
      "func": null,
      "inverse_func": null,
      "regressor__alpha": 0.019283671461513788,
      "regressor__copy_X": true,
      "regressor__fit_intercept": true,
      "regressor__l1_ratio": 1.0,
      "regressor__max_iter": 1000,
      "regressor__positive": false,
      "regressor__precompute": false,
      "regressor__random_state": null,
      "regressor__selection": "cyclic",
      "regressor__tol": 0.0001,
      "regressor__warm_start": false,
      "transformer__memory": null,
      "transformer__verbose": false,
      "transformer__y scaler__copy": true,
      "transformer__y scaler__with_mean": true,
      "transformer__y scaler__with_std": true
    }
  },
  "13": {
    "fit_time": [
      0.01691269874572754,
      0.00926065444946289,
      0.01032400131225586,
      0.009119987487792969,
      0.009228944778442383
    ],
    "score_time": [
      0.008472442626953125,
      0.007806062698364258,
      0.007758378982543945,
      0.008284568786621094,
      0.007799625396728516
    ],
    "test_pearson_r": [
      0.4184560347014034,
      0.3479036392769197,
      0.26376828992754875,
      0.49832831509346276,
      0.34831858304672925
    ],
    "test_spearman_r": [
      0.4200466041289264,
      0.40533197404747723,
      0.298078740025525,
      0.5151326542857572,
      0.47813202321796355
    ],
    "test_rmse": [
      -0.6216377479467604,
      -0.6041583502012049,
      -0.5202207861160418,
      -0.5843549888654872,
      -0.5853382763004926
    ],
    "test_mae": [
      -0.5446460044359627,
      -0.49180001427794856,
      -0.448256588107206,
      -0.5101326776170604,
      -0.5288800504445255
    ],
    "test_r2": [
      0.08589587836226276,
      0.07354864045244791,
      0.02908533586834494,
      0.2113401900032934,
      0.12080086653514233
    ],
    "best_params": {
      "check_inverse": true,
      "func": null,
      "inverse_func": null,
      "regressor__alpha": 0.03368735627577823,
      "regressor__copy_X": true,
      "regressor__fit_intercept": true,
      "regressor__l1_ratio": 1.0,
      "regressor__max_iter": 1000,
      "regressor__positive": false,
      "regressor__precompute": false,
      "regressor__random_state": null,
      "regressor__selection": "random",
      "regressor__tol": 0.0001,
      "regressor__warm_start": false,
      "transformer__memory": null,
      "transformer__verbose": false,
      "transformer__y scaler__copy": true,
      "transformer__y scaler__with_mean": true,
      "transformer__y scaler__with_std": true
    }
  },
  "42": {
    "fit_time": [
      0.014321565628051758,
      0.01093292236328125,
      0.009295225143432617,
      0.009660005569458008,
      0.009297609329223633
    ],
    "score_time": [
      0.00758051872253418,
      0.009790182113647461,
      0.008395671844482422,
      0.007695913314819336,
      0.0077915191650390625
    ],
    "test_pearson_r": [
      0.363367925332279,
      0.3791470089892142,
      0.4734934841532601,
      0.44149455798777565,
      0.40372807204126154
    ],
    "test_spearman_r": [
      0.3974295818816585,
      0.4339553218845224,
      0.4663823558375286,
      0.4932633094066266,
      0.4348524759469114
    ],
    "test_rmse": [
      -0.6040574140885355,
      -0.5770265907590605,
      -0.5556895794632554,
      -0.5884780647512791,
      -0.5464198484232214
    ],
    "test_mae": [
      -0.5490582237662246,
      -0.4856695516899607,
      -0.4613840015499218,
      -0.497903467080963,
      -0.4876614137086907
    ],
    "test_r2": [
      0.09288604186220861,
      0.1353293978021115,
      0.19080279864091532,
      0.17663626368307217,
      0.15612629211791285
    ],
    "best_params": {
      "check_inverse": true,
      "func": null,
      "inverse_func": null,
      "regressor__alpha": 0.03660014631455192,
      "regressor__copy_X": true,
      "regressor__fit_intercept": true,
      "regressor__l1_ratio": 1.0,
      "regressor__max_iter": 1000,
      "regressor__positive": false,
      "regressor__precompute": false,
      "regressor__random_state": null,
      "regressor__selection": "random",
      "regressor__tol": 0.0001,
      "regressor__warm_start": false,
      "transformer__memory": null,
      "transformer__verbose": false,
      "transformer__y scaler__copy": true,
      "transformer__y scaler__with_mean": true,
      "transformer__y scaler__with_std": true
    }
  },
  "69": {
    "fit_time": [
      0.013762474060058594,
      0.016936779022216797,
      0.018141984939575195,
      0.01339101791381836,
      0.017595529556274414
    ],
    "score_time": [
      0.01155710220336914,
      0.008361101150512695,
      0.010114431381225586,
      0.011897087097167969,
      0.008228063583374023
    ],
    "test_pearson_r": [
      0.4371816767328331,
      0.3396384026799542,
      0.4309587611553871,
      0.38049931509006335,
      0.4091601581832814
    ],
    "test_spearman_r": [
      0.4812519088379836,
      0.37410040981917364,
      0.44325247221898195,
      0.44570831068944183,
      0.4215341333113009
    ],
    "test_rmse": [
      -0.6253315568345283,
      -0.5595018452335793,
      -0.5306126815257235,
      -0.5552771335550923,
      -0.5994717208944467
    ],
    "test_mae": [
      -0.5308018809103259,
      -0.5020395376822628,
      -0.45191800457908615,
      -0.4875441639948572,
      -0.5108709104259315
    ],
    "test_r2": [
      0.1856379413811574,
      0.11002409954462322,
      0.18228848968932165,
      0.14235382706361066,
      0.15526821009247116
    ],
    "best_params": {
      "check_inverse": true,
      "func": null,
      "inverse_func": null,
      "regressor__alpha": 0.20650935598826634,
      "regressor__copy_X": true,
      "regressor__fit_intercept": true,
      "regressor__l1_ratio": 0.0,
      "regressor__max_iter": 1000,
      "regressor__positive": false,
      "regressor__precompute": false,
      "regressor__random_state": null,
      "regressor__selection": "cyclic",
      "regressor__tol": 0.0001,
      "regressor__warm_start": false,
      "transformer__memory": null,
      "transformer__verbose": false,
      "transformer__y scaler__copy": true,
      "transformer__y scaler__with_mean": true,
      "transformer__y scaler__with_std": true
    }
  },
  "420": {
    "fit_time": [
      0.010067462921142578,
      0.02223944664001465,
      0.017934799194335938,
      0.01859569549560547,
      0.010004758834838867
    ],
    "score_time": [
      0.009590387344360352,
      0.009666919708251953,
      0.008661985397338867,
      0.009681940078735352,
      0.009181976318359375
    ],
    "test_pearson_r": [
      0.5027198551038708,
      0.4867095456857348,
      0.4750603592216779,
      0.2901012732882717,
      0.2318126535245432
    ],