{
  "6": {
    "fit_time": [
      0.011126518249511719,
      0.01083064079284668,
      0.01127934455871582,
      0.011082649230957031,
      0.011125564575195312
    ],
    "score_time": [
      0.015306234359741211,
      0.014232158660888672,
      0.013672113418579102,
      0.015216827392578125,
      0.014132976531982422
    ],
    "test_pearson_r": [
      0.8085723550441648,
      0.6105380211153856,
      0.6934622753493858,
      0.6574230883738797,
      0.7642602651352974
    ],
    "test_pearson_p": [
      -4.1856094936142467e-13,
      -1.5394710240086518e-06,
      -1.208207165948229e-08,
      -1.193576088030304e-07,
      -6.774858249093655e-11
    ],
    "test_spearman_r": [
      0.8060474842415497,
      0.5545784949957642,
      0.6690461058188327,
      0.6329556809603123,
      0.7366754698402712
    ],
    "test_spearman_p": [
      -5.625244758829716e-13,
      -1.9895492974566894e-05,
      -5.901282285464516e-08,
      -4.780811490905563e-07,
      -7.171050991213969e-10
    ],
    "test_kendall_r": [
      0.6622721422085316,
      0.45307525205126764,
      0.5032366343160974,
      0.5094342734484983,
      0.5846405741747465
    ],
    "test_kendall_p": [
      -1.7704405691341981e-09,
      -3.572168491844928e-05,
      -1.8238352211802183e-06,
      -1.0586930984556828e-06,
      -1.2878424750436833e-08
    ],
    "test_rmse": [
      -0.40456997343684714,
      -0.5016577329372869,
      -0.4638603123079916,
      -0.49235841899110727,
      -0.3716541241348321
    ],
    "test_mae": [
      -0.29822464112329594,
      -0.39265405300133793,
      -0.31673967314378654,
      -0.37097651374657653,
      -0.3155489274762579
    ],
    "test_r2": [
      0.6250080402641169,
      0.3710931563614117,
      0.4538285017948055,
      0.3827103322782517,
      0.5474544752076203
    ],
    "best_params": {
      "check_inverse": true,
      "func": null,
      "inverse_func": null,
      "regressor__ccp_alpha": 0.05,
      "regressor__criterion": "squared_error",
      "regressor__max_depth": null,
      "regressor__max_features": "sqrt",
      "regressor__max_leaf_nodes": null,
      "regressor__min_impurity_decrease": 0.0,
      "regressor__min_samples_leaf": 0.05,
      "regressor__min_samples_split": 0.05,
      "regressor__min_weight_fraction_leaf": 0.0,
      "regressor__monotonic_cst": null,
      "regressor__random_state": null,
      "regressor__splitter": "best",
      "transformer__memory": null,
      "transformer__verbose": false,
      "transformer__y scaler__copy": true,
      "transformer__y scaler__with_mean": true,
      "transformer__y scaler__with_std": true
    }
  },
  "13": {
    "fit_time": [
      0.010561466217041016,
      0.011239290237426758,
      0.010731220245361328,
      0.010490179061889648,
      0.010706901550292969
    ],
    "score_time": [
      0.013314962387084961,
      0.013402938842773438,
      0.013435840606689453,
      0.012549877166748047,
      0.014446496963500977
    ],
    "test_pearson_r": [
      0.7686603683121443,
      0.7973799298817265,
      0.6762785022380924,
      0.6830731056904747,
      0.7351022322378072
    ],
    "test_pearson_p": [
      -2.8595741278895996e-11,
      -1.5031881753436737e-12,
      -3.7469914871119424e-08,
      -2.417006691163437e-08,
      -8.131798893733074e-10
    ],
    "test_spearman_r": [
      0.7151192008920988,
      0.7973972926793428,
      0.6747310963402161,
      0.6580826383201606,
      0.7078468847386575
    ],
    "test_spearman_p": [
      -2.583371571254179e-09,
      -1.5003027248478437e-12,
      -4.133800626327033e-08,
      -1.147745570516733e-07,
      -6.2954626732201945e-09
    ],
    "test_kendall_r": [
      0.5618641479277419,
      0.6628850720081347,
      0.5667677052625286,
      0.5215719387046927,
      0.5693407655794118
    ],
    "test_kendall_p": [
      -1.06526308849294e-07,
      -4.738671162820564e-10,
      -2.2632397136306107e-07,
      -7.578757765079746e-07,
      -1.3858123489513673e-07
    ],
    "test_rmse": [
      -0.4196650601132647,
      -0.3941233010720066,
      -0.4729388097289674,
      -0.47663307355302825,
      -0.41608023562432056
    ],
    "test_mae": [
      -0.3085121664265823,
      -0.2852629456251404,
      -0.30901176391215646,
      -0.3496581432857244,
      -0.33051038194064164
    ],
    "test_r2": [
      0.5522962919808142,
      0.6325532726255021,
      0.4260710517372288,
      0.4520040549161519,
      0.4592718805046666
    ],
    "best_params": {
      "check_inverse": true,
      "func": null,
      "inverse_func": null,
      "regressor__ccp_alpha": 0.05,
      "regressor__criterion": "squared_error",
      "regressor__max_depth": null,
      "regressor__max_features": null,
      "regressor__max_leaf_nodes": null,
      "regressor__min_impurity_decrease": 0.0,
      "regressor__min_samples_leaf": 0.05,
      "regressor__min_samples_split": 0.05,
      "regressor__min_weight_fraction_leaf": 0.0,
      "regressor__monotonic_cst": null,
      "regressor__random_state": null,
      "regressor__splitter": "best",
      "transformer__memory": null,
      "transformer__verbose": false,
      "transformer__y scaler__copy": true,
      "transformer__y scaler__with_mean": true,
      "transformer__y scaler__with_std": true
    }
  },
  "42": {
    "fit_time": [
      0.010977029800415039,
      0.010868310928344727,
      0.01105809211730957,
      0.011488914489746094,
      0.010643720626831055
    ],
    "score_time": [
      0.012953519821166992,
      0.012866973876953125,
      0.013218879699707031,
      0.012976408004760742,
      0.01382589340209961
    ],
    "test_pearson_r": [
      0.7268253577153596,
      0.7948598167043527,
      0.6633605499263354,
      0.7698799524293671,
      0.8189237644481625
    ],
    "test_pearson_p": [
      -1.056574822167903e-09,
      -1.9828137541965056e-12,
      -8.360897892603428e-08,
      -2.5453617034856144e-11,
      -2.0909987536382557e-13
    ],
    "test_spearman_r": [
      0.6856687625594907,
      0.7675525296360504,
      0.6633943705900761,
      0.7428681956788113,
      0.7991120187283576
    ],
    "test_spearman_p": [
      -2.0379628361795967e-08,
      -3.17655250697364e-11,
      -8.343772046605636e-08,
      -2.8729950005301553e-10,
      -2.0826614451131385e-12
    ],
    "test_kendall_r": [
      0.5503981599797837,
      0.6408069008390094,
      0.5422910666587538,
      0.5982732357824088,
      0.6736962148303444
    ],
    "test_kendall_p": [
      -1.9233038076974448e-07,
      -1.6081865728392414e-09,
      -4.897849195671814e-07,
      -1.5690923781686572e-08,
      -7.992883449345799e-10
    ],
    "test_rmse": [
      -0.4679020566835121,
      -0.4135151051137093,
      -0.4012759591109639,
      -0.4099518195104355,
      -0.3842652178503325
    ],
    "test_mae": [
      -0.33937648446177077,
      -0.30260750045712953,
      -0.3142525292129538,
      -0.3092516282003147,
      -0.2571656724375884
    ],
    "test_r2": [
      0.5067970920844723,
      0.6031507089884942,
      0.3512635672840778,
      0.5921120680445564,
      0.6457726922546709
    ],
    "best_params": {
      "check_inverse": true,
      "func": null,
      "inverse_func": null,
      "regressor__ccp_alpha": 0.05,
      "regressor__criterion": "squared_error",
      "regressor__max_depth": null,
      "regressor__max_features": null,
      "regressor__max_leaf_nodes": null,
      "regressor__min_impurity_decrease": 0.0,
      "regressor__min_samples_leaf": 0.05,
      "regressor__min_samples_split": 0.05,
      "regressor__min_weight_fraction_leaf": 0.0,
      "regressor__monotonic_cst": null,
      "regressor__random_state": null,
      "regressor__splitter": "best",
      "transformer__memory": null,
      "transformer__verbose": false,
      "transformer__y scaler__copy": true,
      "transformer__y scaler__with_mean": true,
      "transformer__y scaler__with_std": true
    }
  },