{
  "6": {
    "fit_time": [
      0.010621786117553711,
      0.010664224624633789,
      0.011056661605834961,
      0.011078357696533203,
      0.010897636413574219
    ],
    "score_time": [
      0.013641357421875,
      0.01484537124633789,
      0.013008832931518555,
      0.013691902160644531,
      0.012938261032104492
    ],
    "test_pearson_r": [
      0.41815051695296473,
      0.2524873926228071,
      0.33716940962804665,
      0.231327218184467,
      0.08294885422656852
    ],
    "test_pearson_p": [
      -0.0020375202700504396,
      -0.07094404397585408,
      -0.014513266533175142,
      -0.09893485260998161,
      -0.5628007928368799
    ],
    "test_spearman_r": [
      0.6311527332565301,
      0.20428093491718335,
      0.3047221202341146,
      0.34877445432465537,
      0.08119073877832457
    ],
    "test_spearman_p": [
      -5.27038525406852e-07,
      -0.1463209761118913,
      -0.02805645669286857,
      -0.011275831580104029,
      -0.5711355699296161
    ],
    "test_kendall_r": [
      0.4245844169001338,
      0.13100044910100647,
      0.2208903346389144,
      0.2476350255117893,
      0.04857186716914567
    ],
    "test_kendall_p": [
      -1.2966951763856176e-05,
      -0.1762850361438597,
      -0.02273630961862735,
      -0.010657803773003812,
      -0.6196936929232273
    ],
    "test_rmse": [
      -0.6106920813434152,
      -0.6207236450296238,
      -0.6327150165823632,
      -0.6228687287592746,
      -0.561672641050523
    ],
    "test_mae": [
      -0.5182555126637142,
      -0.5093025159917192,
      -0.5282836142882039,
      -0.5288046744171153,
      -0.44347394888200914
    ],
    "test_r2": [
      0.14556458777865666,
      0.03712951021327826,
      -0.01618056521708322,
      0.012085576837527867,
      -0.03359619465616559
    ],
    "best_params": {
      "check_inverse": true,
      "func": null,
      "inverse_func": null,
      "regressor__copy_X": true,
      "regressor__fit_intercept": false,
      "regressor__n_jobs": null,
      "regressor__positive": false,
      "transformer__memory": null,
      "transformer__verbose": false,
      "transformer__y scaler__copy": true,
      "transformer__y scaler__with_mean": true,
      "transformer__y scaler__with_std": true
    }
  },
  "13": {
    "fit_time": [
      0.010966062545776367,
      0.01082754135131836,
      0.02402973175048828,
      0.01883554458618164,
      0.010704755783081055
    ],
    "score_time": [
      0.013036966323852539,
      0.013383865356445312,
      0.01367044448852539,
      0.01699542999267578,
      0.013522624969482422
    ],
    "test_pearson_r": [
      0.22462460181259736,
      0.3807991111816464,
      0.32438714846863304,
      0.2659140177270523,
      0.20802256223879861
    ],
    "test_pearson_p": [
      -0.10938825113392307,
      -0.00535272132431299,
      -0.018967977589336864,
      -0.05673054406366465,
      -0.14296803990345208
    ],
    "test_spearman_r": [
      0.2503912912362584,
      0.5977597309582079,
      0.39438868307896136,
      0.20750321777599454,
      0.14374437896464076
    ],
    "test_spearman_p": [
      -0.07339851464528466,
      -2.882310435788412e-06,
      -0.0038143914689463235,
      -0.13992453420400217,
      -0.3142571833165428
    ],
    "test_kendall_r": [
      0.1668343684307861,
      0.41715170909368793,
      0.2571356561687603,
      0.15434374122370428,
      0.12202509009141294
    ],
    "test_kendall_p": [
      -0.08729019777275976,
      -1.8054424151798503e-05,
      -0.008047711175629165,
      -0.11182236461711449,
      -0.21303115591406885
    ],
    "test_rmse": [
      -0.6179223035681582,
      -0.6184986657266832,
      -0.6212630793753376,
      -0.6216625050438497,
      -0.579032805338946
    ],
    "test_mae": [
      -0.5225787620646187,
      -0.5182695964647828,
      -0.5153518551916584,
      -0.5159932957741458,
      -0.45513526339777877
    ],
    "test_r2": [
      0.029372016660995537,
      0.09508519306309682,
      0.009625812822538826,
      0.06778015548961747,
      -0.04720358542294645
    ],
    "best_params": {
      "check_inverse": true,
      "func": null,
      "inverse_func": null,
      "regressor__copy_X": true,
      "regressor__fit_intercept": true,
      "regressor__n_jobs": null,
      "regressor__positive": false,
      "transformer__memory": null,
      "transformer__verbose": false,
      "transformer__y scaler__copy": true,
      "transformer__y scaler__with_mean": true,
      "transformer__y scaler__with_std": true
    }
  },
  "42": {
    "fit_time": [
      0.010780572891235352,
      0.010863542556762695,
      0.011231660842895508,
      0.011002063751220703,
      0.01064753532409668
    ],
    "score_time": [
      0.012283563613891602,
      0.012340307235717773,
      0.013017416000366211,
      0.013592720031738281,
      0.012346744537353516
    ],
    "test_pearson_r": [
      0.17947265703953091,
      0.2375279439071501,
      0.32996848087924324,
      0.2832504596555679,
      0.40412409599059457
    ],
    "test_pearson_p": [
      -0.20298203997057856,
      -0.08996880721781057,
      -0.016897672302172175,
      -0.04187342723701013,
      -0.003271012909371666
    ],
    "test_spearman_r": [
      0.2534179674467261,
      0.33985571071700843,
      0.40155983189140093,
      0.30698229869242394,
      0.2573353339662317
    ],
    "test_spearman_p": [
      -0.06987549726174215,
      -0.01370062172782191,
      -0.003171718022205075,
      -0.026854972167386502,
      -0.06830053477791864
    ],
    "test_kendall_r": [
      0.16780854275868604,
      0.25697338823328447,
      0.2739557801537499,
      0.19857047462298066,
      0.15738247614364154
    ],
    "test_kendall_p": [
      -0.08553109817034699,
      -0.007763281591886986,
      -0.004560030533137393,
      -0.040574491866952986,
      -0.1114667490788885
    ],
    "test_rmse": [
      -0.6642755012924103,
      -0.6446671983443881,
      -0.4706432338286497,
      -0.6167383004163707,
      -0.6211909205129952
    ],
    "test_mae": [
      -0.5660581615520012,
      -0.5102969880802201,
      -0.3725988968916738,
      -0.5270688721375019,
      -0.5365791643919154
    ],
    "test_r2": [
      0.005940930985146808,
      0.03547386805109631,
      0.10758750081888324,
      0.07683982919912302,
      0.07430037937287315
    ],
    "best_params": {
      "check_inverse": true,
      "func": null,
      "inverse_func": null,
      "regressor__copy_X": true,
      "regressor__fit_intercept": true,
      "regressor__n_jobs": null,
      "regressor__positive": false,
      "transformer__memory": null,
      "transformer__verbose": false,
      "transformer__y scaler__copy": true,
      "transformer__y scaler__with_mean": true,
      "transformer__y scaler__with_std": true
    }
  },
  "69": {
    "fit_time": [
      0.010401487350463867,
      0.010638952255249023,
      0.01035165786743164,
      0.010164737701416016,
      0.010514259338378906
    ],
    "score_time": [
      0.01229548454284668,
      0.015042781829833984,
      0.013182878494262695,
      0.01206660270690918,
      0.012108325958251953
    ],
    "test_pearson_r": [
      0.18010879338162059,
      0.33704613436745834,
      0.2937940431884804,
      0.311538257875438,
      0.22797158577001797
    ],
    "test_pearson_p": [
      -0.20135905004325072,
      -0.014551527320915941,
      -0.03451721406894945,
      -0.02456367847630077,
      -0.10762779446182011
    ],
    "test_spearman_r": [
      0.16548018063416145,
      0.33445975650570314,
      0.36524388897811294,
      0.47729773432603273,
      0.20102892671224856
    ],
    "test_spearman_p": [
      -0.2410402234455378,
      -0.015374368656766191,
      -0.007757185021764527,
      -0.00034650726005423804,
      -0.15720638106141976
    ],