{
  "6": {
    "fit_time": [
      0.010877847671508789,
      0.011078119277954102,
      0.010905981063842773,
      0.010833263397216797,
      0.01084136962890625
    ],
    "score_time": [
      0.015919923782348633,
      0.015056133270263672,
      0.015125513076782227,
      0.015762805938720703,
      0.01606130599975586
    ],
    "test_pearson_r": [
      0.3802212957495782,
      0.31604039840543946,
      0.13180742277447394,
      0.512828895834026,
      0.45464383186774115
    ],
    "test_pearson_p": [
      -0.005428721720879627,
      -0.022463055547725947,
      -0.3516238671180876,
      -0.00010142497697334868,
      -0.0008034478950330441
    ],
    "test_spearman_r": [
      0.4018433943526878,
      0.5167483653621238,
      0.10384776293342314,
      0.49685245694841895,
      0.4576172077076632
    ],
    "test_spearman_p": [
      -0.0031484014422934054,
      -8.78244401597531e-05,
      -0.46377970768011123,
      -0.00017918468294499457,
      -0.0007346607383788141
    ],
    "test_kendall_r": [
      0.29543344116193704,
      0.34324205137808866,
      0.09195095999071645,
      0.3643326551758855,
      0.35750081415317175
    ],
    "test_kendall_p": [
      -0.0025893121374563335,
      -0.00040586513743430346,
      -0.35055467649605,
      -0.000204996392780724,
      -0.00031799051545157854
    ],
    "test_rmse": [
      -0.6127473496756419,
      -0.6319822497906129,
      -0.6838777975530784,
      -0.5436196446924503,
      -0.49356670610750136
    ],
    "test_mae": [
      -0.5085218668327246,
      -0.5114712818877555,
      -0.5546817554807932,
      -0.4464144492337637,
      -0.39579136339038656
    ],
    "test_r2": [
      0.13980374972999043,
      0.001883903355064609,
      -0.1871664357591858,
      0.24748258393851974,
      0.2018655174102595
    ],
    "best_params": {
      "check_inverse": true,
      "func": null,
      "inverse_func": null,
      "regressor__copy_X": true,
      "regressor__fit_intercept": false,
      "regressor__n_jobs": null,
      "regressor__positive": false,
      "transformer__memory": null,
      "transformer__verbose": false,
      "transformer__y scaler__copy": true,
      "transformer__y scaler__with_mean": true,
      "transformer__y scaler__with_std": true
    }
  },
  "13": {
    "fit_time": [
      0.01063990592956543,
      0.010632514953613281,
      0.01085042953491211,
      0.010589838027954102,
      0.010533571243286133
    ],
    "score_time": [
      0.012372970581054688,
      0.012382268905639648,
      0.01248025894165039,
      0.012130260467529297,
      0.012044191360473633
    ],
    "test_pearson_r": [
      0.2989847348199096,
      0.5683498929308867,
      0.3014691822291655,
      0.3414006191184016,
      0.4251344500441687
    ],
    "test_pearson_p": [
      -0.03130950250106635,
      -1.1065523218245246e-05,
      -0.02986427082077612,
      -0.013251154695304418,
      -0.0018722124924422398
    ],
    "test_spearman_r": [
      0.31628111935313513,
      0.569701461878869,
      0.384047837392886,
      0.3404815924995317,
      0.4237878944637171
    ],
    "test_spearman_p": [
      -0.02235514129376182,
      -1.043151338095685e-05,
      -0.004942511715747018,
      -0.013516982450496545,
      -0.0019424560823228893
    ],
    "test_kendall_r": [
      0.24665031908237073,
      0.4155794292213899,
      0.29065684588194124,
      0.22978130395200083,
      0.2737814707139504
    ],
    "test_kendall_p": [
      -0.01237548228969527,
      -2.236223829967626e-05,
      -0.003158774185269012,
      -0.01902254508453422,
      -0.005215400150464944
    ],
    "test_rmse": [
      -0.6193570466917157,
      -0.5420669331969276,
      -0.599795036374481,
      -0.6102542490995181,
      -0.5238693641333254
    ],
    "test_mae": [
      -0.5188935486257008,
      -0.46129060875643335,
      -0.47094939014227144,
      -0.4921227651722483,
      -0.4561498331775768
    ],
    "test_r2": [
      0.02485941517165402,
      0.3049180809402098,
      0.07688893365064786,
      0.10168092943645424,
      0.1428224566821834
    ],
    "best_params": {
      "check_inverse": true,
      "func": null,
      "inverse_func": null,
      "regressor__copy_X": true,
      "regressor__fit_intercept": true,
      "regressor__n_jobs": null,
      "regressor__positive": false,
      "transformer__memory": null,
      "transformer__verbose": false,
      "transformer__y scaler__copy": true,
      "transformer__y scaler__with_mean": true,
      "transformer__y scaler__with_std": true
    }
  },
  "42": {
    "fit_time": [
      0.010806083679199219,
      0.010782241821289062,
      0.010635614395141602,
      0.010612726211547852,
      0.010796308517456055
    ],
    "score_time": [
      0.012109041213989258,
      0.012215614318847656,
      0.012033700942993164,
      0.012607097625732422,
      0.012221813201904297
    ],
    "test_pearson_r": [
      0.42350036909977784,
      0.23713958095925675,
      0.32268828652854475,
      0.6364106351698138,
      0.4159527269473247
    ],
    "test_pearson_p": [
      -0.0017580927876051629,
      -0.09051106400307926,
      -0.019639316611383854,
      -3.9591442009074915e-07,
      -0.002399650759333344
    ],
    "test_spearman_r": [
      0.4190673066689806,
      0.25195681968955524,
      0.40719429025188336,
      0.6171808407845312,
      0.45797698215305105
    ],
    "test_spearman_p": [
      -0.001986998735180804,
      -0.07155907228589316,
      -0.0027359124921847527,
      -1.0989963717223743e-06,
      -0.0007267075927290416
    ],
    "test_kendall_r": [
      0.27517201431511096,
      0.19511401158257266,
      0.28546850963669157,
      0.43719091864439774,
      0.35124824777497
    ],
    "test_kendall_p": [
      -0.0049789338443846564,
      -0.04579065896815835,
      -0.003690383237917526,
      -7.3136694208785455e-06,
      -0.0004465986707436238
    ],
    "test_rmse": [
      -0.6058029285730521,
      -0.6677118558822263,
      -0.5466985337376973,
      -0.5206717054441803,
      -0.6016402023201275
    ],
    "test_mae": [
      -0.5035604140041845,
      -0.48848552100629117,
      -0.43114687536771734,
      -0.4604305230046645,
      -0.5303994867613773
    ],
    "test_r2": [
      0.17324190261380046,
      -0.03471567272505549,
      -0.20414232996246828,
      0.34203442011320373,
      0.131652447920922
    ],
    "best_params": {
      "check_inverse": true,
      "func": null,
      "inverse_func": null,
      "regressor__copy_X": true,
      "regressor__fit_intercept": false,
      "regressor__n_jobs": null,
      "regressor__positive": false,
      "transformer__memory": null,
      "transformer__verbose": false,
      "transformer__y scaler__copy": true,
      "transformer__y scaler__with_mean": true,
      "transformer__y scaler__with_std": true
    }
  },
  "69": {
    "fit_time": [
      0.01054525375366211,
      0.010492086410522461,
      0.010309934616088867,
      0.010364770889282227,
      0.01047658920288086
    ],
    "score_time": [
      0.012130260467529297,
      0.012174606323242188,
      0.011878013610839844,
      0.011907339096069336,
      0.01210641860961914
    ],
    "test_pearson_r": [
      0.5345903631185094,
      0.27614648000863923,
      0.43689606611088133,
      0.2891691499956555,
      0.3431675258152179
    ],
    "test_pearson_p": [
      -4.4573509757493935e-05,
      -0.047520471971108154,
      -0.0012023115903094664,
      -0.03760016368157533,
      -0.01368900066894112
    ],
    "test_spearman_r": [
      0.5114545693027108,
      0.1860187006741898,
      0.4969705616325291,
      0.41524482309795424,
      0.357641091607769
    ],
    "test_spearman_p": [
      -0.00010663267575639873,
      -0.18671825542769313,
      -0.0001784506875868078,
      -0.0022052777403823672,
      -0.009978041186161121
    ],