{
  "6": {
    "fit_time": [
      1.6277339458465576,
      1.576585054397583,
      1.5801093578338623,
      1.6209309101104736,
      1.618971586227417
    ],
    "score_time": [
      0.07772946357727051,
      0.07318592071533203,
      0.07065391540527344,
      0.07481217384338379,
      0.07309913635253906
    ],
    "test_pearson_r": [
      0.6381508313120862,
      0.7257544635217411,
      0.4605037927649115,
      0.5339994752303139,
      0.5261327022450386
    ],
    "test_spearman_r": [
      0.6468798609806663,
      0.6956441372821942,
      0.5185549570851254,
      0.5815532698785263,
      0.5260861902831317
    ],
    "test_rmse": [
      -0.5090463772028234,
      -0.4392523528766017,
      -0.5661797848644521,
      -0.5314798568165442,
      -0.48088707503613015
    ],
    "test_mae": [
      -0.390677578072154,
      -0.3404858724549771,
      -0.4316168233684638,
      -0.4248515561958984,
      -0.3665650648842312
    ],
    "test_r2": [
      0.40632417543938304,
      0.5178307708973753,
      0.18630186820675032,
      0.280716845190809,
      0.2423466098717615
    ],
    "best_params": {
      "check_inverse": true,
      "func": null,
      "inverse_func": null,
      "regressor__bootstrap": true,
      "regressor__ccp_alpha": 0.0,
      "regressor__criterion": "squared_error",
      "regressor__max_depth": null,
      "regressor__max_features": "log2",
      "regressor__max_leaf_nodes": null,
      "regressor__max_samples": null,
      "regressor__min_impurity_decrease": 0.0,
      "regressor__min_samples_leaf": 0.001,
      "regressor__min_samples_split": 0.001,
      "regressor__min_weight_fraction_leaf": 0.0,
      "regressor__monotonic_cst": null,
      "regressor__n_estimators": 2000,
      "regressor__n_jobs": null,
      "regressor__oob_score": false,
      "regressor__random_state": null,
      "regressor__verbose": 0,
      "regressor__warm_start": false,
      "transformer__memory": null,
      "transformer__verbose": false,
      "transformer__y scaler__copy": true,
      "transformer__y scaler__with_mean": true,
      "transformer__y scaler__with_std": true
    }
  },
  "13": {
    "fit_time": [
      1.6643705368041992,
      1.6336541175842285,
      1.6560375690460205,
      1.6460516452789307,
      1.6605424880981445
    ],
    "score_time": [
      0.08158683776855469,
      0.0692136287689209,
      0.07043123245239258,
      0.07223773002624512,
      0.0701451301574707
    ],
    "test_pearson_r": [
      0.5912211805929991,
      0.6421270800480382,
      0.456003169293283,
      0.5874803557292892,
      0.5600892121887219
    ],
    "test_spearman_r": [
      0.49212629575451616,
      0.6520284445735143,
      0.49498974578940985,
      0.5625511779296805,
      0.5047345813553643
    ],
    "test_rmse": [
      -0.5146329865420407,
      -0.499175208887907,
      -0.5770015175319416,
      -0.5216566854899627,
      -0.4728232812929365
    ],
    "test_mae": [
      -0.37978646054376547,
      -0.37132017050419697,
      -0.43509062736284415,
      -0.4039417749189058,
      -0.3814999957157225
    ],
    "test_r2": [
      0.32674388704681445,
      0.41056465135618125,
      0.14571627385721175,
      0.34358491844653827,
      0.3017314425027009
    ],
    "best_params": {
      "check_inverse": true,
      "func": null,
      "inverse_func": null,
      "regressor__bootstrap": true,
      "regressor__ccp_alpha": 0.0,
      "regressor__criterion": "squared_error",
      "regressor__max_depth": null,
      "regressor__max_features": null,
      "regressor__max_leaf_nodes": null,
      "regressor__max_samples": null,
      "regressor__min_impurity_decrease": 0.0,
      "regressor__min_samples_leaf": 0.001,
      "regressor__min_samples_split": 0.001,
      "regressor__min_weight_fraction_leaf": 0.0,
      "regressor__monotonic_cst": null,
      "regressor__n_estimators": 2000,
      "regressor__n_jobs": null,
      "regressor__oob_score": false,
      "regressor__random_state": null,
      "regressor__verbose": 0,
      "regressor__warm_start": false,
      "transformer__memory": null,
      "transformer__verbose": false,
      "transformer__y scaler__copy": true,
      "transformer__y scaler__with_mean": true,
      "transformer__y scaler__with_std": true
    }
  },
  "42": {
    "fit_time": [
      1.6360507011413574,
      1.6351144313812256,
      1.6269659996032715,
      1.6194579601287842,
      1.5877249240875244
    ],
    "score_time": [
      0.07033181190490723,
      0.06903243064880371,
      0.07197189331054688,
      0.07839441299438477,
      0.0680687427520752
    ],
    "test_pearson_r": [
      0.6586958595301823,
      0.4562924635707495,
      0.5812974694717066,
      0.6839401986112519,
      0.5445503732338314
    ],
    "test_spearman_r": [
      0.6520892444757445,
      0.4751938060052655,
      0.5585752213522946,
      0.6434394676977102,
      0.5682595310102692
    ],
    "test_rmse": [
      -0.5034276796570888,
      -0.5887076969656398,
      -0.4095846950599168,
      -0.4686961271928823,
      -0.5462303796945399
    ],
    "test_mae": [
      -0.3706874381449496,
      -0.450417210875905,
      -0.3346848202736211,
      -0.366034455721104,
      -0.4110378810014393
    ],
    "test_r2": [
      0.4290607488897512,
      0.1956551601394223,
      0.32412023331494,
      0.4668395209025139,
      0.28423313730608857
    ],
    "best_params": {
      "check_inverse": true,
      "func": null,
      "inverse_func": null,
      "regressor__bootstrap": true,
      "regressor__ccp_alpha": 0.0,
      "regressor__criterion": "squared_error",
      "regressor__max_depth": null,
      "regressor__max_features": "sqrt",
      "regressor__max_leaf_nodes": null,
      "regressor__max_samples": null,
      "regressor__min_impurity_decrease": 0.0,
      "regressor__min_samples_leaf": 0.001,
      "regressor__min_samples_split": 0.0025441527181454923,
      "regressor__min_weight_fraction_leaf": 0.0,
      "regressor__monotonic_cst": null,
      "regressor__n_estimators": 2000,
      "regressor__n_jobs": null,
      "regressor__oob_score": false,
      "regressor__random_state": null,
      "regressor__verbose": 0,
      "regressor__warm_start": false,
      "transformer__memory": null,
      "transformer__verbose": false,
      "transformer__y scaler__copy": true,
      "transformer__y scaler__with_mean": true,
      "transformer__y scaler__with_std": true
    }
  },
  "69": {
    "fit_time": [
      0.02390575408935547,
      0.02201986312866211,
      0.02208423614501953,
      0.01688098907470703,
      0.023728132247924805
    ],
    "score_time": [
      0.009672403335571289,
      0.010422945022583008,
      0.009444713592529297,
      0.009736061096191406,
      0.008956193923950195
    ],
    "test_pearson_r": [
      0.6094218733168104,
      0.5965324599102236,
      0.6024729427198106,
      0.43748594771236454,
      0.7072547006356223
    ],
    "test_spearman_r": [
      0.5603300563667272,
      0.5805553182164951,
      0.5906255149448925,
      0.44618745191086817,
      0.6959201871453393
    ],
    "test_rmse": [
      -0.5036910192404497,
      -0.48030480831378,
      -0.501655366831225,
      -0.5555920664103697,
      -0.5014349727178964
    ],
    "test_mae": [
      -0.3926475521683065,
      -0.38631405628538573,
      -0.3830046759342164,
      -0.42908848876187533,
      -0.36901500146958316
    ],
    "test_r2": [
      0.34234077550986,
      0.34379346119918175,
      0.3587999839882823,
      0.1286550700625192,
      0.4654854690685897
    ],
    "best_params": {
      "check_inverse": true,
      "func": null,
      "inverse_func": null,
      "regressor__bootstrap": true,
      "regressor__ccp_alpha": 0.0,
      "regressor__criterion": "squared_error",
      "regressor__max_depth": null,
      "regressor__max_features": "sqrt",
      "regressor__max_leaf_nodes": null,
      "regressor__max_samples": null,