{
  "6": {
    "fit_time": [
      0.9366159439086914,
      0.9510059356689453,
      0.9190685749053955,
      0.9257867336273193,
      0.9295451641082764
    ],
    "score_time": [
      0.03219795227050781,
      0.034795284271240234,
      0.030406475067138672,
      0.03221774101257324,
      0.031430959701538086
    ],
    "test_pearson_r": [
      0.8485135169888749,
      0.929204722576279,
      0.8472132714909847,
      0.810662985789035,
      0.8687866774999496
    ],
    "test_spearman_r": [
      0.8488661808323418,
      0.923844609721419,
      0.8710638649347319,
      0.8188124921988678,
      0.8554475993619892
    ],
    "test_rmse": [
      -0.3143122691815686,
      -0.24656445316007264,
      -0.35405230078421446,
      -0.4045929918011058,
      -0.29279356267302237
    ],
    "test_mae": [
      -0.18537217909568657,
      -0.1728017888688328,
      -0.1977888685236604,
      -0.21447957309001328,
      -0.19031177844023492
    ],
    "test_r2": [
      0.7111135623710614,
      0.8627271593619932,
      0.6602170539629366,
      0.6510537517855471,
      0.734758371608735
    ],
    "best_params": {
      "check_inverse": true,
      "func": null,
      "inverse_func": null,
      "regressor__natural_gradient": true,
      "regressor__n_estimators": 120,
      "regressor__learning_rate": 0.07192383009613768,
      "regressor__minibatch_frac": 1.0,
      "regressor__col_sample": 1.0,
      "regressor__verbose": false,
      "transformer__memory": null,
      "transformer__verbose": false,
      "transformer__y scaler__copy": true,
      "transformer__y scaler__with_mean": true,
      "transformer__y scaler__with_std": true
    }
  },
  "13": {
    "fit_time": [
      0.5779125690460205,
      0.6246705055236816,
      0.5778164863586426,
      0.5781559944152832,
      0.5977482795715332
    ],
    "score_time": [
      0.022206783294677734,
      0.021136760711669922,
      0.02467942237854004,
      0.024085521697998047,
      0.022748470306396484
    ],
    "test_pearson_r": [
      0.7220025830650363,
      0.8645306421031113,
      0.9259610911695183,
      0.8845203683627744,
      0.9271617669297015
    ],
    "test_spearman_r": [
      0.7103534003979758,
      0.9066349646797789,
      0.9267377563739563,
      0.8645676577001356,
      0.9096795001292246
    ],
    "test_rmse": [
      -0.4759094830077054,
      -0.31588069433687094,
      -0.2032947646618024,
      -0.3147560815804659,
      -0.23993897324666105
    ],
    "test_mae": [
      -0.2873558537978076,
      -0.1856674837090854,
      -0.14573549228425317,
      -0.19303080105228668,
      -0.15626002370211756
    ],
    "test_r2": [
      0.46424081208012535,
      0.7467396362974481,
      0.8517283748604811,
      0.7711850176692453,
      0.8522678579724211
    ],
    "best_params": {
      "check_inverse": true,
      "func": null,
      "inverse_func": null,
      "regressor__natural_gradient": true,
      "regressor__n_estimators": 74,
      "regressor__learning_rate": 0.1,
      "regressor__minibatch_frac": 1.0,
      "regressor__col_sample": 1.0,
      "regressor__verbose": false,
      "transformer__memory": null,
      "transformer__verbose": false,
      "transformer__y scaler__copy": true,
      "transformer__y scaler__with_mean": true,
      "transformer__y scaler__with_std": true
    }
  },
  "42": {
    "fit_time": [
      1.1550030708312988,
      1.1593763828277588,
      1.1498878002166748,
      1.143444538116455,
      1.1566386222839355
    ],
    "score_time": [
      0.038306474685668945,
      0.03802990913391113,
      0.039769649505615234,
      0.03785538673400879,
      0.03852081298828125
    ],
    "test_pearson_r": [
      0.8791113375409914,
      0.8774752484867916,
      0.7933256037293481,
      0.8806487152676923,
      0.9021671678451585
    ],
    "test_spearman_r": [
      0.8690092933727124,
      0.8909707835518657,
      0.8310198413842682,
      0.9047267697574851,
      0.8927400314582539
    ],
    "test_rmse": [
      -0.311269342345177,
      -0.30637886002920295,
      -0.3837959029298673,
      -0.3156914072536486,
      -0.25750318674232314
    ],
    "test_mae": [
      -0.20565699669935608,
      -0.1881536634196725,
      -0.22281534257949798,
      -0.1839133301519341,
      -0.17279552283107832
    ],
    "test_r2": [
      0.759132554066968,
      0.7562320350784193,
      0.6139971288200774,
      0.7630500077993687,
      0.81259130387238
    ],
    "best_params": {
      "check_inverse": true,
      "func": null,
      "inverse_func": null,
      "regressor__natural_gradient": true,
      "regressor__n_estimators": 150,
      "regressor__learning_rate": 0.050674455321693596,
      "regressor__minibatch_frac": 1.0,
      "regressor__col_sample": 1.0,
      "regressor__verbose": false,
      "transformer__memory": null,
      "transformer__verbose": false,
      "transformer__y scaler__copy": true,
      "transformer__y scaler__with_mean": true,
      "transformer__y scaler__with_std": true
    }
  },
  "69": {
    "fit_time": [
      5.909163475036621,
      5.852116584777832,
      5.940487623214722,
      5.725594520568848,
      5.700812578201294
    ],
    "score_time": [
      0.17225170135498047,
      0.1645522117614746,
      0.15801572799682617,
      0.1516892910003662,
      0.15169239044189453
    ],
    "test_pearson_r": [
      0.8603698916825436,
      0.881244897765424,
      0.8641115899457256,
      0.8247014521731805,
      0.898163630142841
    ],
    "test_spearman_r": [
      0.8549141459244081,
      0.849116139474759,
      0.8401557787558287,
      0.8477552870852416,
      0.923917781630443
    ],
    "test_rmse": [
      -0.3555084686741734,
      -0.28305658293341684,
      -0.31237613026207417,
      -0.3473465849153102,
      -0.292815527724778
    ],
    "test_mae": [
      -0.17608282654597973,
      -0.18287791265200698,
      -0.17539160195813494,
      -0.22723210537466884,
      -0.17050157818836617
    ],
    "test_r2": [
      0.7367934202458533,
      0.7722167845038374,
      0.7165995461084154,
      0.6644056491738684,
      0.7984561069398921
    ],
    "best_params": {
      "check_inverse": true,
      "func": null,
      "inverse_func": null,
      "regressor__natural_gradient": true,
      "regressor__n_estimators": 757,
      "regressor__learning_rate": 0.013709986922571945,
      "regressor__minibatch_frac": 1.0,
      "regressor__col_sample": 1.0,
      "regressor__verbose": false,
      "transformer__memory": null,
      "transformer__verbose": false,
      "transformer__y scaler__copy": true,
      "transformer__y scaler__with_mean": true,
      "transformer__y scaler__with_std": true
    }
  },
  "420": {
    "fit_time": [
      0.44371509552001953,
      0.4571187496185303,
      0.4342231750488281,
      0.43797850608825684,
      0.43134140968322754
    ],
    "score_time": [
      0.018775463104248047,
      0.020239830017089844,
      0.018383264541625977,
      0.018616914749145508,
      0.0193941593170166
    ],
    "test_pearson_r": [
      0.8936199077489543,
      0.9544432292971005,
      0.7380349861214737,
      0.8720991117361452,
      0.8944753216367084
    ],
    "test_spearman_r": [
      0.8970304520800968,
      0.9448093147655752,
      0.7362157936745384,
      0.8839231348423819,
      0.8860221253286537
    ],
    "test_rmse": [
      -0.30094396098133835,
      -0.20944951890238273,
      -0.43807237755752937,
      -0.28959191349916247,
      -0.24269790105692082
    ],
    "test_mae": [
      -0.17251388377818683,
      -0.14586434909295115,
      -0.2657450828859311,
      -0.1835156095481532,
      -0.17470265873432006
    ],
    "test_r2": [
      0.7973251463374658,
      0.9005672275245364,
      0.5368761001785067,
      0.7573831104922283,
      0.7999522452999535
    ],
    "best_params": {
      "check_inverse": true,
      "func": null,
      "inverse_func": null,