{
  "6": {
    "fit_time": [
      0.013715267181396484,
      0.02476024627685547,
      0.012567520141601562,
      0.012901782989501953,
      0.02268385887145996
    ],
    "score_time": [
      0.012688398361206055,
      0.011821508407592773,
      0.011803150177001953,
      0.01669621467590332,
      0.011488199234008789
    ],
    "test_pearson_r": [
      0.8253009488202168,
      0.929011067875339,
      0.8553346189527542,
      0.8079538278543881,
      0.8581677613790155
    ],
    "test_spearman_r": [
      0.8223050671258706,
      0.9248269543021999,
      0.8808667565278657,
      0.8176362298642885,
      0.8366024503367935
    ],
    "test_rmse": [
      -0.3455206610711962,
      -0.2486086413401245,
      -0.36500210143364326,
      -0.4126921212306416,
      -0.3076400793369315
    ],
    "test_mae": [
      -0.20176583537562007,
      -0.16968523820348586,
      -0.18997209923079375,
      -0.21349433333959625,
      -0.1998399421943548
    ],
    "test_r2": [
      0.6508978453195851,
      0.8604415521262643,
      0.6388750745025362,
      0.636943532952649,
      0.7071774848685661
    ],
    "best_params": {
      "check_inverse": true,
      "func": null,
      "inverse_func": null,
      "regressor__ccp_alpha": 0.001,
      "regressor__criterion": "squared_error",
      "regressor__max_depth": null,
      "regressor__max_features": null,
      "regressor__max_leaf_nodes": null,
      "regressor__min_impurity_decrease": 0.0,
      "regressor__min_samples_leaf": 0.001,
      "regressor__min_samples_split": 0.001,
      "regressor__min_weight_fraction_leaf": 0.0,
      "regressor__monotonic_cst": null,
      "regressor__random_state": null,
      "regressor__splitter": "best",
      "transformer__memory": null,
      "transformer__verbose": false,
      "transformer__y scaler__copy": true,
      "transformer__y scaler__with_mean": true,
      "transformer__y scaler__with_std": true
    }
  },
  "13": {
    "fit_time": [
      0.01137232780456543,
      0.010998010635375977,
      0.01112818717956543,
      0.011810064315795898,
      0.011585474014282227
    ],
    "score_time": [
      0.011711835861206055,
      0.010608196258544922,
      0.009771585464477539,
      0.010587692260742188,
      0.019555091857910156
    ],
    "test_pearson_r": [
      0.7246999257678408,
      0.8609714556247475,
      0.9180003132329947,
      0.8824753012020757,
      0.9335423129259852
    ],
    "test_spearman_r": [
      0.7192171880215565,
      0.9037424545695626,
      0.9248309621279078,
      0.8709575016634067,
      0.9189905642299735
    ],
    "test_rmse": [
      -0.4894016530199435,
      -0.3224423761520724,
      -0.22227211497867508,
      -0.3324553469231143,
      -0.22486875559788494
    ],
    "test_mae": [
      -0.2805602263465463,
      -0.1961414612019399,
      -0.1547261559020234,
      -0.18978923342429463,
      -0.14009898316648717
    ],
    "test_r2": [
      0.43343234913260253,
      0.7361085714698511,
      0.8227543349465014,
      0.7447281993417081,
      0.8702427490850785
    ],
    "best_params": {
      "check_inverse": true,
      "func": null,
      "inverse_func": null,
      "regressor__ccp_alpha": 0.001,
      "regressor__criterion": "squared_error",
      "regressor__max_depth": null,
      "regressor__max_features": "sqrt",
      "regressor__max_leaf_nodes": null,
      "regressor__min_impurity_decrease": 0.0,
      "regressor__min_samples_leaf": 0.0010000000000001097,
      "regressor__min_samples_split": 0.001,
      "regressor__min_weight_fraction_leaf": 0.0,
      "regressor__monotonic_cst": null,
      "regressor__random_state": null,
      "regressor__splitter": "best",
      "transformer__memory": null,
      "transformer__verbose": false,
      "transformer__y scaler__copy": true,
      "transformer__y scaler__with_mean": true,
      "transformer__y scaler__with_std": true
    }
  },
  "42": {
    "fit_time": [
      0.011639118194580078,
      0.011427879333496094,
      0.01191568374633789,
      0.02145552635192871,
      0.023049592971801758
    ],
    "score_time": [
      0.010343074798583984,
      0.009279727935791016,
      0.012742042541503906,
      0.010548830032348633,
      0.012041091918945312
    ],
    "test_pearson_r": [
      0.88765077849817,
      0.8702192115745973,
      0.8077517868804042,
      0.8773072692800458,
      0.9041590955925133
    ],
    "test_spearman_r": [
      0.8613085627610804,
      0.8767486227932209,
      0.826158813844069,
      0.8968156338169326,
      0.8957137644110739
    ],
    "test_rmse": [
      -0.3023066210864932,
      -0.32589667689248697,
      -0.38556924160106665,
      -0.32739625784031856,
      -0.2610059870611333
    ],
    "test_mae": [
      -0.19378453865857143,
      -0.19037604618603907,
      -0.20261917110411715,
      -0.18408263385493429,
      -0.16400631919118772
    ],
    "test_r2": [
      0.7728039745050181,
      0.7241843504976767,
      0.6104218158992205,
      0.745153543828976,
      0.8074580073922273
    ],
    "best_params": {
      "check_inverse": true,
      "func": null,
      "inverse_func": null,
      "regressor__ccp_alpha": 0.001,
      "regressor__criterion": "squared_error",
      "regressor__max_depth": null,
      "regressor__max_features": null,
      "regressor__max_leaf_nodes": null,
      "regressor__min_impurity_decrease": 0.0,
      "regressor__min_samples_leaf": 0.001,
      "regressor__min_samples_split": 0.001,
      "regressor__min_weight_fraction_leaf": 0.0,
      "regressor__monotonic_cst": null,
      "regressor__random_state": null,
      "regressor__splitter": "best",
      "transformer__memory": null,
      "transformer__verbose": false,
      "transformer__y scaler__copy": true,
      "transformer__y scaler__with_mean": true,
      "transformer__y scaler__with_std": true
    }
  },
  "69": {
    "fit_time": [
      0.02737712860107422,
      0.0246889591217041,
      0.011188983917236328,
      0.011023998260498047,
      0.011647939682006836
    ],
    "score_time": [
      0.0099029541015625,
      0.013276100158691406,
      0.009743213653564453,
      0.011264801025390625,
      0.00965118408203125
    ],
    "test_pearson_r": [
      0.8583980732315488,
      0.8709026885691993,
      0.8586109724447122,
      0.8012542081838024,
      0.9020745246099358
    ],
    "test_spearman_r": [
      0.8619143873555907,
      0.8466953351000958,
      0.8332582468659687,
      0.8082571092211697,
      0.922772468767734
    ],
    "test_rmse": [
      -0.36006819467446716,
      -0.3002987449710182,
      -0.3257112157998836,
      -0.3843275972067278,
      -0.2916461063150334
    ],
    "test_mae": [
      -0.17570506692957735,
      -0.19964605879243166,
      -0.18598301429658673,
      -0.23044073728758652,
      -0.165038265408235
    ],
    "test_r2": [
      0.7299983843490807,
      0.7436211267125115,
      0.6918868118906943,
      0.5891420295482133,
      0.8000627096135033
    ],
    "best_params": {
      "check_inverse": true,
      "func": null,
      "inverse_func": null,
      "regressor__ccp_alpha": 0.001,
      "regressor__criterion": "squared_error",
      "regressor__max_depth": null,
      "regressor__max_features": "sqrt",
      "regressor__max_leaf_nodes": null,
      "regressor__min_impurity_decrease": 0.0,
      "regressor__min_samples_leaf": 0.001,
      "regressor__min_samples_split": 0.001,
      "regressor__min_weight_fraction_leaf": 0.0,
      "regressor__monotonic_cst": null,
      "regressor__random_state": null,
      "regressor__splitter": "best",
      "transformer__memory": null,
      "transformer__verbose": false,
      "transformer__y scaler__copy": true,
      "transformer__y scaler__with_mean": true,
      "transformer__y scaler__with_std": true
    }
  },