{
  "6": {
    "fit_time": [
      0.04810357093811035,
      0.04907393455505371,
      0.04459428787231445,
      0.0398564338684082,
      0.03278374671936035
    ],
    "score_time": [
      0.00928497314453125,
      0.006510734558105469,
      0.008518695831298828,
      0.0,
      0.016665935516357422
    ],
    "test_pearson_r": [
      0.4576205422189507,
      0.47607250087509756,
      0.461509248089905,
      0.53888980245768,
      0.5557230618268775
    ],
    "test_spearman_r": [
      0.4817502352058045,
      0.4414676490261255,
      0.5071724268481761,
      0.583801906678801,
      0.5485755832327016
    ],
    "test_rmse": [
      -0.5053630915253102,
      -0.5999996330864713,
      -0.5056758000061575,
      -0.5593154412145371,
      -0.4726443675935212
    ],
    "test_mae": [
      -0.3669793332240001,
      -0.43478645310390074,
      -0.36324868417674316,
      -0.40957632222982365,
      -0.33087940980307295
    ],
    "test_r2": [
      0.2004613798907594,
      0.18712145674624991,
      0.18778436750996086,
      0.26858625909150424,
      0.308825652914837
    ]
  },
  "13": {
    "fit_time": [
      0.02161121368408203,
      0.02161121368408203,
      0.02161121368408203,
      0.018718481063842773,
      0.02380967140197754
    ],
    "score_time": [
      0.008111953735351562,
      0.009109735488891602,
      0.009109735488891602,
      0.007094621658325195,
      0.003050088882446289
    ],
    "test_pearson_r": [
      0.36608814248601274,
      0.5238217676834365,
      0.5838295162455132,
      0.47598960866610274,
      0.4920288582505324
    ],
    "test_spearman_r": [
      0.37070678367336196,
      0.4940098855902344,
      0.5919092916942366,
      0.5019197022946159,
      0.5428779910274769
    ],
    "test_rmse": [
      -0.6195397868129547,
      -0.5318223671345066,
      -0.40944602393762397,
      -0.581157116354765,
      -0.5286998405525374
    ],
    "test_mae": [
      -0.47869675410937274,
      -0.374808128639076,
      -0.292139566294547,
      -0.43847500109880766,
      -0.39676846209678807
    ],
    "test_r2": [
      0.09205547473992559,
      0.20676649688496063,
      0.339585933454046,
      0.1822471257098216,
      0.24164952680587726
    ]
  },
  "42": {
    "fit_time": [
      0.02026081085205078,
      0.02026081085205078,
      0.02026081085205078,
      0.01592254638671875,
      0.02026081085205078
    ],
    "score_time": [
      0.0068171024322509766,
      0.009490728378295898,
      0.009005308151245117,
      0.006037712097167969,
      0.010531425476074219
    ],
    "test_pearson_r": [
      0.4479922719169952,
      0.40561938762018207,
      0.3796665421791548,
      0.43602604790561444,
      0.5810561128283079
    ],
    "test_spearman_r": [
      0.38528730050773996,
      0.4324539452344651,
      0.44454833763059814,
      0.4326965371314718,
      0.5790741706344653
    ],
    "test_rmse": [
      -0.5942326119576861,
      -0.5574450478960294,
      -0.5541239874228883,
      -0.550569690117576,
      -0.46673161854745404
    ],
    "test_mae": [
      -0.4929955359341752,
      -0.38012060243250395,
      -0.3862524346613507,
      -0.4194813129241781,
      -0.33658459876776914
    ],
    "test_r2": [
      0.12215391530337116,
      0.14755811730633273,
      0.14058152465938778,
      0.18455414341315535,
      0.3354055442466757
    ]
  },
  "69": {
    "fit_time": [
      0.018024682998657227,
      0.0200350284576416,
      0.022158145904541016,
      0.022158145904541016,
      0.022158145904541016
    ],
    "score_time": [
      0.008151531219482422,
      0.008819580078125,
      0.006696462631225586,
      0.0076978206634521484,
      0.0076978206634521484
    ],
    "test_pearson_r": [
      0.4972537676995313,
      0.363701402747804,
      0.4823305895859335,
      0.5245144323431369,
      0.46186193764870215
    ],
    "test_spearman_r": [
      0.49822711956607313,
      0.3207743893407948,
      0.5275337678144862,
      0.4917434873672148,
      0.47877842553953026
    ],
    "test_rmse": [
      -0.6012071344830348,
      -0.5616864899750205,
      -0.4780896528019133,
      -0.4962993212069608,
      -0.5529261565466922
    ],
    "test_mae": [
      -0.41320730550607304,
      -0.4658852143448734,
      -0.33465389019347996,
      -0.37391068841710606,
      -0.4091748289470432
    ],
    "test_r2": [
      0.24725983164440213,
      0.10306048706789539,
      0.23117833327532877,
      0.2679894048922785,
      0.19789069669248793
    ]
  },
  "420": {
    "fit_time": [
      0.018580198287963867,
      0.021093130111694336,
      0.018159866333007812,
      0.020171642303466797,
      0.020171642303466797
    ],
    "score_time": [
      0.009397029876708984,
      0.007884502410888672,
      0.006884098052978516,
      0.007358551025390625,
      0.00687098503112793
    ],
    "test_pearson_r": [
      0.5392234934962924,
      0.446733935352265,
      0.43419830665626674,
      0.5174771968247743,
      0.5186206042943869
    ],
    "test_spearman_r": [
      0.6104208473739723,
      0.45527196647457835,
      0.4506348042271865,
      0.4686736333651308,
      0.514291723163015
    ],
    "test_rmse": [
      -0.5678537402163433,
      -0.5804300043083818,
      -0.5477000626671811,
      -0.5228501450798071,
      -0.44792034019998905
    ],
    "test_mae": [
      -0.40429866636420103,
      -0.4465285211236777,
      -0.4177313777657787,
      -0.3650111651505442,
      -0.32243831047917504
    ],
    "test_r2": [
      0.24244145924967953,
      0.194108554748173,
      0.16716164260315136,
      0.20913449189095512,
      0.26052340060788737
    ]
  },
  "1234567890": {
    "fit_time": [
      0.020107269287109375,
      0.020107269287109375,
      0.02412104606628418,
      0.022114276885986328,
      0.022114276885986328
    ],
    "score_time": [
      0.006678104400634766,
      0.006678104400634766,
      0.01018977165222168,
      0.011165857315063477,
      0.00916743278503418
    ],
    "test_pearson_r": [
      0.5349974895116412,
      0.5054588176378624,
      0.4203967778458182,
      0.5153009926902495,
      0.5114936575069616
    ],
    "test_spearman_r": [
      0.5326815545428137,
      0.5340094357942462,
      0.4313126564110366,
      0.5291669143822907,
      0.5370393844294185
    ],
    "test_rmse": [
      -0.5461293286315979,
      -0.4868663717943585,
      -0.5764937923231102,
      -0.5104655048474553,
      -0.5295639772578093
    ],
    "test_mae": [
      -0.40305028315776126,
      -0.3559081851746608,
      -0.422384513485267,
      -0.3884479348833909,
      -0.3505056883016944
    ],
    "test_r2": [
      0.23172263478264443,
      0.23852794372191832,
      0.1653397185708071,
      0.24891405987359327,
      0.25833309316079145
    ]
  },
  "473129": {
    "fit_time": [
      0.020397663116455078,
      0.02441549301147461,
      0.022407054901123047,
      0.022407054901123047,
      0.02441549301147461
    ],
    "score_time": [
      0.009465456008911133,
      0.008280515670776367,
      0.009287834167480469,
      0.008083820343017578,
      0.008280515670776367
    ],
    "test_pearson_r": [
      0.3857476931813194,
      0.5633838245676898,
      0.4243152515181469,
      0.4681928371098343,
      0.43379331934858956
    ],
    "test_spearman_r": [
      0.439374248403109,
      0.5564084505963008,
      0.4443438981789314,
      0.4873171817704324,
      0.3738890186824179
    ],
    "test_rmse": [
      -0.5459447025008934,
      -0.46779272721942405,
      -0.5173755965193718,
      -0.5842372550835135,
      -0.6000906193746012
    ],
    "test_mae": [
      -0.4116887028801614,
      -0.3138416296050481,
      -0.3897456798112313,
      -0.4279197755074461,
      -0.46882794862527805
    ],
    "test_r2": [
      0.14022092196017877,
      0.31718163640715324,
      0.17283478226782933,
      0.19717088654344794,
      0.053596874904081715
    ]
  },