{
  "6": {
    "fit_time": [
      27.83397078514099,
      26.23298978805542,
      26.911291122436523,
      27.796608686447144,
      23.474839448928833
    ],
    "score_time": [
      0.6124720573425293,
      0.5943031311035156,
      0.5901930332183838,
      0.612478494644165,
      0.6050620079040527
    ],
    "test_pearson_r": [
      0.8972757398424185,
      0.9479277551478977,
      0.9181708951268301,
      0.870146943406327,
      0.9051863608219178
    ],
    "test_spearman_r": [
      0.8778132088770693,
      0.9340668856847891,
      0.9059233901967538,
      0.8598696518942074,
      0.9004271662441525
    ],
    "test_rmse": [
      -0.2523411108256576,
      -0.20679602911314834,
      -0.22302600404285008,
      -0.29858347354591874,
      -0.28350110786976684
    ],
    "test_mae": [
      -0.13835192060631415,
      -0.14435269080194618,
      -0.13379293725442046,
      -0.16601001985542013,
      -0.17858539913080318
    ],
    "test_r2": [
      0.8018033999823414,
      0.8985226304825535,
      0.8377270256658238,
      0.7448404909194695,
      0.8005435507946432
    ],
    "best_params": {
      "check_inverse": true,
      "func": null,
      "inverse_func": null,
      "regressor__natural_gradient": true,
      "regressor__n_estimators": 2000,
      "regressor__learning_rate": 0.1,
      "regressor__minibatch_frac": 1.0,
      "regressor__col_sample": 1.0,
      "regressor__verbose": false,
      "transformer__memory": null,
      "transformer__verbose": false,
      "transformer__y scaler__copy": true,
      "transformer__y scaler__with_mean": true,
      "transformer__y scaler__with_std": true
    }
  },
  "13": {
    "fit_time": [
      1.0615992546081543,
      1.0441124439239502,
      1.1568143367767334,
      1.111051082611084,
      1.0173475742340088
    ],
    "score_time": [
      0.049666404724121094,
      0.04544830322265625,
      0.045667409896850586,
      0.05047774314880371,
      0.04496455192565918
    ],
    "test_pearson_r": [
      0.9159179062430144,
      0.9231162503825435,
      0.9191571678419314,
      0.9037844063819381,
      0.9489204566339277
    ],
    "test_spearman_r": [
      0.8727319152616732,
      0.9197390359508393,
      0.8876115077120007,
      0.8831687848790929,
      0.9421376871882886
    ],
    "test_rmse": [
      -0.23710281816706985,
      -0.25132068386764406,
      -0.2301805816108247,
      -0.27598110249785546,
      -0.19155897114382858
    ],
    "test_mae": [
      -0.12915632198200194,
      -0.17187663341294912,
      -0.1268616806665837,
      -0.17185489609063054,
      -0.11426792600084444
    ],
    "test_r2": [
      0.8320736798887375,
      0.8419714461650539,
      0.8384719396754596,
      0.8046331811279079,
      0.8957428828817771
    ],
    "best_params": {
      "check_inverse": true,
      "func": null,
      "inverse_func": null,
      "regressor__natural_gradient": true,
      "regressor__n_estimators": 117,
      "regressor__learning_rate": 0.1,
      "regressor__minibatch_frac": 1.0,
      "regressor__col_sample": 1.0,
      "regressor__verbose": false,
      "transformer__memory": null,
      "transformer__verbose": false,
      "transformer__y scaler__copy": true,
      "transformer__y scaler__with_mean": true,
      "transformer__y scaler__with_std": true
    }
  },
  "42": {
    "fit_time": [
      25.412416696548462,
      23.889714002609253,
      25.389320850372314,
      28.39451766014099,
      25.598660707473755
    ],
    "score_time": [
      0.6369655132293701,
      0.6406564712524414,
      0.6115601062774658,
      0.7119817733764648,
      0.6319451332092285
    ],
    "test_pearson_r": [
      0.8897979416194987,
      0.9473285564400027,
      0.8908652721363659,
      0.9602000391140886,
      0.9127259914119861
    ],
    "test_spearman_r": [
      0.84318703337778,
      0.938593830126796,
      0.8544676229308302,
      0.9435705485402979,
      0.9074280420891271
    ],
    "test_rmse": [
      -0.30451662435354476,
      -0.18793810054397309,
      -0.26827645488017277,
      -0.17661134526049516,
      -0.23518574218527216
    ],
    "test_mae": [
      -0.17928261072233542,
      -0.1313609782646053,
      -0.15755079478507913,
      -0.1142235667256964,
      -0.135047082831987
    ],
    "test_r2": [
      0.791660645839181,
      0.8973597501323336,
      0.7573891625851417,
      0.9187289857957508,
      0.8319146710162195
    ],
    "best_params": {
      "check_inverse": true,
      "func": null,
      "inverse_func": null,
      "regressor__natural_gradient": true,
      "regressor__n_estimators": 2000,
      "regressor__learning_rate": 0.04686607920396243,
      "regressor__minibatch_frac": 1.0,
      "regressor__col_sample": 1.0,
      "regressor__verbose": false,
      "transformer__memory": null,
      "transformer__verbose": false,
      "transformer__y scaler__copy": true,
      "transformer__y scaler__with_mean": true,
      "transformer__y scaler__with_std": true
    }
  },
  "69": {
    "fit_time": [
      2.645585536956787,
      2.7955434322357178,
      2.7883412837982178,
      3.0826995372772217,
      2.776859998703003
    ],
    "score_time": [
      0.10632658004760742,
      0.1090700626373291,
      0.10886073112487793,
      0.12141203880310059,
      0.10047459602355957
    ],
    "test_pearson_r": [
      0.9767260715258119,
      0.72581114464782,
      0.9110390895050757,
      0.8630912076800591,
      0.9581936071433319
    ],
    "test_spearman_r": [
      0.966296925360253,
      0.7187363783593127,
      0.8721615690390766,
      0.8515053360430713,
      0.9485858011611603
    ],
    "test_rmse": [
      -0.13958443628125672,
      -0.459427847631967,
      -0.23862075387160311,
      -0.3248249769475093,
      -0.17204833005266684
    ],
    "test_mae": [
      -0.09993621252315185,
      -0.24695484710869778,
      -0.13326575461308998,
      -0.20010676744117348,
      -0.10961744077781187
    ],
    "test_r2": [
      0.9484643238045003,
      0.4075998289085613,
      0.8283371248401651,
      0.7368536363724107,
      0.9139984214794237
    ],
    "best_params": {
      "check_inverse": true,
      "func": null,
      "inverse_func": null,
      "regressor__natural_gradient": true,
      "regressor__n_estimators": 315,
      "regressor__learning_rate": 0.04633314768397971,
      "regressor__minibatch_frac": 1.0,
      "regressor__col_sample": 1.0,
      "regressor__verbose": false,
      "transformer__memory": null,
      "transformer__verbose": false,
      "transformer__y scaler__copy": true,
      "transformer__y scaler__with_mean": true,
      "transformer__y scaler__with_std": true
    }
  },
  "420": {
    "fit_time": [
      9.975448369979858,
      10.120503664016724,
      9.253327131271362,
      10.26838207244873,
      9.580516815185547
    ],
    "score_time": [
      0.27079129219055176,
      0.30284547805786133,
      0.2646310329437256,
      0.29828882217407227,
      0.28728246688842773
    ],
    "test_pearson_r": [
      0.9570250247404565,
      0.9203351313991137,
      0.8893568376393203,
      0.8795167324732175,
      0.9269405597363416
    ],
    "test_spearman_r": [
      0.9299793044204349,
      0.9253385965173506,
      0.8551177046288607,
      0.8714124296239876,
      0.9226855399311246
    ],
    "test_rmse": [
      -0.19536408186837137,
      -0.2465899632968942,
      -0.2863698792497345,
      -0.285824113204644,
      -0.19920850377609917
    ],
    "test_mae": [
      -0.11937545610579899,
      -0.1382132926955212,
      -0.16547021767343356,
      -0.17685247497646156,
      -0.12815901151507655
    ],
    "test_r2": [
      0.9055560719743803,
      0.8449468058665324,
      0.7796886982281908,
      0.7661893245353181,
      0.840402661391664
    ],
    "best_params": {
      "check_inverse": true,
      "func": null,
      "inverse_func": null,
      "regressor__natural_gradient": true,