{
  "6": {
    "fit_time": [
      2.3668832778930664,
      2.6248884201049805,
      2.631514549255371,
      2.754804849624634,
      2.6828455924987793
    ],
    "score_time": [
      0.02553558349609375,
      0.026491165161132812,
      0.028108835220336914,
      0.033745765686035156,
      0.03046107292175293
    ],
    "test_pearson_r": [
      0.9898193337572753,
      0.9525639862234552,
      0.9184189940682759,
      0.9689742705294662,
      0.9788987966038898
    ],
    "test_spearman_r": [
      0.982369264502386,
      0.9357978314693075,
      0.9344090843305828,
      0.971674955930122,
      0.9684148604009231
    ],
    "test_rmse": [
      -0.098574962055112,
      -0.1938299974663909,
      -0.25885754926541654,
      -0.15662065373911951,
      -0.11492622121612643
    ],
    "test_mae": [
      -0.05709160382011919,
      -0.10670222573038224,
      -0.11119439738366228,
      -0.09925131145307743,
      -0.08251497301870976
    ],
    "test_r2": [
      0.9777378092676654,
      0.9061113102299011,
      0.829910983048022,
      0.9375367847286437,
      0.9567264408561773
    ],
    "best_params": {
      "check_inverse": true,
      "func": null,
      "inverse_func": null,
      "regressor__categorical_features": "warn",
      "regressor__early_stopping": "auto",
      "regressor__interaction_cst": null,
      "regressor__l2_regularization": 6.448401308368314e-07,
      "regressor__learning_rate": 0.03020828320323669,
      "regressor__loss": "squared_error",
      "regressor__max_bins": 255,
      "regressor__max_depth": null,
      "regressor__max_features": 1.0,
      "regressor__max_iter": 838,
      "regressor__max_leaf_nodes": 748,
      "regressor__min_samples_leaf": 5,
      "regressor__monotonic_cst": null,
      "regressor__n_iter_no_change": 10,
      "regressor__quantile": null,
      "regressor__random_state": null,
      "regressor__scoring": "neg_root_mean_squared_error",
      "regressor__tol": 1e-07,
      "regressor__validation_fraction": 0.1,
      "regressor__verbose": 0,
      "regressor__warm_start": false,
      "transformer__memory": null,
      "transformer__verbose": false,
      "transformer__y scaler__copy": true,
      "transformer__y scaler__with_mean": true,
      "transformer__y scaler__with_std": true
    }
  },
  "13": {
    "fit_time": [
      1.8133928775787354,
      1.7730247974395752,
      1.6778233051300049,
      1.7993812561035156,
      1.6545424461364746
    ],
    "score_time": [
      0.052939653396606445,
      0.042116403579711914,
      0.041352272033691406,
      0.04503464698791504,
      0.03937172889709473
    ],
    "test_pearson_r": [
      0.9781526991152367,
      0.9782931289755309,
      0.8633097051510732,
      0.9619447926082346,
      0.9477640010439956
    ],
    "test_spearman_r": [
      0.9548326511433359,
      0.9771582281982681,
      0.8746024633270126,
      0.9498623297290784,
      0.9407212996063171
    ],
    "test_rmse": [
      -0.1312814731647934,
      -0.1415274369144485,
      -0.32265085802041327,
      -0.1795505919766603,
      -0.18257046948020403
    ],
    "test_mae": [
      -0.08827927694281394,
      -0.08558200951902678,
      -0.1488751383001461,
      -0.10773214657532301,
      -0.1074993463246604
    ],
    "test_r2": [
      0.9561881140314407,
      0.9526182121801728,
      0.732875408368609,
      0.9222352682731337,
      0.8958915822503943
    ],
    "best_params": {
      "check_inverse": true,
      "func": null,
      "inverse_func": null,
      "regressor__categorical_features": "warn",
      "regressor__early_stopping": "auto",
      "regressor__interaction_cst": null,
      "regressor__l2_regularization": 0.0001,
      "regressor__learning_rate": 0.1,
      "regressor__loss": "squared_error",
      "regressor__max_bins": 255,
      "regressor__max_depth": null,
      "regressor__max_features": 1.0,
      "regressor__max_iter": 2000,
      "regressor__max_leaf_nodes": 7,
      "regressor__min_samples_leaf": 8,
      "regressor__monotonic_cst": null,
      "regressor__n_iter_no_change": 10,
      "regressor__quantile": null,
      "regressor__random_state": null,
      "regressor__scoring": "neg_root_mean_squared_error",
      "regressor__tol": 1e-07,
      "regressor__validation_fraction": 0.1,
      "regressor__verbose": 0,
      "regressor__warm_start": false,
      "transformer__memory": null,
      "transformer__verbose": false,
      "transformer__y scaler__copy": true,
      "transformer__y scaler__with_mean": true,
      "transformer__y scaler__with_std": true
    }
  },
  "42": {
    "fit_time": [
      0.8157598972320557,
      0.8399531841278076,
      0.8266782760620117,
      0.8434345722198486,
      0.8110265731811523
    ],
    "score_time": [
      0.019600391387939453,
      0.020520925521850586,
      0.019027233123779297,
      0.021625757217407227,
      0.018645048141479492
    ],
    "test_pearson_r": [
      0.9487299689209983,
      0.9832263831818172,
      0.9503265443838387,
      0.9760747000102608,
      0.8992295323764848
    ],
    "test_spearman_r": [
      0.9454630837390453,
      0.9785708187483991,
      0.9451013882677874,
      0.9738291502835222,
      0.9031630390515408
    ],
    "test_rmse": [
      -0.21943794517688425,
      -0.1216389751649844,
      -0.1569698458771896,
      -0.14167198897717237,
      -0.2902194892116446
    ],
    "test_mae": [
      -0.12173589262397619,
      -0.08638892935093433,
      -0.09881926242109625,
      -0.07587893861079917,
      -0.11445545417440019
    ],
    "test_r2": [
      0.891522622847821,
      0.965660943602727,
      0.9007308120612597,
      0.9512871878384072,
      0.7979434032437299
    ],
    "best_params": {
      "check_inverse": true,
      "func": null,
      "inverse_func": null,
      "regressor__categorical_features": "warn",
      "regressor__early_stopping": "auto",
      "regressor__interaction_cst": null,
      "regressor__l2_regularization": 1e-08,
      "regressor__learning_rate": 0.1,
      "regressor__loss": "squared_error",
      "regressor__max_bins": 255,
      "regressor__max_depth": null,
      "regressor__max_features": 1.0,
      "regressor__max_iter": 593,
      "regressor__max_leaf_nodes": 11,
      "regressor__min_samples_leaf": 3,
      "regressor__monotonic_cst": null,
      "regressor__n_iter_no_change": 10,
      "regressor__quantile": null,
      "regressor__random_state": null,
      "regressor__scoring": "neg_root_mean_squared_error",
      "regressor__tol": 1e-07,
      "regressor__validation_fraction": 0.1,
      "regressor__verbose": 0,
      "regressor__warm_start": false,
      "transformer__memory": null,
      "transformer__verbose": false,
      "transformer__y scaler__copy": true,
      "transformer__y scaler__with_mean": true,
      "transformer__y scaler__with_std": true
    }
  },
  "69": {
    "fit_time": [
      4.37045693397522,
      4.17406153678894,
      4.31273889541626,
      4.353232383728027,
      4.139678001403809
    ],
    "score_time": [
      0.046250343322753906,
      0.04354572296142578,
      0.04459691047668457,
      0.04970145225524902,
      0.04458189010620117
    ],
    "test_pearson_r": [
      0.9779396077219487,
      0.864174423231183,
      0.9530327880677132,
      0.8271499525988356,
      0.9053097918590391
    ],
    "test_spearman_r": [
      0.9783346498418614,
      0.8743223052294555,
      0.9522732123799359,
      0.8631774426180352,
      0.9092513407607837
    ],
    "test_rmse": [
      -0.13067737179288907,
      -0.31269211221510285,
      -0.19943631832619133,
      -0.36190730695154305,
      -0.30093539441235273
    ],
    "test_mae": [
      -0.07488889042430477,
      -0.14664468790951102,
      -0.0950807766299618,
      -0.15089877416942088,
      -0.13888887992900703
    ],