{
  "6": {
    "fit_time": [
      22.154488801956177,
      22.43712043762207,
      23.135098457336426,
      20.802745580673218,
      21.73027539253235
    ],
    "score_time": [
      0.4695119857788086,
      0.5214345455169678,
      0.46611595153808594,
      0.48601508140563965,
      0.4762120246887207
    ],
    "test_pearson_r": [
      0.974847843797079,
      0.9723136057595232,
      0.9392551381991779,
      0.9513973691663492,
      0.9313140227756533
    ],
    "test_spearman_r": [
      0.9743852459016393,
      0.9602678985305225,
      0.9401208640529861,
      0.9411605307669174,
      0.9104855900080585
    ],
    "test_rmse": [
      -0.12764447173721194,
      -0.1528445836853773,
      -0.19064477619078093,
      -0.18397302468704074,
      -0.24604703794794516
    ],
    "test_mae": [
      -0.0929681657962563,
      -0.09855059993407926,
      -0.10536614364157153,
      -0.11376841838045447,
      -0.1348757714145047
    ],
    "test_r2": [
      0.9492864281652384,
      0.9445648895357626,
      0.8814272179739556,
      0.9031301732473355,
      0.8497637119360467
    ],
    "best_params": {
      "check_inverse": true,
      "func": null,
      "inverse_func": null,
      "regressor__natural_gradient": true,
      "regressor__n_estimators": 1546,
      "regressor__learning_rate": 0.1,
      "regressor__minibatch_frac": 1.0,
      "regressor__col_sample": 1.0,
      "regressor__verbose": false,
      "transformer__memory": null,
      "transformer__verbose": false,
      "transformer__y scaler__copy": true,
      "transformer__y scaler__with_mean": true,
      "transformer__y scaler__with_std": true
    }
  },
  "13": {
    "fit_time": [
      12.254934787750244,
      12.561977624893188,
      13.298431158065796,
      10.819378852844238,
      11.912389039993286
    ],
    "score_time": [
      0.31269383430480957,
      0.30468249320983887,
      0.2853553295135498,
      0.2884664535522461,
      0.28983569145202637
    ],
    "test_pearson_r": [
      0.9861312230752776,
      0.9369569161979283,
      0.9589688777232805,
      0.9292491307150391,
      0.9659868718830263
    ],
    "test_spearman_r": [
      0.9756207012845626,
      0.9258546962570803,
      0.9379089937189642,
      0.9306568034328158,
      0.957724181722597
    ],
    "test_rmse": [
      -0.10009765837570696,
      -0.22318302386652922,
      -0.1624516150503396,
      -0.23722447047405568,
      -0.1536400300776431
    ],
    "test_mae": [
      -0.07180088598016567,
      -0.1277145548464831,
      -0.10471530648516095,
      -0.13593456788047248,
      -0.10820494678831565
    ],
    "test_r2": [
      0.9700709332329193,
      0.8753760778818452,
      0.9195439552861705,
      0.8556518951824386,
      0.9329329062549067
    ],
    "best_params": {
      "check_inverse": true,
      "func": null,
      "inverse_func": null,
      "regressor__natural_gradient": true,
      "regressor__n_estimators": 914,
      "regressor__learning_rate": 0.1,
      "regressor__minibatch_frac": 1.0,
      "regressor__col_sample": 1.0,
      "regressor__verbose": false,
      "transformer__memory": null,
      "transformer__verbose": false,
      "transformer__y scaler__copy": true,
      "transformer__y scaler__with_mean": true,
      "transformer__y scaler__with_std": true
    }
  },
  "42": {
    "fit_time": [
      16.76163339614868,
      16.114745378494263,
      16.754759311676025,
      15.957562685012817,
      16.96931552886963
    ],
    "score_time": [
      0.39624738693237305,
      0.37303972244262695,
      0.370128870010376,
      0.3875603675842285,
      0.36025524139404297
    ],
    "test_pearson_r": [
      0.969701867075265,
      0.9796062329546896,
      0.9357595393490088,
      0.9668682445187922,
      0.9566316375174775
    ],
    "test_spearman_r": [
      0.9562154607248586,
      0.9745005339552592,
      0.9017513726577152,
      0.9632763948964954,
      0.9567977094171065
    ],
    "test_rmse": [
      -0.16507540614453825,
      -0.11808198716851269,
      -0.1930793851259032,
      -0.16325549647590137,
      -0.1671969634592439
    ],
    "test_mae": [
      -0.10517242375644896,
      -0.08936529628770863,
      -0.12399411580892139,
      -0.09919406964922375,
      -0.10068634435045402
    ],
    "test_r2": [
      0.9387770786641944,
      0.9594813151614588,
      0.8743342598248364,
      0.9305560994810513,
      0.9150497618660607
    ],
    "best_params": {
      "check_inverse": true,
      "func": null,
      "inverse_func": null,
      "regressor__natural_gradient": true,
      "regressor__n_estimators": 1193,
      "regressor__learning_rate": 0.067506958120799,
      "regressor__minibatch_frac": 1.0,
      "regressor__col_sample": 1.0,
      "regressor__verbose": false,
      "transformer__memory": null,
      "transformer__verbose": false,
      "transformer__y scaler__copy": true,
      "transformer__y scaler__with_mean": true,
      "transformer__y scaler__with_std": true
    }
  },
  "69": {
    "fit_time": [
      20.447144985198975,
      17.801440954208374,
      17.35502791404724,
      23.955883026123047,
      17.404873609542847
    ],
    "score_time": [
      0.5989351272583008,
      0.7968971729278564,
      0.5945022106170654,
      0.6589601039886475,
      0.6140849590301514
    ],
    "test_pearson_r": [
      0.9891495267721324,
      0.8074878447771715,
      0.9778285704061632,
      0.9344290861463029,
      0.9742946078593283
    ],
    "test_spearman_r": [
      0.9828793522687097,
      0.7840253424339874,
      0.9661325589232169,
      0.9273027602419862,
      0.9672572581844083
    ],
    "test_rmse": [
      -0.09492342917042304,
      -0.38002471083390005,
      -0.1227318845354445,
      -0.22886966574458076,
      -0.13583930960920979
    ],
    "test_mae": [
      -0.06475825490606577,
      -0.2006705051395819,
      -0.08918251689633364,
      -0.14011737201858704,
      -0.09269064652846273
    ],
    "test_r2": [
      0.9761668842190244,
      0.594674228514904,
      0.9545875679586285,
      0.8693603491438705,
      0.9463886886067872
    ],
    "best_params": {
      "check_inverse": true,
      "func": null,
      "inverse_func": null,
      "regressor__natural_gradient": true,
      "regressor__n_estimators": 2000,
      "regressor__learning_rate": 0.014917573023424903,
      "regressor__minibatch_frac": 1.0,
      "regressor__col_sample": 1.0,
      "regressor__verbose": false,
      "transformer__memory": null,
      "transformer__verbose": false,
      "transformer__y scaler__copy": true,
      "transformer__y scaler__with_mean": true,
      "transformer__y scaler__with_std": true
    }
  },
  "420": {
    "fit_time": [
      3.5703396797180176,
      3.6356377601623535,
      3.807515859603882,
      4.171375751495361,
      3.6374869346618652
    ],
    "score_time": [
      0.1397089958190918,
      0.13028860092163086,
      0.13872742652893066,
      0.14040780067443848,
      0.13194847106933594
    ],
    "test_pearson_r": [
      0.9733991284936505,
      0.9566735940962957,
      0.9397625799585844,
      0.9493260027163016,
      0.9666224243589236
    ],
    "test_spearman_r": [
      0.9574981375919811,
      0.9561242752779486,
      0.9073709743217485,
      0.9540229924131022,
      0.9466681773139755
    ],
    "test_rmse": [
      -0.1489207311073243,
      -0.1824112138581546,
      -0.21684644573764353,
      -0.1883085466737787,
      -0.13505026281668986
    ],
    "test_mae": [
      -0.10291451092514438,
      -0.10753705589586478,
      -0.11835931288856624,
      -0.12716953553233293,
      -0.0917423003309642
    ],
    "test_r2": [
      0.9451224240469942,
      0.9151536836265056,
      0.8736757524113022,
      0.8985138750180222,
      0.9266498907262362
    ],
    "best_params": {
      "check_inverse": true,
      "func": null,
      "inverse_func": null,
      "regressor__natural_gradient": true,