{
  "6": {
    "fit_time": [
      1.0866448879241943,
      1.0430166721343994,
      1.1038846969604492,
      1.0529448986053467,
      0.8978660106658936
    ],
    "score_time": [
      0.012396574020385742,
      0.012512445449829102,
      0.013117790222167969,
      0.013056755065917969,
      0.011398077011108398
    ],
    "test_pearson_r": [
      0.9359345135429307,
      0.7889043771463672,
      0.7362270140585543,
      0.899445456739579,
      0.7616171038394823
    ],
    "test_spearman_r": [
      0.9361216253427855,
      0.8523127512191814,
      0.7720189620594886,
      0.9071113081341787,
      0.7649108524439877
    ],
    "test_rmse": [
      -0.23458090569650944,
      -0.4152231565940601,
      -0.444632344434583,
      -0.2740771069972383,
      -0.3739285746352829
    ],
    "test_mae": [
      -0.14988086603925213,
      -0.2227918971068546,
      -0.2225014679921247,
      -0.17544302299112216,
      -0.22355408765893925
    ],
    "test_r2": [
      0.873927611861195,
      0.569141733594846,
      0.498169902695182,
      0.8087190175179931,
      0.5418985463894019
    ],
    "best_params": {
      "check_inverse": true,
      "func": null,
      "inverse_func": null,
      "regressor__activation": "relu",
      "regressor__alpha": 1.332865665147128e-07,
      "regressor__batch_size": 32,
      "regressor__beta_1": 0.9,
      "regressor__beta_2": 0.999,
      "regressor__early_stopping": false,
      "regressor__epsilon": 1e-08,
      "regressor__hidden_layer_sizes": 512,
      "regressor__learning_rate": "constant",
      "regressor__learning_rate_init": 0.0005605981978635558,
      "regressor__max_fun": 15000,
      "regressor__max_iter": 200,
      "regressor__momentum": 0.9,
      "regressor__n_iter_no_change": 10,
      "regressor__nesterovs_momentum": true,
      "regressor__power_t": 0.5,
      "regressor__random_state": null,
      "regressor__shuffle": true,
      "regressor__solver": "adam",
      "regressor__tol": 0.0001,
      "regressor__validation_fraction": 0.1,
      "regressor__verbose": false,
      "regressor__warm_start": false,
      "transformer__memory": null,
      "transformer__verbose": false,
      "transformer__y scaler__copy": true,
      "transformer__y scaler__with_mean": true,
      "transformer__y scaler__with_std": true
    }
  },
  "13": {
    "fit_time": [
      1.040217638015747,
      1.086371660232544,
      1.0965313911437988,
      1.0792887210845947,
      0.7657761573791504
    ],
    "score_time": [
      0.012921571731567383,
      0.011843204498291016,
      0.017154216766357422,
      0.00993204116821289,
      0.011571645736694336
    ],
    "test_pearson_r": [
      0.779832861515712,
      0.9043309999755983,
      0.6642268052973886,
      0.8367970030589145,
      0.8573930217100716
    ],
    "test_spearman_r": [
      0.8921198246469754,
      0.911691250447852,
      0.7291475551427333,
      0.8528853163166816,
      0.8357243098900949
    ],
    "test_rmse": [
      -0.46109324158756315,
      -0.2941135278889915,
      -0.4999316717992731,
      -0.3605575430149899,
      -0.2971343664839034
    ],
    "test_mae": [
      -0.20968899208148026,
      -0.16115826447043155,
      -0.24938043662438789,
      -0.19433069964623814,
      -0.19074957250831195
    ],
    "test_r2": [
      0.4595412169534785,
      0.7953743078239233,
      0.35868776596116014,
      0.6864129160127594,
      0.7242404564296893
    ],
    "best_params": {
      "check_inverse": true,
      "func": null,
      "inverse_func": null,
      "regressor__activation": "relu",
      "regressor__alpha": 1e-06,
      "regressor__batch_size": 32,
      "regressor__beta_1": 0.9,
      "regressor__beta_2": 0.999,
      "regressor__early_stopping": false,
      "regressor__epsilon": 1e-08,
      "regressor__hidden_layer_sizes": 512,
      "regressor__learning_rate": "constant",
      "regressor__learning_rate_init": 0.0008616996726832449,
      "regressor__max_fun": 15000,
      "regressor__max_iter": 200,
      "regressor__momentum": 0.9,
      "regressor__n_iter_no_change": 10,
      "regressor__nesterovs_momentum": true,
      "regressor__power_t": 0.5,
      "regressor__random_state": null,
      "regressor__shuffle": true,
      "regressor__solver": "adam",
      "regressor__tol": 0.0001,
      "regressor__validation_fraction": 0.1,
      "regressor__verbose": false,
      "regressor__warm_start": false,
      "transformer__memory": null,
      "transformer__verbose": false,
      "transformer__y scaler__copy": true,
      "transformer__y scaler__with_mean": true,
      "transformer__y scaler__with_std": true
    }
  },
  "42": {
    "fit_time": [
      1.1870732307434082,
      0.8819477558135986,
      0.6478111743927002,
      0.8906798362731934,
      0.9042761325836182
    ],
    "score_time": [
      0.011845111846923828,
      0.011908292770385742,
      0.012772798538208008,
      0.013004064559936523,
      0.011034250259399414
    ],
    "test_pearson_r": [
      0.8765424560772023,
      0.7540705202932362,
      0.6843730786215886,
      0.9408522878146803,
      0.7863541429277023
    ],
    "test_spearman_r": [
      0.8466218397124079,
      0.7966702248454515,
      0.8199534677101118,
      0.9348758797369824,
      0.8055168846723382
    ],
    "test_rmse": [
      -0.3209269229471235,
      -0.4590755494121441,
      -0.43265350294632465,
      -0.22214843337050877,
      -0.40409139857247006
    ],
    "test_mae": [
      -0.2074738343280219,
      -0.2652676522359053,
      -0.2186216225260984,
      -0.1450187797241474,
      -0.19064259856224064
    ],
    "test_r2": [
      0.7679786098994732,
      0.510884779740537,
      0.24584180596914174,
      0.8802262273303412,
      0.6082769750949183
    ],
    "best_params": {
      "check_inverse": true,
      "func": null,
      "inverse_func": null,
      "regressor__activation": "relu",
      "regressor__alpha": 1e-08,
      "regressor__batch_size": 32,
      "regressor__beta_1": 0.9,
      "regressor__beta_2": 0.999,
      "regressor__early_stopping": false,
      "regressor__epsilon": 1e-08,
      "regressor__hidden_layer_sizes": 512,
      "regressor__learning_rate": "constant",
      "regressor__learning_rate_init": 0.0012825044333710331,
      "regressor__max_fun": 15000,
      "regressor__max_iter": 200,
      "regressor__momentum": 0.9,
      "regressor__n_iter_no_change": 10,
      "regressor__nesterovs_momentum": true,
      "regressor__power_t": 0.5,
      "regressor__random_state": null,
      "regressor__shuffle": true,
      "regressor__solver": "adam",
      "regressor__tol": 0.0001,
      "regressor__validation_fraction": 0.1,
      "regressor__verbose": false,
      "regressor__warm_start": false,
      "transformer__memory": null,
      "transformer__verbose": false,
      "transformer__y scaler__copy": true,
      "transformer__y scaler__with_mean": true,
      "transformer__y scaler__with_std": true
    }
  },
  "69": {
    "fit_time": [
      0.584028959274292,
      0.5679812431335449,
      0.4156944751739502,
      0.5658621788024902,
      0.5363578796386719
    ],
    "score_time": [
      0.011535167694091797,
      0.01061701774597168,
      0.01142120361328125,
      0.014001131057739258,
      0.012955665588378906
    ],
    "test_pearson_r": [
      0.9083847793865845,
      0.8311520467339926,
      0.9148588005852584,
      0.6729574091271895,
      0.872071994475132
    ],
    "test_spearman_r": [
      0.9173640200808444,
      0.8364236655558055,
      0.9165314736611091,
      0.7548829169009093,
      0.8486809357889498
    ],
    "test_rmse": [
      -0.27270554010545894,
      -0.3329670014135337,
      -0.254618826130611,
      -0.51557119391612,
      -0.3381106824485964
    ],
    "test_mae": [
      -0.18113159428301542,
      -0.206540414692651,
      -0.165183090334395,
      -0.2570025829484227,
      -0.21024096839062864
    ],