{
  "6": {
    "fit_time": [
      0.03984642028808594,
      0.04009413719177246,
      0.04030251502990723,
      0.041579484939575195,
      0.04183340072631836
    ],
    "score_time": [
      0.012736320495605469,
      0.01408696174621582,
      0.012638330459594727,
      0.013931989669799805,
      0.013670206069946289
    ],
    "test_pearson_r": [
      0.9568489885322327,
      0.9581209174318663,
      0.9213932340852528,
      0.9220124612785463,
      0.9206335778415093
    ],
    "test_spearman_r": [
      0.9552818632243021,
      0.9666500746640119,
      0.8927803798751002,
      0.9129411764705881,
      0.9142495135526493
    ],
    "test_rmse": [
      -0.16712343976059196,
      -0.19540210358106247,
      -0.21727671969204582,
      -0.22997937118877906,
      -0.2615568471772179
    ],
    "test_mae": [
      -0.09613916358387367,
      -0.13224639815303396,
      -0.11811779207705779,
      -0.12144147646645327,
      -0.15931319187438212
    ],
    "test_r2": [
      0.9130649495323344,
      0.9093968535395369,
      0.8459855100297657,
      0.8486236636334185,
      0.8302261685230867
    ],
    "best_params": {
      "check_inverse": true,
      "func": null,
      "inverse_func": null,
      "regressor__bootstrap": true,
      "regressor__ccp_alpha": 0.0,
      "regressor__criterion": "squared_error",
      "regressor__max_depth": null,
      "regressor__max_features": "sqrt",
      "regressor__max_leaf_nodes": null,
      "regressor__max_samples": null,
      "regressor__min_impurity_decrease": 0.0,
      "regressor__min_samples_leaf": 0.001,
      "regressor__min_samples_split": 0.001,
      "regressor__min_weight_fraction_leaf": 0.0,
      "regressor__monotonic_cst": null,
      "regressor__n_estimators": 20,
      "regressor__n_jobs": null,
      "regressor__oob_score": false,
      "regressor__random_state": null,
      "regressor__verbose": 0,
      "regressor__warm_start": false,
      "transformer__memory": null,
      "transformer__verbose": false,
      "transformer__y scaler__copy": true,
      "transformer__y scaler__with_mean": true,
      "transformer__y scaler__with_std": true
    }
  },
  "13": {
    "fit_time": [
      0.0817258358001709,
      0.0825502872467041,
      0.08219504356384277,
      0.08434319496154785,
      0.0873110294342041
    ],
    "score_time": [
      0.013056278228759766,
      0.013235807418823242,
      0.013461589813232422,
      0.015051841735839844,
      0.015734434127807617
    ],
    "test_pearson_r": [
      0.9710848281136235,
      0.9326053304588542,
      0.9767556840248033,
      0.9198665890564232,
      0.9321683171392416
    ],
    "test_spearman_r": [
      0.9667876200640341,
      0.9096545016695908,
      0.9682572006369689,
      0.9080953889316259,
      0.9324553664731927
    ],
    "test_rmse": [
      -0.14283652249175113,
      -0.23252009804572338,
      -0.1282998328344303,
      -0.2557304340138588,
      -0.21950627006332854
    ],
    "test_mae": [
      -0.08585927720192585,
      -0.13907069386821738,
      -0.08335249615711889,
      -0.1713151592541176,
      -0.10297732377818809
    ],
    "test_r2": [
      0.9390569934625869,
      0.864730434513395,
      0.9498162867657369,
      0.8322521564402089,
      0.8631027952840902
    ],
    "best_params": {
      "check_inverse": true,
      "func": null,
      "inverse_func": null,
      "regressor__bootstrap": true,
      "regressor__ccp_alpha": 0.0,
      "regressor__criterion": "squared_error",
      "regressor__max_depth": null,
      "regressor__max_features": "sqrt",
      "regressor__max_leaf_nodes": null,
      "regressor__max_samples": null,
      "regressor__min_impurity_decrease": 0.0,
      "regressor__min_samples_leaf": 0.001,
      "regressor__min_samples_split": 0.001,
      "regressor__min_weight_fraction_leaf": 0.0,
      "regressor__monotonic_cst": null,
      "regressor__n_estimators": 51,
      "regressor__n_jobs": null,
      "regressor__oob_score": false,
      "regressor__random_state": null,
      "regressor__verbose": 0,
      "regressor__warm_start": false,
      "transformer__memory": null,
      "transformer__verbose": false,
      "transformer__y scaler__copy": true,
      "transformer__y scaler__with_mean": true,
      "transformer__y scaler__with_std": true
    }
  },
  "42": {
    "fit_time": [
      0.22237348556518555,
      0.2271878719329834,
      0.22389793395996094,
      0.2197120189666748,
      0.2378394603729248
    ],
    "score_time": [
      0.01952075958251953,
      0.021735429763793945,
      0.019862890243530273,
      0.019750118255615234,
      0.0210726261138916
    ],
    "test_pearson_r": [
      0.9794418735186117,
      0.9513916863203927,
      0.917968140466537,
      0.9462620302884704,
      0.9622549904798984
    ],
    "test_spearman_r": [
      0.9704589123037,
      0.9306545399336638,
      0.8963551213860039,
      0.9291160435871988,
      0.9673069528935639
    ],
    "test_rmse": [
      -0.15090700423545697,
      -0.19174656480147367,
      -0.21754465907063797,
      -0.21258728236304067,
      -0.1577387802326236
    ],
    "test_mae": [
      -0.10548161566693527,
      -0.12950746039711508,
      -0.13616254272819198,
      -0.12669977853802142,
      -0.08610062020334079
    ],
    "test_r2": [
      0.9488355753057104,
      0.8931577024563605,
      0.8404701597867267,
      0.8822467120497121,
      0.9243890341976689
    ],
    "best_params": {
      "check_inverse": true,
      "func": null,
      "inverse_func": null,
      "regressor__bootstrap": true,
      "regressor__ccp_alpha": 0.0,
      "regressor__criterion": "squared_error",
      "regressor__max_depth": null,
      "regressor__max_features": "sqrt",
      "regressor__max_leaf_nodes": null,
      "regressor__max_samples": null,
      "regressor__min_impurity_decrease": 0.0,
      "regressor__min_samples_leaf": 0.004522476646366864,
      "regressor__min_samples_split": 0.003508800928346626,
      "regressor__min_weight_fraction_leaf": 0.0,
      "regressor__monotonic_cst": null,
      "regressor__n_estimators": 150,
      "regressor__n_jobs": null,
      "regressor__oob_score": false,
      "regressor__random_state": null,
      "regressor__verbose": 0,
      "regressor__warm_start": false,
      "transformer__memory": null,
      "transformer__verbose": false,
      "transformer__y scaler__copy": true,
      "transformer__y scaler__with_mean": true,
      "transformer__y scaler__with_std": true
    }
  },
  "69": {
    "fit_time": [
      0.5162594318389893,
      0.5192427635192871,
      0.5323331356048584,
      0.5510976314544678,
      0.5601179599761963
    ],
    "score_time": [
      0.03320670127868652,
      0.03308606147766113,
      0.03461289405822754,
      0.03384518623352051,
      0.03527092933654785
    ],
    "test_pearson_r": [
      0.9945190648891482,
      0.912944241644888,
      0.9854054320214134,
      0.9126599834882109,
      0.9528464055035046
    ],
    "test_spearman_r": [
      0.990843312001332,
      0.9184786318871556,
      0.9707911946193816,
      0.9086877828054297,
      0.9418925655660352
    ],
    "test_rmse": [
      -0.07219838168608413,
      -0.26580439809991946,
      -0.10564243122966263,
      -0.26423446097268394,
      -0.18396357243482933
    ],
    "test_mae": [
      -0.05424531704532755,
      -0.17134439107442404,
      -0.07500997635659602,
      -0.166056695606353,
      -0.1114798481292789
    ],
    "test_r2": [
      0.9862123925224683,
      0.8017081480515966,
      0.9663537451495592,
      0.8258684547123227,
      0.90167381961732
    ],
    "best_params": {
      "check_inverse": true,
      "func": null,
      "inverse_func": null,
      "regressor__bootstrap": true,
      "regressor__ccp_alpha": 0.0,
      "regressor__criterion": "squared_error",
      "regressor__max_depth": null,
      "regressor__max_features": "sqrt",
      "regressor__max_leaf_nodes": null,