{
  "6": {
    "fit_time": [
      1.7766914367675781,
      1.789482593536377,
      1.7831840515136719,
      1.778374433517456,
      1.7803802490234375
    ],
    "score_time": [
      0.09442400932312012,
      0.09354591369628906,
      0.08806920051574707,
      0.10067343711853027,
      0.09561419486999512
    ],
    "test_r": [
      0.5885705613905291,
      0.4817345802225057,
      0.6400773519287788,
      0.6406770709045339,
      0.6823090401118583
    ],
    "test_r2": [
      0.3306232368647618,
      0.22577057250317267,
      0.2925065242975283,
      0.3614806642160514,
      0.4327928043529128
    ],
    "test_rmse": [
      -6.107422401816725,
      -7.07704796774762,
      -7.772101473339555,
      -4.694074729254438,
      -5.188623045245689
    ],
    "test_mae": [
      -3.6854220072927446,
      -4.038614621566359,
      -4.438370433369331,
      -3.4212047361088356,
      -3.4737157041532525
    ],
    "best_params": {
      "check_inverse": true,
      "func": null,
      "inverse_func": null,
      "regressor__bootstrap": true,
      "regressor__ccp_alpha": 0.0,
      "regressor__criterion": "squared_error",
      "regressor__max_depth": null,
      "regressor__max_features": "sqrt",
      "regressor__max_leaf_nodes": null,
      "regressor__max_samples": null,
      "regressor__min_impurity_decrease": 0.0,
      "regressor__min_samples_leaf": 0.05492619803964839,
      "regressor__min_samples_split": 0.0906488180712196,
      "regressor__min_weight_fraction_leaf": 0.0,
      "regressor__monotonic_cst": null,
      "regressor__n_estimators": 1961,
      "regressor__n_jobs": null,
      "regressor__oob_score": false,
      "regressor__random_state": null,
      "regressor__verbose": 0,
      "regressor__warm_start": false,
      "transformer__memory": null,
      "transformer__verbose": false,
      "transformer__y scaler__copy": true,
      "transformer__y scaler__with_mean": true,
      "transformer__y scaler__with_std": true
    }
  },
  "13": {
    "fit_time": [
      0.07287240028381348,
      0.07113981246948242,
      0.07073187828063965,
      0.07050013542175293,
      0.07245016098022461
    ],
    "score_time": [
      0.019539594650268555,
      0.02640819549560547,
      0.018169879913330078,
      0.01738142967224121,
      0.018138408660888672
    ],
    "test_r": [
      0.557581816749341,
      0.6526240993459196,
      0.5703092128242137,
      0.6517226703904314,
      0.5380008129620596
    ],
    "test_r2": [
      0.2954905640700166,
      0.38703434731135844,
      0.30513273065944313,
      0.4132086570374589,
      0.25369648349760576
    ],
    "test_rmse": [
      -6.36499095325279,
      -5.36274616497491,
      -6.893978734207954,
      -4.842808900601896,
      -7.548272616083561
    ],
    "test_mae": [
      -4.197378311173036,
      -3.200339344710772,
      -3.822999637092358,
      -3.45448038089142,
      -4.388953066492792
    ],
    "best_params": {
      "check_inverse": true,
      "func": null,
      "inverse_func": null,
      "regressor__bootstrap": true,
      "regressor__ccp_alpha": 0.0,
      "regressor__criterion": "squared_error",
      "regressor__max_depth": null,
      "regressor__max_features": "sqrt",
      "regressor__max_leaf_nodes": null,
      "regressor__max_samples": null,
      "regressor__min_impurity_decrease": 0.0,
      "regressor__min_samples_leaf": 0.05,
      "regressor__min_samples_split": 0.05,
      "regressor__min_weight_fraction_leaf": 0.0,
      "regressor__monotonic_cst": null,
      "regressor__n_estimators": 50,
      "regressor__n_jobs": null,
      "regressor__oob_score": false,
      "regressor__random_state": null,
      "regressor__verbose": 0,
      "regressor__warm_start": false,
      "transformer__memory": null,
      "transformer__verbose": false,
      "transformer__y scaler__copy": true,
      "transformer__y scaler__with_mean": true,
      "transformer__y scaler__with_std": true
    }
  },
  "42": {
    "fit_time": [
      0.6158349514007568,
      0.6196377277374268,
      0.62662672996521,
      0.6032817363739014,
      0.6167705059051514
    ],
    "score_time": [
      0.043683767318725586,
      0.03725481033325195,
      0.039360761642456055,
      0.04666614532470703,
      0.036405324935913086
    ],
    "test_r": [
      0.59840418242064,
      0.7729353357820339,
      0.5125497478411547,
      0.6786886262864378,
      0.5713839352825874
    ],
    "test_r2": [
      0.24302054408954765,
      0.5084995458509269,
      0.25890410117953155,
      0.42892331008749573,
      0.3233639864566039
    ],
    "test_rmse": [
      -8.973340969132785,
      -4.895337568898754,
      -5.910788458973495,
      -4.966665283427563,
      -5.409328283924991
    ],
    "test_mae": [
      -4.715689732365534,
      -3.2464462445775704,
      -3.2360834721619476,
      -3.334129674969267,
      -3.887816847018553
    ],
    "best_params": {
      "check_inverse": true,
      "func": null,
      "inverse_func": null,
      "regressor__bootstrap": true,
      "regressor__ccp_alpha": 0.0,
      "regressor__criterion": "squared_error",
      "regressor__max_depth": null,
      "regressor__max_features": "sqrt",
      "regressor__max_leaf_nodes": null,
      "regressor__max_samples": null,
      "regressor__min_impurity_decrease": 0.0,
      "regressor__min_samples_leaf": 0.05,
      "regressor__min_samples_split": 0.08294556332761206,
      "regressor__min_weight_fraction_leaf": 0.0,
      "regressor__monotonic_cst": null,
      "regressor__n_estimators": 637,
      "regressor__n_jobs": null,
      "regressor__oob_score": false,
      "regressor__random_state": null,
      "regressor__verbose": 0,
      "regressor__warm_start": false,
      "transformer__memory": null,
      "transformer__verbose": false,
      "transformer__y scaler__copy": true,
      "transformer__y scaler__with_mean": true,
      "transformer__y scaler__with_std": true
    }
  },
  "69": {
    "fit_time": [
      0.6509740352630615,
      0.6416037082672119,
      0.6448805332183838,
      0.6467404365539551,
      0.6487207412719727
    ],
    "score_time": [
      0.04995226860046387,
      0.06073808670043945,
      0.05419468879699707,
      0.05080270767211914,
      0.04749631881713867
    ],
    "test_r": [
      0.5604516871399821,
      0.6405810788451747,
      0.6226319809165594,
      0.6115503304963721,
      0.47014943972526624
    ],
    "test_r2": [
      0.294735210148356,
      0.38660292834825305,
      0.3370375485759892,
      0.2602912854455345,
      0.20796842720198871
    ],
    "test_rmse": [
      -4.924889338759843,
      -5.471732960015305,
      -6.859307074483919,
      -7.826797799927136,
      -6.25676837493586
    ],
    "test_mae": [
      -3.6514053211226587,
      -3.155512601097506,
      -4.287771651945218,
      -4.4839124280402824,
      -3.543196432481092
    ],
    "best_params": {
      "check_inverse": true,
      "func": null,
      "inverse_func": null,
      "regressor__bootstrap": true,
      "regressor__ccp_alpha": 0.0,
      "regressor__criterion": "squared_error",
      "regressor__max_depth": null,
      "regressor__max_features": "sqrt",
      "regressor__max_leaf_nodes": null,
      "regressor__max_samples": null,
      "regressor__min_impurity_decrease": 0.0,
      "regressor__min_samples_leaf": 0.051922758392109164,
      "regressor__min_samples_split": 0.06915940349317717,
      "regressor__min_weight_fraction_leaf": 0.0,
      "regressor__monotonic_cst": null,
      "regressor__n_estimators": 724,
      "regressor__n_jobs": null,
      "regressor__oob_score": false,
      "regressor__random_state": null,
      "regressor__verbose": 0,
      "regressor__warm_start": false,
      "transformer__memory": null,
      "transformer__verbose": false,
      "transformer__y scaler__copy": true,
      "transformer__y scaler__with_mean": true,
      "transformer__y scaler__with_std": true
    }
  },