{
  "6": {
    "fit_time": [
      0.048648834228515625,
      0.057878732681274414,
      0.05271744728088379,
      0.05377459526062012,
      0.050573110580444336
    ],
    "score_time": [
      0.012357711791992188,
      0.010335206985473633,
      0.00997304916381836,
      0.010743379592895508,
      0.009916543960571289
    ],
    "test_r": [
      0.5829014467857887,
      0.5237620543860256,
      0.652501431883496,
      0.6284927143356468,
      0.7011889187333947
    ],
    "test_r2": [
      0.33600997492506124,
      0.27055192561778374,
      0.31307780885233105,
      0.3560230241557204,
      0.4744354571616547
    ],
    "test_rmse": [
      -6.08279834690974,
      -6.869331786568124,
      -7.658276031322829,
      -4.714092964353868,
      -4.9945260581601305
    ],
    "test_mae": [
      -3.8366466473811114,
      -3.931386836981674,
      -4.343722553855928,
      -3.3240396154803746,
      -3.3293362158626105
    ],
    "best_params": {
      "check_inverse": true,
      "func": null,
      "inverse_func": null,
      "regressor__bootstrap": true,
      "regressor__ccp_alpha": 0.0,
      "regressor__criterion": "squared_error",
      "regressor__max_depth": null,
      "regressor__max_features": "sqrt",
      "regressor__max_leaf_nodes": null,
      "regressor__max_samples": null,
      "regressor__min_impurity_decrease": 0.0,
      "regressor__min_samples_leaf": 0.05,
      "regressor__min_samples_split": 0.05,
      "regressor__min_weight_fraction_leaf": 0.0,
      "regressor__monotonic_cst": null,
      "regressor__n_estimators": 50,
      "regressor__n_jobs": null,
      "regressor__oob_score": false,
      "regressor__random_state": null,
      "regressor__verbose": 0,
      "regressor__warm_start": false,
      "transformer__memory": null,
      "transformer__verbose": false,
      "transformer__y scaler__copy": true,
      "transformer__y scaler__with_mean": true,
      "transformer__y scaler__with_std": true
    }
  },
  "13": {
    "fit_time": [
      0.13952231407165527,
      0.1429603099822998,
      0.1404404640197754,
      0.13923859596252441,
      0.13921737670898438
    ],
    "score_time": [
      0.015084981918334961,
      0.014538764953613281,
      0.013098478317260742,
      0.0131378173828125,
      0.012939453125
    ],
    "test_r": [
      0.5736024660595829,
      0.6524378463335584,
      0.550072083373964,
      0.6713048934078639,
      0.5961730175940537
    ],
    "test_r2": [
      0.31513318042817584,
      0.3899395358125246,
      0.2868590614862401,
      0.438354699353103,
      0.30664201079511266
    ],
    "test_rmse": [
      -6.275631678492248,
      -5.350022537930112,
      -6.984039642651564,
      -4.737907173631733,
      -7.275596325691728
    ],
    "test_mae": [
      -4.0596225245182005,
      -3.1910307393928097,
      -3.8537751739596575,
      -3.420616355563692,
      -4.2395294985647345
    ],
    "best_params": {
      "check_inverse": true,
      "func": null,
      "inverse_func": null,
      "regressor__bootstrap": true,
      "regressor__ccp_alpha": 0.0,
      "regressor__criterion": "squared_error",
      "regressor__max_depth": null,
      "regressor__max_features": "sqrt",
      "regressor__max_leaf_nodes": null,
      "regressor__max_samples": null,
      "regressor__min_impurity_decrease": 0.0,
      "regressor__min_samples_leaf": 0.05,
      "regressor__min_samples_split": 0.05,
      "regressor__min_weight_fraction_leaf": 0.0,
      "regressor__monotonic_cst": null,
      "regressor__n_estimators": 158,
      "regressor__n_jobs": null,
      "regressor__oob_score": false,
      "regressor__random_state": null,
      "regressor__verbose": 0,
      "regressor__warm_start": false,
      "transformer__memory": null,
      "transformer__verbose": false,
      "transformer__y scaler__copy": true,
      "transformer__y scaler__with_mean": true,
      "transformer__y scaler__with_std": true
    }
  },
  "42": {
    "fit_time": [
      0.2800617218017578,
      0.2900984287261963,
      0.2839517593383789,
      0.27919936180114746,
      0.2814755439758301
    ],
    "score_time": [
      0.0184171199798584,
      0.024740219116210938,
      0.029237747192382812,
      0.018187284469604492,
      0.017952919006347656
    ],
    "test_r": [
      0.5980430706545621,
      0.74528396654102,
      0.5387869346361981,
      0.665534475979005,
      0.5694189178152944
    ],
    "test_r2": [
      0.25772442007257745,
      0.4892460680570412,
      0.2825693383517902,
      0.4170316407032454,
      0.31960833149586376
    ],
    "test_rmse": [
      -8.885762687275001,
      -4.990298710568044,
      -5.815648886107147,
      -5.018109894432466,
      -5.424319695753418
    ],
    "test_mae": [
      -4.7481110062719205,
      -3.2558487524382906,
      -3.357361131493639,
      -3.353151561632499,
      -3.9544456478647003
    ],
    "best_params": {
      "check_inverse": true,
      "func": null,
      "inverse_func": null,
      "regressor__bootstrap": true,
      "regressor__ccp_alpha": 0.0,
      "regressor__criterion": "squared_error",
      "regressor__max_depth": null,
      "regressor__max_features": "sqrt",
      "regressor__max_leaf_nodes": null,
      "regressor__max_samples": null,
      "regressor__min_impurity_decrease": 0.0,
      "regressor__min_samples_leaf": 0.05121903225277908,
      "regressor__min_samples_split": 0.05812312052018236,
      "regressor__min_weight_fraction_leaf": 0.0,
      "regressor__monotonic_cst": null,
      "regressor__n_estimators": 342,
      "regressor__n_jobs": null,
      "regressor__oob_score": false,
      "regressor__random_state": null,
      "regressor__verbose": 0,
      "regressor__warm_start": false,
      "transformer__memory": null,
      "transformer__verbose": false,
      "transformer__y scaler__copy": true,
      "transformer__y scaler__with_mean": true,
      "transformer__y scaler__with_std": true
    }
  },
  "69": {
    "fit_time": [
      0.5668950080871582,
      0.5848701000213623,
      0.5719070434570312,
      0.5750486850738525,
      0.5754194259643555
    ],
    "score_time": [
      0.03208303451538086,
      0.03162097930908203,
      0.030382633209228516,
      0.03866457939147949,
      0.03649139404296875
    ],
    "test_r": [
      0.5695352008450493,
      0.6319637645670115,
      0.6487329025400865,
      0.6284193389504009,
      0.5341526891902443
    ],
    "test_r2": [
      0.3029992917239249,
      0.38868935824539563,
      0.36135619377053074,
      0.27463611266612087,
      0.26828331441508535
    ],
    "test_rmse": [
      -4.895950124574456,
      -5.462419162856943,
      -6.732325912433662,
      -7.750535534589798,
      -6.013818404771509
    ],
    "test_mae": [
      -3.532800624600563,
      -3.2328249718590167,
      -4.17824443294951,
      -4.437717006951866,
      -3.4471946653000716
    ],
    "best_params": {
      "check_inverse": true,
      "func": null,
      "inverse_func": null,
      "regressor__bootstrap": true,
      "regressor__ccp_alpha": 0.0,
      "regressor__criterion": "squared_error",
      "regressor__max_depth": null,
      "regressor__max_features": "sqrt",
      "regressor__max_leaf_nodes": null,
      "regressor__max_samples": null,
      "regressor__min_impurity_decrease": 0.0,
      "regressor__min_samples_leaf": 0.051922758392109164,
      "regressor__min_samples_split": 0.06915940349317717,
      "regressor__min_weight_fraction_leaf": 0.0,
      "regressor__monotonic_cst": null,
      "regressor__n_estimators": 724,
      "regressor__n_jobs": null,
      "regressor__oob_score": false,
      "regressor__random_state": null,
      "regressor__verbose": 0,
      "regressor__warm_start": false,
      "transformer__memory": null,
      "transformer__verbose": false,
      "transformer__y scaler__copy": true,
      "transformer__y scaler__with_mean": true,
      "transformer__y scaler__with_std": true
    }
  },