{
  "6": {
    "fit_time": [
      7.1138153076171875,
      6.477874755859375,
      6.502110242843628,
      6.860908031463623,
      6.94508695602417
    ],
    "score_time": [
      0.2703673839569092,
      0.251373291015625,
      0.2402334213256836,
      0.256272554397583,
      0.26891326904296875
    ],
    "test_r": [
      0.44426387590542793,
      0.22240401354784636,
      0.7690484319770664,
      0.2848606428616929,
      0.3109641859276616
    ],
    "test_r2": [
      0.09292193265648148,
      0.12899144001139895,
      0.1442399601266305,
      0.1308729424501641,
      -1.346114390868242
    ],
    "test_rmse": [
      -8887.651184401278,
      -113833.3704753185,
      -18698.1897275427,
      -32865.43800152442,
      -16169.62636287134
    ],
    "test_mae": [
      -2972.1581529260625,
      -14669.872156500509,
      -4619.268115143084,
      -6006.775730102668,
      -4315.381936620825
    ],
    "best_params": {
      "check_inverse": true,
      "func": null,
      "inverse_func": null,
      "regressor__estimator__natural_gradient": true,
      "regressor__estimator__n_estimators": 256,
      "regressor__estimator__learning_rate": 0.006749408423102144,
      "regressor__estimator__minibatch_frac": 1,
      "regressor__estimator__col_sample": 1.0,
      "regressor__estimator__verbose": false,
      "regressor__n_jobs": null,
      "transformer__memory": null,
      "transformer__verbose": false,
      "transformer__y scaler__copy": true,
      "transformer__y scaler__unit_variance": false,
      "transformer__y scaler__with_centering": true,
      "transformer__y scaler__with_scaling": true
    }
  },
  "13": {
    "fit_time": [
      1.5057780742645264,
      1.4281673431396484,
      1.4585955142974854,
      1.4292473793029785,
      1.4436333179473877
    ],
    "score_time": [
      0.07204008102416992,
      0.06712150573730469,
      0.0731201171875,
      0.06791567802429199,
      0.07158994674682617
    ],
    "test_r": [
      0.6079956904948238,
      0.3365298351809472,
      0.7386018148953517,
      0.059817507082924715,
      0.9098420022013449
    ],
    "test_r2": [
      0.16580596218365196,
      0.05109325727006583,
      0.20212932521971197,
      0.028385000568508085,
      0.3665415847829894
    ],
    "test_rmse": [
      -8399.175137363874,
      -32417.669477083677,
      -3752.609395807798,
      -117661.3591991572,
      -2287.1453765245283
    ],
    "test_mae": [
      -3343.163864384349,
      -5771.411506407109,
      -1773.5690197953516,
      -19057.959563450146,
      -1282.0815083126422
    ],
    "best_params": {
      "check_inverse": true,
      "func": null,
      "inverse_func": null,
      "regressor__estimator__natural_gradient": true,
      "regressor__estimator__n_estimators": 50,
      "regressor__estimator__learning_rate": 0.09471491501094358,
      "regressor__estimator__minibatch_frac": 1,
      "regressor__estimator__col_sample": 1.0,
      "regressor__estimator__verbose": false,
      "regressor__n_jobs": null,
      "transformer__memory": null,
      "transformer__verbose": false,
      "transformer__y scaler__copy": true,
      "transformer__y scaler__unit_variance": false,
      "transformer__y scaler__with_centering": true,
      "transformer__y scaler__with_scaling": true
    }
  },
  "42": {
    "fit_time": [
      13.672571182250977,
      14.39439868927002,
      14.113971948623657,
      12.952658414840698,
      13.719148635864258
    ],
    "score_time": [
      0.48443055152893066,
      0.4813423156738281,
      0.5414712429046631,
      0.4780113697052002,
      0.4933195114135742
    ],
    "test_r": [
      0.09682007034726235,
      0.24784385337087783,
      0.6667506462933245,
      0.43304989362434815,
      0.6918802528724649
    ],
    "test_r2": [
      0.061910643251025355,
      0.0877998715744307,
      0.13193554313754705,
      0.09501876130184113,
      0.1296860598988009
    ],
    "test_rmse": [
      -113971.34436552825,
      -38527.59795857653,
      -6876.429318612695,
      -8967.517227327424,
      -6629.088263121345
    ],
    "test_mae": [
      -15556.530481237678,
      -7651.608889574162,
      -3993.912184367946,
      -4133.184236021563,
      -3425.349790247093
    ],
    "best_params": {
      "check_inverse": true,
      "func": null,
      "inverse_func": null,
      "regressor__estimator__natural_gradient": true,
      "regressor__estimator__n_estimators": 513,
      "regressor__estimator__learning_rate": 0.0013704788204632486,
      "regressor__estimator__minibatch_frac": 1,
      "regressor__estimator__col_sample": 1.0,
      "regressor__estimator__verbose": false,
      "regressor__n_jobs": null,
      "transformer__memory": null,
      "transformer__verbose": false,
      "transformer__y scaler__copy": true,
      "transformer__y scaler__unit_variance": false,
      "transformer__y scaler__with_centering": true,
      "transformer__y scaler__with_scaling": true
    }
  },
  "69": {
    "fit_time": [
      48.273446798324585,
      46.5022246837616,
      51.67521643638611,
      54.419097661972046,
      51.75303816795349
    ],
    "score_time": [
      1.8113253116607666,
      1.7479398250579834,
      1.9054698944091797,
      1.6658422946929932,
      1.8389718532562256
    ],
    "test_r": [
      0.2978239993297788,
      0.6597678281454338,
      0.8420234443602168,
      0.7684031793116118,
      0.08089981866329247
    ],
    "test_r2": [
      0.0012707636455798015,
      0.2999376388951591,
      0.15103472024456918,
      0.2520037743502292,
      -2.736576310202549
    ],
    "test_rmse": [
      -118731.32771945297,
      -16675.804063994256,
      -6312.729088747806,
      -5634.399055052519,
      -12940.925541851278
    ],
    "test_mae": [
      -18436.075607547198,
      -3864.3493464993135,
      -2665.2145800499898,
      -2031.705645705583,
      -4432.359476662985
    ],
    "best_params": {
      "check_inverse": true,
      "func": null,
      "inverse_func": null,
      "regressor__estimator__natural_gradient": true,
      "regressor__estimator__n_estimators": 2000,
      "regressor__estimator__learning_rate": 0.0026562222205903352,
      "regressor__estimator__minibatch_frac": 1,
      "regressor__estimator__col_sample": 1.0,
      "regressor__estimator__verbose": false,
      "regressor__n_jobs": null,
      "transformer__memory": null,
      "transformer__verbose": false,
      "transformer__y scaler__copy": true,
      "transformer__y scaler__unit_variance": false,
      "transformer__y scaler__with_centering": true,
      "transformer__y scaler__with_scaling": true
    }
  },
  "420": {
    "fit_time": [
      39.59707951545715,
      42.208699464797974,
      39.097891092300415,
      42.75113582611084,
      42.31202816963196
    ],
    "score_time": [
      1.4486870765686035,
      1.5112230777740479,
      1.4649572372436523,
      1.4895105361938477,
      1.5060608386993408
    ],
    "test_r": [
      0.156316400622799,
      0.45618750274548847,
      0.7154512839681855,
      0.18097725735093748,
      0.572575514991402
    ],
    "test_r2": [
      -0.60564224916254,
      0.11607245263079065,
      0.22928509162795083,
      0.09933670983158009,
      0.0824811840491508
    ],
    "test_rmse": [
      -4716.0795164904,
      -32951.317123219334,
      -5114.556830066476,
      -115632.11720970749,
      -8248.853237210284
    ],
    "test_mae": [
      -2790.9520237950396,
      -6602.952868362273,
      -3069.7927808465033,
      -17528.31803850406,
      -4080.969952380731
    ],
    "best_params": {
      "check_inverse": true,
      "func": null,
      "inverse_func": null,
      "regressor__estimator__natural_gradient": true,
      "regressor__estimator__n_estimators": 1618,
      "regressor__estimator__learning_rate": 0.00046867963525973897,
      "regressor__estimator__minibatch_frac": 1,
      "regressor__estimator__col_sample": 1.0,