{
  "6": {
    "fit_time": [
      0.44745898246765137,
      0.41834402084350586,
      0.43735480308532715,
      0.45889925956726074,
      0.40809202194213867
    ],
    "score_time": [
      0.020244598388671875,
      0.0207369327545166,
      0.022313833236694336,
      0.020113706588745117,
      0.020822763442993164
    ],
    "test_r": [
      0.3943649706501588,
      0.5789090228285583,
      0.3605743403368226,
      0.4791894833729131,
      0.5460086858470322
    ],
    "test_r2": [
      0.10941029615326658,
      0.3113374615823289,
      0.08929677044619722,
      0.21027031091873238,
      0.2818366409225803
    ],
    "test_rmse": [
      -0.26745004781186954,
      -0.21860181425257066,
      -0.31424951786352884,
      -0.3301419713511026,
      -0.25417181998392635
    ],
    "test_mae": [
      -0.21200872794979964,
      -0.17165688967007747,
      -0.2300107707213173,
      -0.2603282989080871,
      -0.20151630191478148
    ],
    "best_params": {
      "check_inverse": true,
      "func": null,
      "inverse_func": null,
      "regressor__objective": "reg:squarederror",
      "regressor__base_score": null,
      "regressor__booster": null,
      "regressor__callbacks": null,
      "regressor__colsample_bylevel": null,
      "regressor__colsample_bynode": null,
      "regressor__colsample_bytree": null,
      "regressor__device": null,
      "regressor__early_stopping_rounds": null,
      "regressor__enable_categorical": false,
      "regressor__eval_metric": null,
      "regressor__feature_types": null,
      "regressor__gamma": null,
      "regressor__grow_policy": null,
      "regressor__importance_type": null,
      "regressor__interaction_constraints": null,
      "regressor__learning_rate": 0.0021621252572448253,
      "regressor__max_bin": null,
      "regressor__max_cat_threshold": null,
      "regressor__max_cat_to_onehot": null,
      "regressor__max_delta_step": null,
      "regressor__max_depth": 10,
      "regressor__max_leaves": null,
      "regressor__min_child_weight": null,
      "regressor__missing": NaN,
      "regressor__monotone_constraints": null,
      "regressor__multi_strategy": null,
      "regressor__n_estimators": 561,
      "regressor__n_jobs": -2,
      "regressor__num_parallel_tree": null,
      "regressor__random_state": null,
      "regressor__reg_alpha": null,
      "regressor__reg_lambda": null,
      "regressor__sampling_method": null,
      "regressor__scale_pos_weight": null,
      "regressor__subsample": null,
      "regressor__tree_method": null,
      "regressor__validate_parameters": null,
      "regressor__verbosity": null,
      "transformer__memory": null,
      "transformer__verbose": false,
      "transformer__y scaler": null
    }
  },
  "13": {
    "fit_time": [
      0.3032803535461426,
      0.3149292469024658,
      0.3060302734375,
      0.28774380683898926,
      0.29383134841918945
    ],
    "score_time": [
      0.02421402931213379,
      0.021340370178222656,
      0.0215911865234375,
      0.02252984046936035,
      0.020734071731567383
    ],
    "test_r": [
      0.43179396937553416,
      0.7729218558444835,
      0.45513147314202973,
      0.4381752129825514,
      0.4353597647797973
    ],
    "test_r2": [
      0.13527304832061104,
      0.5096190080004618,
      0.17611353237251604,
      0.1856513010871914,
      0.18466719331322046
    ],
    "test_rmse": [
      -0.25693183923059615,
      -0.21515034305353456,
      -0.2765628939473953,
      -0.3046200334591113,
      -0.29690826819291116
    ],
    "test_mae": [
      -0.2115898328306024,
      -0.1750387054289873,
      -0.19738617703416136,
      -0.2335449199850048,
      -0.2169341220638041
    ],
    "best_params": {
      "check_inverse": true,
      "func": null,
      "inverse_func": null,
      "regressor__objective": "reg:squarederror",
      "regressor__base_score": null,
      "regressor__booster": null,
      "regressor__callbacks": null,
      "regressor__colsample_bylevel": null,
      "regressor__colsample_bynode": null,
      "regressor__colsample_bytree": null,
      "regressor__device": null,
      "regressor__early_stopping_rounds": null,
      "regressor__enable_categorical": false,
      "regressor__eval_metric": null,
      "regressor__feature_types": null,
      "regressor__gamma": null,
      "regressor__grow_policy": null,
      "regressor__importance_type": null,
      "regressor__interaction_constraints": null,
      "regressor__learning_rate": 0.003452312500351389,
      "regressor__max_bin": null,
      "regressor__max_cat_threshold": null,
      "regressor__max_cat_to_onehot": null,
      "regressor__max_delta_step": null,
      "regressor__max_depth": 10,
      "regressor__max_leaves": null,
      "regressor__min_child_weight": null,
      "regressor__missing": NaN,
      "regressor__monotone_constraints": null,
      "regressor__multi_strategy": null,
      "regressor__n_estimators": 364,
      "regressor__n_jobs": -2,
      "regressor__num_parallel_tree": null,
      "regressor__random_state": null,
      "regressor__reg_alpha": null,
      "regressor__reg_lambda": null,
      "regressor__sampling_method": null,
      "regressor__scale_pos_weight": null,
      "regressor__subsample": null,
      "regressor__tree_method": null,
      "regressor__validate_parameters": null,
      "regressor__verbosity": null,
      "transformer__memory": null,
      "transformer__verbose": false,
      "transformer__y scaler": null
    }
  },
  "42": {
    "fit_time": [
      0.1100761890411377,
      0.10414361953735352,
      0.1046147346496582,
      0.10292482376098633,
      0.09958696365356445
    ],
    "score_time": [
      0.019573211669921875,
      0.01997065544128418,
      0.020747661590576172,
      0.020572900772094727,
      0.01926708221435547
    ],
    "test_r": [
      0.7495920305052711,
      0.48463975747259835,
      0.5146926042083303,
      0.5478772554611201,
      0.4493349505418652
    ],
    "test_r2": [
      0.4694381497757689,
      0.2241974905548786,
      0.24345193540308374,
      0.2723063211353881,
      0.04177712996905858
    ],
    "test_rmse": [
      -0.23876979794190897,
      -0.2910822589911042,
      -0.2744884174824028,
      -0.27113801626097667,
      -0.24209800042387677
    ],
    "test_mae": [
      -0.1964631468888037,
      -0.22716060050785017,
      -0.20185124601387244,
      -0.20407073847615503,
      -0.18197299682718635
    ],
    "best_params": {
      "check_inverse": true,
      "func": null,
      "inverse_func": null,
      "regressor__objective": "reg:squarederror",
      "regressor__base_score": null,
      "regressor__booster": null,
      "regressor__callbacks": null,
      "regressor__colsample_bylevel": null,
      "regressor__colsample_bynode": null,
      "regressor__colsample_bytree": null,
      "regressor__device": null,
      "regressor__early_stopping_rounds": null,
      "regressor__enable_categorical": false,
      "regressor__eval_metric": null,
      "regressor__feature_types": null,
      "regressor__gamma": null,
      "regressor__grow_policy": null,
      "regressor__importance_type": null,
      "regressor__interaction_constraints": null,
      "regressor__learning_rate": 0.013728455194482118,
      "regressor__max_bin": null,
      "regressor__max_cat_threshold": null,
      "regressor__max_cat_to_onehot": null,
      "regressor__max_delta_step": null,
      "regressor__max_depth": 75,
      "regressor__max_leaves": null,
      "regressor__min_child_weight": null,
      "regressor__missing": NaN,
      "regressor__monotone_constraints": null,
      "regressor__multi_strategy": null,
      "regressor__n_estimators": 87,
      "regressor__n_jobs": -2,
      "regressor__num_parallel_tree": null,
      "regressor__random_state": null,
      "regressor__reg_alpha": null,
      "regressor__reg_lambda": null,
      "regressor__sampling_method": null,
      "regressor__scale_pos_weight": null,